galaxy,n_pts,Q_best,r_t_kpc,chi2_resp,chi2_bar,chi2_nfw,chi2_bur,chi2_rsig,chi2_rydk,chi2_nydk,chi2_rsyd,bic_resp,bic_bar,bic_nfw,bic_bur,bic_rsig,bic_rydk,bic_nydk,bic_rsyd,dbic_resp,dbic_nfw,dbic_bur,dbic_resp_vs_nfw,dbic_resp_vs_bur,dbic_rsig,dbic_rydk,dbic_nydk,dbic_rsyd,dbic_rsig_vs_nfw,dbic_rydk_vs_nfw,dbic_rydk_vs_nydk,dbic_rsyd_vs_nydk,sigma_fit_kpc,sigma_fit_k3_kpc,Y_disk_fit,Y_disk_k3_fit,Y_disk_nfw_fit,M_vir_nfw,c_nfw,distance_mpc,bic_fsgd,chi2_fsgd,dbic_fsgd,dbic_fsgd_vs_nfw,dbic_fsgd_vs_nydk,sigma_prescribed_kpc,Y_disk_fsgd_fit,bic_prior_rydk,bic_prior_nydk,bic_prior_rsyd,bic_prior_rsig,dbic_prior_rydk_vs_nydk,dbic_prior_rsyd_vs_nydk,dbic_prior_rydk_vs_bar,dbic_prior_nydk_vs_bar
CamB,9,111.33122949479556,0.73,31.31289718475657,45.040389922287986,45.040389922287986,23.0823643234261,30.874956059762205,0.7111029843691361,27.06827659690363,0.5988279966606539,33.51012176209279,45.040389922287986,49.43483907696042,27.47681347809854,35.26940521443464,5.105552139041575,33.65995032891229,7.190501728669312,-11.530268160195199,4.3944491546724365,-17.563576444189447,-15.924717314867635,6.0333082839942485,-9.770984707853344,-39.93483778324641,-11.380439593375698,-37.849888193618675,-14.16543386252578,-44.329286937918845,-28.554398189870714,-26.469448600242977,9.997177400037561,7.409672758002071,0.10187988281249884,0.10000012395510471,0.10124298923102715,2.2801361034179103e-26,10.153526498461805,3.36,6.6630123693659975,2.2685632146935584,-38.377377552921985,-42.77182670759443,-26.99693795954629,0.73,0.10072036743163704,138.314968973384,167.8469639013981,154.63108033478187,50.683120648218036,-29.531994928014115,-13.215883566616242,93.27457905109601,122.80657397911013
D564-8,6,723.1869917431596,1.02,15.00274567241353,236.10085808714896,5.059356443930261,0.2735319687670876,4.8814350257528565,1.010063760115594,3.6540250803562504,0.15868472342043485,16.794505141641586,236.10085808714896,8.642875382386372,3.8570509072231975,8.464953964208966,4.593582698571704,9.029303488040416,5.5339631311046,-219.30635294550737,-227.4579827047626,-232.24380717992577,8.151629759255215,12.93745423441839,-227.63590412294,-231.50727538857726,-227.07155459910854,-230.56689495604437,-0.17792141817740514,-4.0492926838146674,-4.435720789468712,-3.4953403569358157,0.5327050338898961,0.9263886044637771,1.3848455673559183,1.1825632571730353,0.10053647110510477,2.3276824660603808,3.0005375490708963,8.79,3.7700321723551204,0.1865132338990104,-232.33082591479385,-4.872843210031251,-5.259271315685295,1.02,1.2145110277645363,34.3812327619467,144.31213611084573,27.041963611231086,14.657585618922909,-109.93090334889902,-117.27017249961465,-201.71962532520226,-91.78872197630324
D631-7,16,2630.7335776567816,1.35,15.430699634746885,1693.1432428557766,101.83150999068758,14.274629163199837,4.737081412177221,4.756471446177026,48.27950968488871,1.6913054621135526,18.203288356986665,1693.1432428557766,107.37668743516714,19.8198066076794,10.282258856656783,10.301648890656589,56.59727585160805,10.009071628832896,-1674.93995449879,-1585.7665554206094,-1673.3234362480973,-89.17339907818048,-1.6165182506927351,-1682.8609839991198,-1682.84159396512,-1636.5459670041687,-1683.1341712269436,-97.09442857851036,-97.07503854451055,-46.295626960951466,-46.58820422277516,2.7343790347719126,2.418747812676213,0.30046487333176436,0.37222886275619027,0.1000959493291165,27.55075225354654,3.000611136820737,7.72,40.136396747460836,34.59121930298127,-1653.0068461083158,-67.2402906877063,-16.460879104147217,1.35,0.17349501154358898,27.19861060779766,192.5694920030869,18.56910329949765,13.136918522738224,-165.37088139528925,-174.00038870358927,-1665.944632247979,-1500.5737508526897
DDO064,14,3482.790160601762,1.88,16.533342550283542,179.12452356085254,6.962862886827536,3.7733694076384743,14.301376839960742,6.325088961724693,2.488677939257829,6.059169176171468,19.1723998798988,179.12452356085254,12.240977546058053,9.05148406686899,19.57949149919126,11.60320362095521,10.405849928103603,13.976341165017242,-159.95212368095375,-166.8835460147945,-170.07303949398354,6.931422333840748,10.12091581302981,-159.5450320616613,-167.52131993989732,-168.71867363274893,-165.1481823958353,7.338513953133207,-0.6377739251028434,1.1973536928516069,3.5704912369136395,9.988803147683054,3.182180859613635,1.4989106964319936,1.4998300895362768,1.4999758774843164,94.05912853661418,3.0005136959480434,6.8,11.6592433847913,6.381128725560782,-167.46528017606124,-0.5817341612667537,1.2533934566876965,1.88,1.4989106964319936,47.712225761217525,46.574128826532416,53.76596806256266,34.980745773793615,1.1380969346851089,7.191839236030248,-131.412297799635,-132.55039473432012
DDO154,12,2262.655299492838,0.49,229.95382884296592,70395.93204834744,117.7126852772586,12.441595376762407,41.35841319683756,24.45553837835078,106.67246932279274,16.62153520718844,232.43873549275392,70395.93204834744,122.6824985768346,17.411408676338407,46.32822649641356,29.42535167792678,114.12718927215674,24.076255156552442,-70163.49331285468,-70273.24954977061,-70378.5206396711,109.75623691591932,215.02732681641552,-70349.60382185104,-70366.50669666952,-70281.80485907529,-70371.85579319089,-76.35427208042104,-93.25714689890782,-84.70183759422996,-90.05093411560429,1.5405336064058077,1.684775500498365,1.3695991403067524,0.9535457557460895,1.046888321167609,8.077845158576178,5.146031212442103,4.04,921.4222936893364,916.4524803897604,-69474.50975465811,798.7397951125017,807.2951044171796,0.49,1.4999504096295233,58.3732365376766,126.03388721108081,33.175395400610206,47.916589176897006,-67.6606506734042,-92.85849181047061,-70337.55881180977,-70269.89816113636
DDO161,31,2932.894833895948,2.02,263.1617346178169,11524.338461435424,40.17527176166923,7.698408200157539,13.165082350969842,237.00902979087397,32.63837410385828,7.513823251094487,266.59572182230204,11524.338461435424,47.04324617063952,14.566382609127832,20.033056759940134,243.87700419984427,42.94033571731372,17.815784864549926,-11257.74273961312,-11477.295215264785,-11509.772078826296,219.55247565166252,252.0293392131742,-11504.305404675484,-11280.461457235579,-11481.39812571811,-11506.522676570874,-27.010189410699386,196.83375802920474,200.93666848253054,-25.124550852763797,4.048139727505867,4.541298221679596,0.20027062200881005,0.65896126088663,0.3683916942026642,17.938237210943406,3.0003925339050705,7.5,239.7132069806309,232.8452325716606,-11284.625254454793,192.66996080999138,196.77287126331717,2.02,0.20005260527093255,292.21467929553177,49.56151818629229,21.583781522874272,25.269876326280134,242.65316110923948,-27.977736663418018,-11232.123782139892,-11474.776943249131
DDO168,10,3192.2914677900853,0.82,32.54285477059882,1608.646173343166,90.57635477688527,34.774250384624565,17.600636710822442,31.434718428492065,58.74590646350607,14.081958689764576,34.845439863592865,1608.646173343166,95.18152496287335,39.37942057061266,22.205806896810536,36.039888614480155,65.65366174248821,20.989713968746713,-1573.8007334795732,-1513.4646483802928,-1569.2667527725534,-60.33608509928049,-4.5339807070197935,-1586.4403664463555,-1572.606284728686,-1542.992511600678,-1587.6564593744195,-72.97571806606283,-59.1416363483932,-29.613773128008056,-44.6639477737415,1.3720391829777692,1.239607406582592,0.5675217773602346,0.34455486434467697,0.10006034411852605,72.32479548916025,3.0002458790246957,4.25,46.82310670460963,42.217936518621535,-1561.8230666385564,-48.358418258263725,-18.830555037878582,0.82,0.17505630975588965,33.08821703238543,201.68180489442994,32.372840047457856,23.858046732436637,-168.5935878620445,-169.3089648469721,-1575.5579563107806,-1406.9643684487362
DDO170,8,2753.4206953793037,1.87,43.123503906560224,4794.596828880253,12.970370164360673,10.114711504989074,41.64651917239319,36.8559810250572,12.964479627085318,36.29664166473197,45.20294544824006,4794.596828880253,17.129253247720346,14.273594588348747,45.80540225575286,41.014864108416866,19.202804252124825,42.534966289771475,-4749.393883432013,-4777.467575632533,-4780.323234291905,28.073692200519712,30.92935085989131,-4748.791426624501,-4753.581964771836,-4775.394024628128,-4752.061862590482,28.676149008032514,23.88561086069652,21.81205985629204,23.33216203764665,1.830796522654395,1.8279264206894685,0.9334337386445989,0.9213739279337136,0.5170560679657914,5.310027200947242,5.846192217394073,15.4,40.46066987745009,36.30178679409042,-4754.136159002803,23.33141662972974,21.257865625325262,1.87,0.9051808116043456,47.601230588502496,16.91101092903634,50.2823177786979,47.49774266862568,30.690219659466155,33.371306849661565,-4746.995598291751,-4777.685817951217
ESO079-G014,15,18486.411101066868,0.98,264.81401282774806,5927.188462785567,49.49544987517454,13.322293240129115,9.413163129512961,89.80740812847542,46.75417594923022,17.80193730586585,267.52206302885025,5927.188462785567,54.911550277378964,18.738393642333534,14.82926353171738,95.22350853067984,54.878326552536855,25.92608790917248,-5659.666399756717,-5872.276912508188,-5908.450069143233,212.61051275147128,248.78366938651672,-5912.3591992538495,-5831.964954254887,-5872.31013623303,-5901.2623748763945,-40.082286745661584,40.31195825330087,40.34518197814298,-28.952238643364375,4.920634916338114,5.498546448019665,1.499995510917871,0.7443130330333123,0.7703463288307666,377.0492885380432,4.704773375844188,28.7,100.76213241037843,95.346032008174,-5826.426330375189,45.85058213299946,45.88380585784157,0.98,1.4999994680285456,131.3928796764564,55.17592352344297,33.39551970729271,21.709812520252658,76.21695615301343,-21.780403816150255,-5795.79558310911,-5872.012539262124
ESO116-G012,15,9946.901773239608,1.85,36.05343720811813,4944.033226925429,30.5503395947389,10.100222524923065,27.480615032782847,8.944343898820485,30.536932134393307,7.3870487488028065,38.761487409220344,4944.033226925429,35.96643999694332,15.516322927127487,32.896715434987264,14.360444301024906,38.661082737699935,15.511199352109436,-4905.271739516208,-4908.066786928485,-4928.516903998301,2.7950474122770217,23.245164482092857,-4911.136511490441,-4929.672782624404,-4905.372144187729,-4928.522027573319,-3.0697245619560576,-21.605995695918416,-24.30063843667503,-23.1498833855905,1.6509778562937982,2.3103167282642745,0.8634772993358811,0.9540338305072563,0.4730292589137639,59.93959106064069,7.23980584183009,13.0,16.647163863415457,11.231063461211036,-4927.386063062013,-19.319276133527865,-22.013918874284478,1.85,0.8155140424645381,18.000445218039317,37.72022239609495,25.229499573162713,34.498151041407404,-19.71977717805563,-12.490722822932234,-4926.032781707389,-4906.313004529334
ESO444-G084,7,5614.171409356269,0.77,113.96521846150696,1994.7216843880326,3.3490927107467594,8.189285838034488,45.730077441373055,19.159438786817205,1.2689479044607563,11.542141886041936,115.91112861056227,1994.7216843880326,7.240913008857386,12.081106136145115,49.62189773948368,23.051259084927832,7.106678351626696,17.379872333207874,-1878.8105557774704,-1987.4807713791752,-1982.6405782518875,108.67021560170488,103.83002247441716,-1945.0997866485488,-1971.6704253031048,-1987.615006036406,-1977.3418120548247,42.380984730626295,15.810346076070445,15.944580733301136,10.273193981581178,0.8416663533971995,1.257267789639493,1.49958486557007,1.4997310631985727,1.199891282500687,15.26245071151288,8.699381291690802,4.83,29.74564641515164,25.853826117041013,-1964.976037972881,22.504733406294253,22.638968063524942,0.77,1.455865382453163,59.1977853996013,26.862662738124122,55.30594611028439,52.72522827363296,32.33512266147718,28.443283372160266,-1935.5238989884313,-1967.8590216499085
ESO563-G021,30,48446.32352980236,2.758477209078409,708.5478648255325,7372.027061257691,577.7071454637062,268.8409278900439,164.18527740694657,523.0865433251391,482.5007895521338,477.5504686306336,711.9490622071947,7372.027061257691,584.5095402270305,275.64332265336816,170.98767217027088,529.8889380884634,492.7043816971203,487.7540607756201,-6660.077999050496,-6787.51752103066,-7096.383738604322,127.43952198016427,436.3057395538266,-7201.039389087419,-6842.138123169227,-6879.322679560571,-6884.2730004820705,-413.52186805675956,-54.62060213856705,37.18455639134311,-4.950320921500236,4.52956626246145,9.999321759284674,1.194000899791719,1.1684068428962657,0.9089968293436029,545.5166124655003,9.317285820247683,60.8,471.39776512140367,464.5953703580794,-6900.629296136287,-113.1117751056268,-21.306616575716646,23.743446773669287,1.1476614233688442,549.332986641247,498.22683984522087,521.2671282837105,177.1335949543791,51.10614679602611,23.040288438489597,-6822.694074616444,-6873.80022141247
F561-1,6,984.643902044117,1.61,3.0939990745598167,21.899136718626195,1.693488070940273,1.2843731038978934,1.0494012437720288,2.9002296041420585,0.8020657970117342,0.6342168458649527,4.885758543787872,21.899136718626195,5.2770070093963835,4.867892042354003,4.632920182228139,6.4837485425981685,6.177344204695899,6.009495253549118,-17.013378174838323,-16.62212970922981,-17.03124467627219,-0.3912484656085118,0.017866501433868365,-17.266216536398055,-15.415388176028028,-15.721792513930296,-15.889641465077077,-0.6440868271682447,1.206741533201785,0.3064043379022694,-0.1678489511467811,0.5050866432065285,0.7964685136445239,0.3745826339454643,0.3516996378134295,0.10027736747158289,0.4211310905833167,11.012298261991257,66.4,5.32410643286463,1.7405874944085205,-16.575030285761564,0.04709942346824647,-0.8532377718312691,1.61,0.321918969770193,12.4280083807824,141.86508015182335,18.03131045275209,11.293855015916868,-129.43707177104096,-123.83376969907125,-9.471128337843796,119.96594343319715
F563-1,17,10690.87240923833,1.78,9.88447597761513,539.0031402533596,16.040481386269022,8.441347816881235,5.514062618596539,7.564136055202432,16.020920461380538,3.757106601285755,12.717689321671347,539.0031402533596,21.706908074381452,14.107774504993667,11.18048930670897,13.230562743314865,24.520560493549187,12.256746633454405,-526.2854509316882,-517.2962321789781,-524.8953657483659,-8.989218752710105,-1.39008518332232,-527.8226509466506,-525.7725775100447,-514.4825797598104,-526.7463936199051,-10.526418767672482,-8.476345331066588,-11.289997750234322,-12.263813860094782,1.0477399213839318,0.9899280958778602,1.4968842554837467,1.3966944338310423,0.10113952994526648,31.18621529467146,7.815497288165269,48.9,12.059185728420106,6.3927590403076735,-526.9439545249395,-9.647722345961347,-12.461374765129081,1.78,1.4088846470757892,49.22686027872288,158.86729024496114,45.10777630116963,13.397252778145663,-109.64042996623826,-113.75951394379152,-489.7762799746367,-380.1358500083984
F563-V1,6,291.7721031702236,3.93,3.3800020594060682,5.877555700743584,1.0030834374231938,0.7610908200697755,3.1012782541397574,1.5211412050819875,0.9927647550409113,1.5211412050819875,5.171761528634123,5.877555700743584,4.586602375879304,4.344609758525886,6.684797192595868,5.104660143538098,6.368043162725076,6.896419612766152,-0.7057941721094609,-1.2909533248642804,-1.5329459422176983,0.5851591527548194,0.8271517701082374,0.8072414918522837,-0.7728955572054863,0.49048746198149207,1.0188639120225682,2.098194816716564,0.5180577676587941,-1.2633830191869784,0.5283764500410761,0.8670164503018823,2.1042778680232535,0.7234692518733683,0.7234692531253374,0.543865439867482,0.09547838813621631,5.195468777356289,54.0,5.104660143538098,1.5211412050819875,-0.7728955572054863,0.5180577676587941,-1.2633830191869784,3.93,0.723469250940356,4.0572154253199875,3.622404500838469,7.798835129990861,9.645529414476963,0.4348109244815186,4.176430629152392,-1.8203402754235967,-2.2551511999051153
F563-V2,10,15154.419606967731,2.35,20.18984674410907,226.6159864283833,9.860421028377308,1.4317830720470563,13.182028042190854,12.852918247962764,8.05311575933671,7.872448914521742,22.492431837103116,226.6159864283833,14.4655912143654,6.036953258035148,17.787198228178944,17.458088433950856,14.96087103831885,14.78020419350388,-204.1235545912802,-212.15039521401792,-220.57903317034817,8.026840622737716,16.455478579067968,-208.82878820020437,-209.15789799443246,-211.65511539006445,-211.83578223487942,3.3216070138135443,2.992497219585456,2.4972173956320063,-0.18066684481496864,1.0879142995763311,0.9989550518639635,1.49816681382246,1.4962339641412103,1.4999778617375354,97.45629070635394,7.512926453741146,59.7,19.259186994725518,14.654016808737428,-207.35679943365778,4.793595780360118,4.298315956406668,2.35,1.4990853667259212,53.52572951714992,51.1292603246978,53.11743581472308,19.89026850475783,2.396469192452116,1.9881754900252773,-173.09025691123338,-175.4867261036855
F565-V2,7,8654.422529744954,7.54,61.92700612167347,302.9964339919946,2.018379503678353,0.28729393671899844,18.462002687520595,27.222889071734496,1.8341915799759865,9.312152491471856,63.87291627072879,302.9964339919946,5.91019980178898,4.179114234829625,22.353822985631222,31.114709369845123,7.671922027141926,15.149882938637795,-239.1235177212658,-297.08623419020563,-298.81731975716497,57.96271646893981,59.69380203589916,-280.6426110063634,-271.8817246221495,-295.32451196485266,-287.8465510533568,16.44362318384224,25.204509568056142,23.4427873427032,7.4779609114958685,9.947090384147016,9.988087355490263,1.4997413342446086,1.4998075855599748,1.4980529114195273,139.58288794797906,3.000136184926375,51.8,13.898101292641156,10.00628099453053,-289.0983326993534,7.987901490852177,6.22617926549923,7.54,1.4999690200667826,67.26994022886853,43.73322701355482,66.70898838628395,37.69293535693751,23.536713215313718,22.97576137272913,-235.72649376312606,-259.26320697843977
F567-2,5,2057.5269149306437,1.92,2.9928483778498327,51.16180825637067,1.4450746075642031,0.785067696078632,1.0075539287761806,1.3616512633536624,1.3976118245561806,0.43776541088877535,4.602286290283933,51.16180825637067,4.6639504324324035,4.003943520946833,4.226429753644381,4.580527088221863,6.225925561858482,5.266079148191076,-46.559521966086734,-46.49785782393827,-47.157864735423836,-0.06166414214847027,0.5983427693371004,-46.93537850272629,-46.581281168148806,-44.93588269451219,-45.895729108179594,-0.43752067878802237,-0.08342334421054076,-1.645398473636619,-0.9598464136674059,0.761129490148197,0.8000300911086247,1.0120098834158808,0.8097615371003566,0.28017633778220113,2.3636970605480916,6.50262693372725,79.0,4.495867872929657,1.2769920480614567,-46.66594038344101,-0.16808255950274642,-1.7300576889288246,1.92,0.9898368337588741,14.793914579662573,27.49814378586681,10.246074184961373,7.8654976922159445,-12.704229206204236,-17.252069600905436,-36.36789367670809,-23.66366447050386
F568-1,12,14374.632665799003,1.32,1.0000441938675724,477.8910596868799,8.589386164013739,1.006164617027515,0.9463999702334321,0.4647457026978989,8.08258480592173,0.33457833808767085,3.4849508436555725,477.8910596868799,13.559199463589739,5.975977916603515,5.9162132698094325,5.434559002273899,15.537304755285732,7.789298287451673,-474.40610884322433,-464.33186022329016,-471.91508177027634,-10.074248619934167,-2.4910270729479427,-471.97484641707047,-472.456500684606,-462.35375493159415,-470.1017613994282,-7.642986193780306,-8.124640461315838,-10.102745753011831,-7.748006467834059,1.9177451872053735,1.8620187513010207,0.949441522443415,0.8618112171552216,0.10002386402085234,160.60273096223804,6.519914037196047,90.7,7.307491422193617,2.337678122617616,-470.5835682646863,-6.251708041396122,-8.229813333092114,1.32,1.49423511182889,12.735760404557471,151.6227814591983,13.078451443858297,7.6771512179123045,-138.88702105464083,-138.54433001534002,-465.1552992823224,-326.26827822768155
F568-3,18,11024.260495845008,4.19,40.61992888123076,531.5581999834988,56.49859414881088,16.739647895886723,40.150454180933146,15.821642544551064,50.81097227416709,10.14757667124595,43.510300639126925,531.5581999834988,62.27933766460321,22.52039141167905,45.93119769672548,21.60238606034339,59.482087547855585,18.818691944934443,-488.04789934437184,-469.27886231889556,-509.0378085718197,-18.769037025476287,20.989909227447875,-485.6270022867733,-509.95581392315535,-472.07611243564315,-512.7395080385643,-16.348139967877735,-40.67695160425982,-37.87970148751219,-40.66339560292114,2.156763312468574,0.8173915462775164,1.2745701433348562,1.4437321910780714,1.4998695143602867,130.29178767981273,3.000197815049582,82.4,35.139730287056665,29.358986771264334,-496.4184696964421,-27.139607377546547,-24.34235726079892,4.19,1.4957767206637798,45.360738940924776,95.64444926824898,55.11363017841463,47.94277538712551,-50.2837103273242,-40.530819089834345,-486.197461042574,-435.91375071524976
F568-V1,15,12122.348960865764,1.18,3.0871639206860215,683.5482454386091,2.8373991649505985,0.6990399977561998,1.1339704415819687,2.7544843196556874,2.660975755616937,1.0324640434744843,5.795214121788232,683.5482454386091,8.253499567155018,6.1151403999606195,6.550070843786389,8.170584721860108,10.785126358923566,9.156614646781113,-677.7530313168209,-675.2947458714541,-677.4331050386485,-2.458285445366786,-0.31992627817238795,-676.9981745948227,-675.377660716749,-672.7631190796856,-674.391630791828,-1.7034287233686287,-0.08291484529491022,-2.614541637063459,-1.628511712142453,1.616840277505286,1.5851409558509826,1.448933586962518,1.314977895917007,0.10082041012481688,20.522181763944996,15.208125621867211,80.6,8.046619205034087,2.630518802829667,-675.501626233575,-0.20688036212093053,-2.738507153889479,1.18,1.4969816350976917,41.50311347746325,145.6261187732694,36.700042937284906,8.143521015871835,-104.12300529580617,-108.9260758359845,-642.0451319611459,-537.9221266653396
F571-8,13,12491.704705442622,1.5406677643272788,250.64690906626436,2150.8652042646213,217.97063356602547,119.2173742461923,102.29673497137988,85.5047312723168,33.527599452498,2.819466277705611,253.2118584237259,2150.8652042646213,223.10053228094856,124.34727296111538,107.42663368630295,90.63462998723988,41.22244752488261,10.514314350090222,-1897.6533458408953,-1927.7646719836728,-2026.517931303506,30.11132614277733,128.8645854626105,-2043.4385705783184,-2060.2305742773815,-2109.6427567397386,-2140.350889914531,-115.6738985946456,-132.46590229370867,49.412182462357265,-30.708133174792387,4.794025635751064,3.93242744386902,0.10003490448417283,0.17912714030242646,0.10000061968077406,968.138519902683,3.001537336713473,53.3,291.13737433090444,286.0074756159814,-1859.7278299337167,68.03684204995588,249.9149268060218,2.2272618355912797,0.6366887220336075,226.70275161247486,177.34447302011853,75.08296898335406,114.07002289187959,49.35827859235633,-102.26150403676446,-1924.1624526521464,-1973.5207312445027
F571-V1,7,5662.628686334794,3.88,2.9889725772585978,279.02710961673114,1.593909477992644,0.15717555739561181,2.844247486537572,0.5153862313283923,1.11637463406749,0.4840244261549033,4.934882726313911,279.02710961673114,5.485729776103271,4.048995855506238,6.736067784648199,4.407206529439019,6.954105081233429,6.321754873320843,-274.09222689041724,-273.5413798406279,-274.9781137612249,-0.5508470497893594,0.8858868708076733,-272.29104183208295,-274.61990308729213,-272.0730045354977,-272.7053547434103,1.2503380085449285,-1.0785232466642514,-2.54689855179441,-0.6323502079125864,1.6364314681427243,2.2164812263992157,1.4018699141812974,1.4946690386073394,1.25717068396381,24.41984386252937,4.956231850846323,80.1,4.764539653785436,0.872719355674809,-274.2625699629457,-0.721190122317835,-2.1895654274479934,3.88,1.497120866462697,35.1343388421524,29.772816537890904,44.28051286059918,8.333694737420451,5.361522304261499,14.507696322708277,-243.89277077457874,-249.25429307884025
F574-1,14,7687.6828005483285,1.41,6.165974294186705,1580.480826541699,19.724892360637682,1.1326655647235826,4.635135474043906,1.6768763659852604,19.262129311031096,1.2023818463801628,8.805031623801963,1580.480826541699,25.0030070198682,6.4107802239541,9.913250133274424,6.954991025215778,27.17930129987687,9.119553835225938,-1571.6757949178968,-1555.4778195218307,-1574.0700463177448,-16.197975396066237,2.394251399847863,-1570.5675764084244,-1573.525835516483,-1553.301525241822,-1571.3612727064728,-15.089756886593776,-18.048015994652424,-20.224310274661093,-18.059747464650933,1.7282365983477153,1.7909850614228688,1.0722790602760872,0.9217186143381426,0.10058301049762264,23.848149288204674,8.063289372179005,96.8,8.950834929444659,3.6727202702141413,-1571.5299916122542,-16.05217209042354,-18.22846637043221,1.41,1.0852487270334252,20.12087902136926,162.3895796032557,16.857449073608677,11.544353269457616,-142.26870058188643,-145.53213052964702,-1560.3599475203296,-1418.0912469384432
F574-2,5,130.32842650945648,2.17,0.2571269651416749,0.4448640453878244,0.4288599410715462,0.2960625725732702,0.25602535501696505,0.12499677553860755,0.34994575649432813,0.03487916435057507,1.866564877575775,0.4448640453878244,3.6477357659397467,3.5149383974414707,3.4749011798851654,3.343872600406808,5.178259493796629,4.863192901652876,1.4217008321879505,3.202871720551922,3.070074352053646,-1.7811708883639716,-1.6483735198656957,3.030037134497341,2.8990085550189835,4.733395448408805,4.418328856265052,-0.17283458605458124,-0.3038631655329387,-1.834386893389821,-0.31506659214375343,1.0428554829486114,3.582018944500867,0.34550443096668254,0.2672982503649922,0.5402464233919932,0.010416151453670024,3.0001921694429075,89.1,3.328957090493152,0.1100812656249513,2.8840930451053275,-0.31877867544659466,-1.849302403303477,2.17,0.33216285112212085,12.8006904536741,2.4795438044332916,33.68675402496895,5.706574493245687,10.32114664924081,31.207210220535657,12.355826408286276,2.034679759045467
F579-V1,14,11145.904580506627,1.47,40.89687800176183,390.8639021987746,2.247159690964452,3.0582010075724186,8.810575886014028,25.978612742569272,2.207359868749684,7.05065256765002,43.53593533137708,390.8639021987746,7.525274350194969,8.336315666802935,14.088690545244546,31.25672740179979,10.124531857595459,14.967824556495795,-347.32796686739755,-383.3386278485796,-382.5275865319717,36.01066098118211,35.19961966457414,-376.77521165353005,-359.60717479697485,-380.73937034117915,-375.89607764227884,6.5634161950495775,23.73145305160482,21.13219554420433,4.843292698900337,0.30025138709092397,0.30073220712720306,1.499331622123716,1.4077803130191517,0.7615563563402798,9.67848078831041,22.7268373111139,89.5,25.819292515656628,20.54117785642611,-365.044609683118,18.294018165461658,15.694760658061169,1.47,1.495580380484836,67.38916559896188,10.150098793584178,58.42932156270158,26.517550294723375,57.2390668053777,48.2792227691174,-323.47473659981273,-380.71380340519045
F583-1,25,4900.522771508545,1.22,5.5008880468357,1243.5689783430962,36.832286186927476,4.722370809102618,3.3580028898999355,3.540802955450831,34.02231151735882,2.6187373512693743,8.7197638717039,1243.5689783430962,43.270037836663874,11.16012245883902,9.795754539636336,9.978554605187233,43.67893899196342,12.275364825873975,-1234.8492144713923,-1200.2989405064322,-1232.4088558842573,-34.55027396495997,-2.440358587135119,-1233.7732238034598,-1233.590423737909,-1199.8900393511328,-1231.2936135172222,-33.47428329702754,-33.29148323147664,-33.700384386776186,-31.403574166089445,2.330376034449261,2.2344561388879938,0.9000418918213724,0.7811383666496245,0.10003441026910784,33.64118981405846,4.703152481845245,35.4,31.886207558212146,25.448455908475744,-1211.682770784884,-11.383830278451729,-11.792731433751275,1.22,1.498185656815719,15.119994922110607,179.74783743546806,15.027165348926822,12.03288871934762,-164.62784251335745,-164.72067208654124,-1228.4489834209855,-1063.8211409076282
F583-4,12,3595.5405411091415,1.94,15.780473289909864,458.72334893944765,1.5171369804490147,4.461384364008987,15.178431726784506,3.392449464645026,1.1838491275509566,2.328851735392668,18.265379939697866,458.72334893944765,6.486950280025015,9.431197663584989,20.148245026360506,8.362262764221027,8.638569076914958,9.78357168475667,-440.45796899974977,-452.2363986594226,-449.29215127586264,11.77842965967285,8.834182276112877,-438.57510391308716,-450.3610861752266,-450.0847798625327,-448.93977725469097,13.661294746335491,1.8753124841960123,-0.27630631269393113,1.145002607841711,1.523712416165816,4.839707291460245,1.4996999649703637,1.499874370635867,0.939942604397805,22.208769155253332,4.538541451915552,53.3,8.451492581210179,3.4816792816341784,-450.27185635823747,1.9645423011851637,-0.1870764957047797,1.94,1.4996999649703637,44.51519219397859,15.513954448390194,52.67524743857773,21.738057643011338,29.001237745588398,37.16129299018753,-414.20815674546907,-443.2093944910574
IC2574,34,5138.164492042776,6.54,1634.8771539153915,13829.857075531063,1629.2009398160872,80.58396737093611,572.6896554667668,130.00902324208218,722.3050337148157,68.33731795281321,1638.4035144400077,13829.857075531063,1636.2536608653195,87.63668842016843,579.7423765159991,137.0617442913145,732.8841152886642,78.91639952666169,-12191.453561091055,-12193.603414665744,-13742.220387110894,2.1498535746882226,1550.7668260198393,-13250.114699015065,-13692.795331239748,-13096.9729602424,-13750.940676004402,-1056.5112843493202,-1499.191916574005,-595.8223709973497,-653.9677157620025,9.998270442646104,9.98970465584321,1.499793151328779,1.3558682666887503,1.4999845067455675,7.3930527822230845,3.0000092860222107,3.91,72.96727320126438,65.91455215203206,-13756.889802329799,-1563.2863876640552,-659.9168420873999,6.54,1.26532288998999,173.21985781140538,769.0528742501159,122.51202145854808,595.1577180767443,-595.8330164387105,-646.5408527915679,-13656.637217719657,-13060.804201280947
IC4202,32,35412.48444999452,7.715583614943451,1507.0000481831437,4832.568482251778,1205.2441406742516,970.9670737654027,1436.050709082872,1779.25180817823,624.9445998400985,68.27443431262515,1510.4657840859434,4832.568482251778,1212.175612479851,977.8985455710022,1442.9821808884712,1786.1832799838294,635.3418075484976,78.67164202102433,-3322.102698165834,-3620.3928697719266,-3854.6699366807757,298.2901716060924,532.5672385149412,-3389.5863013633066,-3046.3852022679484,-4197.22667470328,-4753.896840230754,230.80656840862025,574.0076675039784,1150.8414724353318,-556.6701655274733,3.332018195698618,2.8997994287254705,0.6677313543708858,0.10002243662501,0.10000035631088264,378.26653869030383,6.356434048225609,100.4,1648.7966946912268,1641.8652228856274,-3183.7717875605513,436.6210822113758,1013.4548871427291,11.326843030560347,0.6371016432308283,1783.9276070196331,771.4642472358358,217.89226092285256,1446.8830792060526,1012.4633597837973,-553.5719863129833,-3048.640875232145,-4061.104235015942
KK98-251,15,1147.7894271330442,1.89,17.95926051053811,320.32667118542884,28.417334015072296,3.9272856718318976,16.254303968092035,2.5619443164007456,7.2942855603568635,1.236281637289699,20.66731071164032,320.32667118542884,33.83343441727671,9.343386074036317,21.670404370296456,7.978044718605165,15.418436163663493,9.360432240596328,-299.6593604737885,-286.49323676815214,-310.98328511139255,-13.166123705636394,11.323924637604001,-298.65626681513237,-312.34862646682365,-304.90823502176534,-310.9662389448325,-12.163030046980257,-25.855389698671548,-7.440391445058328,-6.058003923067165,9.970985540895331,0.3040636543747637,1.0373832460193182,1.121702602298157,1.319461618527163,4.35937538078775,3.0004600614257795,6.8,7.960609644766656,2.5445092425622358,-312.3660615406622,-25.872824772510057,-7.457826518896837,1.89,1.0378863233430375,19.41890146792954,41.61749312221459,37.29563104461497,37.04512940553654,-22.19859165428505,-4.321862077599619,-300.9077697174993,-278.70917806321427
NGC0024,29,11141.015410755625,1.7,356.0040949435213,2593.771884973251,25.14460084927177,21.15164124726033,250.39826848112202,50.00372463003535,15.924782685414794,47.761384112597696,359.37139077350776,2593.771884973251,31.87919250924472,27.88623290723328,257.13286014109497,56.7383162900083,26.026670175374214,57.86327160255712,-2234.400494199743,-2561.8926924640064,-2565.885652066018,327.49219826426304,331.48515786627445,-2336.639024832156,-2537.0335686832427,-2567.7452147978765,-2535.9086133706937,225.25366763185025,24.85912378076358,30.711646114634085,31.836601427182906,0.4455297730899244,3.1982939451591905,1.49979822787718,1.4999909848647688,1.4999451516956888,10.211572152873972,22.56019749812691,7.3,56.63386051154699,49.89926885157404,-2537.138024461704,24.75466800230227,30.607190336172778,2.0853876371470443,1.4997993956785634,92.89671222634877,62.193239738332,97.69081833021055,264.987131786064,30.70347248801677,35.49757859187855,-2500.875172746902,-2531.578645234919
NGC0055,21,3844.2676531516995,1.84,50.04185699188998,2501.1598652073803,60.93474266885145,9.552581035776809,7.0557854418093,49.653685076483505,58.483723648950566,2.2403410330562212,53.0863794296134,2501.1598652073803,67.0237875442983,15.641625911223656,13.144830317256146,55.74272995193035,67.61729096212083,11.373908346226491,-2448.073485777767,-2434.1360776630822,-2485.5182392961565,-13.9374081146849,37.444753518389746,-2488.0150348901243,-2445.41713525545,-2433.5425742452594,-2489.785956861154,-53.87895722704216,-11.28105759236795,-11.874561010190483,-56.24338261589434,3.231655866634676,3.583493841590459,0.46167241156235994,0.6314343204017738,0.3846393899485179,55.036894079502446,3.000516792207017,2.11,67.66644674818907,61.57740187274223,-2433.493418459191,0.6426592038907728,0.04915578606824056,1.84,0.45012728303416294,55.29313760270348,72.53625115412986,12.978620863876356,16.86341674544784,-17.243113551426376,-59.5576302902535,-2445.8667276046767,-2428.6236140532505
NGC0100,21,5706.9562752297525,1.59,5.437008378872731,1078.9905684705773,15.998075263456819,1.7062483933445802,4.338650688108802,5.434849434897098,15.664483140528686,2.3783922417616026,8.481530816596154,1078.9905684705773,22.087120138903664,7.7952932687914265,10.427695563555648,11.523894310343945,24.798050453698956,11.511959554931872,-1070.509037653981,-1056.9034483316736,-1071.1952752017858,-13.60558932230751,0.6862375478047271,-1068.5628729070215,-1067.4666741602334,-1054.1925180168782,-1067.4786089156455,-11.659424575348016,-10.56322582855972,-13.274156143355011,-13.286090898767084,2.2225200689017672,2.8043061885663922,0.49660879296152466,0.7405550516990707,0.42691834437899573,181.35016321162942,3.002567623892404,13.5,17.449740173953725,11.360695298506878,-1061.5408282966237,-4.63737996494994,-7.348310279745231,1.59,0.3152947261460568,9.757361601548872,26.28732694419218,13.894570482617322,12.521078095252713,-16.529965342643308,-12.392756461574859,-1069.2332068690284,-1052.703241526385
NGC0247,26,7020.238802759859,2.15,1119.5259983739895,9240.956648737436,44.39348068214372,102.16771905565321,1053.6041940113287,261.778090258195,37.131030397268155,189.20151810720517,1122.784094912011,9240.956648737436,50.909673758186685,108.68391213169618,1060.1203870873717,268.29428333423795,46.905320011332606,198.97580772126963,-8118.172553825425,-9190.04697497925,-9132.272736605739,1071.8744211538242,1014.1001827803148,-8180.836261650064,-8972.662365403197,-9194.051328726104,-9041.980841016166,1009.210713329185,217.38460957605128,221.38896332290534,152.07048770993703,1.1159374932404438,0.5548002247135093,1.4999815111023045,1.4999808827395986,1.4999079080003135,30.372457714913697,6.23224731677863,3.7,277.4041022933339,270.88790921729094,-8963.552546444102,226.49442853514722,230.4987822820013,2.15,1.4999977152125212,304.4628756420567,83.06981763803381,240.9947687712741,1062.1530259734702,221.3930580040229,157.92495113324028,-8936.493773095379,-9157.886831099402
NGC0289,28,20873.98805485106,6.169450980129951,61.96326741568307,4161.142927278398,50.768308914683736,67.52695081214445,61.0465980174071,61.963953877480535,45.04026488767275,61.00639884575322,65.29547192585828,4161.142927278398,57.43271793503414,74.19135983249485,67.71100703775751,68.62836289783094,55.036878418198356,71.00301237627883,-4095.84745535254,-4103.710209343364,-4086.951567445903,7.862753990824139,-8.895887906636574,-4093.4319202406405,-4092.514564380567,-4106.1060488602,-4090.139914902119,10.27828910272337,11.195644962796798,13.591484479632584,15.966133958080476,2.5468826147410737,8.55599775844178,0.5029805286414368,0.8821760674676415,0.6950728657887448,66.72597520352316,9.234543973733944,20.8,67.39904939923623,60.73464037888582,-4093.7438778791616,9.966331464202092,12.362170981037877,8.672902945843349,0.9089220413303958,66.68022649372409,53.31457582148376,88.59484669475344,70.26604985081386,13.365650672240335,35.280270873269686,-4094.462700784674,-4107.828351456914
NGC0300,25,7232.662567306359,0.91,53.44873425255476,4034.9988682811177,14.887801504495451,13.424542669101962,53.062835015140685,42.03665504655935,14.734914324037154,15.95233789851467,56.66761007742296,4034.9988682811177,21.32555315423185,19.862294318838362,59.50058666487708,48.47440669629575,24.391541798641754,25.608965373119272,-3978.3312582036947,-4013.673315126886,-4015.1365739622793,35.34205692319111,36.8053157585846,-3975.4982816162405,-3986.524461584822,-4010.607326482476,-4009.3899029079985,38.175033510645235,27.1488535420639,24.082864897653998,1.2174235744775181,2.0669185807267367,4.017159016061749,0.8290791628893919,1.415294070237787,0.2891315755236105,30.020327212041813,6.845704685566021,2.08,202.12673069828753,195.68897904855112,-3832.87213758283,180.8011775440557,177.73518889964578,0.91,0.8047354609343835,50.79109771295269,43.64097778471505,62.25646099138086,61.408619872310325,7.150119928237643,18.615483206665814,-3984.207770568165,-3991.3578904964024
NGC0801,13,24665.132140973015,9.970494809326915,162.86241327163597,2540.6798834586,83.97499528468146,133.36265577953304,162.51740256265504,112.83185074363152,58.79316631537071,88.29159464259124,165.4273626290975,2540.6798834586,89.10489399960453,138.49255449445613,167.64730127757812,117.96174945855459,66.48801438775533,95.98644271497585,-2375.252520829503,-2451.574989458996,-2402.187328964144,76.32246862949297,26.934808134641372,-2373.032582181022,-2422.7181340000457,-2474.191869070845,-2444.6934407436243,78.5424072779736,28.856855458950065,51.473735070799265,29.498428327220523,3.0362848338336397,9.977341712288569,0.608458291298368,0.638143006233961,0.6025588863662636,98.88820877086276,7.255123817469676,80.7,82.07322616977935,76.94332745485627,-2458.6066572888208,-7.031667829825182,15.585211782024018,12.357976698820325,0.6547790209334928,115.02044223802804,63.519316669494884,108.68471201597954,171.0173365591476,51.501125568533155,45.16539534648466,-2425.6594412205723,-2477.1605667891054
NGC0891,18,22964.56891737227,9.672094555562797,240.74154126533804,2957.7963302061416,307.21625354713035,237.8697243305948,240.6105375840796,216.54892270783245,44.7867958541176,216.54518633087343,243.6319130232342,2957.7963302061416,312.9969970629227,243.65046784638713,246.39128109987192,222.32966622362477,53.45791112780609,225.21630160456192,-2714.1644171829075,-2644.799333143219,-2714.1458623597546,-69.36508403968847,-0.018554823152925337,-2711.40504910627,-2735.466663982517,-2904.3384190783354,-2732.5800286015797,-66.60571596305076,-90.6673308392979,168.87175509581868,171.75839047675584,2.112146779612208,2.0090601197526308,0.4529251302363061,0.4537732297652519,0.16028468235408522,1047.7479153657155,3.0037472604277218,9.91,294.9999162016914,289.2191726858991,-2662.79641400445,-17.997080861231268,241.54200507388532,9.473233171733538,0.4803657754850971,222.30369200427685,125.277377689731,226.99446212658552,248.35017968999801,97.02631431454586,101.71708443685452,-2735.492638201865,-2832.5189525164105
NGC1003,36,8544.9373224751,1.25,577.159301798283,21327.782120065363,87.30555023995966,188.52567767189146,337.374095574523,382.46331264363135,79.5945362769307,118.71504944599297,580.7428207367391,21327.782120065363,94.47258811687188,195.69271554880368,344.5411334514352,389.6303505205436,90.34509309229902,129.4656062613613,-20747.039299328626,-21233.309531948493,-21132.08940451656,486.2702326198672,385.0501051879354,-20983.240986613928,-20938.15176954482,-21237.437026973064,-21198.316513804002,250.06854533456334,295.1577624036717,299.28525742824456,39.12051316906228,6.29316666660488,9.998215485458797,0.10013470504931543,1.1067338061554088,0.6868755361812282,38.410481313804844,5.048943904382882,11.4,476.97615185439463,469.8091139774824,-20850.805968210967,382.50356373752277,386.6310587620956,1.25,0.10008718870167657,525.5417263872785,88.45020946823702,159.7867218872131,353.92781750014296,437.09151691904145,71.33651241897608,-20802.240393678087,-21239.331910597128
NGC1090,24,16506.263639740882,1.9980242337777714,63.40453875594986,9045.599450452322,52.93856706907945,40.760409057756846,40.76508854691092,24.930664337385554,51.484125093239356,10.31058649438905,66.5825925862978,9045.599450452322,59.29467472977534,47.116516718452736,47.12119620760681,31.286771998081445,61.018286584283196,19.84474798543289,-8979.016857866025,-8986.304775722547,-8998.482933733869,7.287917856522469,19.46607586784507,-8998.478254244716,-9014.31267845424,-8984.581163868039,-9025.75470246689,-12.17347852216853,-28.007902731693893,-29.73151458620175,-41.17353859885031,3.17225779983816,2.608035222194956,0.1705075755615595,0.25607591948915676,0.39193976733755787,53.203134030919905,8.280624431504066,37.0,65.29007448083901,58.93396682014312,-8980.309375971483,5.9953997510636725,4.271787896555814,2.328255424413107,0.5350438726587508,96.14540205382069,65.2474710035618,50.03564526884998,50.73284351166052,30.89793105025889,-15.211825734711816,-8949.454048398502,-8980.35197944876
NGC1705,14,7393.063880749653,0.22,128.9350316404447,1344.412433575017,1.3614695533681007,7.868637420466763,12.635291533586514,25.968736776971852,0.8490921731272172,3.399355111353936,131.57408897005996,1344.412433575017,6.639584212598617,13.14675207969728,17.913406192817032,31.24685143620237,8.766264161972991,11.31652710019971,-1212.838344604957,-1337.7728493624184,-1331.2656814953198,124.93450475746134,118.42733689036268,-1326.4990273822,-1313.1655821388147,-1335.6461694130442,-1333.0959064748174,11.273821980218415,24.607267223603753,22.48058727422938,2.5502629382267195,0.36496093433409244,0.7832481409972475,1.4996792626800017,1.4985686745629543,1.2532621733559797,1.9007438999543682,39.181594135087565,5.73,9.766300295587834,4.488185636357318,-1334.6461332794293,3.1267160829892173,1.0000361336148433,1.0052541426615138,1.4994133621454238,67.39862917081243,31.374444963311046,50.88476595811583,27.92418904120376,36.02418420750138,19.510320994804783,-1277.0138044042046,-1313.037988611706
NGC2366,26,3039.2937153153375,2.02,160.63778830175846,2336.0077040308843,83.41248115284218,21.946728029508943,62.28602492717994,39.65159520473042,74.2715766420157,10.090764427123142,163.89588483977994,2336.0077040308843,89.92867422888514,28.462921105551906,68.8022180032229,46.16778828077339,84.04586625608015,19.86505404118759,-2172.111819191104,-2246.0790298019992,-2307.5447829253326,73.9672106108948,135.43296373422803,-2267.205486027661,-2289.839915750111,-2251.9618377748043,-2316.1426499896966,-21.12645622566224,-43.760885948111756,-37.87807797530676,-64.18081221489255,0.7536957592030576,0.6020168865931587,1.1820718143135311,0.9714093586564472,0.9755150636174161,32.27833372624475,3.011107243938533,3.27,46.420722715733355,39.90452963969039,-2289.5869813151508,-43.50795151315179,-37.62514354034679,2.02,1.1823068973789768,64.9820461169966,92.5390769522287,33.370972143539596,72.49789772585153,-27.557030835232098,-59.1681048086891,-2271.0256579138877,-2243.4686270786556
NGC2403,73,11666.242146714743,0.56,3022.360886984879,319317.3362433957,710.9015402433079,1742.3666325592203,2620.7454871631135,2042.4755934128436,580.682822120825,1069.3816544748513,3026.6513464260274,319317.3362433957,719.4824591256047,1750.9475514415171,2629.3264060454103,2051.0565122951402,593.5542004442701,1082.2530327982965,-316290.68489696964,-318597.85378427006,-317566.3886919542,2307.1688873004227,1275.7037949845103,-316688.0098373503,-317266.27973110054,-318723.78204295144,-318235.0832105974,1909.8439469198056,1331.5740531695355,1457.5023118508702,488.6988323540264,2.5878396743039667,2.9824661153121808,0.7572878797866354,0.8406016077174501,0.14321295310533066,28.2661796869232,12.255722086299816,3.16,1290.3679622859029,1281.787043403606,-318026.9682811098,570.8855031602982,696.8137618416328,2.5710496364887736,0.8504350313656319,2050.953115689911,678.9258377946115,1088.2783597551804,2631.945223788775,1372.0272778952994,409.3525219605689,-317266.3831277058,-318638.4104056011
NGC2683,11,21393.526669036753,6.943170886582959,56.96120941977595,689.2796674332354,7.6380769392403876,6.225792189863485,21.488149192406976,10.659917686970207,7.311962715425627,10.165511785906162,59.35910469257432,689.2796674332354,12.43386748483713,11.021582735460226,26.283939738003717,15.455708232566948,14.50564853382074,17.359197604301272,-629.9205627406611,-676.8457999483983,-678.2580846977752,46.92523720773719,48.33752195711409,-662.9957276952317,-673.8239592006685,-674.7740188994147,-671.9204698289342,13.850072253166587,3.0218407477298186,0.9500596987462089,2.8535490704805326,0.30018840756827714,0.41271890865159083,0.748125356045348,0.7546495045009993,0.4029548605728228,30.62073202557196,20.452548467103252,9.81,30.120341787682662,25.32455124208592,-659.1593256455528,17.686474302845532,15.614693253861923,9.368935436067886,0.8255733513832093,15.082638339460912,17.775320924750034,25.8207918090676,38.71556249381277,-2.6926825852891216,8.045470884317567,-674.1970290937745,-671.5043465084854
NGC2841,50,64618.96899499078,11.6572961419124,2433.739734578335,37314.676893499534,160.33860904440098,335.710089883668,2367.796326139165,336.9212179648009,89.11592899716139,254.80530460546782,2437.6517575837634,37314.676893499534,168.16265505525726,343.5341358945243,2375.6203721500215,344.7452639756572,100.85199801344582,266.54137362175226,-34877.02513591577,-37146.51423844428,-36971.14275760501,2269.489102528506,2094.117621689239,-34939.056521349514,-36969.931629523875,-37213.82489548609,-37048.13551987778,2207.457717094764,176.58260892039996,243.8932659622114,165.68937560830642,3.320454241251178,5.3552274027846245,1.0798519179501453,1.0664330748720583,0.8429852583337148,179.493005357294,21.873104155889674,14.1,416.02966695768265,408.20562094682634,-36898.64722654185,247.8670119024254,315.1776689442368,18.222731193501307,1.1383793593504066,358.2906371226906,103.69240015671544,287.1035586425466,2379.5001691478337,254.59823696597516,183.41115848583115,-36956.38625637684,-37210.98449334282
NGC2903,34,23786.417113104188,7.2159519322144,687.7028602948939,25037.446570100597,456.3989039792079,310.8882757437206,662.0310116214938,592.674157275238,183.8372460632136,590.7353868893722,691.22922081951,25037.446570100597,463.4516250284402,317.94099679295294,669.0837326707261,599.7268783244704,194.41632763706207,601.3144684632207,-24346.217349281087,-24573.994945072158,-24719.505573307644,227.7775957910698,373.2882240265571,-24368.36283742987,-24437.71969177613,-24843.030242463534,-24436.132101637377,205.63210764228592,136.27525329603014,405.3105506874083,406.8981408261586,1.51159354021296,1.8294308702182278,0.5654428089491833,0.562651877577171,0.2188804751072328,84.74337339950746,10.243095411351046,6.6,1669.5456602814868,1662.4929392322545,-23367.90090981911,1206.0940352530465,1475.1293326444247,8.492514172841961,0.68474002990583,596.7866196891553,234.61609800845486,600.0828705382772,670.6752056010966,362.1705216807004,365.4667725298224,-24440.659950411442,-24802.830472092144
NGC2915,30,6657.980786374167,0.34,22.288913558413384,1769.9207412433232,26.790570698591566,15.758427090766165,9.610597299482858,22.284757727092238,18.401875873791884,4.373013358706713,25.690110940075538,1769.9207412433232,33.592965461915874,22.560821854090477,16.41299206280717,29.08715249041655,28.60546801877835,14.576605503693179,-1744.2306303032476,-1736.3277757814074,-1747.3599193892328,-7.902854521840336,3.129289085985061,-1753.507749180516,-1740.8335887529065,-1741.3152732245449,-1755.34413573963,-17.179973399108704,-4.505812971499324,0.48168447163820005,-14.028862515085171,1.30969529443372,1.16115493133176,0.48498304650711277,0.1014870686960404,0.10015916114650097,7.383810837334614,15.946351168139822,4.06,41.60420099642191,34.8018062330976,-1728.3165402469012,8.011235534506035,12.99873297764356,0.7345200162730465,1.0953238623216732,27.696419383370458,164.47847069137336,150.3208232836366,18.12107372209991,-136.7820513080029,-14.15764740773676,-1742.2243218599526,-1605.4422705519498
NGC2955,24,33562.5244825603,13.03381128533432,132.5689839176336,407.11490664568066,99.65263984660788,99.57799655853196,127.05382040456755,83.3638826132533,82.44398410529749,80.8652056361336,135.74703774798155,407.11490664568066,106.00874750730378,105.93410421922786,133.40992806526344,89.7199902739492,91.97814559634132,90.39936712717743,-271.3678688976991,-301.1061591383769,-301.18080242645283,29.73829024067777,29.81293352875369,-273.7049785804172,-317.3949163717315,-315.1367610493393,-316.71553951850325,27.401180557959663,-16.288757233354588,-2.2581553223921276,-1.5787784691638933,3.976335495521879,2.9340423780514286,0.5475856889399664,0.5471203438662915,0.15071959197323523,445.8741687633516,3.7058697101307136,97.9,118.94221221052072,112.58610454982482,-288.17269443515994,12.933464703216941,26.9640666141794,13.992813512097266,0.5477868353519177,86.93052874809958,171.06226447904248,90.80696334691528,138.51128159630665,-84.1317357309429,-80.2553011321272,-320.1843778975811,-236.05264216663818
NGC2976,27,5538.411048936216,1.63,19.13390324515738,447.0896519431511,48.36949567945326,7.599404853500244,14.573939214445645,10.0644856350452,15.361767461491258,9.449184272220624,22.42974011116171,447.0896519431511,54.96116941146192,14.191078585508901,21.165612946454303,16.65615936705386,25.249278059504245,19.33669487023361,-424.6599118319894,-392.1284825316892,-432.89857335764225,-32.5314293003002,8.238661525652809,-425.9240389966968,-430.43349257609725,-421.84037388364686,-427.7529570729175,-33.795556465007614,-38.30501004440806,-8.593118692450386,-5.912583189270634,9.988239021826347,9.948120564830836,0.7183502045460061,0.6856534919429501,0.8768713455529513,455.5239957126832,3.0019878731957577,3.58,16.940287389508505,10.348613657499847,-430.1493645536426,-38.02088202195341,-8.30899066999574,1.63,0.7320613071107075,15.478641059606217,29.428685231537948,32.75763527267829,36.56602761001172,-13.950044171931731,3.328950041140345,-431.6110108835449,-417.6609667116132
NGC2998,13,28616.46712588634,6.299302833049271,93.03344591803193,7590.740214084509,27.01719523950846,61.12090012588796,82.08210630158882,71.40430369241678,20.402808997902827,22.815807769786538,95.59839527549347,7590.740214084509,32.14709395443153,66.25079884081103,87.2120050165119,76.53420240733985,28.09765707028744,30.510655842171147,-7495.141818809016,-7558.593120130077,-7524.489415243698,63.45130132106194,29.347596434682444,-7503.528209067997,-7514.206011677169,-7562.642557014221,-7560.229558242338,55.06491106208036,44.387108452908315,48.43654533705241,2.412998771883707,4.818741793110427,9.982033179457442,0.7814470845875519,0.894438186291941,0.10060636974251837,87.36814751241926,11.44533727029339,68.1,27.58173386244803,22.451835147524957,-7563.1584802220605,-4.565360091983504,-0.5159232078394105,11.86421308253292,0.9204611871023187,77.18733655344904,163.27153843433632,50.80739307535883,93.9017493912521,-86.08420188088728,-112.46414535897749,-7513.5528775310595,-7427.468675650172
NGC3109,25,4423.85255318071,2.06,112.37224067988939,3717.7155006018884,240.660355321566,4.077724447533054,103.18550123101421,23.341239692669987,198.57623526253346,23.29722075141822,115.5911165047576,3717.7155006018884,247.0981069713024,10.515476097269456,109.62325288075061,29.77899134240639,208.23286273713805,32.95384822602282,-3602.1243840971306,-3470.617393630586,-3707.200024504619,-131.5069904665448,105.07564040748814,-3608.092247721138,-3687.936509259482,-3509.4826378647504,-3684.7616523758657,-137.4748540905518,-217.31911562889601,-178.45387139473166,-175.27901451111524,1.5288780914110596,1.9874976290172666,1.4989717219956211,1.4994360251911967,1.4997754221852135,57.16803769604532,3.00029287660196,1.33,29.810345544003606,23.372593894267204,-3687.9051550578847,-217.2877614272988,-178.42251719313444,2.06,1.4995034743845475,65.89140830221424,244.38998995800534,70.91758716953021,111.21251572040738,-178.4985816557911,-173.47240278847514,-3651.8240922996742,-3473.325510643883
NGC3198,43,13768.428731349886,0.7864863252978769,1202.0096097014869,32639.014020790153,57.117661216568806,69.94095411639445,75.50189814576913,453.0768033733447,55.5990554873556,77.56186147663416,1205.7708098171804,32639.014020790153,64.64006144795593,77.46335434778157,83.02429837715626,460.5992036047318,66.88265583443629,88.84546182371486,-31433.243210972974,-32574.373959342196,-32561.55066644237,1141.1307483692244,1128.3074554693987,-32555.989722412996,-32178.41481718542,-32572.131364955716,-32550.168558966438,18.384236929200327,395.9591421567759,393.7165477702955,21.962805989278564,4.3768399226196975,4.621512482944518,0.10000160151154552,0.5486372293109278,0.44891813443116313,45.50099274709707,9.765479546420273,13.8,1134.6677707720028,1127.1453705406157,-31504.34625001815,1070.0277093240468,1067.7851149375665,0.32,0.10000197056562887,596.7196850260178,67.06453871763478,92.36356570057852,88.88201747796107,529.6551463083831,25.299026982943744,-32042.294335764134,-32571.94948207252
NGC3521,41,28091.641522765443,7.290173012715343,117.11939379520322,617.0236557884083,11.983171490069111,29.175935206639945,103.01555364656059,6.293737093816265,8.648504171031126,5.699307855329728,120.83296586190752,617.0236557884083,19.41031562347773,36.60307934004856,110.44269777996921,13.720881227224881,19.789220371144047,16.84002405544265,-496.1906899265008,-597.6133401649306,-580.4205764483597,101.4226502384298,84.22988652185896,-506.5809580084391,-603.3027745611834,-597.2344354172642,-600.1836317329656,91.03238215649148,-5.689434396252848,-6.068339143919166,-2.9491963157013963,4.4711027736765425,2.82598018326099,0.6073732412475734,0.6045302533856123,0.5396100814987574,170.77761372453006,8.396466584036142,7.7,18.08428774796537,10.657143614556754,-598.9393680404429,-1.3260278755123593,-1.7049326231786779,8.060357000471937,0.5987871408462515,10.773924890356415,17.09919921768327,16.886918341270455,116.47835379801498,-6.325274327326856,-0.2122808764128159,-606.2497308980519,-599.924456570725
NGC3726,12,10717.136910886871,3.5,51.352933942264485,577.1951541212144,20.816921010775488,24.24457968471406,34.077614431501736,37.71507944987933,20.786285463666594,24.76954234492324,53.83784059205249,577.1951541212144,25.786734310351488,29.21439298429006,39.04742773107774,42.68489274945534,28.241005413030596,32.22426229428724,-523.357313529162,-551.4084198108629,-547.9807611369243,28.051106281701,24.623447607762426,-538.1477263901367,-534.510261371759,-548.9541487081838,-544.9708918269272,13.260693420726252,16.89815843910385,14.44388733642474,3.983256881256647,4.926815401034398,9.978223821102837,0.33657840735326017,0.6120981717672014,0.493934691649348,208.57702749151503,3.0029148383266175,18.0,37.98079070221477,33.010977402638765,-539.2143634189996,12.194056391863281,9.739785289184173,3.5,0.42519018173217793,53.40392174317021,26.55573859823651,44.68939129498953,45.93953419996478,26.8481831449337,18.133652696753018,-523.7912323780441,-550.6394155229779
NGC3741,21,2322.8415348013327,0.23,48.541715450370454,2576.163101584595,6.5376021578980135,23.077459664448728,44.0633432949789,9.009440066169079,6.53102681828008,8.12334001417043,51.586237888093876,2576.163101584595,12.62664703334486,29.166504539895573,50.152388170425745,15.098484941615926,15.66459413145035,17.2569073273407,-2524.5768636965013,-2563.5364545512502,-2546.9965970446997,38.95959085474902,22.419733348198303,-2526.0107134141695,-2561.064616642979,-2560.4985074531446,-2558.9061942572544,37.525741137080885,2.471837908271066,-0.5661091898344246,1.5923131958903483,1.7499300998926062,2.159572712798218,1.4998195132054373,1.4972518270183124,0.5255745765954056,12.59287781012441,4.116897956365157,3.21,259.0937143893998,253.00466951395293,-2317.0693871951953,246.46706735605494,243.42912025794945,0.23,1.4999709541589223,51.25806501441201,13.201247401967386,55.28862479618754,51.79448777172098,38.056817612444625,42.087377394220155,-2524.9050365701833,-2562.9618541826276
NGC3769,12,9430.44202351053,2.379592817215531,8.070586116618058,645.7786633470861,11.053852298964589,6.3476646809464805,3.006763138554742,5.112920903575683,4.924776737563683,2.3089871720549713,10.555492766406058,645.7786633470861,16.02366559854059,11.317477980522481,7.976576438130743,10.082734203151684,12.379496686927684,9.763707121418973,-635.2231705806801,-629.7549977485455,-634.4611853665637,-5.468172832134531,-0.7619852141164234,-637.8020869089553,-635.6959291439344,-633.3991666601584,-636.0149562256671,-8.047089160409847,-5.940931395388905,-2.296762483776,-2.6157895655087113,3.0445370988141067,2.840390406780301,0.3508056583441776,0.433931869327705,0.1373803490856646,28.71968294945042,8.0615581553406,18.0,9.961420464836628,4.991607165260628,-635.8172428822495,-6.062245133703961,-2.418076222091056,2.4201639105840616,0.5062438888845993,18.833279045712672,103.03960901124532,13.836114144113452,11.36113472003547,-84.20632996553265,-89.20349486713187,-626.9453843013735,-542.7390543358408
NGC3877,13,10490.029184879648,1.8041878434492515,49.5577685505804,413.6333851622524,61.96984535795315,45.61946966137366,27.807675992437385,4.848953173586759,39.0723995897749,1.510386846409871,52.122717908041935,413.6333851622524,67.09974407287622,50.74936837629673,32.93757470736046,9.978851888509833,46.76724766215951,9.205234918794481,-361.5106672542105,-346.5336410893762,-362.8840167859557,-14.977026164834285,1.3733495317452054,-380.69581045489196,-403.6545332737426,-366.8661375000929,-404.42815024345794,-34.16216936551576,-57.12089218436638,-36.78839577364968,-37.56201274336503,0.797555740797779,1.5777860358524725,0.12242599390444164,0.15955082061053136,0.10014882552760479,13.697397293655438,16.21837409134243,18.0,96.67427970180331,91.54438098688024,-316.9591054604491,29.574535628927094,49.9070320396438,4.07547677403774,0.7539973723249298,116.10044873063045,182.65646579754258,83.14343370349846,36.31757338834935,-66.55601706691213,-99.51303209404412,-297.532936431622,-230.97691936470983
NGC3893,10,22638.32031419467,5.84765323761673,27.367954112905473,497.36300643692414,8.870147213691011,2.8271554004233037,20.45723478423541,16.027235999783418,3.431933031396726,15.915928923910235,29.67053920589952,497.36300643692414,13.475317399679103,7.4323255864113955,25.062404970223504,20.632406185771508,10.339688310378865,22.823684202892373,-467.69246723102464,-483.887689037245,-489.9306808505127,16.195221806220417,22.238213619488125,-472.30060146670064,-476.7306002511526,-487.0233181265453,-474.5393222340318,11.587087570544401,7.157088786092405,10.292717875392643,12.483995892513509,0.3013005850044801,2.2120473007393606,0.6352280624721545,0.637284157120023,0.15304662047586737,75.08111607600429,10.685947307335327,18.0,35.26520255981295,30.660032373824855,-462.0978038771112,21.789885160133846,24.925514249434084,7.185099440780015,0.6936621041685556,17.91317682427951,87.58339395647248,22.207809976468454,37.44537148608164,-69.67021713219296,-65.37558398000402,-479.44982961264463,-409.77961248045165
NGC3917,17,14197.346352014958,5.24,204.65779909181376,2678.672020846451,64.16306506908907,16.707004504999077,204.62811390065684,44.74719284855608,40.4468193802209,36.302500892605664,207.49101243586998,2678.672020846451,69.82949175720151,22.373431193111507,210.29454058876928,50.41361953666851,48.94645941238955,44.802140924774314,-2471.181008410581,-2608.842529089249,-2656.298589653339,137.66152067866847,185.11758124275846,-2468.3774802576813,-2628.258401309782,-2629.725561434061,-2633.8698799216763,140.46504883156777,-19.415872220532997,1.467160124278962,-4.144318487615237,1.9671477539539624,9.981344058379896,1.260237415730951,1.2944299287757852,1.0606784744652709,80.69353292396664,6.701731754215437,18.0,43.597789159579555,37.931362471467125,-2635.0742316868714,-26.231702597621954,-5.348670252809995,5.24,1.2767967285588413,73.39766275780278,61.534459992302445,85.02767311525376,212.10038986930437,11.863202765500333,23.493213122951317,-2605.274358088648,-2617.1375608541484
NGC3949,7,16667.587463167667,4.8502186693913165,6.997590008790306,47.77888439628576,2.8957487348289987,2.0900289481171606,5.6059954501317595,1.233419745953298,0.526606327007874,0.8713966064026155,8.94350015784562,47.77888439628576,6.787569032939626,5.981849246227787,9.497815748242386,5.125240044063925,6.364336774173814,6.7091270535685545,-38.83538423844014,-40.99131536334613,-41.79703515005797,2.155931124905994,2.9616509116178324,-38.28106864804337,-42.65364435222184,-41.41454762211195,-41.06975734271721,2.7102467153027607,-1.662328988875701,-1.239096730109889,0.34479027939474083,9.999739512116207,1.1109507514778119,0.5724852005392302,0.5861915065509697,0.11266924091866995,874.7498084572949,3.0050293979149667,18.0,5.687782456232604,1.7959621581219776,-42.09110194005316,-1.0997865767070216,-0.6765543179412097,5.255542077435936,0.5612355645586593,2.1512791838318597,124.35989202838262,5.753306665867894,24.915342724270722,-122.20861284455076,-118.60658536251472,-45.6276052124539,76.58100763209686
NGC3953,8,24386.815729373866,7.2454417000457365,100.46604952404299,491.25615884207014,1.6031552314932902,1.1035503385940801,98.51001552082231,3.2162207352806025,1.2416864637590155,2.7046790778170986,102.54549106572283,491.25615884207014,5.762038314852962,5.262433421953752,102.66889860418198,7.375103818640274,7.4800110887985225,8.943003702856606,-388.7106677763473,-485.49412052721715,-485.9937254201164,96.78345275086987,97.28305764376907,-388.58726023788813,-483.88105502342984,-483.77614775327163,-482.3131551392135,96.90686028932902,1.613065503787312,-0.10490727015824852,1.4629926140580833,0.3035297672910304,0.30156932079742355,0.833915568860247,0.8358191419144109,0.3008139494274248,33.86527415245242,19.972074909659643,18.0,7.789436616834255,3.6305535334745835,-483.46672222523586,2.027398301981293,0.30942552803573253,13.125470017673852,0.828582153476056,9.872129777653779,24.307975046404483,23.8827949545184,114.95520626705171,-14.435845268750704,-0.42518009188608374,-481.3840290644164,-466.94818379566567
NGC3972,10,10591.280274663193,0.87,16.143668105156184,856.5091486449041,9.161346479854936,6.291190841875956,16.14159236279474,13.563490782038716,8.356577016586234,13.419212469530798,18.44625319815023,856.5091486449041,13.766516665843028,10.896361027864048,20.746762548782833,18.168660968026806,15.264332295568373,20.326967748512935,-838.0628954467539,-842.7426319790611,-845.6127876170401,4.679736532307203,7.549892170286183,-835.7623860961213,-838.3404876768774,-841.2448163493358,-836.1821808963912,6.980245882939805,4.402144302183778,2.9043286724584334,5.062635452944562,1.9749337901885415,2.230282776863723,0.721882909925189,0.742753687866569,0.186534726184108,263.9061889985235,4.95956138777469,18.0,24.633962523606073,20.02879233761798,-831.875186121298,10.867445857763045,9.3696302280377,0.87,0.9445204508677123,17.08052780604213,70.61429262390075,21.903811403938157,22.56005128286784,-53.533764817858625,-48.710481219962595,-839.428620838862,-785.8948560210034
NGC3992,9,43117.81700355845,9.19,182.0426095382683,2587.008885721497,2.9066682303475297,4.970227309628996,182.04227143273235,27.026486039416938,2.8855953292450263,14.819238421799685,184.2398341156045,2587.008885721497,7.301117385019969,9.364676464301436,186.43672058740478,31.420935194089378,9.477269061253685,21.410912153808344,-2402.7690516058924,-2579.707768336477,-2577.6442092571956,176.93871673058453,174.87515765130308,-2400.5721651340923,-2555.5879505274074,-2577.5316166602433,-2565.5979735676883,179.1356032023848,24.11981780906941,21.943666132835695,11.933643092554659,2.0030866949881987,6.60280939003672,1.135449271521354,1.1170214111312553,0.4767948099669673,109.88113082890403,18.524897379072595,23.7,10.257958315015108,5.863509160342669,-2576.750927406482,2.9568409299951384,0.7806892537614232,19.1018487822664,1.1679813247523279,47.80119639236331,8.387479165915025,46.77505392744619,188.27769148233094,39.413717226448284,38.38757476153116,-2539.2076893291337,-2578.621406555582
NGC4010,12,9349.374825794419,2.61,17.967663158227765,675.2675497154571,23.135656434891843,14.601088943998931,11.509237475551808,17.25066109454787,21.709068640749564,11.444999331655719,20.452569808015767,675.2675497154571,28.105469734467842,19.57090224357493,16.47905077512781,22.22047439412387,29.163788590113565,18.89971928101972,-654.8149799074413,-647.1620799809892,-655.6966474718822,-7.652899926452076,0.8816675644408356,-658.7884989403293,-653.0470753213333,-646.1037611253436,-656.3678304344373,-11.626418959340032,-5.884995340343973,-6.9433141959896965,-10.264069309093845,2.7814226062245235,2.8361866768605064,0.42046646303082535,0.5238889584517904,0.36164304841096273,437.4426299859798,3.000209765939261,18.0,16.744496065167468,11.774682765591466,-658.5230536502896,-11.360973669300375,-12.419292524946098,2.61,0.49247623464801205,24.150282475958594,36.5648447716202,19.492805502063206,19.411671179245534,-12.414562295661607,-17.072039269556996,-651.1172672394985,-638.7027049438369
NGC4013,36,19747.92965435775,7.4992714772635205,179.19156754523053,5514.70235843695,33.79329585795809,61.43937298188185,178.78896704168437,161.2964055692412,25.62140310846436,28.071914609608164,182.77508648368664,5514.70235843695,40.96033373487031,68.60641085879408,185.9560049185966,168.4634434461534,36.37195992383269,38.8224714249765,-5331.927271953264,-5473.74202470208,-5446.095947578156,141.81475274881632,114.16867562489256,-5328.746353518353,-5346.238914990797,-5478.330398513117,-5475.879887011974,144.99567118372627,127.50310971128309,132.09148352232071,2.450511501143808,2.1289560774884606,9.982361365348257,0.6017988071660512,0.6794418503568005,0.5537345792978869,154.91616358995083,5.05944965672414,18.0,35.959724181925225,28.792686305013007,-5478.742634255024,-5.000609552945086,-0.41223574190746604,9.410833739302237,0.6767548459442321,165.4918146246878,33.51964090877922,52.17195922859261,187.93446842234627,131.97217371590858,18.65231831981339,-5349.210543812262,-5481.1827175281705
NGC4051,7,7884.057423622858,2.89384122232776,4.8559546797052375,78.67195061576913,3.9623628165709874,3.097372612638071,1.6898600833779802,4.535218488985324,3.0519857207539123,1.468160936456177,6.801864828760551,78.67195061576913,7.854183114681614,6.989192910748697,5.5816803814886065,8.42703878709595,8.889716167919852,7.305891383622116,-71.87008578700858,-70.81776750108752,-71.68275770502044,-1.0523182859210634,-0.187328081988146,-73.09027023428052,-70.24491182867318,-69.78223444784928,-71.36605923214702,-2.272502733193008,0.5728556724143363,-0.46267738082390153,-1.583824784297736,0.5528624359711173,0.41531806917191955,0.4284831079386743,0.45676468747310117,0.3500087066151327,8.984590374476024,14.705530628439876,18.0,12.170823500715471,8.279003202604844,-66.50112711505366,4.316640386033857,3.281107332795619,3.4998869620805952,0.6732471279054848,9.813548143202224,17.74444376942355,15.66607405261471,11.461028062545441,-7.930895626221327,-2.07836971680884,-68.85840247256691,-60.92750684634558
NGC4068,6,1151.5530787046398,1.91,0.7843359984993481,96.46518782755896,8.09281179371089,0.851939062193959,0.705161029207397,0.7737843190606136,4.668224053144629,0.6854185031787167,2.576095467727403,96.46518782755896,11.676330732167,4.435458000650069,4.288679967663507,4.357303257516723,10.043502460828794,6.060696910862882,-93.88909235983157,-84.78885709539196,-92.02972982690889,-9.100235264439597,-1.859362532922666,-92.17650785989545,-92.10788457004224,-86.42168536673017,-90.40449091669608,-7.387650764503492,-7.319027474650276,-5.6861992033120705,-3.982805549965912,9.854810391636416,9.911431442362543,0.5256498516062112,0.45715451712069666,1.0623033020734907,11.058641902386332,3.0004431232848963,4.37,4.366755238258557,0.783236299802447,-92.0984325893004,-7.309575493908442,-5.676747222570237,1.91,0.5344675897721742,1.8925579201200566,22.71218809422389,21.110719148482715,19.489889970546656,-20.819630174103835,-1.6014689457411748,-94.57262990743891,-73.75299973333507
NGC4085,7,7381.641900505411,2.8309983056391377,20.24203457242007,99.26939679912611,34.101983462049404,22.719466876718283,18.94460874239595,3.6790602469402347,16.25172752142286,1.024910047862481,22.187944721475382,99.26939679912611,37.99380376016003,26.61128717482891,22.836429040506577,7.570880545050861,22.0894579685888,6.862640495028421,-77.08145207765074,-61.275593038966086,-72.6581096242972,-15.805859038684645,-4.423342453353527,-76.43296775861954,-91.69851625407526,-77.17993883053731,-92.4067563040977,-15.15737471965345,-30.422923215109165,-14.518577423537938,-15.226817473560379,0.39522627757009676,1.4844737441395697,0.24374600457958853,0.18010727248663927,0.1000251015609368,301.06172170999264,3.000632346978598,18.0,12.861551074028853,8.969730775918226,-86.40784572509726,-25.132252686131174,-9.227906894559947,1.625665775232953,0.3771873694058725,38.855524129222516,158.17298916964523,67.43572145051688,31.947740731913196,-119.31746504042272,-90.73726771912835,-60.4138726699036,58.90359237051912
NGC4088,12,8780.670306291004,8.575898146295492,27.874165171174603,148.4729424227521,31.9681782501024,8.411546113806411,11.574370702558074,17.18775789337913,4.03483706853953,4.854749070505308,30.359071820962605,148.4729424227521,36.9379915496784,13.381359413382413,16.544184002134074,22.15757119295513,11.489557017903532,12.30946901986931,-118.1138706017895,-111.53495087307371,-135.09158300936969,-6.578919728715796,16.977712407580192,-131.92875842061804,-126.31537122979698,-136.98338540484858,-136.1634734028828,-20.393807547544327,-14.780420356723273,10.668014175051596,0.8199120019657773,9.948434022465728,9.908174418467699,0.40299845337867723,0.4463672261322016,0.3649980148910005,87.69038027173603,3.0002161733547945,18.0,10.340507676553187,5.3706943769771875,-138.13243474619892,-26.597483873125213,-1.149049341350345,7.937307647649169,0.44200062263515844,25.423632385421165,18.497312510213707,27.909367899179546,31.885299939438887,6.926319875207458,9.41205538896584,-123.04931003733094,-129.9756299125384
NGC4100,24,21796.922900374095,6.11,196.6036929332251,3349.280286625776,18.87676575640438,13.498092054577134,195.01979476641586,27.061952186706545,18.873363196722423,25.46593589570302,199.78174676357304,3349.280286625776,25.232873417100272,19.854199715273026,201.37590242711175,33.41805984740244,28.407524687766262,35.00009738674686,-3149.498539862203,-3324.047413208676,-3329.4260869105033,174.54887334647276,179.92754704830003,-3147.9043841986645,-3315.862226778374,-3320.8727619380097,-3314.2801892390294,176.14302901001147,8.185186430302167,5.010535159636177,6.592572698980597,1.7770400828890365,1.2854085506798996,0.941274253927614,0.9474555431653485,0.5070297493348022,33.20388696204959,20.021508315214547,18.0,69.30388534748232,62.947777686786424,-3279.976401278294,44.07101193038205,40.89636065971606,9.39791080981027,1.0058416842470355,40.352855264747525,26.352571987745193,43.9473255294238,203.03326648309957,14.000283277002332,17.594753541678607,-3308.9274313610285,-3322.927714638031
NGC4138,7,18659.28742900395,5.470074977628335,28.03547598848245,153.43262006279937,4.6895001210373435,3.4360471838020032,14.329129473129147,9.930624102280097,4.25301214627536,9.76331743307199,29.98138613753776,153.43262006279937,8.58132041914797,7.32786748191263,18.220949771239773,13.822444400390724,10.090742593441298,15.601047880237928,-123.45123392526162,-144.8512996436514,-146.10475258088675,21.40006571838979,22.65351865562513,-135.21167029155959,-139.61017566240864,-143.34187746935808,-137.83157218256144,9.639629352091804,5.241123981242755,3.7317018069494257,5.51030528679663,0.34390681525279687,1.5801601485384835,0.7848793275654316,0.7796064015062663,0.3877590213787899,16.33035248663111,28.0869435743793,18.0,15.5087154407635,11.616895142652874,-137.92390462203588,6.927395021615531,5.417972847322202,7.15710305209097,0.825691114150982,14.588125845287363,14.709506153547753,17.783030651535086,28.935651203649748,-0.12138030826038992,3.073524497987332,-138.84449421751202,-138.72311390925162
NGC4157,17,17452.5493579269,8.850531306103456,32.475655557308876,677.3999775170299,6.901827329480276,5.667186936454147,12.283625343617153,31.633615939027276,5.663022393382768,6.295203784371923,35.308868901365095,677.3999775170299,12.568254017592707,11.33361362456658,17.950052031729584,37.30004262713971,14.162662425551417,14.794843816540572,-642.0911086156648,-664.8317234994372,-666.0663638924633,22.740614883772388,23.975255276798514,-659.4499254853004,-640.0999348898902,-663.2373150914785,-662.6051337004893,5.381798014136876,24.731788609547003,23.137380201588293,0.6321813909891549,6.4242643806013415,8.534219773284526,0.531954193115233,0.564046333029835,0.47063344954368413,394.90911165346796,3.001262334635885,18.0,12.183572798796334,6.5171461106839015,-665.2164047182335,-0.3846812187963735,-1.9790896267550835,9.51171782187799,0.5666440809065518,34.72526099948738,13.320111291016197,25.02357057524142,27.568747712514167,21.405149708471185,11.703459284225222,-642.6747165175425,-664.0798662260137
NGC4183,23,8535.277731040847,0.87,15.118456704625705,1743.0121730754745,3.556392861415166,8.070897070334736,14.793763076732585,13.187882098071153,3.543597086667826,12.947105245345941,18.253950920554857,1743.0121730754745,9.827381293273465,14.341885502193035,21.064751508590884,19.458870529929452,12.950079734455276,22.35358789313339,-1724.7582221549196,-1733.184791782201,-1728.6702875732815,8.426569627281392,3.9120654183618218,-1721.9474215668836,-1723.553302545545,-1730.0620933410191,-1720.658585182341,11.23737021531742,9.631489236655987,6.508790795474177,9.403508158678115,1.852571544990662,1.8573938902257427,0.7442072559784662,0.7335670778757586,0.4770866853175525,13.687805954208052,12.65775660625845,18.0,27.56823687830534,21.29724844644704,-1715.4439361971693,17.740855585031873,14.618157143850063,0.87,1.0386665500116476,18.973539028222348,11.849027480123764,23.284782260337803,22.77293699052718,7.1245115480985834,11.435754780214038,-1724.0386340472521,-1731.1631455953507
NGC4214,14,7700.623230169283,0.21,58.31186591482521,657.0470153610053,8.051254183176615,19.483507639208202,28.696373359710396,10.059355062727217,5.998811065321526,8.960932090964578,60.95092324444047,657.0470153610053,13.329368842407131,24.76162229843872,33.97448801894091,15.337469721957735,13.9159830541673,16.878104079810353,-596.0960921165648,-643.7176465185981,-632.2853930625665,47.62155440203334,36.18930094600175,-623.0725273420644,-641.7095456390475,-643.1310323068379,-640.1689112811949,20.64511917653378,2.0081008795506037,1.4214866677904343,2.962121025643052,0.8750831531794431,1.651628044051274,1.305098839660067,1.2535841033501836,0.10019539523290252,3.942099111801529,24.86480630358081,2.87,14.01319844384399,8.735083784613474,-643.0338169171613,0.6838296014368588,0.09721538967668941,1.2741300891599294,1.2347452729102233,40.75327547772021,149.7321590693622,41.105237336356836,36.892159425091045,-108.978883591642,-108.62692173300537,-616.2937398832851,-507.3148562916431
NGC4217,19,13695.657588206679,8.419428300452806,531.742529248755,818.7136405649571,660.0852878432341,543.4152856670638,526.3682942368665,17.466056658468933,59.665104491548384,13.676395528185413,534.6869682279214,818.7136405649571,665.974165801567,549.3041636253967,532.2571721951994,23.354934616801813,68.49842142904771,22.509712465684736,-284.02667233703573,-152.73947476339015,-269.4094769395605,-131.28719757364559,-14.617195397475257,-286.4564683697578,-795.3587059481554,-750.2152191359094,-796.2039280992724,-133.71699360636762,-642.6192311847651,-45.1434868122459,-45.988708963362974,0.960331566461649,1.6276730614909618,0.10004800104786526,0.10003810351753893,0.1000216950005505,153.511318799534,3.0001283307856843,18.0,126.76593578788732,120.87705782955443,-691.9477047770698,-539.2082300136797,58.267514358839605,5.226043886710867,0.22308847650128769,159.4024729595986,204.58730808123283,160.16842848477322,534.780617386293,-45.18483512163422,-44.41887959645962,-659.3111676053585,-614.1263324837244
NGC4389,6,0.0003915369745183748,2.046221581882143,83.842104968078,83.84210225036685,83.84210225036685,83.84210225036685,83.84210225036685,2.969397817974349,14.844243876803564,0.5036289714444123,85.63386443730606,83.84210225036685,87.42562118882296,87.42562118882296,87.42562118882296,6.552916756430459,20.21952228448773,5.878907379128577,1.7917621869392093,3.583518938456109,3.583518938456109,-1.7917567515168997,-1.7917567515168997,3.583518938456109,-77.28918549393639,-63.62257996587912,-77.96319487123827,0.0,-80.8727044323925,-13.666605528057271,-14.340614905359153,0.3407040935340643,4.386528741365372,0.1001326309691638,0.11060740900725452,0.10001842258428392,4.006565050027114e-22,32.365544952862884,18.0,21.25472533659852,17.67120639814241,-62.58737691376833,-66.17089585222445,1.0352030521107878,0.87,0.10016863463161403,142.4675476637001,156.31355376879412,132.47443694588907,98.2537378430196,-13.846006105094034,-23.839116822905055,58.62544541333324,72.47145151842727
NGC4559,32,8389.16027179487,0.67,86.00739817013687,2508.246668714035,11.767735541574782,7.30284067003514,10.986907165000815,47.68671929891897,4.551944039713808,4.45066873419151,89.47313407293659,2508.246668714035,18.699207347174234,14.234312475634592,17.91837897060027,54.618191104518424,14.949151748112987,14.847876442590689,-2418.773534641098,-2489.5474613668607,-2494.0123562384006,70.77392672576235,75.23882159730199,-2490.3282897434347,-2453.6284776095167,-2493.297516965922,-2493.398792271444,-0.7808283765739645,35.91898375734419,39.669039356405435,-0.10127530552229835,4.982571941070691,6.125257479869456,0.10218835256042025,0.6339526035986669,0.10061335542893732,39.51153256337825,5.931605232594202,9.0,159.66628122200794,152.7348094164085,-2348.580387492027,140.96707387483372,144.71712947389494,3.929537121968937,1.080082170362581,187.35756724204003,150.11215101740726,21.20213161658218,24.91466238475887,37.24541622463278,-128.9100194008251,-2320.8891014719948,-2358.134517696628
NGC5005,18,39357.30459201407,11.216677619463578,18.100194011480657,40.70821412160041,11.636095403610694,6.822330139574213,7.610638941718339,17.804644144560257,0.9460767558600675,6.877256683488118,20.990565769376822,40.70821412160041,17.416838919403023,12.603073655366542,13.391382457510668,23.585387660352588,9.61719202954856,15.54837195717661,-19.71764835222359,-23.29137520219739,-28.10514046623387,3.5737268499737986,8.38749211401028,-27.316831664089747,-17.122826461247826,-31.09102209205185,-25.159842164423804,-4.025456461892356,6.168548740949564,13.968195630804027,5.931179927628049,9.97278527281161,9.996044269370184,0.5100824439525579,0.48369276608460077,0.33411587117035324,2713.670596213866,3.0010311810217445,16.9,12.488219544736447,6.707476028944118,-28.219994576863968,-4.928619374666576,2.871027515187887,11.015560774018534,0.4820467698881856,21.4542095511375,20.70127669027208,29.615050788357394,28.768788167566818,0.7529328608654176,8.913774098085312,-19.254004570462914,-20.006937431328332
NGC5033,22,30570.847239011644,7.837236698146114,117.59128223242269,20890.455426900713,108.20180709394342,59.205436755572244,110.85162907977977,117.07971082999097,60.3584862467543,107.12637927366315,120.682324685781,20890.455426900713,114.38389200066004,65.38752166228888,117.0337139864964,123.2617957367076,69.63161360682925,116.3995066337381,-20769.77310221493,-20776.071534900053,-20825.067905238426,6.298432685120957,55.29480302349212,-20773.421712914216,-20767.193631164006,-20820.823813293882,-20774.055920266976,2.649821985836354,8.877903736047557,53.63018212987835,46.76789302690885,2.7207108110732405,2.916799349615594,0.5189384706416236,0.5472560999457661,0.26877734989366076,78.62079158737953,14.862498436431828,15.7,589.2027597851574,583.0206748784407,-20301.252667115557,474.81886778449734,519.5711461783281,10.998448813657943,0.8874697557388642,120.92979857945761,93.70899048492407,116.77584674311326,119.86591342466542,27.22080809453354,23.06685625818919,-20769.525628321255,-20796.74643641579
NGC5055,28,19920.445705724836,9.401879796346908,1157.7467478486747,56105.81339238738,1637.3085668113604,561.2521077977789,94.37499458451828,1152.1768214778128,80.71780282455491,94.04919883212987,1161.0789523588498,56105.81339238738,1643.9729758317108,567.9165168181293,101.03940360486868,1158.8412304981632,90.71441635508052,104.04581236265548,-54944.73444002854,-54461.84041655567,-55537.896875569255,-482.8940234728609,593.1624355407206,-56004.773988782516,-54946.97216188922,-56015.0989760323,-56001.76758002473,-1542.933572226842,-485.13174533354754,1068.1268141430828,13.331396007574966,5.224905132790906,5.219046309866659,0.504094438591058,0.4988228450030713,0.28363137762540513,182.59286734227788,3.3804330078262725,9.9,1256.0549547374546,1249.3905457171043,-54849.75843764993,-387.9180210942561,1165.3405383823742,9.643753000862628,0.5199282093303579,1156.8630533964572,111.1882002207486,109.6504933733136,108.48648298622133,1045.6748531757087,-1.537706847435004,-54948.95033899092,-55994.62519216663
NGC5371,19,16927.819180252238,8.634737441971406,471.41302677517916,2554.527941364511,149.9230178103267,208.40683734277758,463.87496697488103,293.0844362599255,71.99378467560086,220.18364479667358,474.3574657543456,2554.527941364511,155.81189576865958,214.29571530111045,469.76384493321393,298.9733142182584,80.82710161310018,229.0169617341729,-2080.170475610166,-2398.7160455958515,-2340.232226063401,318.54556998568603,260.06175045323516,-2084.7640964312973,-2255.5546271462526,-2473.700839751411,-2325.510979630338,313.9519491645543,143.1614184495988,218.1462126051582,148.1898601210727,3.024196502435838,9.999556676530375,0.6738007501543442,0.6490244378930077,0.2433216359110682,31.19922635800478,15.704452822192339,39.7,187.85055215315845,181.96167419482558,-2366.677389211353,32.038656384498864,107.02345054005826,16.14048409435813,0.6581904362235204,296.8254034716584,112.24792307380548,241.8874459636244,473.11264174572347,184.5774803978529,129.63952288981892,-2257.702537892853,-2442.280018290706
NGC5585,24,5753.045135910112,0.43,235.17254808368367,6956.404397218879,159.46863568601538,113.96398059891433,113.43034726129588,235.08108105599425,125.87513415602587,78.22420046299479,238.3506019140316,6956.404397218879,165.82474334671127,120.32008825961023,119.78645492199178,241.43718871669014,135.4092956470697,87.75836195403862,-6718.053795304848,-6790.579653872168,-6836.084308959269,72.52585856732034,118.03051365442138,-6836.617942296887,-6714.967208502189,-6820.99510157181,-6868.646035264841,-46.0382884247195,75.61244536997887,106.02789306962043,-47.65093369303109,2.7201012173239,3.1230321985174676,0.4919017142700808,0.6333034117228853,0.14020349809522203,149.4765669280152,3.000260276846946,7.06,1939.0117640267788,1932.655656366083,-5017.3926331921,1773.1870206800675,1803.602468379709,0.5665600943598961,1.3585258114006147,239.81574471777958,223.46296415436063,88.54171652385224,122.61765471475093,16.352780563418946,-134.9212476305084,-6716.588652501099,-6732.941433064519
NGC5907,19,30410.76611520692,5.03,286.53076910373954,20260.16891303868,97.07842184837773,171.4501337497477,279.82090146022176,352.5386746962281,57.53690468379784,144.0927383533045,289.47520808290597,20260.16891303868,102.96729980671061,177.33901170808056,285.70977941855466,358.427552654561,66.37022162129716,152.92605529080382,-19970.693704955775,-20157.20161323197,-20082.8299013306,186.50790827619534,112.1361963748254,-19974.459133620127,-19901.74136038412,-20193.79869141738,-20107.242857747875,182.74247961184403,255.46025284785037,292.05733103326384,86.55583366950665,1.170603195745654,9.996636192485616,0.8678785379670432,0.9652771772668212,0.1008529842440698,80.92728643165032,14.379915712937366,17.3,113.33461662550506,107.44573866717218,-20146.834296413177,10.36731681879445,46.9643950042079,14.21579163683275,0.9994951207487608,362.24338881837707,201.1606498540598,176.3602155128353,287.623989931479,161.08273896431726,-24.800434341224502,-19897.925524220303,-20059.00826318462
NGC5985,33,62425.1651368173,4.113204619866816,481.3924345634094,24782.309673140557,78.60830006965419,109.94786334901853,220.2669096266159,439.460091926798,50.21753259869996,429.07579425635043,484.8889421248759,24782.309673140557,85.60131519258715,116.94087847195149,227.25992474954887,446.45310704973093,60.7070552830994,439.5653169407499,-24297.42073101568,-24696.70835794797,-24665.368794668604,399.28762693228873,367.94806365292436,-24555.049748391008,-24335.856566090824,-24721.602617857458,-24342.744356199808,141.65860955696172,360.8517918571438,385.7460517666315,378.8582616576505,0.5156140668167261,3.1336753751574555,1.4999913566024032,1.4999875966550533,0.10010825293352021,129.86870864051457,27.83912238000818,39.7,407.82817002047005,400.8351548975371,-24374.481503120085,322.2268548278829,347.12111473737065,20.195980700131855,1.4999941040025426,482.6222470825152,196.65995274767664,479.27686091327314,233.73671113211253,285.96229433483853,282.6169081655965,-24299.68742605804,-24585.64972039288
NGC6015,44,16857.189441233833,1.0,817.9289964556243,19914.308992320533,337.75368802122466,647.1353419076523,533.3667013853961,684.6523932870483,327.12048407328774,301.9271940215328,821.7131860895425,19914.308992320533,345.3220672890612,654.7037211754889,540.9350806532327,692.2207725548849,338.47305297504255,313.2797629232876,-19092.59580623099,-19568.986925031473,-19259.605271145043,476.39111880048137,167.00946491405364,-19373.373911667302,-19222.08821976565,-19575.835939345492,-19601.029229397245,195.61301336417154,346.8987052658237,353.74771957984234,-25.193290051754957,1.0993918191760437,9.992671349292205,1.090695170491315,1.0886410825129724,0.9560734697474266,29.710005272182553,17.28019721475407,17.0,378.5897345669072,371.0213552990707,-19535.719257753626,33.267667277846044,40.116681591864676,6.336519188341191,1.0822184925898934,706.3124682144047,346.0742964973724,342.6747161003536,543.0084602143396,360.2381717170323,-3.3995803970188376,-19207.99652410613,-19568.23469582316
NGC6195,23,23694.303889040788,13.434696292769518,98.11499606791851,684.8970712170129,54.45488843101064,45.24716291530413,54.802626347802416,68.30115244677184,49.046747724793825,33.72244933612078,101.25049028384765,684.8970712170129,60.72587686286894,51.51815134716243,61.073614779660716,74.57214087863014,58.453230372581274,43.12893198390823,-583.6465809331653,-624.171194354144,-633.3789198698505,40.52461342097872,49.732338936685224,-623.8234564373522,-610.3249303383827,-626.4438408444316,-641.7681392331046,0.3477379167917789,13.8462640157612,16.118910506048863,-15.324298388673043,9.223880137672591,9.947654830855276,0.5383552595245411,0.5302813578417834,0.4822092264314981,365.01934483040634,3.0006016252828926,127.8,40.57380040774856,34.30281197589026,-644.3232708092644,-20.15207645512038,-17.879429964832717,14.447141879006226,0.533236820697784,71.89965767718303,57.16099233102206,55.921946537086995,75.31585532486977,14.738665346160971,-1.2390457939350625,-612.99741353983,-627.7360788859909
NGC6503,31,10445.659608137266,2.6258281707257813,138.94006204442007,51579.25544847418,56.21204356573902,73.86944347136391,127.92145054749615,135.5656295464012,39.315971156514465,70.412027565929,142.3740492489052,51579.25544847418,63.080017974709314,80.7374178803342,134.78942495646643,142.4336039553715,49.617932769969904,80.71398917938444,-51436.88139922527,-51516.17543049947,-51498.51803059384,79.2940312741959,61.636631368571,-51444.466023517714,-51436.8218445188,-51529.637515704206,-51498.54145929479,71.70940698175713,79.35358598066219,92.81567118540158,31.096056409414537,1.6004518309322895,0.5951872718204752,0.5342206580209667,0.12978792766117192,0.3809855147878681,19.633239840187418,11.973738535561392,6.26,102.90722096836093,96.03924655939063,-51476.34822750582,39.82720299365162,53.28928819839103,1.52,0.362568235471845,139.8226379171925,54.89908621915811,184.143611502858,136.38024808142202,84.9235516980344,129.2445252836999,-51439.43281055699,-51524.35636225502
NGC6674,15,44811.721070974214,8.344040503222162,151.35644347588416,33882.57381502739,176.87489190205173,276.962600455379,131.38839048847984,143.26680657860706,56.83024512933053,130.82016775145766,154.06449367698636,33882.57381502739,182.29099230425615,282.3787008575834,136.80449089068426,148.68290698081148,64.95439573263715,138.94431835476428,-33728.5093213504,-33700.28282272314,-33600.19511416981,-28.22649862726979,-128.31420718059704,-33745.76932413671,-33733.89090804658,-33817.61941929475,-33743.62949667263,-45.48650141357189,-33.60808532344467,83.72851124817433,73.98992262212712,0.4734866640609025,0.6128187436159491,0.44208054600205615,0.5289980939943252,1.0277391234656506,157.8232590965317,12.518591125604269,51.2,93.43743457129544,88.02133416909102,-33789.1363804561,-88.85355773296071,28.48303883865829,18.27503395003872,1.2613664034495726,149.24033337542662,75.9258770535377,141.48798533306675,144.0641837200904,73.31445632188891,65.56210827952904,-33733.333481651964,-33806.64793797385
NGC6946,58,14515.477987044665,6.196676874057913,613.1480774358045,9334.659618124844,146.5225498760329,99.63523445511157,572.6795567248217,270.1135704637815,94.2105420887409,247.48418358319535,617.2085204463509,9334.659618124844,154.64343589712576,107.75612047620442,580.8004427459146,278.23445648487433,106.39187112038016,259.6655126148346,-8717.451097678493,-9180.016182227719,-9226.90349764864,462.56508454922516,509.45239997014653,-8753.85917537893,-9056.42516163997,-9228.267747004464,-9074.99410551001,426.1570068487888,123.59102058774857,171.84258536449417,153.27364149445444,2.7658034439389745,3.207146191015705,0.6129539237706907,0.6086601405601194,0.35964158846852545,129.44018648064372,5.6251179521944366,5.52,319.626230591686,311.5053445705932,-9015.033387533158,164.98279469456025,213.23435947130585,7.3940425869566475,0.6140371106033786,275.3194405335844,114.03294511238992,260.39965311762813,583.7070688237268,161.28649542119445,146.3667080052382,-9059.34017759126,-9220.626673012453
NGC7331,36,27191.63843601226,12.135990745059608,389.2943597027512,8701.088896379637,244.04526093622638,142.1967352486958,149.8388497166579,309.9213624091042,23.07977460168304,118.46224578519426,392.8778786412073,8701.088896379637,251.2122988131386,149.36377312560802,157.00588759357012,317.0884002860164,33.83033141705137,129.21280260056258,-8308.21101773843,-8449.8765975665,-8551.72512325403,141.6655798280687,243.51410551559928,-8544.083008786067,-8384.00049609362,-8667.258564962585,-8571.876093779074,-94.20641121956848,65.87610147287779,283.25806886896504,95.38247118351121,8.157364815597399,7.116325153284594,0.43518239408731274,0.46015772372039343,0.3579546915331367,758.5808403293776,3.000031728330236,14.7,197.95765997296465,190.79062209605243,-8503.131236406673,-53.25463884017395,164.12732855591327,11.874328606191652,0.4832967065967542,318.0523498213359,41.67688208778497,139.65396262188966,169.56011477647775,276.3754677335509,97.97708053410469,-8383.036546558302,-8659.412014291853
NGC7793,46,7626.297055848025,0.11,64.77022594659677,682.2270238716352,39.24048047424489,42.261297855770955,50.80184199337628,26.59199442940041,36.612414371926306,26.579294672109643,68.59886734308586,682.2270238716352,46.897763267223084,49.91858064874914,58.459124786354465,34.249277222378595,48.09833856139359,38.06521886157693,-613.6281565285493,-635.3292606044121,-632.308443222886,21.701104075862773,18.680286694336715,-623.7678990852808,-647.9777466492566,-634.1286853102416,-644.1618050100583,11.561361519131381,-12.64848604484449,-13.849061339014995,-10.033119699816659,1.4836901556394584,1.9604279399630213,0.7886322582191518,0.7887653573021629,0.6982376011547571,11.081228971576314,12.648308442702481,3.61,42.55374373416049,34.8964609411823,-639.6732801374746,-4.344019533062593,-5.544594827233098,2.4428991464875778,0.9199205526080416,35.13940021155374,46.44543261535361,40.759287160578296,60.05645546639825,-11.306032403799868,-5.686145454775314,-647.0876236600815,-635.7815912562816
NGC7814,18,31882.56124987976,7.350764892646532,168.91676482867885,7283.146507055008,19.695185983713984,13.702571169150202,164.52061760721367,143.86594470798127,6.600354386558246,140.27552851434777,171.807136586575,7283.146507055008,25.475929499506314,19.48331468494253,170.301361123006,149.6466882237736,15.271469660246739,148.94664378803625,-7111.339370468433,-7257.670577555502,-7263.663192370066,146.3312070870687,152.32382190163247,-7112.845145932002,-7133.499818831235,-7267.875037394761,-7134.199863266972,144.82543162349967,124.17075872426727,134.37521856352686,133.67517412778952,1.5071227827923364,2.6850281661110893,0.6126619982591359,0.6500076304939536,0.3797320896135401,116.25237662097939,12.41761527663315,14.4,224.99629138830161,219.2155478725093,-7058.150215666707,199.5203618887953,209.72482172805488,9.168894254140287,0.7441208399341366,146.7298251318015,20.679551135768953,149.18756018601536,171.89357962597188,126.05027399603256,128.50800905024641,-7136.416681923207,-7262.46695591924
PGC51017,6,38.51163274964233,0.99,8.77858039348016,9.336180962391554,3.98460632397124,0.5121569534572716,8.440168687956323,7.337717718185723,0.6838350443625929,7.337717718185724,10.570339862708215,9.336180962391554,7.568125262427349,4.095675891913381,12.023687626412432,10.921236656641833,6.059113452046758,12.71299612586989,1.234158900316661,-1.7680556999642043,-5.240505070478172,3.0022146002808654,6.4746639707948335,2.6875066640208782,1.5850556942502791,-3.2770675103447955,3.3768151634783354,4.4555623639850825,3.3531113942144835,4.862123204595075,6.653882673823131,0.30018836636771157,1.4999811687634543,0.5667330790052463,0.5667330793500487,0.10059588562634908,0.004636761639855936,39.99940609491794,13.6,10.921236656641835,7.337717718185724,1.585055694250281,3.3531113942144852,4.862123204595076,0.99,0.566733079693652,7.973748996823391,141.24932888312662,11.359069070117469,24.4553121900572,-133.27557988630323,-129.89025981300915,-1.3624319655681623,131.91314792073507
UGC00128,22,13284.79145536144,1.25,565.8251820628379,134872.0095528085,61.93960053062563,165.65479817549348,232.09803409423372,191.38962112968832,60.723013947983524,146.42333994824435,568.9162245161963,134872.0095528085,68.12168543734226,171.8368830822101,238.28011900095035,197.57170603640495,69.99614130805847,155.69646730831928,-134303.0933282923,-134803.88786737117,-134700.1726697263,500.79453907885403,397.0793414339862,-134633.72943380754,-134674.4378467721,-134802.01341150046,-134716.31308550018,170.15843356360807,129.45002059906267,127.57556472834648,85.70032600026082,5.462458498104409,4.033091738926804,1.499016204555518,1.4131070391514946,0.38100051487791525,35.80189672251756,8.591018936511059,64.5,213.76876098127275,207.58667607455612,-134658.24079182724,145.6470755439305,143.77261967321428,1.25,1.4998143335747218,233.68659754303337,75.27578413915579,192.25307352805476,246.16560420741598,158.41081340387757,116.97728938889897,-134638.32295526547,-134796.73376866936
UGC00191,9,5123.0601207025975,0.87,312.3359239323269,7398.283753101341,25.095804729832718,28.221170326190503,125.49500609851287,54.869498363069724,25.007323706447284,28.892136131834178,314.53314850966314,7398.283753101341,29.490253884505158,32.61561948086294,129.8894552531853,59.26394751774216,31.598997438455942,35.483809863842836,-7083.750604591678,-7368.793499216836,-7365.668133620478,285.042894625158,281.9175290288002,-7268.3942978481555,-7339.019805583599,-7366.684755662885,-7362.799943237498,100.39920136868014,29.773693633237002,27.664950079286218,3.884812425386894,0.6505697886437853,0.5862024964109906,1.4999235407928033,1.499792027166591,0.5988531508074347,8.035724652806401,10.379985877893853,17.1,39.69542250236511,35.300973347692675,-7358.5883305989755,10.205168617859954,8.09642506390917,0.87,1.4975526048747168,95.42931482544569,28.61731948782257,77.04970787783193,134.52622464816957,66.81199533762312,48.432388390009365,-7302.8544382758955,-7369.666433613518
UGC00731,12,8093.5436457814785,8.19,1211.4620436874625,2334.476624837316,3.396463088405638,5.7034809781402425,595.8574844158447,662.9967534802278,2.6414677700592173,657.5576702604144,1213.9469503372504,2334.476624837316,8.366276387981639,10.673294277716243,600.8272977154207,667.9665667798038,10.096187719423218,665.0123902097783,-1120.5296745000658,-2326.1103484493347,-2323.8033305596,1205.5806739492689,1203.2736560595342,-1733.6493271218956,-1666.5100580575124,-2324.380437117893,-1669.4642346275377,592.4610213274391,659.6002903918221,657.8703790603805,654.9162024903551,9.999775321564696,2.094680290719494,1.4999783197656513,1.4997660979968734,0.1575160216421324,6.045588347323573,9.87455665672677,12.5,479.53599442315175,474.56618112357575,-1854.9406304141644,471.1697180351701,469.43980670372855,8.19,1.4995316920615733,704.1349815471984,83.93871912872953,703.1079409287146,616.2448779604033,620.1962624184689,619.169221799985,-1630.3416432901176,-2250.5379057085865
UGC00891,5,3182.8671346496435,1.48,20.28717259805477,8923.147750773915,12.066669031780627,0.6559311416777048,16.305772180932113,19.70491279760027,10.22334079011075,1.0789083284246934,21.89661051048887,8923.147750773915,15.285544856648828,3.8748069665459055,19.524648005800312,22.923788622468468,15.051654527413051,5.9072220657269945,-8901.251140263426,-8907.862205917265,-8919.27294380737,6.611065653840042,18.021803543942966,-8903.623102768115,-8900.223962151445,-8908.096096246501,-8917.240528708187,4.239103149151484,7.63824376581964,7.872134095055417,-9.144432461686057,2.2697863048247107,3.749387020723377,0.5793163727555642,1.1856254747371562,0.3203326546075287,49.16881060192373,3.0013357454024154,10.2,59.3675768136522,56.148700988784,-8863.780173960262,44.08203195700337,44.31592228623915,1.48,0.35741425493093393,19.930309112018378,28.32266419259055,29.58335773382559,21.679650063207777,-8.392355080572173,1.2606935412350389,-8903.217441661896,-8894.825086581324
UGC01230,11,9399.007606665735,2.35,2.8310458952559294,251.16351312471326,9.81367286406512,2.4200567373640087,0.9872082695744071,2.7896989350228503,9.434052766838366,0.9873051798132483,5.2289411680543,251.16351312471326,14.609463409661862,7.21584728296075,5.782998815171148,7.585489480619591,16.62773858523348,8.18099099820836,-245.93457195665897,-236.5540497150514,-243.94766584175252,-9.380522241607562,-1.98690611490645,-245.38051430954212,-243.57802364409366,-234.53577453947977,-242.9825221265049,-8.826464594490712,-7.0239739290422705,-9.042249104613889,-8.44674758702512,1.3254866290115201,1.3249898270227045,0.6067154444470058,0.5074328368387782,1.494649878776034,15.759909011435914,11.432245387945237,53.7,9.570298124905012,4.77450757930827,-241.59321499980825,-5.03916528475685,-7.057440460328468,2.35,0.8227764256230977,4.635241674878717,52.499756657804255,7.808282532512204,7.475033789392026,-47.86451498292554,-44.69147412529205,-246.52827144983453,-198.663756466909
UGC01281,25,2876.8829899302873,0.08,3.3345260528869662,599.253083023701,32.62126816401777,5.624966868615114,3.175783804243727,1.941687670345459,28.19128517743819,1.2304237898673673,6.553401877755167,599.253083023701,39.05901981375417,12.062718518351515,9.613535453980129,8.379439320081861,37.847912652042794,10.88705126447197,-592.6996811459459,-560.1940632099469,-587.1903645053495,-32.505617935999,-5.509316640596348,-589.6395475697209,-590.8736437036192,-561.4051703716582,-588.366031759229,-29.445484359774042,-30.679580493672308,-29.468473331960933,-26.960861387570823,1.9072734648401648,1.8480013915675173,0.10051328063848586,0.10958301526109027,1.499653818433071,60.56108583567326,3.0029633295528093,5.27,106.21951136710197,99.78175971736557,-493.03357165659907,67.16049155334781,68.37159871505918,0.08,1.4999914607033098,143.69844523371145,73.99827489176296,134.69513692564576,11.36548213226558,69.70017034194849,60.696862033882795,-455.55463778998956,-525.254808131938
UGC02023,5,2084.247847494992,1.51,0.3677517479031468,14.95145842460467,2.418835997767693,0.1583982938042947,0.1868199343350079,0.35417060437171766,2.2207741127333653,0.18584265804590688,1.9771896603372472,14.95145842460467,5.637711822635893,3.3772741186724953,3.4056957592032084,3.573046429239918,7.049087850035666,5.014156395348207,-12.974268764267423,-9.313746601968777,-11.574184305932175,-3.660522162298646,-1.400084458335248,-11.545762665401462,-11.378411995364752,-7.902370574569004,-9.937302029256463,-2.2320160634326847,-2.064665393395975,-3.476041420795748,-2.0349314546874586,9.991891466853938,9.969724410912105,0.4527073710612249,0.48909183341650864,0.1030152338755744,23.388552783500604,3.000370297802149,10.4,3.7348637425938707,0.5159879177256702,-11.2165946820108,-1.9028480800420224,-3.3142241074417953,1.51,0.4322713400929271,3.5581411635696747,138.5394119768629,18.856715852982234,18.811546114470254,-134.98127081329324,-119.68269612388067,-11.393317261034996,123.58795355225824
UGC02259,8,7939.8796918910475,2.04,407.57411085740785,5363.897120387677,4.238739706011876,13.84559883375427,149.02328433949157,170.3665339595632,3.781204731969767,82.6104008359689,409.6535523990877,5363.897120387677,8.397622789371548,18.004481917113942,153.18216742285125,174.5254170429229,10.019529357009274,88.84872546100841,-4954.243567988589,-5355.499497598305,-5345.892638470563,401.25592960971613,391.64907048197375,-5210.714952964826,-5189.371703344755,-5353.877591030668,-5275.048394926669,144.7845446334797,166.12779425355134,164.50588768591362,78.82919610399914,0.30091747602806307,0.6470398345751488,1.4999364422160832,1.4958256573166202,0.1005986104001366,5.293391214027721,20.956603836303806,10.5,177.10405353751509,172.9451704541554,-5186.793066850162,168.70643074814353,167.0845241805058,2.04,1.4999791385498416,210.69150208098085,145.20549938229294,129.46102866517768,165.58186177869584,65.48600269868791,-15.744470717115263,-5153.205618306696,-5218.691621005384
UGC02455,8,0.000583592762351889,1.0,188.10452849440907,188.10450510133194,188.10450510133194,188.10450510133194,188.10450510133194,10.644916514069212,27.307977950121646,4.36957185250749,190.1839700360889,188.10450510133194,192.26338818469162,192.26338818469162,192.26338818469162,14.803799597428885,33.54630257516115,10.607896477546998,2.0794649347569703,4.158883083359683,4.158883083359683,-2.079418148602713,-2.079418148602713,4.158883083359683,-173.30070550390306,-154.5582025261708,-177.49660862378494,0.0,-177.45958858726274,-18.742502977732265,-22.938406097614152,0.32623313337094206,9.997683128729692,0.10017358571058303,0.10002840194656742,0.10001540226252054,1.7567511815137296e-19,7.3331592571687425,6.92,32.641511406404796,28.482628323045127,-155.46299369492715,-159.62187677828683,-0.9047911687563541,1.0,0.10002762213349103,150.65417607580088,169.64508278711088,162.10070723703947,203.62677025778797,-18.990906711310004,-7.544375550071408,-37.45032902553106,-18.459422314221058
UGC02487,17,90732.10499613539,15.538900070042814,487.9570625488205,48421.49425045628,67.12877447192963,64.67459459996367,486.5752843320961,58.053883471957896,65.02117385322555,59.00520853895999,490.7902758928767,48421.49425045628,72.79520116004207,70.3410212880761,492.2417110202085,63.720310160070326,73.5208138853942,67.50484857112863,-47930.7039745634,-48348.699049296236,-48351.1532291682,417.9950747328346,420.4492546048006,-47929.25253943607,-48357.77394029621,-48347.97343657089,-48353.98940188515,419.44650986016643,-9.074890999971743,-9.800503725323878,-6.015965314265571,0.6187078460907711,2.0956795573596367,1.0828134431403953,1.084894342583833,0.7001176373009517,296.6526582237471,23.788879897183985,69.1,257.3200641960646,251.65363750795217,-48164.174186260214,184.52486303602254,183.7992503106704,32.85933703409135,1.49973827494484,77.41455555872628,71.90984904058953,83.24392588348589,497.23929270702115,5.504706518136743,11.334076842896351,-48344.079694897555,-48349.58440141569
UGC02885,19,56613.4346170789,11.35949034336855,112.70606341028656,2505.1915726927805,44.18766381000462,75.25403824025084,99.80160358366693,59.107849889969806,15.06727645247592,32.472672609977145,115.650502389453,2505.1915726927805,50.076541768337506,81.14291619858372,105.69048154199982,64.99672784830268,23.900593389975242,41.305989547476464,-2389.5410703033276,-2455.115030924443,-2424.0486564941966,65.57396062111549,34.507586190869276,-2399.5010911507807,-2440.1948448444778,-2481.290979302805,-2463.885583145304,55.61393977366231,14.920186079965177,41.09613445832744,17.405396157501222,7.26024443160491,9.988290668551002,0.7298772219803085,0.7377871668690157,0.7021901150257714,375.936882475786,7.424538807074845,80.6,27.765167134050042,21.87628917571716,-2477.4264055587305,-22.311374634287464,3.8645737440748,16.212373470600372,0.7771897678884372,64.11705592540811,22.336473998782264,56.04127528678356,116.75572177439182,41.78058192662584,33.70480128800129,-2441.074516767372,-2482.855098693998
UGC02916,43,29318.262013008225,8.568995388813224,1436.7830699998901,4878.091089471922,1869.8972716543165,1402.525809165876,1277.4448003646426,1010.0834108833863,418.99027523372285,915.5325117176058,1440.5442701155837,4878.091089471922,1877.4196718857036,1410.048209397263,1284.9672005960297,1017.6058111147734,430.2738755808035,926.8161120646864,-3437.5468193563383,-3000.671417586218,-3468.0428800746586,-436.8754017701199,30.496060718320678,-3593.123888875892,-3860.4852783571487,-4447.817213891119,-3951.2749774072354,-592.4524712896739,-859.8138607709302,587.3319355339698,496.5422364838829,3.3782778259877215,3.217546449572182,0.4268766156466666,0.44003879913772737,0.3073759185837877,609.7918197455945,3.00067281124704,65.4,1309.1921708700227,1301.6697706386356,-3568.898918601899,-568.2275010156809,878.9182952892191,8.013563028598183,0.4484458425027318,1019.0978496465128,445.84131160857527,931.1840301880452,1288.9527371599468,573.2565380379376,485.34271857946993,-3858.993239825409,-4432.249777863347
UGC02953,115,53797.747308829275,13.555926085646986,31548.401269987193,279151.7779736533,691.7896197752774,1280.5792439401505,29549.214457171056,3983.31644291272,690.6627375098412,3272.688380894343,31553.146202115557,279151.7779736533,701.2794840320039,1290.069108196877,29558.704321427784,3992.8063071694464,704.897533894931,3286.923177279433,-247598.63177153774,-278450.49848962127,-277861.7088654564,30851.866718083555,30263.07709391868,-249593.0736522255,-275158.97166648385,-278446.88043975836,-275864.85479637387,28857.42483739578,3291.5268231374425,3287.9087732745156,2582.0256433845016,4.827280451788804,3.9090371385885834,0.8121842854294103,0.8037668886900906,0.49051119304927293,160.97370784992654,16.766355700242624,16.5,9287.019148367985,9277.529284111259,-269864.7588252853,8585.73966433598,8582.121614473053,17.70421723464934,0.8509967280219967,3994.50883907075,703.320770751775,3293.3038297866983,29565.410073775496,3291.188068318975,2589.9830590349234,-275157.26913458254,-278448.4572029015
UGC03205,48,30799.772570649002,8.079816209936762,1557.0213792641734,26365.8037331663,184.25836883738177,331.8667686427989,1405.2841363776524,344.82414391609,133.79115597049503,178.4270898317406,1560.8925802750814,26365.8037331663,192.00077085919756,339.6091706646147,1413.026538399468,352.5665459379058,145.40475900321871,190.0406928644643,-24804.911152891218,-26173.8029623071,-26026.194562501685,1368.891809415884,1221.2834096104666,-24952.777194766833,-26013.237187228395,-26220.39897416308,-26175.763040301834,1221.0257675402706,160.56577507870824,207.1617869346871,44.635933861245576,3.8500082456034757,8.466915516232408,0.9056800875065942,0.9212504152276697,0.10004952532279587,65.94434637046675,18.260714108824594,50.0,204.7691090835196,197.0267070617038,-26161.034624082782,12.768338224322036,59.36435008030088,12.30940865915329,0.9473186939086644,357.9473070779761,281.44990198540216,209.14547534871514,1417.8899949989875,76.49740509257396,-72.30442663668703,-26007.856426088325,-26084.3538311809
UGC03546,30,20914.749386199495,7.570305589508195,95.47451237776471,30472.188213995425,102.54654411204906,66.07414248366966,63.765111195211965,53.89993327181864,23.75399755932949,37.448237901343326,98.87570975942687,30472.188213995425,109.34893887537338,72.87653724699398,70.56750595853627,60.70232803514295,33.95758970431596,47.65183004632979,-30373.312504235997,-30362.83927512005,-30399.31167674843,-10.47322911594651,25.999172512432892,-30401.620708036888,-30411.485885960283,-30438.23062429111,-30424.536383949096,-38.781432916837105,-48.64661084023043,26.74473833082699,13.694240342013835,2.9248239980835367,2.7563613027904585,0.40694359990302975,0.4194202901200301,0.32189811827645987,96.54235877321842,8.850954020388954,28.7,502.8492440968141,496.04684933348983,-29969.33896989861,393.5003052214407,468.89165439249814,9.575947868827502,0.7040375482458672,63.64744765895649,46.96745390815915,52.546633031495396,73.7434221739692,16.679993750797337,5.579179123336246,-30408.540766336468,-30425.220760087264
UGC03580,47,8861.12233452972,2.2411314767267445,2051.0277510848437,20411.724645586095,1402.770044204885,951.7496965499142,943.6212695119946,598.5551378944023,142.27063024199617,450.04832123839805,2054.8778986865536,20411.724645586095,1410.470339408305,959.4499917533343,951.3215647154146,606.2554330978223,153.82107304712633,461.5987640435282,-18356.84674689954,-19001.25430617779,-19452.27465383276,644.4075592782485,1095.4279069332192,-19460.40308087068,-19805.46921248827,-20257.90357253897,-19950.125881542568,-459.14877469289047,-804.2149063104828,452.434360050696,307.7776909964019,6.104397062683464,4.86803043844133,0.140493421023205,0.3439686241777157,0.16209860980496865,161.09954912225936,3.0004087965138218,20.7,1198.848972729496,1191.1486775260757,-19212.8756728566,-211.62136667880918,1045.0278996823695,1.5179517309610138,0.3040231950748109,694.046468028736,224.34830302951167,478.04822027982664,960.3717595520753,469.6981649992243,253.69991725031497,-19717.678177557358,-20187.376342556585
UGC04278,25,5264.849496287958,1.25,31.635123369957654,1316.1295400713961,39.12189673484055,15.721565964141531,19.599776535777895,25.88056547893414,35.782083734895494,13.659076626463495,34.85399919482585,1316.1295400713961,45.559648384576946,22.15931761387793,26.037528185514297,32.31831712867054,45.4387112095001,23.315704101068096,-1281.2755408765704,-1270.5698916868191,-1293.9702224575183,-10.705649189751092,12.694681580947922,-1290.092011885882,-1283.8112229427256,-1270.690828861896,-1292.813835970328,-19.52212019906265,-13.241331255906402,-13.120394080829556,-22.123007108432002,3.0507250624533784,3.2695474370571818,0.8609850027920269,0.8417839532251512,0.10073714382861099,212.64056557664696,3.0019554310224787,9.51,71.75363881883682,65.31588716910042,-1244.3759012525593,26.193990434259874,26.31492760933672,1.25,1.0785972686391325,35.85937413700325,180.40907279472822,29.897434894368207,29.432989275735107,-144.54969865772497,-150.51163790036,-1280.270165934393,-1135.720467276668
UGC04305,22,210.56628383377395,1.26,55.27485541671957,63.06788735309331,39.55765453770404,34.06281069836935,36.22788342628294,48.149576366076865,33.51502291267343,21.355967189349123,58.36589787007789,63.06788735309331,45.73973944442067,40.24489560508598,42.409968332999576,54.3316612727935,42.78815027274838,30.62909454942407,-4.701989483015424,-17.32814790867264,-22.822991748007333,12.626158425657216,18.12100226499191,-20.657919020093736,-8.736226080299815,-20.27973708034493,-32.438792803669244,-3.3297711114210955,8.591921828372826,11.543511000045115,-12.159055723324311,0.30016520082587944,0.3002054247314842,0.6043174045325024,0.15985242559565815,0.11028208551957955,0.05390046336828944,11.797016702632,3.45,54.33166127279349,48.14957636607686,-8.736226080299822,8.591921828372818,11.543511000045108,1.26,0.6043174048570468,51.37027172159246,163.9448972357769,115.1912078952572,54.84260943841824,-112.57462551418443,-48.7536893405197,-11.697615631500852,100.87700988268358
UGC04325,8,10425.400094933799,2.79,454.46040521670665,1829.814578220618,17.208877891205674,2.4730084278152007,447.8511114415207,178.53718663185722,14.832307182046517,177.57291517250303,456.5398467583865,1829.814578220618,21.367760974565346,6.631891511174873,452.00999452488037,182.6960697152169,21.070631807086023,183.81123979754253,-1373.2747314622316,-1808.4468172460527,-1823.182686709443,435.17208578382116,449.9079552472116,-1377.8045836957376,-1647.118508505401,-1808.7439464135318,-1646.0033384230753,430.64223355031504,161.32830874065155,161.6254379081309,162.7406079904565,1.3671266822218215,1.2997827921700764,1.4999458538833994,1.4999491399412348,1.1823242205840483,6.9792101056979785,20.392511118324563,9.6,184.34076137824061,180.18187829488093,-1645.4738168423773,162.97300040367526,163.2701295711546,2.79,1.4999819528985172,218.86267834221928,39.89818776065478,221.69687992946552,453.6659257451405,178.96449058156452,181.79869216881076,-1610.9518998783988,-1789.9163904599632
UGC04483,8,570.503116625603,0.4,31.104817732773874,240.0408537865931,3.558822807249916,1.4919291601716824,8.519588658271665,2.184838011916471,2.510875700827535,1.8144940275156953,33.18425927445371,240.0408537865931,7.7177058906095874,5.6508122435313535,12.678471741631338,6.343721095276143,8.749200325867042,8.052818652555203,-206.8565945121394,-232.3231478959835,-234.39004154306173,25.466553383844122,27.533447030922353,-227.36238204496175,-233.69713269131694,-231.29165346072605,-231.9880351340379,4.96076585102175,-1.3739847953334445,-2.405479230590899,-0.6963816733118389,0.30002033518779925,0.3006444491932956,1.3778679869323969,1.200312839892292,1.1177075354737531,0.4785988614763964,9.377822176667868,3.34,6.079112585724273,1.9202295023646019,-233.96174120086883,-1.6385933048853145,-2.670087740142769,0.4,1.2691470928955588,35.7468517392334,24.21606753419348,40.242787484453636,25.117472648617905,11.530784205039918,16.026719950260155,-204.2940020473597,-215.8247862523996
UGC04499,9,3999.39893740087,0.91,11.570976369409257,972.960211807615,7.645893132818927,1.8661315708410513,6.7100626361739915,4.56120784401708,7.056478872515237,3.8280695550091446,13.768200946745477,972.960211807615,12.040342287491367,6.26058072551349,11.10451179084643,8.95565699868952,13.648152604523895,10.419743287017802,-959.1920108608696,-960.9198695201236,-966.6996310821015,1.7278586592541103,7.507620221231987,-961.8557000167685,-964.0045548089255,-959.312059203091,-962.5404685205972,-0.935830496644936,-3.084685288801847,-4.692495605834376,-3.2284093175060935,1.5087604159057009,1.6517472924564573,0.9839329274454462,0.8647809211848605,0.10011920906665732,11.219459440420822,6.740698021926261,12.5,13.770274315137268,9.375825160464828,-959.1899374924777,1.7299320276459014,0.12212171061337251,0.91,1.0662895007314273,17.840540507664834,149.58385026270605,15.713332604824071,12.696448785597225,-131.74330975504122,-133.87051765788198,-955.1196712999501,-823.376361544909
UGC05005,11,5747.243843607222,3.91,11.97345642854617,165.99506352054257,2.5803745997883527,0.11796680011684763,0.5544459910081794,11.641615656796825,1.9755243731803234,0.054897807447580695,14.37135170134454,165.99506352054257,7.3761651453850945,4.913757345713589,5.350236536604921,16.437406202393568,9.169210191575436,7.248583625842692,-151.62371181919804,-158.61889837515747,-161.081306174829,6.995186555959446,9.457594355630953,-160.64482698393766,-149.557657318149,-156.82585332896713,-158.7464798946999,-2.0259286087801733,9.061241057008473,7.268196010818132,-1.9206265657327437,4.640471212508199,6.581219201464489,0.8848563239397484,0.9242924824280472,0.16104995679137238,44.08760183641803,3.001856466914387,53.7,5.7780385817236715,0.9822480361269298,-160.2170249388189,-1.598126563661423,-3.3911716098517646,3.91,0.5255648005694071,20.944332430231007,80.44034913549537,23.32760645033283,11.70507611041188,-59.49601670526436,-57.11274268516254,-145.05073109031156,-85.5547143850472
UGC05253,73,35593.09944721555,10.027194593845524,1698.2755555239041,26195.28401196584,431.627066446388,101.84552921110041,1482.4151008055169,770.391167404175,213.87894952550383,681.7374403826674,1702.5660149650525,26195.28401196584,440.2079853286848,110.4264480933972,1490.9960196878137,778.9720862864718,226.750327848949,694.6088187061125,-24492.717997000786,-25755.076026637154,-26084.857563872443,1262.3580296363677,1592.1395668716555,-24704.287992278027,-25416.31192567937,-25968.53368411689,-25500.675193259725,1050.788034359129,338.76410095778704,552.2217584375228,467.8584908571635,3.6486090005031366,3.417187765625076,0.5650898426771146,0.5628829135939892,0.4444537169564018,180.9566295708684,8.859941714303835,22.9,2426.8291928939643,2418.2482740116675,-23768.454819071874,1986.6212075652795,2200.0788650450154,10.897574738518072,0.5667038324833227,776.0338886808087,227.17437933770123,695.7413172603614,1495.4820544696836,548.8595093431074,468.56693792266014,-25419.25012328503,-25968.109632628137
UGC05414,6,2970.1345474462805,1.37,16.64596985241732,380.35181333881036,5.220391892888021,0.3503817829384855,10.322169689377363,0.5952720447075099,5.033474901800477,0.5040264097738462,18.437729321645374,380.35181333881036,8.80391083134413,3.9339007213945956,13.905688627833474,4.17879098316362,10.408753309484641,5.879304817458012,-361.914084017165,-371.54790250746623,-376.41791261741577,9.633818490301245,14.50382860025078,-366.4461247109769,-376.17302235564676,-369.9430600293257,-374.4725085213523,5.101777796489344,-4.62511984818051,-6.229962326321021,-4.52944849202663,0.9997800311950443,3.054270453334405,1.0110733318413268,1.046546693496452,0.3121121525803793,74.21391751268777,3.0000377580219117,9.4,4.774640318760335,1.1911213803042249,-375.57717302005,-4.029270512583794,-5.634112990724306,1.37,0.9679318543108808,14.347341802150428,25.108045606179935,21.170918226574177,16.27986349661078,-10.760703804029507,-3.9371273796057586,-366.00447153665993,-355.24376773263043
UGC05716,12,4146.091149485558,1.03,179.4419903589029,30647.392608623497,18.072330949031024,40.87923609793025,177.694458962618,50.36126870362048,17.392243623823052,36.97813605966275,181.9268970086909,30647.392608623497,23.042144248607023,45.849049397506256,182.664272262194,55.331082003196485,24.846963573187054,44.43285600902675,-30465.465711614805,-30624.35046437489,-30601.54355922599,158.88475276008387,136.07784761118464,-30464.728336361302,-30592.061526620302,-30622.54564505031,-30602.95975261447,159.62212801358697,32.28893775458946,30.48411843000943,19.585892435839696,1.9380386187771634,1.702931945106984,1.4999629622531039,1.4998863489521188,0.7595899275120681,6.613758868806964,9.287250939019874,21.3,102.12375136781476,97.15393806823876,-30545.268857255684,79.08160711920775,77.27678779462771,1.03,1.4998816423405221,91.49864240187756,24.81286002451676,82.21586093257535,184.44316947822767,66.6857823773608,57.403000908058594,-30555.893966221618,-30622.57974859898
UGC05721,23,7569.708045623813,0.27,250.22409040298115,1960.3539917147,20.240190862512186,8.24891308947855,10.544326349147292,68.27090197140868,18.92302615053747,3.9747000384184115,253.3595846189103,1960.3539917147,26.511179294370486,14.51990152133685,16.81531478100559,74.54189040326698,28.32950879832492,13.381182686205861,-1706.9944070957897,-1933.8428124203294,-1945.8340901933632,226.8484053245398,238.83968309757344,-1943.5386769336944,-1885.812101311433,-1932.024482916375,-1946.972809028494,-9.695864513364896,48.03071110889649,46.21238160494205,-14.948326112119059,0.6305409159935382,0.7110861436193492,1.4996651689382257,1.1244885406625396,0.10005986793355282,3.6953415768238735,27.240494319230425,6.18,10.50516394712881,4.23417551527051,-1949.8488277675713,-16.006015347241675,-17.82434485119611,0.6692426750039066,1.2077623996068794,110.6928840854168,164.35840013047024,33.243431682914355,21.67440241398029,-53.66551604505345,-131.1149684475559,-1849.6611076292832,-1795.9955915842297
UGC05750,11,9826.929396678435,9.43,107.34956664024142,157.36600770847173,9.290600470554072,1.0585812416504896,43.28098155206978,14.029208855330179,5.505301340632239,13.819768935274073,109.74746191303979,157.36600770847173,14.086391016150813,5.854371787247231,48.07677209766652,18.82499940092692,12.69898715902735,21.013454753669187,-47.61854579543194,-143.27961669232093,-151.5116359212245,95.66107089688897,103.89309012579255,-109.2892356108052,-138.54100830754481,-144.66702054944437,-136.35255295480255,33.99038108151571,4.738608384776107,6.12601224189957,8.314467594641837,7.295332261018633,2.1736598027976353,1.4999900822273413,1.499988274367154,1.4996334896281294,23.469576011083696,3.0009871670484527,58.7,14.282025117438796,9.486234571842054,-143.08398259103294,0.19563410128798253,1.5830379584114453,9.43,1.4999498893688543,54.99406853765107,48.84821848334478,59.214562919907166,59.20147457258238,6.145850054306287,10.366344436562386,-102.37193917082067,-108.51778922512695
UGC05764,10,6227.279209855966,2.17,2691.5633015937938,22018.043939200248,53.87312927481749,20.266290138395362,2204.409955862644,1694.683071571008,51.41065381584585,1535.991755209979,2693.8658866867877,22018.043939200248,58.47829946080558,24.871460324383456,2209.0151260486323,1699.288241756996,58.318409094827985,1542.8995104889611,-19324.17805251346,-21959.56563973944,-21993.172478875866,2635.3875872259823,2668.9944263624043,-19809.028813151617,-20318.755697443252,-21959.72553010542,-20475.144428711286,2150.536826587827,1640.8099422961905,1640.969832662168,1484.5811013941332,9.997611191695647,5.149347904122053,1.4999968791335703,1.4996540906273674,1.027252269732553,1.7913976492991381,19.695212453553737,7.47,1671.1848781319213,1666.5797079459333,-20346.859061068328,1612.7065786711157,1612.8664690370933,2.17,1.4999899066728886,1735.4576890193953,69.26628547523167,1586.3567780049177,2224.4294868470643,1666.1914035441637,1517.0904925296861,-20282.58625018085,-21948.777653725017
UGC05829,11,5079.62677296421,6.29,88.96722376114816,259.28464918210364,0.9381560998433787,1.7679453185061518,31.365305032853293,27.973990903734393,0.8619017217497593,26.70899870360957,91.36511903394653,259.28464918210364,5.7339466454401204,6.563735864102894,36.16109557845003,32.769781449331134,8.055587540144872,33.902684522004684,-167.9195301481571,-253.55070253666352,-252.72091331800075,85.6311723885064,84.80138316984363,-223.1235536036536,-226.5148677327725,-251.22906164195876,-225.38196466009896,30.42714893300991,27.035834803891014,24.714193909186264,25.847096981859814,9.985646867913728,2.447368512185801,1.4999973297119111,1.4995063687521677,0.6072377664451329,41.0829344045533,3.0007379397629528,8.64,26.7143928524708,21.91860230687406,-232.57025632963283,20.98044620703068,18.65880531232593,6.29,1.4996711575367958,68.93925377832088,5.107945077383439,72.44945326623609,51.55765195424867,63.831308700937434,67.34150818885266,-190.34539540378276,-254.1767041047202
UGC05918,8,2445.082429632954,2.79,48.27330472533311,246.37586607907633,0.8785501008880533,0.2587967772034101,43.04718249574817,24.99056019313932,0.8541171871921206,23.079382088675523,50.35274626701295,246.37586607907633,5.037433184247725,4.417679860563082,47.206065579107836,29.149443276498992,7.092441812231628,29.31770671371503,-196.02311981206338,-241.3384328948286,-241.95818621851325,45.31531308276522,45.93506640644986,-199.1698004999685,-217.22642280257733,-239.2834242668447,-217.0581593653613,42.16863239486011,24.112010092251268,22.057001464267366,22.225264901483403,9.894424816724559,9.859397662813057,1.4996777531164078,1.4998303417266092,0.15077912611370226,2.2755991611333193,8.01601673043133,7.66,28.221402040663392,24.06251895730372,-218.15446403841293,23.183968856415667,21.128960228431765,2.79,1.499411617508156,65.30113703217759,86.12886082665499,80.68596833303037,62.4665473431693,-20.827723794477393,-5.442892493624612,-181.07472904689874,-160.24700525242133
UGC05986,15,12682.53980076833,2.51,176.63224353225078,5300.443623878291,77.6831571321082,11.962938160349465,61.004362434934684,10.229538680618601,58.85259607342067,9.311658816592091,179.34029373335298,5300.443623878291,83.09925753431263,17.379038562553884,66.4204628371391,15.64563908282302,66.9767466767273,17.43580941989872,-5121.103330144938,-5217.344366343978,-5283.0645853157375,96.24103619904035,161.9612551707991,-5234.023161041152,-5284.7979847954675,-5233.466877201564,-5283.007814458392,-16.67879469717353,-67.4536184514896,-51.33110759390428,-49.540937256828585,0.9648651067370921,1.8737374163088654,1.2228251456469303,1.1989175488747628,1.017618702300938,71.41402928359459,8.10403081573856,8.63,20.395016209962517,14.978915807758098,-5280.048607668328,-62.70424132435011,-46.58173046676478,2.51,1.3136645706235461,36.62178375516967,77.4593717785393,38.86464880489348,68.9257749701535,-40.837588023369634,-38.59472297364583,-5263.821840123122,-5222.984252099752
UGC05999,5,7092.219357799825,3.48,10.632268732256636,392.4445439450861,7.545990687764989,2.8226573002475206,10.557580366126757,1.1834492490766393,5.983903044346575,1.209647323733794,12.241706644690735,392.4445439450861,10.764866512633189,6.041533125115722,13.776456190994958,4.40232507394484,10.812216781648875,6.0379610610360945,-380.20283730039534,-381.6796774324529,-386.40301081997035,1.4768401320575464,6.200173519575014,-378.6680877540911,-388.04221887114124,-381.6323271634372,-386.40658288405,3.0115896783617693,-6.362541438688349,-6.409891707704035,-4.77425572061278,2.2001388034704275,2.062620206275277,1.0876349777638556,1.101661375041807,0.1000349282196405,82.77999871820387,3.0726369871223977,47.7,6.389584098470177,3.1707082736019765,-386.05495984661593,-4.375282414163012,-4.422632683178698,3.48,1.1154736884310017,18.339492351296744,146.88030109909718,22.588907014744905,15.841464040756927,-128.54080874780044,-124.29139408435228,-374.1050515937893,-245.5642428459889
UGC06399,9,6424.9150422100365,1.74,8.624473142383511,645.8223852493917,4.605972528684237,0.3304840349865952,5.293103151960707,0.6243317813336294,2.563749847594414,0.5424927107164821,10.821697719719731,645.8223852493917,9.000421683356677,4.724933189659034,9.687552306633146,5.018780936006069,9.155423579603072,7.1341664427251406,-635.000687529672,-636.821963566035,-641.0974520597326,1.821276036363054,6.096764530060697,-636.1348329427585,-640.8036043133856,-636.6669616697886,-638.6882188066666,0.6871306232764685,-3.9816407473506086,-4.136642643597003,-2.0212571368779315,1.4661677464068958,1.807933039505596,1.493467730260455,1.4955162200149106,1.4994349299390035,41.53956329490044,5.8765022851288995,18.0,4.950638372245122,0.556189217572683,-640.8717468771466,-4.049783311111555,-4.20478520735795,1.74,1.4978226283192637,40.82505127737097,45.293608846977435,44.73109546554373,11.290068030131025,-4.468557569606467,-0.5625133814337033,-604.9973339720207,-600.5287764024142
UGC06446,17,5996.25152611067,0.58,51.281960805242576,1654.1110876010428,3.220657774294246,6.7449327772550305,22.013876398740106,27.406074415128014,3.0882905929962816,6.447756331124389,54.115174149298795,1654.1110876010428,8.887084462406678,12.411359465367463,27.68030308685254,33.07250110324045,11.587930625164931,14.947396363293038,-1599.995913451744,-1645.2240031386361,-1641.6997281356753,45.22808968689212,41.703814683931334,-1626.4307845141902,-1621.0385864978023,-1642.5231569758778,-1639.1636912377496,18.793218624445863,24.185416640833772,21.48457047807552,3.3594657381281063,0.9931064747225777,0.7125270437783441,1.498009318225102,1.4952603391788606,0.20596117297548733,6.2115845376823415,15.128571629802854,12.0,12.345835769501234,6.679409081388801,-1641.7652518315415,3.4587513070945555,0.7579051443363021,0.58,1.4992242694454037,69.13138112122283,57.28380682704051,54.8878702193351,30.078412643345736,11.847574294182323,-2.3959366077054085,-1584.97970647982,-1596.8272807740022
UGC06614,13,15720.317925491545,7.614675224534054,87.20165955435475,347.96517652885075,17.116013705891838,2.74477734189433,4.349480473908784,57.74775883358951,2.066960109990911,1.6324806047960145,89.76660891181629,347.96517652885075,22.24591242081491,7.874676056817403,9.479379188831857,62.87765754851258,9.761808182375521,9.327328677180626,-258.1985676170344,-325.7192641080358,-340.09050047203334,67.52069649100139,81.89193285499888,-338.4857973400189,-285.0875189803382,-338.2033683464752,-338.63784785167013,-12.766533231983054,40.63174512769767,53.115849366137056,-0.4344795051948953,9.998955356775618,9.987756072173266,0.2265492394566514,0.43719715370122436,0.332893934669495,306.44181995876613,3.0019379536048505,88.7,14.70688810395814,9.576989389035067,-333.2582884248926,-7.539024316856771,4.945079921582618,6.706704125607651,0.4123277904277975,100.11225901194335,21.02982975640481,25.569297165239433,24.895739659140666,79.08242925553854,4.539467408834625,-247.85291751690738,-326.93534677244594
UGC06628,7,343.1221208331914,1.1,3.490874366918371,4.472254656474303,1.2931127210981008,1.2324089989242397,2.156536081632654,3.086735346785828,0.22270682549957524,1.901255040135356,5.4367845159736845,4.472254656474303,5.184933019208727,5.124229297034866,6.04835637974328,6.9785556448964545,6.0604372726655145,7.738985487301296,0.9645298594993816,0.7126783627344242,0.6519746405605629,0.25185149676495744,0.31255521893881877,1.5761017232689776,2.5063009884221517,1.5881826161912116,3.266730830826993,0.8634233605345534,1.7936226256877275,0.9181183722309401,1.6785482146357813,0.30153567174508206,0.30239349830486756,0.6094053123730936,0.3885946039793108,0.10011861948346461,0.06969866687080468,32.69360174148202,15.1,6.651964555151588,2.760144257040962,2.1797098986772854,1.4670315359428612,0.5915272824860738,1.1,0.45436527382582204,4.042401560135598,141.99706043026526,24.614164900887445,18.421075139125527,-137.95465887012966,-117.38289552937782,-0.4298530963387046,137.52480577379097
UGC06667,9,10223.543021617543,5.24,451.2678041180721,2018.406007131055,9.147241492539264,0.6611466946133433,269.60906199011396,324.72096686490397,6.464504807236642,218.19624830436965,453.4650286954083,2018.406007131055,13.541690647211702,5.055595849285782,274.0035111447864,329.1154160195764,13.0561785392453,224.7879220363783,-1564.9409784356467,-2004.8643164838434,-2013.3504112817693,439.9233380481966,448.4094328461225,-1744.4024959862686,-1689.2905911114785,-2005.3498285918097,-1793.6180850946766,260.4618204975747,315.5737253723647,316.0592374803311,211.73174349713298,9.996153764481521,9.995275076224214,1.4999966030635115,1.4741386543358415,1.4999718835809817,32.019052154841866,7.027975199328907,18.0,236.179860873709,231.78541171903657,-1782.226146257346,222.6381702264973,223.1236823344637,5.24,1.499776259835341,365.2848479236362,49.22423524892288,274.93060419730085,289.415703634451,316.06061267471335,225.70636894837799,-1653.1211592074187,-1969.1817718821321
UGC06786,45,41000.28578991613,6.518359994462281,2597.1062865996855,58784.5850901922,40.88615393197913,146.1831173675162,2434.028151220311,381.37557728768616,33.99277208402283,277.92889393224266,2600.9129490894557,58784.5850901922,48.49947891151977,153.79644234705682,2441.6414761998517,388.9889022672268,45.41275955333379,289.3488814015536,-56183.67214110275,-58736.08561128068,-58630.78864784515,2552.413470177936,2447.116506742399,-56342.94361399235,-58395.59618792497,-58739.17233063887,-58495.23620879065,2393.141997288332,340.48942335570706,343.57614271389303,243.93612184821984,2.7175656709790985,3.8802938286043918,0.9171268020308686,0.8950852562025791,0.4204491677434017,129.39857849226803,14.38935762730524,29.3,730.8966420024645,723.2833170229239,-58053.688448189736,682.3971630909448,685.4838824491308,9.421000277566757,0.9261913421964606,394.86148213059676,47.343785526559905,299.2020045041006,2444.4685199735886,347.51769660403687,251.8582189775407,-58389.723608061606,-58737.241304665644
UGC06787,71,45551.72596461379,7.8751614497822295,6663.994339090774,104176.92832288115,2016.0614976056536,2097.4205656272434,6465.55304408287,6606.555989979679,1834.4793383908134,5965.119105018984,6668.257018967815,104176.92832288115,2024.5868573597363,2105.945925381326,6474.078403836952,6615.081349733761,1847.2673780219372,5977.9071446501075,-97508.67130391335,-102152.34146552141,-102070.98239749983,4643.670161608079,4562.31109358649,-97702.84991904421,-97561.84697314739,-102329.66094485922,-98199.02117823105,4449.491546477216,4590.494492374025,4767.813971711824,4130.63976662817,1.4819159096155916,6.818497224075282,0.5785087192141177,0.8227329457438811,0.3767305276446541,170.45615286420772,12.81241095058136,21.3,6327.544835475337,6319.019475721255,-97849.38348740582,4302.957978115601,4480.2774574534,10.568559028475741,0.8480632075475287,6612.089516898366,1852.985084793613,5990.29820313255,6475.676205604225,4759.104432104753,4137.313118338937,-97564.83880598278,-102323.94323808754
UGC06818,8,3169.937996689087,0.87,17.602615543148616,201.124615077696,24.09586689514088,7.2640153273355645,6.195780834186951,14.832588744174238,14.68269464928616,5.53611161544387,19.68205708482845,201.124615077696,28.254749978500552,11.422898410695236,10.354663917546622,18.99147182753391,20.921019274325666,11.774436240483377,-181.44255799286756,-172.86986509919547,-189.70171666700077,-8.572692893672102,8.259158674133214,-190.7699511601494,-182.1331432501621,-180.20359580337035,-189.35017883721264,-17.90008606095393,-9.263278150966642,-1.929547446791755,-9.146583033842289,4.763995561770197,4.0072772711645195,0.24055016200037965,0.3672145380663619,0.1000629180914335,52.524588338569515,3.002120618998365,18.0,53.44709108799002,49.28820800463035,-147.677523989706,25.192341109489465,32.52607181366435,0.87,0.5333782305632133,51.31424911096923,156.94511830531602,23.68815344965596,16.941696238205292,-105.63086919434679,-133.25696485566004,-149.81036596672678,-44.17949677237999
UGC06917,11,8552.717499482154,1.74,44.95959306286908,1417.006764141323,7.231565120535396,1.7619240481739218,36.14035026087188,1.9011889495800753,5.103578637501988,1.6555330749195885,47.357488335667455,1417.006764141323,12.027355666132138,6.557714593770664,40.936140806468615,6.696979495176817,12.2972644558971,8.849218893314701,-1369.6492758056554,-1404.979408475191,-1410.4490495475522,35.33013266953532,40.79977374189679,-1376.0706233348544,-1410.3097846461462,-1404.709499685426,-1408.1575452480083,28.908785140336477,-5.330376170955321,-5.600284960720283,-3.448045562582399,1.3586809940888391,1.8989543335283798,1.1490840774579956,1.1462997190989666,0.10007449451344261,32.92560345480945,8.048729466696257,18.0,6.263628167981794,1.4678376223850522,-1410.7431359733412,-5.763727498150344,-6.033636287915306,1.74,1.1224471941545302,23.78423922249811,148.30317709914772,27.53670194227955,42.5986919705479,-124.5189378766496,-120.76647515686817,-1393.2225249188248,-1268.7035870421753
UGC06923,6,4913.172200189728,0.93,2.4090723435423005,183.3267521911743,3.82694778571322,1.9284383846697788,0.809552460859753,1.660773698745468,2.679147183876824,0.7615067820005814,4.200831812770355,183.3267521911743,7.41046672416933,5.5119573231258885,4.393071399315863,5.244292637201578,8.054425591560989,6.136785189684747,-179.12592037840395,-175.91628546700497,-177.8147948680484,-3.2096349113989753,-1.3111255103555335,-178.93368079185845,-178.08245955397274,-175.2723265996133,-177.18996700148955,-3.0173953248534673,-2.166174086967752,-2.8101329543594105,-1.917640401876242,1.4074143753879773,1.454978754793496,0.6372318554436784,0.5397659557082718,0.10004801740640085,265.0784405565052,3.001758212035563,18.0,6.4578181703567505,2.8742992319006406,-176.86893402081756,-0.9526485538125797,-1.5966074212042383,0.93,0.508999304771248,2.5477757067661226,144.10193822701768,5.051079872843477,6.0220705755403445,-141.55416252025157,-139.0508583541742,-180.7789764844082,-39.224813964156624
UGC06930,10,8051.328773201519,1.74,8.511220779268086,573.9044498080112,2.2192974266729437,1.4056311824609709,6.818731171035612,2.82341032939358,1.80151869869876,1.1583310135186302,10.813805872262133,573.9044498080112,6.824467612661035,6.010801368449062,11.423901357023704,7.428580515381672,8.709273977680898,8.066086292500767,-563.0906439357491,-567.0799821953502,-567.8936484395622,3.989338259601098,4.803004503813071,-562.4805484509875,-566.4758692926296,-565.1951758303303,-565.8383635155104,4.599433744362669,0.6041129027206367,-1.2806934622992259,-0.6431876851801306,1.3000567017229236,0.898906223304579,1.1072274093702434,1.0854911189125112,0.1003919942469092,14.786223401599388,10.897915086693002,18.0,6.810686999453507,2.2055168134654157,-567.0937628085577,-0.013780613207527992,-1.8985869782273905,1.74,1.073070197906345,22.35960342888243,144.21767983712252,24.69181868598874,13.142445202173501,-121.8580764082401,-119.52586115113378,-551.5448463791288,-429.6867699708887
UGC06973,9,13653.210382174027,6.098009734873059,542.3948766821046,656.661727410189,639.1153879630665,535.0051878821852,529.4519256053729,42.00435481485213,2.064825555873401,41.69633159841809,544.5921012594408,656.661727410189,643.5098371177389,539.3996370368576,533.8463747600454,46.398803969524565,8.65649928788206,48.28800533042675,-112.06962615074815,-13.151890292450048,-117.26209037333138,-98.9177358582981,5.192464222583226,-122.81535265014361,-610.2629234406644,-648.0052281223069,-608.3737220797623,-109.66346235769356,-597.1110331482143,37.74230468164251,39.631506042544686,0.7966178182853663,1.729176219994912,0.26382655473579075,0.2618189622510133,0.13169638197561756,53.11627223816718,3.00004855678341,18.0,50.528195425351406,46.13374627067897,-606.1335319848375,-592.9816416923875,41.87169613746934,4.414221112216876,0.27004109482280714,71.78145229208462,104.84835821573417,75.84740831390431,537.2326799163733,-33.06690592364954,-29.000949901829856,-584.8802751181044,-551.8133691944548
UGC06983,17,9454.198719352715,1.74,39.70723020414527,1921.8246424331376,8.951785571603478,6.353897061998066,17.976466125843636,6.912520767871322,8.126283979479469,5.902127641603644,42.54044354820149,1921.8246424331376,14.61821225971591,12.0203237501105,23.642892813956067,12.578947455983755,16.625924011648117,14.401767673772294,-1879.2841988849361,-1907.2064301734217,-1909.804318683027,27.922231288485577,30.520119798090988,-1898.1817496191816,-1909.2456949771538,-1905.1987184214895,-1907.4228747593652,9.024680554240156,-2.0392648037321557,-4.0469765556643615,-2.2241563378758222,0.8320671785596063,1.706891905065982,1.3962461580333054,1.425854466232802,0.10066464226618299,15.810993110135417,13.173926973353565,18.0,11.41528148508976,5.748854796977327,-1910.4093609480478,-3.20293077462615,-5.210642526558356,1.74,1.3322783939726648,42.99553805349761,151.70906641305407,48.07668704173548,26.803232101878454,-108.71352835955646,-103.63237937131859,-1878.82910437964,-1770.1155760200836
UGC07089,12,3631.068117019248,2.61,7.036652911768981,265.2821842595841,4.6510419962905,1.5253528873544417,6.488224635776987,4.517026247679708,2.5075093221264955,1.3544975543984403,9.521559561556982,265.2821842595841,9.620855295866502,6.495166186930442,11.458037935352987,9.486839547255709,9.962229271490497,8.809217503762442,-255.7606246980271,-255.66132896371758,-258.78701807265367,-0.09929573430951955,3.02639337462654,-253.8241463242311,-255.7953447123284,-255.3199549880936,-256.47296675582163,1.8371826394864854,-0.13401574861079268,-0.47538972423478754,-1.1530117677280547,2.4415673665493274,5.57906791168259,0.7470362602775164,0.8769335108140306,0.1005009357608734,41.55600547205266,3.000185236572746,18.0,7.627278621530609,2.657465321954608,-257.6549056380535,-1.993576674335893,-2.3349506499598878,2.61,0.7737098014354735,9.082378270263586,145.30049648546128,21.090458108687862,13.854090886982934,-136.2181182151977,-124.21003837677341,-256.1998059893205,-119.9816877741228
UGC07125,13,2389.428414722978,2.88,8.105531746135336,1052.0192957065572,9.388740316052909,2.712859884888176,7.671930247210341,5.115116470042777,4.67795387924862,4.6754785646789845,10.670481103596872,1052.0192957065572,14.518639030975983,7.8427585998112495,12.801828962133413,10.245015184965851,12.372801951633232,12.370326637063595,-1041.3488146029604,-1037.5006566755812,-1044.1765371067459,-3.848157927379111,2.8277225037856226,-1039.2174667444237,-1041.7742805215912,-1039.646493754924,-1039.6489690694937,-1.7168100688425696,-4.273623846010132,-2.1277867666673806,-0.0024753145696365664,2.2088292855512868,2.2427706440487403,0.6621197677907731,0.6610259793958455,0.10067899186662699,4.332537034779525,5.003236230071985,19.8,12.271390746991585,7.141492032068512,-1039.7479049595656,-2.2472482839843977,-0.10141120464164644,2.88,0.6901382204948442,7.895392877630926,147.4336125279512,12.122548106784322,14.877791189709619,-139.53821965032026,-135.31106442116686,-1044.1239028289262,-904.5856831786059
UGC07151,11,5218.869560705731,1.0,129.5731559865889,1274.0324704657828,25.769560469730038,7.680298158825155,15.698073401750179,13.655443424460177,15.837170868855058,3.3287124503971723,131.97105125938725,1274.0324704657828,30.56535101532678,12.476088704421898,20.49386394734692,18.45123397005692,23.03085668725017,10.522398268792283,-1142.0614192063956,-1243.467119450456,-1261.5563817613609,101.40570024406047,119.49496255496535,-1253.538606518436,-1255.581236495726,-1251.0016137785326,-1263.5100721969904,-10.07148706797986,-12.114117045269861,-4.579622717193253,-12.508458418457888,0.4562132664640434,0.47422383352049885,1.3705747197393785,0.9485087251276718,1.3572714977722655,6.527650149282796,11.037233204757358,6.87,13.322783197768135,8.526992652171394,-1260.7096872680147,-17.242567817558644,-9.708073489482036,1.0,1.1425171376684,47.452804718779234,51.30095988091097,25.026459812930863,28.113107920367238,-3.8481551621317394,-26.27450006798011,-1226.5796657470037,-1222.7315105848718
UGC07261,7,5261.66162926001,1.9,37.53979946948793,238.68792971210934,0.24370256682241562,1.8622251188623489,25.20954019245199,4.993528251424161,0.14902539920572674,5.013035497045923,39.48570961854325,238.68792971210934,4.135522864933042,5.754045416972975,29.101360490562616,8.885348549534788,5.986755846371667,10.850765944211862,-199.2022200935661,-234.5524068471763,-232.93388429513635,35.3501867536102,33.73166420157027,-209.5865692215467,-229.80258116257454,-232.70117386573767,-227.83716376789747,24.965837625629575,4.7498256846017455,2.8985927031631213,4.864010097840195,0.30285015456502706,2.110130778613797,1.4997771564725557,1.4958906294640157,0.284245448010658,3.929045963396675,15.703486798111907,13.1,8.89629596364777,5.004475665537143,-229.79163374846158,4.760773098714727,2.9095401172761033,1.9,1.499212294639074,45.04257225141124,26.321037034470052,48.748370481878354,41.41701520125629,18.721535216941184,22.4273334474083,-193.6453574606981,-212.36689267763927
UGC07323,10,6441.775851563881,4.65,49.00221425277427,369.22869684978775,7.116497439444807,2.3611684591027142,21.017696334925173,2.2926835155068215,6.690948499781543,2.006329983762457,51.304799345768316,369.22869684978775,11.721667625432898,6.966338645090806,25.622866520913263,6.897853701494913,13.598703778763682,8.914085262744594,-317.92389750401946,-357.5070292243549,-362.26235820469697,39.583131720335416,44.33846070067751,-343.6058303288745,-362.33084314829284,-355.62999307102405,-360.31461158704315,13.901198895480364,-4.823813923937985,-6.700850077268768,-4.684618516019087,9.984124753238785,9.99946531781837,1.075346858650446,0.997317015471671,1.2501382645071655,143.47426341861814,3.0030016418448544,8.0,6.625301579020654,2.0201313930325617,-362.6033952707671,-5.096366046412244,-6.9734021997430276,4.65,1.0140290384851656,20.217263936923864,36.03876582190109,33.845258378694204,41.01715709177824,-15.821501884977224,-2.193507443206883,-349.0114329128639,-333.18993102788664
UGC07399,10,12297.52313807633,0.61,251.39906411287927,3291.413859907484,8.10916042461195,7.085177710271497,95.15675266717652,70.103038367336,7.483826756380844,18.987542186503276,253.7016492058733,3291.413859907484,12.714330610600042,11.690347896259588,99.7619228531646,74.70820855332408,14.391582035362982,25.895297465485413,-3037.7122107016107,-3278.699529296884,-3279.7235120112246,240.98731859527328,242.0113013096137,-3191.651937054319,-3216.70565135416,-3277.022277872121,-3265.5185624419987,87.04759224256456,61.99387794272404,60.316626517961105,11.503715430122432,0.7247222186916901,0.9016110322396338,1.4996973672939915,1.4814075584716941,0.1007303564004281,13.829552527452046,18.18681424061334,8.43,29.50369742072909,24.898527234740996,-3261.910162486755,16.789366810129046,15.112115385366108,0.61,1.4984741730615494,110.86099347093338,149.37249650051643,63.81451779204051,103.6913978029831,-38.511503029583054,-85.55797870847593,-3180.5528664365506,-3142.041363406968
UGC07524,31,4265.15610341223,0.35,26.53444423934551,3194.32060474125,23.57142084200717,6.59915210102291,15.502144997029196,9.350421095753752,20.633159096491724,8.412269273810281,29.968431443830656,3194.32060474125,30.439395250977462,13.467126509993204,22.37011940599949,16.218395504724043,30.935120709947164,18.71423088726572,-3164.3521732974195,-3163.8812094902723,-3180.8534782312568,-0.47096380714680564,16.501304933837453,-3171.9504853352505,-3178.102209236526,-3163.385484031303,-3175.606373853984,-8.069275844977973,-14.220999746253419,-14.71672520522312,-12.220889822681443,2.3710868482026983,2.183902974355357,1.016643065536444,0.9417794142993273,0.10025154732374322,17.086733869209596,5.787651273510591,4.74,79.81154582502822,72.94357141605792,-3114.509058916222,49.37215057405076,48.876425115081055,0.35,1.4998316116549573,26.654099605587035,166.66329580020778,27.716350386548662,24.664272851923442,-140.00919619462076,-138.9469454136591,-3167.666505135663,-3027.657308941042
UGC07559,7,873.435163554807,0.72,3.2976375193662144,64.68628562193528,2.429294135686103,0.5109994634117768,0.4395384887468708,1.312642475790136,2.0793032010327077,0.25078578494335946,5.243547668421527,64.68628562193528,6.32111443379673,4.402819761522403,4.331358786857497,5.2044627739007625,7.917033648198647,6.088516232109299,-59.442737953513756,-58.365171188138554,-60.28346586041288,-1.0775667653752024,0.840727906899124,-60.354926835077784,-59.48182284803452,-56.76925197373664,-58.597769389825984,-1.9897556469392326,-1.1166516598959673,-2.7125708742978842,-1.8285174160893476,0.6524696309227056,0.6824252273660015,0.9025067987985648,0.6511335793334184,0.10191824974551981,6.8038989037030975,3.0009855322727095,4.97,4.1504781885852635,0.25865789047463744,-60.53580743335002,-2.1706362452114663,-3.7665554596133832,0.72,0.6653671201521539,10.450286670360175,141.06786590507096,7.883376909140255,8.94779546325883,-130.61757923471077,-133.1844889959307,-54.23599895157511,76.38158028313568
UGC07577,9,116.08398944512695,1.32,0.5314941849659994,4.779281520662168,1.7638108260405578,0.5224388219836674,0.2980611701962177,0.3678231127254868,1.4951880650885339,0.2904928790416006,2.728718762302219,4.779281520662168,6.158259980712997,4.916887976656106,4.692510324868657,4.762272267397926,8.086861797097193,6.882166611050259,-2.050562758359949,1.3789784600508295,0.1376064559939385,-3.4295412184107783,-2.1881692143538873,-0.08677119579351089,-0.01700925326424141,3.307580276435025,2.1028850903880913,-1.4657496558443404,-1.3959877133150709,-3.3245895296992662,-1.2046951860469335,0.32390072966255873,0.3349096826269621,0.3597988686477768,0.5151971111129566,0.7189719968104152,0.04615113915994344,3.0000895527351634,2.59,4.756399022130872,0.3619498674584328,-0.022882498531295425,-1.401860958582125,-3.3304627749663203,1.32,0.3767456054687487,12.384337357560893,6.92495264689364,15.669242753187618,16.145833438271037,5.459384710667253,8.744290106293978,7.6050558368987256,2.1456711262314725
UGC07603,12,4729.9310333606645,0.68,91.94868953235677,1421.4636847881948,15.146271378687432,2.035802792785844,6.007800664154885,10.623033823215811,14.890492386404249,1.881551067394915,94.43359618214477,1421.4636847881948,20.116084678263434,7.005616092361844,10.977613963730885,15.592847122791813,22.345212335768252,9.336271016758916,-1327.03008860605,-1401.3476001099314,-1414.458068695833,74.31751150388133,87.42798008978292,-1410.486070824464,-1405.8708376654029,-1399.1184724524264,-1412.1274137714358,-9.138470714532549,-4.523237555471621,-6.752365212976439,-13.008941319009336,0.6839353246808103,0.8867554497484472,1.4637278469186268,0.9153551608204678,0.7039584393290692,9.396283320778599,9.891799647810183,4.7,8.716746920900626,3.746933621324625,-1412.746937867294,-11.399337757362808,-13.628465414867627,0.68,0.7100933967127401,49.746406844089364,20.821565814112105,17.989474698060455,15.27506447691264,28.92484102997726,-2.83209111605165,-1371.7172779441055,-1400.6421189740827
UGC07608,8,6511.63643096038,4.78,37.636126763768814,200.02874151385578,2.8000970764162574,0.4825293653128021,15.218813401722102,18.51221377133709,2.636810931332517,8.415942149048284,39.71556830544865,200.02874151385578,6.958980159775929,4.641412448672473,19.377696485081774,22.671096854696764,8.875135556372024,14.654266774087791,-160.31317320840714,-193.06976135407984,-195.3873290651833,32.75658814567272,35.07415585677617,-180.651045028774,-177.357644659159,-191.15360595748376,-185.37447473976798,12.418716325305844,15.712116694920834,13.79596129832474,5.779131217715767,9.993128673333803,9.939086711176811,1.4998184072971337,1.4967572480474347,1.4889395432517465,213.4280718197323,3.0012986819730174,8.21,13.984046692167347,9.825163608807674,-186.04469482168844,7.025066532391418,5.1089111357953225,4.78,1.4995440702885388,58.83061540403883,44.42959526536211,65.97067473403177,34.78538788458089,14.40102013867672,21.541079468669665,-141.19812610981694,-155.59914624849367
UGC07690,7,3141.3711496995616,0.59,45.20498091899328,194.98169943718133,1.6790474780983544,0.5560111484229896,9.506033649594814,2.5139854924354608,1.6657648998220338,0.1177092167524989,47.150891068048594,194.98169943718133,5.570867776208981,4.447831446533616,13.39785394770544,6.405805790546087,7.5034953469879735,5.955439663918439,-147.83080836913274,-189.41083166097235,-190.5338679906477,41.58002329183961,42.70305962151498,-181.5838454894759,-188.57589364663525,-187.47820409019337,-189.0262597732629,7.8269861714964595,0.8349380143371059,-1.0976895564418863,-1.548055683069535,0.30046447209300636,0.30263785602018695,1.2029708147281788,0.9664186963651389,0.6193007866706011,0.8643071438382182,28.933465523192773,8.11,4.582862557082312,0.6910422589716857,-190.39883688009903,-0.988005219126669,-2.920632789905661,0.59,1.0233421059669583,26.32511596105744,4.63335718452627,26.353912178424444,25.817372242097896,21.691758776531167,21.720554993898176,-168.6565834761239,-190.34834225265507
UGC07866,7,958.4764374225277,1.0,6.91900746445145,51.847560434876975,0.218400418720824,0.34196678820104764,5.196322288738754,0.4079455311839721,0.21158462539840975,0.40705380097740584,8.864917613506764,51.847560434876975,4.11022071683145,4.233787086311674,9.088142586849381,4.299765829294598,6.049315072564349,6.244784248143345,-42.98264282137021,-47.737339718045526,-47.6137733485653,4.754696896675314,4.63113052719509,-42.759417848027596,-47.547794605582375,-45.79824536231263,-45.60277618673363,4.977921870017931,0.18954511246314798,-1.749549243269751,0.1954691755789959,0.43859506210108473,2.993178013028894,1.499987766000476,1.4999650808524874,0.22039513647260126,2.532119008070654,5.0967462647618795,4.57,4.303919130960712,0.4120988328500859,-47.54364130391626,0.19369841412926192,-1.745395941603637,1.0,1.4999984266721627,40.46870610964736,45.646843987116206,45.70696056136041,17.100479217410182,-5.178137877468849,0.06011657424420491,-11.378854325229618,-6.200716447760769
UGC08286,17,7416.5364551695775,2.37,725.0533707531902,7951.46513624589,38.27158391960934,18.995907431680973,461.9600507595789,244.52909729324395,33.436082607730235,182.65928974743045,727.8865840972463,7951.46513624589,43.93801060772177,24.662334119793407,467.62647744769134,250.1955239813564,41.935722639898884,191.1589297795991,-7223.578552148643,-7907.527125638168,-7926.802802126096,683.9485734895245,703.2242499774529,-7483.838658798199,-7701.269612264534,-7909.529413605991,-7760.306206466291,423.6884668399696,206.25751337363462,208.2598013414575,149.2232071397002,0.830135771929918,0.8817966708895816,1.4999705265028083,1.4976523596959415,1.3690213253555568,6.476924238670578,16.306275636758507,6.5,278.7402634028412,273.07383671472877,-7672.724872843049,234.80225279511944,236.80454076294234,2.37,1.4999974998010055,286.36350519409666,70.85181372248618,230.08060570181354,470.7984948860382,215.51169147161048,159.22879197932735,-7665.101631051793,-7880.613322523403
UGC08490,30,6014.009239848565,0.68,236.56760001526985,4436.133259837869,3.1545868957460126,18.529090392093504,39.618967978219835,11.34411725176356,3.1304217589437524,10.84239697036822,239.968797396932,4436.133259837869,9.956981659070323,25.331485155417816,46.421362741544144,18.146512015087872,13.334013903930218,21.045989115354686,-4196.164462440937,-4426.176278178799,-4410.801774682452,230.01181573786167,214.63731224151417,-4389.711897096326,-4417.986747822782,-4422.799245933939,-4415.087270722514,36.46438108247382,8.18953035601755,4.8124981111576535,7.711975211424468,0.5595228973456471,1.8719217221683937,1.499633173787879,1.499681413580901,0.4110246221457181,4.044461382801304,22.384242097508082,4.65,31.527206438639947,24.724811675315635,-4404.6060533992295,21.570224779569624,18.19319253470973,0.68,0.9687895705989165,54.295725768847454,15.959141645667788,58.92092036328855,52.20205306173135,38.33658412317966,42.96177871762076,-4381.837534069022,-4420.174118192202
UGC08550,11,3554.863109859154,0.97,197.44512725834187,2212.8170047782714,6.872693481220183,8.472520260114335,61.74420746570421,32.928145925532576,6.2366404609472745,12.166375472498078,199.84302253114024,2212.8170047782714,11.668484026816923,13.268310805711076,66.53999801130095,37.72393647112932,13.430326279342387,19.360061290893192,-2012.9739822471313,-2201.1485207514547,-2199.54869397256,188.17453850432332,186.57471172542915,-2146.2770067669703,-2175.093068307142,-2199.386678498929,-2193.4569434873783,54.871513984484025,26.055452444312397,24.293610191786932,5.929735011550806,0.30106375884360653,1.0624277747727269,1.4998901367187503,1.4998682488728239,0.7765651113138153,2.4959325923184057,13.689802757166044,6.7,17.249508502568535,12.453717956971794,-2195.567496275703,5.581024475751612,3.8191822232261483,0.97,1.4982117274677456,73.8874454494659,13.925486417485118,57.69573175471228,78.93330112155999,59.96195903198078,43.77024533722716,-2138.9295593288057,-2198.8915183607864
UGC08699,41,22509.60252141325,4.808869499711949,474.6141207940831,6535.558138669209,37.86210933404776,120.59455971377855,471.6374160365822,112.82164264180996,36.093047113958036,112.7528102927671,478.3276928607874,6535.558138669209,45.289253467456376,128.02170384718715,479.0645601699908,120.24878677521858,47.233763314070956,123.89352649288001,-6057.230445808422,-6490.268885201753,-6407.536434822022,433.03843939333103,350.30598901360025,-6056.4935784992185,-6415.30935189399,-6488.324375355139,-6411.66461217633,433.7753067025344,74.9595333077622,73.01502346114762,76.65976317880906,2.2003695738106286,1.9505886580827374,0.638230855702465,0.6393129772521381,0.5191859253239623,52.42824751009075,14.575274016475692,39.3,307.2990996963877,299.8719555629791,-6228.259038972821,262.00984622893134,260.0653363823168,5.701970128577899,0.6648324897296469,117.56389490159577,44.89657903622925,123.01180022137436,481.1298578553893,72.66731586536653,78.11522118514512,-6417.994243767614,-6490.66155963298
UGC08837,8,1669.0428826611835,2.63,1.9744149853946744,139.99710340783625,35.56002647287224,1.9826719050713886,1.9713398405568014,1.9331596257523027,20.73299023211796,1.9178482527561382,4.05385652707451,139.99710340783625,39.71890955623191,6.14155498843106,6.130222923916473,6.092042709111974,26.971314857157466,8.156172877795646,-135.94324688076173,-100.27819385160434,-133.85554841940518,-35.6650530291574,-2.08769846135655,-133.86688048391977,-133.90506069872427,-113.02578855067878,-131.8409305300406,-33.58868663231544,-33.626866847119935,-20.879272148045494,-18.81514197936182,1.8980999131979863,2.4238468732810596,0.47070142113603486,0.4559451894344979,1.0794561787219217,4.182228440056696,3.0003399888421636,7.21,6.0788663387370665,1.9199832553773948,-133.91823706909918,-33.64004321749484,-20.8924485184204,2.63,0.44784402218647396,5.24666388527075,40.496814347276995,10.349408081292307,7.874450892418479,-35.250150462006246,-30.14740626598469,-134.7504395225655,-99.50028906055925
UGC09037,22,7473.8678556732375,2.636786722424656,242.64499204731266,749.686609056385,158.5307387955644,84.56598962406004,70.25119541260582,109.16352104387407,27.048330039894836,22.569717466417625,245.73603450067097,749.686609056385,164.712823702281,90.74807453077668,76.43328031932245,115.34560595059071,36.32145739996979,31.842844826492573,-503.95057455571407,-584.9737853541039,-658.9385345256084,81.02321079838995,154.9879599698943,-673.2533287370626,-634.3410031057942,-713.3651516564153,-717.8437642298925,-88.27954338295856,-49.367217751690305,79.02414855062092,-4.478612573477214,9.954899359003736,5.739515854976637,0.12423468485474433,0.3014145519599547,0.10001162392127735,113.17906999419405,3.0004889193340025,83.6,86.61131310522205,80.42922819850541,-663.075295951163,-78.10151059705896,50.289855705252265,2.43,0.1415149490138844,219.4340961002138,172.42617845844984,56.944478122084206,91.78403529897446,47.00791764176395,-115.48170033636563,-530.2525129561712,-577.2604305979352
UGC09133,68,39652.71958266557,12.703575209425649,1532.604651029189,119660.47775226683,623.3122961011926,905.0288426056021,1377.4113212909801,1136.626396462179,571.9082198804032,998.7893790619535,1536.824158734365,119660.47775226683,631.7513115115448,913.4678580159543,1385.8503367013323,1145.065411872531,584.5667429959315,1011.4479021774818,-118123.65359353246,-119028.72644075529,-118747.00989425088,905.0728472228202,623.3563007184107,-118274.6274155655,-118515.4123403943,-119075.9110092709,-118649.02985008936,754.0990251897874,513.3141003609862,560.4986688765996,426.8811591815503,4.502173879666923,4.98317850576703,0.567811617740193,0.5666003963495474,0.4611389690885519,171.16755550825957,8.627419284743269,57.1,1839.3080351891908,1830.8690197788387,-117821.16971707765,1207.556723677646,1254.7412921932594,14.14067706334861,0.5935287066102144,1142.1122473377716,584.1418302764503,1015.4985517118114,1391.9446055559004,557.9704170613213,431.3567214353611,-118518.36550492905,-119076.33592199038
UGC09992,5,857.4478062373373,0.78,7.4727573930066145,19.621204973446662,0.03676542968998415,0.07307153136834521,4.814707548045134,0.9020225231830059,0.036733283543153174,0.9020225231830055,9.082195305440715,19.621204973446662,3.2556412545581845,3.2919473562365456,8.033583372913334,4.120898348051206,4.865047020845454,5.730336260485306,-10.539009668005948,-16.365563718888477,-16.329257617210118,5.82655405088253,5.790247949204169,-11.587621600533328,-15.500306625395456,-14.756157952601209,-13.890868712961357,4.777942118355149,0.8652570934930215,-0.7441486727942479,0.8652892396398517,0.3010094217370914,0.3581436777080692,1.1554864352183025,1.1554864346289933,0.5490124898427596,0.14001381133825425,25.47444121006617,10.7,4.120898348051206,0.9020225231830056,-15.500306625395456,0.8652570934930215,-0.7441486727942479,0.78,1.1554864365405688,21.541566553138463,2.059946753108533,33.38210776395928,20.429259943674452,19.48161980002993,31.32216101085075,1.9203615796918,-17.56125822033813
UGC10310,7,4735.605082358095,2.21,33.48883611183318,267.16061834807084,2.8434566121027376,0.4680632814037617,13.3303987621818,10.144278815979916,2.6904354359073226,5.1834535313075785,35.434746260888495,267.16061834807084,6.735276910213364,4.359883579514388,17.222219060292424,14.036099114090543,8.528165883073262,11.021183978473518,-231.72587208718235,-260.42534143785747,-262.8007347685565,28.69946935067513,31.074862681374107,-249.93839928777842,-253.1245192339803,-258.6324524649976,-256.1394343695973,10.48694215007906,7.300822203877179,5.507933231017281,2.493018095400256,0.30096175728655716,0.3226195749091757,1.4996638510376212,1.499519153573313,0.9008327335940058,5.4229142735371525,10.636885707148057,15.2,14.496218655591457,10.60439835748083,-252.66439969247938,7.760941745378093,5.968052772518195,2.21,1.4997001744751774,50.18701947980814,13.703055310855934,58.66723361983577,29.619978195450216,36.48396416895221,44.96417830897984,-216.97359886826268,-253.4575630372149
UGC11455,36,41062.02516887965,14.552968102014495,510.320469602867,2835.2297025828884,170.47897395867682,107.48335394473757,368.83855814802456,217.52791808775444,169.06587932472706,169.66511577018332,513.9039885413231,2835.2297025828884,177.64601183558904,114.65039182164979,376.0055960249368,224.69495596466666,179.8164361400954,180.41567258555165,-2321.3257140415653,-2657.5836907472994,-2720.5793107612385,336.25797670573405,399.2535967196733,-2459.2241065579515,-2610.5347466182216,-2655.413266442793,-2654.8140299973365,198.35958418934774,47.048944129077626,44.87851982457127,0.5992364454562562,7.24591524583791,9.99855276371344,0.6634481441793747,0.651423313427193,0.516913407888985,974.9933849960199,3.3686451748843,78.6,173.79973681847557,166.63269894156335,-2661.429965764413,-3.84627501711347,-6.016699321619825,17.413481001181363,0.654383454743711,222.36707187662876,177.52774362821194,193.31840348169592,387.04652406303853,44.83932824841682,15.790659853483987,-2612.8626307062596,-2657.7019589546767
UGC11557,12,1310.8175582795466,0.99,15.876273980011419,26.703519064297808,17.587015440254895,11.331543853635308,11.231217960329394,5.223550664644815,11.581437550369973,1.8295310061300554,18.36118062979942,26.703519064297808,22.556828739830895,16.30135715321131,16.201031259905395,10.193363964220815,19.036157499733974,9.284250955494057,-8.342338434498387,-4.146690324466913,-10.402161911086498,-4.195648110031474,2.059823476588111,-10.502487804392413,-16.510155100076993,-7.6673615645638336,-17.41926810880375,-6.355797479925499,-12.36346477561008,-8.84279353551316,-9.751906544239917,9.99610490434164,2.716933568099013,0.10051085613667762,0.1016519159787633,0.13707802627587157,4.136726454906901,3.0002943401075317,24.2,24.91790047698079,19.94808717740479,-1.7856185873170176,2.3610717371498957,5.881742977246816,0.99,0.6023981429420509,145.51615245456355,109.98076262422308,145.668487201482,31.613151054647687,35.53538983034048,35.68772457725893,118.81263339026574,83.27724355992527
UGC11820,10,4513.344497103431,1.01,161.3012647319287,11946.886029615938,10.652005046513203,60.4529651484599,100.62607502947117,79.86592052514993,9.361619225630982,78.43344792912616,163.60384982492275,11946.886029615938,15.257175232501295,65.058135334448,105.23124521545925,84.47109071113802,16.26937450461312,85.3412032081083,-11783.282179791015,-11931.628854383436,-11881.82789428149,148.34667459242146,98.54571449047475,-11841.654784400478,-11862.4149389048,-11930.616655111326,-11861.54482640783,89.97406998295796,69.21391547863672,68.2017162065249,69.07182870349519,3.408015437202922,1.638602740186453,1.4432188564538952,1.4971338002220447,0.310172170103553,17.183484639580755,4.8539983058752165,18.1,84.20578183416619,79.6006116481781,-11862.680247781773,68.94860660166489,67.93640732955308,1.01,1.49905591420829,117.4867031443831,31.320149147605846,122.94953928144727,109.2713715325221,86.16655399677725,91.62939013384143,-11829.399326471555,-11915.565880468332
UGC11914,65,133177.11953954113,9.83,7137.247038915093,13401.553723749452,302.77557149775123,499.5402240060083,2206.0476202619293,155.5496858905787,142.24808118870462,15.8972177592713,7141.421426184988,13401.553723749452,311.1243460375425,507.8889985457996,2214.3963948017204,163.89846043036997,154.77124299839153,28.42037956895821,-6260.132297564463,-13090.42937771191,-12893.664725203653,6830.297080147446,6633.532427639188,-11187.157328947731,-13237.655263319082,-13246.78248075106,-13373.133344180493,1903.2720487641777,-147.22588560717256,9.127217431978437,-126.35086342943332,9.99994374567148,4.220252909442751,0.7547120281924179,0.7130348115595326,0.6435237202090167,38.53928143389824,39.69285395077326,16.9,46.2201246088466,37.871350069055325,-13355.333599140606,-264.9042214286959,-108.55111838954494,9.83,0.6936595713486857,163.71825454438698,152.15124701839787,32.67351178069642,2229.814225587665,11.567007525989112,-119.47773523770144,-13237.835469205065,-13249.402476731055
UGC12506,31,43051.3835599146,4.1,40.72027440343025,2415.8371683371215,4.863331053837853,21.004685687681565,37.772233407570965,29.732627305786934,4.224353747207362,48.902932054284804,44.1542616079154,2415.8371683371215,11.731305462808145,27.872660096651856,44.640207816541256,36.600601714757225,14.526315360662801,59.204893667740244,-2371.682906729206,-2404.1058628743135,-2387.9645082404695,32.42295614510726,16.281601511263545,-2371.1969605205804,-2379.236566622364,-2401.3108529764586,-2356.6322746693813,32.90890235373311,24.86929625194908,22.074286354094426,44.678578307077444,1.2156298629708409,3.1108832985618617,1.1152704986929896,1.4996988290994986,0.22567259454288763,104.86322429157462,20.24961181798338,100.6,48.41221915638613,41.54424474741584,-2367.4249491807354,36.680913693577985,33.88590379572333,4.1,1.115091193274952,51.9426118163268,52.08948691667234,98.85976193084672,46.473872443399145,-0.14687510034553952,46.77027501417437,-2363.8945565207946,-2363.747681420449
UGC12632,15,4500.377178505759,2.85,86.11639955290732,1827.6531048583142,4.428596269877244,0.8563218639562657,48.07803719358417,53.89173959309145,3.6931910610924907,25.342385715912517,88.82444975400954,1827.6531048583142,9.844696672081664,6.272422266160686,53.494137595788594,59.30783999529587,11.81734166439912,33.466536319219145,-1738.8286551043047,-1817.8084081862326,-1821.3806825921536,78.97975308192787,82.55202748784885,-1774.1589672625257,-1768.3452648630184,-1815.8357631939152,-1794.186568539095,43.64944092370693,49.46314332321421,47.490498330896756,21.649194654820025,0.9541653811412,0.5887902896686946,1.4987894759327163,1.499143189179769,0.10261181557619159,5.850665464741357,9.44307147384424,9.77,82.2545630833187,76.83846268111428,-1745.3985417749955,72.40986641123703,70.43722141891958,2.85,1.4986687446990952,95.41011873093198,143.91507380646175,74.96198041158621,56.04267123401838,-48.504955075529764,-68.95309339487554,-1732.2429861273822,-1683.7380310518524
UGC12732,16,5992.260746006214,1.92,66.42427549515286,2607.2195363697747,2.890275208176665,18.718277771734932,66.31818960061194,12.110819414744245,2.198635681433578,9.943237390814078,69.19686421739263,2607.2195363697747,8.435452652656227,24.263455216214496,71.86336704509151,17.65599685922381,10.51640184815292,18.26100355753342,-2538.0226721523823,-2598.7840837171184,-2582.9560811535603,60.761411564736406,44.933409001178134,-2535.3561693246834,-2589.563539510551,-2596.703134521622,-2588.958532812241,63.427914392435284,9.220544206567581,7.139595011070888,7.7446017093805,1.8974287765540299,1.4111587724327896,1.4981245895940973,1.4971543810215304,0.8219573285397973,15.035876300177835,7.583347915627378,13.2,17.10574605920498,11.560568614725415,-2590.1137903105696,8.670293406548751,6.589344211052058,1.92,1.4994820439536292,53.72128911380135,12.571155084564253,55.899198994688064,73.60703617001413,41.150134029237094,43.32804391012381,-2553.498247255973,-2594.6483812852102
UGCA281,7,1014.333082562701,0.41,33.899901737087475,279.8311286343691,2.731640099962588,0.5664136189291,14.60245058685726,1.2053182209154079,1.4856192815027895,1.0375307026278828,35.84581188614279,279.8311286343691,6.623460398073215,4.458233917039727,18.494270884967886,5.097138519026034,7.323349728668729,6.875261149793822,-243.98531674822632,-273.2076682362959,-275.3728947173294,29.222351488069577,31.387577969103063,-261.33685774940125,-274.7339901153431,-272.5077789057004,-272.9558674845753,11.87081048689467,-1.526321879047181,-2.2262112096426954,-0.4480885788749074,0.3000140811174646,0.36251139123723314,1.3126940520107744,1.2225660525028372,0.9216579769913209,8.400590022918372,5.8566443081713935,5.68,4.936361727315231,1.0445414292046042,-274.8947669070539,-1.687098670757984,-2.3869880013534983,0.41,1.2406989079944029,30.926878658067587,13.392752513499584,37.92671654481556,30.93354646541263,17.534126144568003,24.53396403131598,-248.90424997630154,-266.4383761208695
UGCA442,8,3035.9018425634717,2.11,93.46341448266352,4310.3525526204585,12.292946120406189,3.722339741379927,39.852071873454584,6.001426069179096,7.641444816841288,5.36134773944467,95.54285602434337,4310.3525526204585,16.45182920376586,7.881222824739599,44.01095495681425,10.160309152538767,13.879769441880795,11.599672364484178,-4214.809696596115,-4293.900723416693,-4302.471329795719,79.0910268205775,87.66163319960377,-4266.341597663644,-4300.19224346792,-4296.472783178578,-4298.752880255975,27.55912575304839,-6.291520051227094,-3.7194602893420274,-2.2800970773966167,0.9476528395324735,2.5431112444750457,1.4007279437545743,1.4999263498068633,0.8372409568801908,13.70720385232441,4.7872361391971765,4.35,9.888456520597444,5.729573437237772,-4300.464096099861,-6.563372683168417,-3.9913129212833507,2.11,1.4234570016153127,40.824367133305095,16.501916038592313,50.31441815884814,46.58652702071655,24.322451094712783,33.81250212025583,-4269.528185487154,-4293.850636581866
UGCA444,36,1661.6155502790052,1.11,48.97415426582268,454.67678126916843,2.3833967159329914,7.316932121023786,48.161689194663495,19.677292643758467,2.382724014899549,19.230517201555767,52.55767320427879,454.67678126916843,9.55043459284521,14.483969997936006,55.32872707157571,26.844330520670688,13.13328083026788,29.981074016924097,-402.11910806488964,-445.12634667632324,-440.1928112712324,43.00723861143358,38.073703206342785,-399.3480541975927,-427.83245074849776,-441.54350043890054,-424.69570725224435,45.778292478730506,17.293895927825478,13.711049690402808,16.84779318665622,1.0876923986674112,9.922972672124885,1.4500020007020797,1.4512730727739638,0.5044059425243737,23.04930944006805,3.001033014749185,0.98,27.925823141643583,20.75878526473136,-426.7509581275248,18.375388548798373,14.792542311375703,1.11,1.447691371925175,60.23612417256488,11.146792448984774,78.74650802821955,57.43238318563943,49.0893317235801,67.59971557923478,-394.44065709660356,-443.52998882018363
