r,aN,aBL,aTot,v
0.001,0.9980029960049942,3.459880728685383e-08,0.9980030306038015,0.031591185963869756
0.013502875718929733,0.9735315472950071,2.7937620736102773e-09,0.9735315500887692,0.11465372008489592
0.026005751437859468,0.9499492614198741,1.5815998891061787e-09,0.949949263001474,0.15717552103363336
0.0385086271567892,0.9272135777454499,1.1645393119149444e-09,0.9272135789099892,0.1889595777010441
0.051011502875718935,0.9052844520029673,9.584866439547714e-10,0.9052844529614539,0.21489513832468812
0.06351437859464867,0.8841241798436641,8.393053436319163e-10,0.8841241806829694,0.23696961395204594
0.0760172543135784,0.8636972346607426,7.645635829991639e-10,0.8636972354253062,0.2562340578363073
0.08852013003250814,0.8439701183752742,7.158357824767996e-10,0.8439701190911101,0.27332827275182575
0.10102300575143787,0.8249112240150989,6.838498547100715e-10,0.8249112246989487,0.28867804107203504
0.1135258814703676,0.8064907090334211,6.634492748707458e-10,0.8064907096968704,0.30258481243446367
0.12602875718929735,0.7886803784184808,6.515541302222065e-10,0.788680379070035,0.31527195878127257
0.13853163290822706,0.7714535767388955,6.462265006220744e-10,0.771453577385122,0.3269108804981172
0.1510345086271568,0.754785088352454,6.462002589192783e-10,0.7547850889986542,0.337636779744175
0.16353738434608653,0.7386510450803946,6.506267650435182e-10,0.7386510457310214,0.3475587144114686
0.17604026006501627,0.72302884071565,6.589291372453731e-10,0.7230288413745791,0.3567662894250076
0.188543135783946,0.707897051792984,6.70714717297637e-10,0.7078970524636987,0.36533427170704674
0.20104601150287574,0.6932353641022855,6.857204142222883e-10,0.6932353647880058,0.37332586988229155
0.21354888722180548,0.6790245044741157,7.037774699662147e-10,0.6790245051778931,0.3807951253326074
0.2260517629407352,0.6652461774096086,7.247881462354787e-10,0.6652461781343967,0.38778869420970324
0.23855463865966495,0.6518830061655039,7.487099782791869e-10,0.6518830069142139,0.3943472012868814
0.2510575143785947,0.6389184779399133,7.755449778090785e-10,0.6389184787154583,0.40050628603912825
0.2635603900975244,0.6263368928358374,8.05332162430884e-10,0.6263368936411695,0.40629742310349237
0.27606326581645413,0.6141233163077773,8.381423786509116e-10,0.6141233171459196,0.41174857443024204
0.28856614153538385,0.6022635348223971,8.740747454134927e-10,0.6022635356964718,0.4168847138998848
0.3010690172543136,0.5907440144873527,9.132542706648616e-10,0.590744015400607,0.4217282539331789
0.31357189297324334,0.5795518624233525,9.558303382096075e-10,0.5795518633791829,0.4262993958193946
0.32607476869217306,0.5686747906735248,1.0019758571116793e-09,0.5686747916755006,0.4306164199803098
0.33857764441110283,0.5581010824613847,1.0518869294917932e-09,0.5581010835132716,0.43469592843642746
0.35108052013003255,0.5478195606243484,1.105782935980672e-09,0.5478195617301314,0.43855304886595076
0.36358339584896227,0.5378195580639427,1.1639069682625008e-09,0.5378195592278496,0.44220160752540655
0.376086271567892,0.5280908900668001,1.2265265595024662e-09,0.5280908912933266,0.4456542767162368
0.38858914728682176,0.5186238283622958,1.2939346788506134e-09,0.5186238296562304,0.4489227012846872
0.4010920230057515,0.5094090767934019,1.3664509675293082e-09,0.5094090781598528,0.45201760772853783
0.4135948987246812,0.5004377484871271,1.4444232024981215e-09,0.5004377499315503,0.4549488987797936
0.42609777444361097,0.491701344419825,1.5282289801997042e-09,0.491701345948054,0.45772573578442566
0.4386006501625407,0.48319173328081616,1.618277618009505e-09,0.4831917348990938,0.4603566107702903
0.4511035258814704,0.474901132545221,1.7150122751507106e-09,0.4749011342602333,0.4628494097542966
0.4636064016004001,0.4668220906737204,1.818912298283807e-09,0.4668220924926327,0.4652114685689494
0.4761092773193299,0.4589474703632122,1.9304957999462992e-09,0.458947472293708,0.46744962227098924
0.4886121530382596,0.4512704327780468,2.050322480654805e-09,0.45127043482836926,0.4695702490192507
0.5011150287571894,0.4437844226967789,2.1789967079013523e-09,0.44378442487577563,0.47157930916614343
0.5136179044761191,0.4364831545141907,2.3171708675648627e-09,0.4364831568313615,0.47348238019048305
0.5261207801950488,0.4293605990427587,2.4655490054820602e-09,0.4293606015083077,0.475284688003481
0.5386236559139785,0.42241097106181047,2.6248907791325566e-09,0.4224109736867013,0.4769911350804273
0.5511265316329083,0.41562871756635217,2.796015741632581e-09,0.4156287203623679,0.4786063258047638
0.563629407351838,0.4090085066709888,2.979807982536233e-09,0.40900850965079677,0.48013458935629405
0.5761322830707677,0.4025452171275319,3.1772211523428777e-09,0.40254522030475304,0.4815800004292148
0.5886351587896975,0.39623392841780986,3.389283900131496e-09,0.39623393180709376,0.4829463980268771
0.6011380345086272,0.3900699113858886,3.6171057564139225e-09,0.39006991500299437,0.48423740254739445
0.613640910227557,0.38404861937639606,3.861883496140855e-09,0.38404862323827954,0.4854564313463959
0.6261437859464867,0.3781656798479441,4.124908019832847e-09,0.3781656839728521,0.4866067129395198
0.6386466616654164,0.3724168864327559,4.407571794066002e-09,0.3724168908403277,0.4876912999869785
0.6511495373843461,0.36679819141557446,4.711376896041991e-09,0.36679819612695136,0.4887130811851439
0.6636524131032758,0.3613056986067391,5.037943710740144e-09,0.36130570364468284,0.48967479217514437
0.6761552888222057,0.3559356565859945,5.389020333211156e-09,0.35593566197501486,0.49057902556554445
0.6886581645411354,0.35068445229515804,5.766492732954734e-09,0.3506844580616508,0.4914282401549988
0.7011610402600651,0.3455486049592068,6.172395742056179e-09,0.34554861113160257,0.4922247694310549
0.7136639159789948,0.3405247603166877,6.6089249338701574e-09,0.3405247669256126,0.49297082941282355
0.7261667916979245,0.3356096851415917,7.078449464569025e-09,0.3356096922200411,0.49366852589784893
0.7386696674168542,0.330800262039984,7.583525955849832e-09,0.33080026962351,0.4943198611670422
0.751172543135784,0.32609348450575487,8.126913503560464e-09,0.3260934926326684,0.49492674019587135
0.7636754188547138,0.32148645222084776,8.711589904002097e-09,0.32148646093243766,0.4954909764150089
0.7761782945736435,0.316976366586246,9.340769197234044e-09,0.3169763759270152,0.4960142970592327
0.7886811702925732,0.3125605264708588,1.0017920634901923e-08,0.31256053648877946,0.49649834813949295
0.801184046011503,0.30823632416624974,1.074678918897644e-08,0.3082363349130389,0.49694469906961
0.8136869217304327,0.304001241535894,1.1531417727391892e-08,0.3040012530673117,0.4973548469760148
0.8261897974493624,0.2998528463483473,1.2376170992964274e-08,0.2998528587245183,0.49773022071622497
0.8386926731682921,0.29578878878435605,1.3285761533221783e-08,0.2957888020701176,0.4980721846293304
0.8511955488872219,0.2918067981085417,1.42652777409628e-08,0.29180681237381945,0.49838204203960224
0.8636984246061516,0.2879046794968573,1.5320214178547223e-08,0.2879046948170714,0.4986610385324078
0.8762013003250814,0.2840803110115391,1.6456504373210036e-08,0.28408032746804346,0.4989103650198847
0.8887041760440111,0.28033164071576905,1.7680556286155326e-08,0.28033165839632534,0.49913116061227586
0.9012070517629408,0.27665668392072124,1.899929067493599e-08,0.27665670292001193,0.4993245153094325
0.9137099274818705,0.2730535205580964,2.0420182586767028e-08,0.273053540978279,0.49949147252573917
0.9262128032008002,0.26952029267164873,2.1951306240062267e-08,0.26952031462295495,0.4996330314605798
0.9387156789197301,0.26605520202158744,2.360138357276192e-08,0.266055225622971,0.49975014932544964
0.9512185546386598,0.262656507796084,2.537983675906209e-08,0.26265653317592075,0.49984374343788734
0.9637214303575895,0.25932252442444753,2.7296845021112107e-08,0.25932255172129254,0.49991469319157245
0.9762243060765192,0.2560516194868393,2.9363406089281495e-08,0.2560516488502454,0.499963841911172
0.9887271817954489,0.25284221171568577,3.1591402693875564e-08,0.2528422433070885,0.4999919985998344
1.0012300575143787,0.2496927690842222,3.399367450289429e-08,0.2496928030778967,0.49999993958660527
1.0137329332333083,0.2466018069778514,3.6584095954783114e-08,0.24660184356194734,0.49998841008046807
1.026235808952238,0.24356788644424338,3.937766047233955e-08,0.24356792582190384,0.49995812563719794
1.0387386846711677,0.24058961251832384,4.239057158424585e-08,0.24058965490889542,0.4999097735447429
1.0512415603900975,0.23766563261851106,4.564034152437243e-08,0.2376656782588526,0.4998440141324162
1.0637444361090271,0.23479463501075964,4.914589792629795e-08,0.23479468415665758,0.4997614820087887
1.076247311827957,0.23197534733715228,5.2927699281744323e-08,0.23197540026485156,0.4996627872328105
1.0887501875468868,0.22920653520596052,5.7007859887141534e-08,0.2292065922138204,0.49954851642235887
1.1012530632658164,0.22648700084025444,6.141028506268787e-08,0.2264870622505395,0.49941923380410796
1.1137559389847462,0.2238155817823017,6.616081749343964e-08,0.2238156479431192,0.4992754822083377
1.1262588147036758,0.22119114965113687,7.128739561255747e-08,0.2211912209385325,0.49911778401204104
1.1387616904226057,0.21861260895082332,7.682022502334512e-08,0.21861268577104834,0.49894664203345923
1.1512645661415353,0.21607889592705765,8.279196403957586e-08,0.21607897871902168,0.49876254038095175
1.163767441860465,0.21358897746988656,8.92379245134198e-08,0.21358906670781108,0.4985659452589131
1.176270317579395,0.211141850060426,9.619628921756654e-08,0.2111419462567152,0.498357305733264
1.1887731932983245,0.20873653875957449,1.0370834715357165e-07,0.20873664246792165,0.4981370544588727
1.2012760690172544,0.20637209623681987,1.1181874827269027e-07,0.20637220805556813,0.49790560837110864
1.213778944736184,0.20404760183733267,1.2057577921923616e-07,0.2040477224131119,0.49766336934358424
1.2262818204551138,0.20176216068563002,1.3003166184064277e-07,0.20176229071729185,0.4974107248140058
1.2387846961740434,0.1995149028241823,1.4024287635374033e-07,0.19951504306705867,0.49714804837993426
1.2512875718929732,0.19730498238541275,1.5127051121427467e-07,0.19730513365592395,0.4968757003661375
1.263790447611903,0.1951315767956199,1.6318064190736084e-07,0.19513173997626182,0.49659402836511174
1.2762933233308327,0.1929938860094237,1.760447410615354e-07,0.19299406205416475,0.49630336775225176
1.2887961990497625,0.19089113177340422,1.8994012248951067e-07,0.1908913217135267,0.4960040421770559
1.301299074768692,0.18882255691766947,2.0495042197595063e-07,0.18882276186809144,0.49569636403166856
1.313801950487622,0.18678742467414594,2.2116611786800753e-07,0.1867876458402638,0.495380634897984
1.3263048262065515,0.18478501802044792,2.38685094779486e-07,0.1847852567055427,0.49505714597446
1.3388077019254814,0.1828146390482336,2.5761325399599776e-07,0.18281489666148762,0.4947261784837251
1.3513105776444112,0.18087560835500913,2.7806517446814036e-07,0.1808758864201836,0.494388004061995
1.3638134533633408,0.17896726445839173,3.0016482860452704e-07,0.17896756462322033,0.49404288513126166
1.3763163290822706,0.17708896323188814,3.240463574284935e-07,0.17708928727824558,0.4936910752551545
1.3888192048012002,0.17524007736129069,3.4985491004382855e-07,0.17524042721620073,0.49333281947933133
1.40132208052013,0.17341999582083387,3.777475527684037e-07,0.17342037356838663,0.49296835465720285
1.4138249562390597,0.17162812336829514,4.0789425374277145e-07,0.17162853126254887,0.49259790976175205
1.4263278319579895,0.16986388005826047,4.4047894930658785e-07,0.1698643205372098,0.49222170618417005
1.4388307076769193,0.16812670077281264,4.7570069896229893e-07,0.1681271764735116,0.4918399580199895
1.451333583395849,0.16641603476893163,5.137749363162597e-07,0.16641654854386795,0.49145287234336227
1.4638364591147788,0.16473134524193167,5.549348240061191e-07,0.16473190017675568,0.4910606494700947
1.4763393348337084,0.16307210890428858,5.9943272129389e-07,0.16307270833700988,0.49066348321002295
1.4888422105526382,0.16143781557923992,6.475417737310179e-07,0.16143846312101365,0.49026156110928226
1.5013450862715678,0.15982796780856937,6.995576350896883e-07,0.15982866736620446,0.48985506468299783
1.5138479619904976,0.15824208047401161,7.558003326087414e-07,0.1582428362743442,0.48944416963889964
1.5263508377094275,0.1566796804317411,8.166162875283667e-07,0.15668049704802864,0.4890290460923441
1.538853713428357,0.15514030615942878,8.823805038914639e-07,0.15514118853993267,0.4886098587731978
1.551356589147287,0.15362350741537667,9.534989396774152e-07,0.15362446091431634,0.4881867672250288
1.5638594648662165,0.1521288449092596,1.0304110755134648e-06,0.15212987532033512,0.4877599259970252
1.5763623405851463,0.150655889984025,1.113592697487365e-06,0.1506570035767225,0.48732948482904975
1.588865216304076,0.14920422430851996,1.2035589119708443e-06,0.14920542786743193,0.4868955888302229
1.6013680920230058,0.147773439580435,1.300867411866005e-06,0.1477747404478469,0.486458378651415
1.6138709677419356,0.14636313723916994,1.4061220153152908e-06,0.14636454336118526,0.48601799065201545
1.6263738434608652,0.14497292818824556,1.5199764996815319e-06,0.14497444816474525,0.4855745570613381
1.638876719179795,0.14360243252689944,1.643138755518463e-06,0.14360407566565497,0.485128206135013
1.6513795948987247,0.14225127929052098,1.7763752873271771e-06,0.14225305566580831,0.4846790623067065
1.6638824706176545,0.14091910619959377,1.92051609014352e-06,0.1409210267156839,0.4842272463355079
1.676385346336584,0.139605559416829,2.076459933439763e-06,0.13960763587676245,0.4837728754493147
1.688888222055514,0.13831029331218503,2.2451800864677922e-06,0.1383125384922715,0.48331606348454553
1.7013910977744438,0.13703297023548233,2.4277305220365584e-06,0.13703539796600436,0.4828569210225095
1.7138939734933734,0.13577326029633452,2.625252638823536e-06,0.13577588554897335,0.48239555552275915
1.7263968492123032,0.13453084115112743,2.8389825456877725e-06,0.13453368013367312,0.48193207145375694
1.7388997249312328,0.1333053977967896,3.070258955102934e-06,0.1333084680557447,0.4814665704211856
1.7514026006501626,0.13209662237110767,3.32053173678695e-06,0.13209994290284446,0.48099915129424065
1.7639054763690922,0.13090421395935103,3.5913711868947763e-06,0.13090780533053792,0.48052991033024667
1.776408352088022,0.1297278784069775,3.884478072792118e-06,0.12973176288505028,0.4800589412979475
1.7889112278069519,0.12856732813820443,4.201694518469187e-06,0.1285715298327229,0.47958633559983177
1.8014141035258815,0.12742228198023434,4.545015801118509e-06,0.12742682699603544,0.47911218239386355
1.8139169792448113,0.12629246499293584,4.9166031353247504e-06,0.12629738159607115,0.478636568715006
1.826419854963741,0.12517760830378666,5.31879752773491e-06,0.1251829271013144,0.47815957959693667
1.8389227306826708,0.12407744894789396,5.7541347920373996e-06,0.124083203082686,0.47768129819437705
1.8514256064016004,0.1229917297129141,6.225361821621253e-06,0.12299795507473572,0.47720180590647326
1.8639284821205302,0.12192019898870109,6.735454225462551e-06,0.12192693444292654,0.47672118250169404
1.87643135783946,0.12086261062152019,7.2876354416454785e-06,0.12086989825696184,0.47623950624473427
1.8889342335583896,0.11981872377266795,7.88539745252799e-06,0.11982660917012047,0.4757568540259428
1.9014371092773195,0.11878830278134805,8.532523235967856e-06,0.11879683530458403,0.47527330149382685
1.913939984996249,0.11777111703165664,9.233111098301128e-06,0.11778035014275494,0.47478892319121907
1.926442860715179,0.11676694082353727,9.991601046983178e-06,0.11677693242458424,0.47430379269573547
1.9389457364341085,0.1157755532475703,1.081280337404086e-05,0.11578636605094435,0.4738179827651938
1.9514486121530383,0.11479673806346767,1.1701929635826539e-05,0.1148084399931035,0.47333156548871447
1.9639514878719682,0.11383028358214747,1.2664626230102021e-05,0.11384294820837758,0.47284461244427284
1.9764543635908978,0.11287598255126922,1.3707010788310488e-05,0.11288968956205754,0.47235719486353805
1.9889572393098276,0.11193363204411316,1.483571161912324e-05,0.11194846775573229,0.47186938380488996
2.0014601150287574,0.11100303335169351,1.6057910459089518e-05,0.11101909126215259,0.47138125033558137
2.013962990747687,0.11008399187799785,1.7381388807594775e-05,0.11010137326680544,0.47089286572408684
2.0264658664666166,0.10917631703824937,1.8814578146478066e-05,0.10919513161639585,0.47040430164376246
2.0389687421855465,0.10827982216009382,2.0366614369714836e-05,0.10830018877446354,0.4699156303890361
2.0514716179044763,0.10739432438761395,2.2047396775691856e-05,0.10741637178438965,0.4694269251054423
2.063974493623406,0.10651964458808046,2.386765200394999e-05,0.1065435122400844,0.4689382600349297
2.0764773693423355,0.10565560726135029,2.5839003330024988e-05,0.10568144626468032,0.4684497107779839
2.0889802450612653,0.1048020404518267,2.7974045766368743e-05,0.10483001449759306,0.46796135457424043
2.101483120780195,0.1039587756628986,3.0286427454483398e-05,0.10398906209035308,0.4674732706034011
2.113985996499125,0.10312564777377992,3.2790937873570346e-05,0.10315843871165349,0.4669855403084219
2.1264888722180544,0.10230249495867218,3.550360343441567e-05,0.1023379985621066,0.4664982477431045
2.138991747936984,0.10148915860817623,3.844179107415237e-05,0.10152760039925038,0.4660114799464067
2.151494623655914,0.10068548325288257,4.16243205182242e-05,0.1007271075734008,0.46552532734598095
2.163997499374844,0.09989131648907063,4.507158593060814e-05,0.09993638807500123,0.4650398841936642
2.1765003750937737,0.09910650890645131,4.880568773242791e-05,0.09915531459418374,0.46455524903587303
2.189003250812703,0.09833091401788892,5.2850575432834056e-05,0.09838376459332175,0.4640715252221074
2.201506126531633,0.09756438819103999,5.723220238476305e-05,0.09762162039342476,0.4635888214550368
2.2140090022505627,0.09680679058185071,6.197869345227798e-05,0.09686876927530298,0.4631072523859387
2.2265118779694926,0.0960579830698542,6.712052665600405e-05,0.0961251035965102,0.4626269392595701
2.2390147536884224,0.09531783019521287,7.269072994908755e-05,0.09539052092516195,0.46214801061290073
2.251517629407352,0.09458619909745226,7.872509436853114e-05,0.09466492419182079,0.46167060303250307
2.2640205051262816,0.09386295945583427,8.526240490610715e-05,0.09394822186074038,0.4611948619757915
2.2765233808452114,0.09314798343132019,9.23446905497446e-05,0.09324032812186994,0.46072094266173336
2.2890262565641413,0.09244114561007519,0.00010001749506077028,0.09254116310513595,0.4602490110371134
2.3015291322830707,0.09174232294846736,0.00010833017017508048,0.09185065311864245,0.4597792448249295
2.3140320080020005,0.09105139471951676,0.00011733619304768232,0.09116873091256444,0.4593118346620252
2.3265348837209303,0.09036824246075063,0.0001270935099004752,0.09049533597065111,0.45884698533363527
2.33903775943986,0.0896927499234228,0.0001376649079830903,0.08983041483140589,0.4583849171131232
2.35154063515879,0.0890248030230567,0.0001491184181163953,0.08917392144117309,0.45792586721583683
2.3640435108777194,0.08836428979127264,0.00016152775025830352,0.08852581754153095,0.45747009137669453
2.376546386596649,0.0877111003288614,0.00017497276471203392,0.08788607309357344,0.457017865561841
2.389049262315579,0.08706512676006743,0.00018953998178817484,0.08725466674185561,0.4565694878254808
2.401552138034509,0.08642626318804628,0.00020532313293393522,0.08663158632098021,0.45612528032380656
2.4140550137534387,0.0857944056514615,0.00022242375655573806,0.08601682940801723,0.45568559149878574
2.426557889472368,0.0851694520821884,0.00024095184198470707,0.08541040392417311,0.45525079844545463
2.439060765191298,0.08455130226409205,0.00026102652526816493,0.08481232878936021,0.45482130947728566
2.4515636409102277,0.08393985779284872,0.00028277684071337185,0.0842226346335621,0.4543975669051358
2.4640665166291575,0.08333502203678059,0.00030634253236147985,0.08364136456914206,0.45398005004624964
2.476569392348087,0.0827367000986746,0.0003318749298286125,0.08306857502850322,0.45356927848076495
2.4890722680670168,0.08214479877855731,0.0003595378932154632,0.08250433667177277,0.4531658155741386
2.5015751437859466,0.0815592265373986,0.0003895088320543344,0.08194873536945294,0.45277027228487043
2.5140780195048764,0.0809798934617177,0.00042197980353028415,0.08140187326524799,0.4523833112778163
2.5265808952238062,0.08040671122906601,0.0004571586954770426,0.08086386992454304,0.45200565136424276
2.5390837709427356,0.07983959307436199,0.0004952704999040214,0.08033486357426602,0.4516380722905428
2.5515866466616655,0.0792784537570542,0.0005365586830521862,0.07981501244010639,0.45128141989817194
2.5640895223805953,0.07872320952908937,0.0005812866581965885,0.07930449618728597,0.4509366116778408
2.576592398099525,0.07817377810366273,0.000629739367603468,0.0788035174712662,0.45060464274124784
2.589095273818455,0.07763007862472925,0.0006822249801993636,0.07831230360492861,0.4502865922336092
2.6015981495373843,0.07709203163725423,0.0007390767116062354,0.07783110834886046,0.44998363020985443
2.614101025256314,0.07655955905818328,0.0008006547732252189,0.0773602138314085,0.44969702499653325
2.626603900975244,0.0760325841481116,0.0008673484569944131,0.07689993260510603,0.4494281510601053
2.639106776694174,0.07551103148363333,0.0009395783622823786,0.07645060984591572,0.44917849740026344
2.651609652413103,0.07499482693035271,0.0010177987710838314,0.07601262570143655,0.4489496764841172
2.664112528132033,0.07448389761653845,0.001102500177228849,0.0755863977937673,0.4487434337332937
2.676615403850963,0.07397817190740454,0.0011942119746680964,0.07517238388207263,0.44856165757112304
2.6891182795698927,0.07347757937999995,0.0012935053090154514,0.0747710846890154,0.4484063900308512
2.7016211552888225,0.07298205079869104,0.001400996095371157,0.0743830468940622,0.4482798379180565
2.714124031007752,0.07249151809122091,0.0015173482039621882,0.07400886629518309,0.4481843845108797
2.7266269067266817,0.07200591432532971,0.0016432768132635769,0.07364919113859329,0.4481226017700343
2.7391297824456116,0.07152517368592175,0.001779551927938979,0.07330472561386073,0.4480972630165571
2.7516326581645414,0.07104923145276383,0.0019270020560869388,0.07297623350885077,0.448111356018563
2.764135533883471,0.07057802397870176,0.00208651803681832,0.07266454201552008,0.44816809640855465
2.7766384096024006,0.07011148866838048,0.0022590570050294136,0.07237054567340989,0.44827094132976625
2.7891412853213304,0.06964956395745497,0.0024456464752747476,0.07209521043272972,0.44842360318325747
2.8016441610402603,0.06919218929227926,0.002647388520776359,0.07183957781305561,0.44863006331669825
2.81414703675919,0.06873930511006018,0.0028654640167187573,0.07160476912677895,0.4488945854607192
2.8266499124781195,0.06829085281946488,0.003101136908952296,0.07139198972841718,0.4492217286791337
2.8391527881970493,0.06784677478166914,0.00335575845994248,0.07120253324161162,0.4496163595551375
2.851655663915979,0.06740701429183613,0.003630771413140828,0.07103778570497696,0.4500836632867795
2.864158539634909,0.06697151556101356,0.003927714004805427,0.070899229565819,0.4506291533117629
2.876661415353839,0.06654022369843926,0.004248223738571105,0.07078844743701036,0.4512586790244051
2.889164291072768,0.06611308469424383,0.004594040822692558,0.07070712551693639,0.45197843108707386
2.901667166791698,0.06569004540254113,0.004967011152826645,0.07065705655536778,0.4527949437757171
2.914170042510628,0.06527105352489597,0.005369088704503497,0.07064014222939946,0.4537150937357119
2.9266729182295577,0.06485605759415985,0.005802337179153332,0.07065839477331319,0.45474609446220493
2.9391757939484875,0.06444500695866515,0.006268930725890266,0.07071393768455542,0.4558954857609659
2.951678669667417,0.06403785176676886,0.0067711535385111075,0.07080900530527998,0.45717111739474736
2.9641815453863467,0.06363454295173708,0.007311398103795914,0.070945941055533,0.4585811260800846
2.9766844211052765,0.06323503221696156,0.00789216185382695,0.0711271940707885,0.4601339049748972
2.9891872968242064,0.06283927202150018,0.008516041952517348,0.07135531397401752,0.4618380647933169
3.0016901725431357,0.06244721556593303,0.009185727925945091,0.07163294349187813,0.46370238570650935
3.0141930482620656,0.06205881677852648,0.009903991828789755,0.07196280860731624,0.46573575924292754
3.0266959239809954,0.06167403030169759,0.010673675626833039,0.07234770592853063,0.4679471194945636
3.0391987996999252,0.061292811478771116,0.011497675470096242,0.07279048694886736,0.47034536307331737
3.051701675418855,0.06091511634102238,0.012378922535044124,0.0732940388760665,0.47293925744888937
3.0642045511377844,0.06054090159499854,0.013320360129975456,0.073861261724974,0.4757373375408371
3.0767074268567143,0.06017012461011178,0.014324916788064024,0.07449504139817581,0.478747790735128
3.089210302575644,0.05980274340649752,0.015395475120460883,0.0751982185269584,0.48197833084985736
3.101713178294574,0.05943871664313138,0.01653483627035881,0.07597355291349019,0.4854360619830717
3.1142160540135038,0.05907800360619848,0.017745679900666174,0.07682368350686465,0.4891273336315711
3.126718929732433,0.05872056419770913,0.01903051976517309,0.07775108396288222,0.4930575889629523
3.139221805451363,0.05836635892435474,0.020391655057232467,0.0787580139815872,0.4972312086394436
3.151724681170293,0.058015348886598386,0.021831117901241624,0.07984646678784,0.5016513531123776
3.1642275568892226,0.057667495767994306,0.02335061754920733,0.08101811331720163,0.5063198068073804
3.176730432608152,0.05732276182473081,0.024951482063971013,0.08227424388870183,0.511236828075858
3.189233308327082,0.056981109875391386,0.026634598506405906,0.0836157083817973,0.5164010091688357
3.2017361840460117,0.05664250329092872,0.02840035288747938,0.0850428561784081,0.5218091507639839
3.2142390597649415,0.05630690598484667,0.030248571386047186,0.08655547737089385,0.5274561557154561
3.2267419354838713,0.05597428240358522,0.03217846455536554,0.08815274695895076,0.5333349466709871
3.2392448112028007,0.05564459751710358,0.03418857642894922,0.08983317394605281,0.5394364119881325
3.2517476869217306,0.05531781680965686,0.036276740571300266,0.09159455738095712,0.5457493839649725
3.2642505626406604,0.054993906270761936,0.03844004518241318,0.09343395145317512,0.5522606527725537
3.27675343835959,0.05467283238634765,0.04067480933907173,0.09534764172541937,0.5589550186403609
3.2892563140785196,0.05435456213008554,0.04297657232582599,0.09733113445591153,0.5658153838183726
3.3017591897974494,0.05403906295489656,0.04534009776400238,0.09937916071889893,0.5728228846493323
3.3142620655163793,0.05372630278462991,0.047759393884647144,0.10148569666927706,0.5799570627757601
3.326764941235309,0.05341625000590993,0.05022775081576722,0.10364400082167716,0.5871960731330883
3.339267816954239,0.05310887346014714,0.052737795179790825,0.10584666863993797,0.5945169250081652
3.3517706926731683,0.05280414243570987,0.05528156164764328,0.10808570408335315,0.6018957511426108
3.364273568392098,0.052502026660252485,0.05785058040386698,0.11035260706411947,0.6093080987062097
3.376776444111028,0.052202496293196864,0.06043597878245049,0.11263847507564735,0.6167292350262253
3.389279319829958,0.051905521918363604,0.06302859467923631,0.11493411659759992,0.624134460294551
3.4017821955488876,0.05161107453674951,0.06561909877815665,0.11723017331490616,0.6314994191317662
3.414285071267817,0.051319125559448085,0.0681981221857226,0.1195172477451707,0.6388004028922911
3.426787946986747,0.05102964680070971,0.07075638578416144,0.12178603258487114,0.6460146349527784
3.4392908227056767,0.05074261047113864,0.07328482751035027,0.12402743798148891,0.6531205319184448
3.4517936984246065,0.05045798917102332,0.07577472385385291,0.12623271302487624,0.6600979346690229
3.464296574143536,0.050175755883797496,0.07821780213718256,0.12839355802098007,0.6669283043882457
3.4767994498624657,0.04989588396962872,0.08060634057536226,0.13050222454499097,0.673594880105136
3.4893023255813955,0.049618347159132,0.08293325367860552,0.1325516008377375,0.6800827957408233
3.5018052013003254,0.049343119547205196,0.08519216122157253,0.13453528076877772,0.6863791561189089
3.514308077019255,0.049070175586983955,0.08737743971057531,0.13644761529755928,0.6924730727835045
3.5268109527381846,0.04879949008391325,0.08948425599122703,0.13828374607514027,0.698355661710758
3.5393138284571144,0.048531038189933144,0.09150858331166037,0.14003962150159352,0.7040200060456309
3.5518167041760442,0.048264795397776096,0.09344720075546559,0.14171199615324168,0.7094610878118792
3.564319579894974,0.04800073753537359,0.09529767745760959,0.14329841499298318,0.7146756931136006
3.576822455613904,0.0477388407603695,0.09705834339932665,0.14479718415969614,0.719662295672118
3.5893253313328333,0.0474790815547379,0.0987282488377536,0.1462073303924915,0.7244209236378519
3.601828207051763,0.04722143671950325,0.1003071145652939,0.14752855128479714,0.7289530145098961
3.614331082770693,0.04696588336956038,0.10179527522209511,0.1487611585916555,0.7332612627207311
3.6268339584896228,0.04671239892859252,0.1031936178177986,0.14990601674639112,0.7373494640384066
3.639336834208552,0.04646096112408496,0.10450351747436726,0.15096447859845222,0.7412223604428267
3.651839709927482,0.04621154798243237,0.1057267722002255,0.15193832018265788,0.7448854885837864
3.664342585646412,0.04596413782413797,0.10686553826673648,0.15282967609087444,0.7483450343593778
3.6768454613653416,0.04571870925910219,0.10792226749921807,0.15364097675832025,0.7516076955923002
3.6893483370842715,0.04547524118199933,0.10889964753178767,0.15437488871378702,0.7546805542504588
3.701851212803201,0.0452337127677401,0.10980054582091582,0.15503425858865594,0.7575709591731068
3.7143540885221307,0.04499410346701816,0.11062795797613825,0.1556220614431564,0.7602864198350713
3.7268569642410605,0.04475639300193929,0.11138496075441244,0.15614135375635174,0.762834511314798
3.7393598399599903,0.04452056136173088,0.11207466988093343,0.1565952312426643,0.7652227903284552
3.75186271567892,0.044286588798530514,0.11270020270538432,0.15698679150391484,0.7674587219503068
3.7643655913978495,0.044054455823251765,0.11326464557834943,0.1573191014016012,0.7695496164548565
3.7768684671167794,0.04382414320152561,0.11377102573637665,0.15759516893790226,0.7715025755831958
3.789371342835709,0.04359563194971594,0.1142222874134433,0.15781791936315925,0.7733244474479728
3.801874218554639,0.043368903331007624,0.1146212718483237,0.15799017517933134,0.7750217892415869
3.8143770942735684,0.04314393885156552,0.1149707008282932,0.15811463967985873,0.7766008368938138
3.8268799699924982,0.042920720256763134,0.1152731633964476,0.15819388365321074,0.7780674808317052
3.839382845711428,0.042699229527479315,0.11553110534953717,0.1582303348770165,0.7794272470205232
3.851885721430358,0.04247944887646169,0.11574682116274868,0.15822627003921036,0.7806852825045559
3.8643885971492877,0.042261360744755505,0.11592244799479196,0.15818380873954746,0.7818463447166272
3.876891472868217,0.04204494779819637,0.11605996144879903,0.15810490924699538,0.7829147938813519
3.889394348587147,0.0418301929239657,0.11616117279012059,0.15799136571408628,0.7838945878968245
3.9018972243060768,0.04161707922720779,0.11622772734966541,0.1578448065768732,0.7847892791402231
3.9144001000250066,0.04140559002770672,0.11626110386983514,0.15766669389754184,0.7856020127030925
3.9269029757439364,0.04119570885662251,0.11626261457851714,0.15745832343513966,0.7863355256206482
3.939405851462866,0.040987419453284886,0.11623340580440515,0.15722082525769004,0.7869921467155596
3.9519087271817956,0.040780705762043616,0.1161744589737271,0.1569551647357707,0.7875737967298992
3.9644116029007255,0.04057555192917446,0.11608659185404128,0.15666214378321575,0.7880819884691453
3.9769144786196553,0.040371942299839286,0.11597045993502877,0.15634240223486806,0.7885178267293801
3.9894173543385847,0.040169861415099525,0.11582655785917903,0.15599641927427854,0.7888820078234038
4.001920230057515,0.039969294008981825,0.11565522083703594,0.15562451484601778,0.7891748185637735
4.014423105776445,0.03977022500559487,0.11545662600241086,0.15522685100800573,0.7893961346012887
4.026925981495374,0.03957263951629624,0.11523079368287456,0.1548034331991708,0.7895454180567604
4.039428857214304,0.03937652283690846,0.1149775885801531,0.15435411141706157,0.7896217144226407
4.051931732933234,0.03918186044498335,0.11469672087400853,0.15387858131899187,0.7896236487499411
4.064434608652164,0.038988637997113364,0.11438774728203634,0.1533763852791497,0.7895494211754855
4.0769374843710935,0.03879684132628938,0.11405007212678551,0.15284691345307488,0.789396801885633
4.089440360090023,0.03860645643930383,0.11368294848091365,0.15228940492021747,0.7891631256557985
4.101943235808953,0.03841746951419827,0.11328547948089578,0.15170294899509404,0.7888452861510277
4.114446111527883,0.0382298668977547,0.1128566199202301,0.1510864868179848,0.78843973022208
4.126948987246813,0.0380436351030295,0.11239517825416871,0.15043881335719822,0.7879424524843813
4.139451862965742,0.03785876080692945,0.11189981916970615,0.1497585799766356,0.7873489905241439
4.151954738684672,0.037675230847828756,0.11136906689672385,0.1490442977445526,0.7866544211370227
4.164457614403601,0.03749303222322651,0.11080130945852637,0.14829434168175287,0.785853358069777
4.176960490122531,0.037312152087443665,0.11019480408205333,0.147506956169497,0.7849399518041013
4.189463365841461,0.03713257774935879,0.10954768400916762,0.14668026175852641,0.7839078919933021
4.201966241560391,0.03695429667018189,0.10885796696972898,0.14581226363991087,0.7827504132355403
4.214469117279321,0.03677729646126551,0.10812356559354544,0.14490086205481095,0.7814603049401497
4.2269719929982505,0.03660156488195256,0.107342300050364,0.14394386493231656,0.7800299261136237
4.23947486871718,0.036427089837459875,0.10651191321313584,0.1429390030505957,0.7784512259560575
4.251977744436109,0.03625385937679715,0.1056300886379154,0.14188394801471255,0.7767157712131817
4.264480620155039,0.03608186169072032,0.10469447164169696,0.1407763333324173,0.7748147812687749
4.276983495873969,0.035911085109718965,0.10370269373482434,0.1396137788445433,0.7727391719815361
4.289486371592899,0.035741518102036844,0.10265240062474511,0.13839391872678194,0.770479609262871
4.301989247311829,0.03557314927172517,0.10154128395025476,0.13711443322197991,0.7680265733503063
4.3144921230307585,0.03540596735672784,0.10036711682756475,0.13577308418429257,0.7653704346476433
4.326994998749688,0.035239961226998115,0.09912779318952651,0.13436775441652463,0.7625015418696073
4.339497874468618,0.03507511988264614,0.09782137077581678,0.13289649065846293,0.7594103230380388
4.352000750187548,0.034911432452116704,0.09644611748451808,0.1313575499366348,0.7560873996219173
4.364503625906478,0.034748888190396704,0.09500056062537196,0.12974944881576866,0.7525237137896648
4.377006501625407,0.034587476477251765,0.09348353842485063,0.1280710149021024,0.7487106683467697
4.3895093773443365,0.03442718681549139,0.09189425292798872,0.12632143974348012,0.7446402784658129
4.402012253063266,0.03426800882926232,0.09023232322892914,0.12450033205819147,0.7403053337850567
4.414515128782196,0.03410993226236932,0.08849783775112734,0.12260777001349665,0.7356995688668229
4.427018004501126,0.03395294697662308,0.08669140410137922,0.12064435107800231,0.730817839385213
4.439520880220056,0.03379704295021464,0.08481419485362077,0.11861123780383541,0.7256563007780431
4.452023755938986,0.03364221027611591,0.08286798749465228,0.11651019777076818,0.7202125854805714
4.4645266316579155,0.03348843916050573,0.08085519670093562,0.11434363586144135,0.7144859742948073
4.477029507376845,0.0333357199212211,0.07877889712900564,0.11211461705022674,0.708477556978427
4.489532383095774,0.03318404298623307,0.0766428350051178,0.10982687799135088,0.7021903768042385
4.502035258814704,0.033033398892146786,0.07445142700177515,0.10748482589392194,0.6956295536864404
4.514538134533634,0.032883778282725394,0.07220974519330514,0.10509352347603054,0.6888023805309078
4.527041010252564,0.03273517190743726,0.06992348728609007,0.10265865919352733,0.6817183877721354
4.539543885971494,0.03258757062002609,0.06759893180973052,0.1001865024297566,0.674389371625821
4.552046761690423,0.032440965377103614,0.06524287851327763,0.09768384389038125,0.6668293824140346
4.564549637409353,0.03229534723676431,0.0628625748079391,0.09515792204470341,0.6590546703922054
4.577052513128283,0.03215070735722196,0.0604656297003555,0.09261633705757746,0.6510835877874062
4.589555388847213,0.032007036995467364,0.058059917230938056,0.09006695422640543,0.642936447191209
4.602058264566142,0.031864327505947185,0.05565347193150352,0.08751779943745071,0.6346353379680035
4.614561140285072,0.0317225703392632,0.05325437921009247,0.08497694954935567,0.6262039038607327
4.6270640160040015,0.03158175704089187,0.05087066382932457,0.08245242087021644,0.6176670864154863
4.639566891722931,0.03144187924992373,0.04851017974818506,0.0799520589981088,0.6090508401214992
4.652069767441861,0.03130292869782226,0.04618050453747837,0.07748343323530063,0.6003818262002456
4.664572643160791,0.03116489720720189,0.04388884136038475,0.07505373856758664,0.5916870927181923
4.677075518879721,0.03102777669062492,0.04164193114766275,0.07266970783828766,0.5829937491042224
4.689578394598651,0.03089155914941679,0.03944597711837893,0.07033753626779572,0.5743286432094031
4.7020812703175805,0.030756236672499625,0.037306583235549834,0.06806281990804947,0.5657180487616053
4.71458414603651,0.030621801435243574,0.0352287075799162,0.06585050901515978,0.5571873704700301
4.727087021755439,0.0304882456983357,0.03321663101306015,0.06370487671139585,0.5487608731724317
4.739589897474369,0.030355561806666063,0.031273940919327683,0.06162950272599375,0.5404614403511957
4.752092773193299,0.030223742188230807,0.02940352929514909,0.0596272714833799,0.5323103661412245
4.764595648912229,0.03009277935305181,0.027607604017515143,0.05770038337056695,0.5243271836820697
4.777098524631159,0.029962665892112713,0.025887711785332765,0.05585037767744548,0.5165295313948833
4.789601400350088,0.029833394476311007,0.02424477099439108,0.054078165470702086,0.5089330575496531
4.802104276069018,0.029704957855425946,0.02267911267724888,0.052384070532674826,0.5015513623776321
4.814607151787948,0.02957734885710192,0.02119052760559669,0.05076787646269861,0.4943959760135551
4.827110027506878,0.029450560385847115,0.019778317701901256,0.04922887808774837,0.48747636974553316
4.839612903225807,0.02932458542204716,0.018441350023764354,0.047765935445811515,0.4807999974190935
4.852115778944737,0.0291994170209935,0.017178111751499116,0.04637752877249261,0.47437236338711275
4.8646186546636665,0.029075048311926286,0.015986764810162597,0.04506181312208889,0.46819711311228907
4.877121530382596,0.028951472497091457,0.014865198976187178,0.04381667147327863,0.462276142399787
4.889624406101526,0.02882868285081184,0.013811082542387358,0.0426397653931992,0.45660972124674487
4.902127281820456,0.02870667271857201,0.012821909832533562,0.04152858255110557,0.4511966284216977
4.914630157539386,0.028585435516116708,0.011895045059571214,0.04048048057568792,0.4460342931086837
4.927133033258316,0.02846496472856245,0.011027762204173064,0.03949272693273551,0.44111894024597437
4.9396359089772455,0.028345253909522392,0.01021728074918725,0.03856253465870964,0.43644573653701985
4.952138784696174,0.028226296680243863,0.009460797239196586,0.037687093919440445,0.4320089344920408
4.964641660415104,0.028108086728758655,0.008755512742901676,0.03686359947166033,0.4278020122555072
4.977144536134034,0.02799061780904571,0.008098656380625796,0.036089274189671505,0.42381780737265695
4.989647411852964,0.027873883740206044,0.007487505141957637,0.03536138888216368,0.42004864303484446
5.002150287571894,0.027757878405649635,0.0069194002619452485,0.03467727866759488,0.41648644570900556
5.014653163290824,0.02764259575229421,0.006391760451089012,0.03403435620338322,0.41312285339334875
5.027156039009753,0.027528029789775584,0.00590209228746205,0.03343012207723763,0.40994931404433216
5.039658914728683,0.027414174589669486,0.005447998081286772,0.03286217267095626,0.40695717398583603
5.052161790447613,0.027301024284724577,0.005027181515683121,0.0323282058004077,0.4041377563387844
5.064664666166542,0.027188573068106577,0.004637451354268175,0.031826024422374755,0.40148242969843007
5.077167541885472,0.02707681519265319,0.00427672348871542,0.03135353868136861,0.39898266743844313
5.089670417604402,0.02696574497013983,0.003943021578860423,0.030908766549000252,0.3966300981381608
5.1021732933233315,0.026855356770555776,0.0036344765157591344,0.03048983328631491,0.39441654771487045
5.114676169042261,0.026745645021390728,0.0033493249152936324,0.03009496993668436,0.39233407390029584
5.127179044761191,0.026636604206931522,0.003085906827265929,0.02972251103419745,0.39037499373323137
5.139681920480121,0.026528228867568865,0.002842662823005668,0.02937089169057453,0.38853190475226834
5.152184796199051,0.026420513599113928,0.002618130603760758,0.029038644202874685,0.3867977005674732
5.164687671917981,0.026313453052124614,0.002410941252805817,0.028724394304930432,0.38516558147111907
5.1771905476369104,0.026207041931241397,0.00221981523645929,0.028426857167700686,0.3836290607183514
5.189693423355839,0.026101274994532516,0.0020435582431100044,0.02814483323764252,0.3821819670717605
5.202196299074769,0.02599614705284835,0.0018810569349289805,0.027877203987777332,0.38081844416173916
5.214699174793699,0.025891652969185025,0.0017312746741337181,0.027622927643318744,0.3795329471692811
5.227202050512629,0.025787787658056793,0.0015932472744053284,0.02738103493246212,0.37832023729127146
5.239704926231559,0.02568454608487729,0.0014660788182296468,0.027150624903106935,0.377175374401716
5.2522078019504885,0.025581923265349426,0.0013489375724311287,0.026930860837780554,0.37609370827685207
5.264710677669418,0.025479914264863814,0.0012410520268705926,0.026720966291734406,0.3750708687084865
5.277213553388348,0.025378514197905537,0.0011417070750636285,0.026520221272969165,0.37410275478880245
5.289716429107278,0.02527771822746918,0.0010502403502288921,0.026327958577698072,0.37318552361165536
5.302219304826207,0.02517752156448201,0.0009660387258818417,0.026143560290363854,0.37231557860027165
5.314722180545137,0.025077919467235064,0.0008885349864413584,0.025966454453676423,0.37148955763933544
5.327225056264067,0.024978907240822204,0.0008172046703230899,0.025796111911145295,0.37070432116074015
5.3397279319829964,0.0248804802365868,0.0007515630855589243,0.025632043322145723,0.3699569403066521
5.352230807701926,0.024782633851576107,0.0006911624960326008,0.025473796347608706,0.3692446852708866
5.364733683420856,0.024685363528003133,0.0006355894748837976,0.02532095300288693,0.36856501389972435
5.377236559139786,0.0245886647527158,0.0005844624204439962,0.025173127173159796,0.36791556061600605
5.389739434858716,0.024492533056673486,0.0005374292291730618,0.025029962285846547,0.36729412571541836
5.402242310577646,0.02439696401443064,0.000494165119416231,0.024891129133846873,0.36669866507109006
5.4147451862965745,0.024301953243627477,0.0004543705993573471,0.024756323842984825,0.3661272802717672
5.427248062015504,0.02420749640448753,0.00041776957226589354,0.02462526597675342,0.3655782092096729
5.439750937734434,0.024113589199322136,0.000384107571997239,0.024497696771319376,0.3650498171265374
5.452253813453364,0.024020227372041545,0.00035315012167477745,0.024373377493716323,0.3645405881199695
5.464756689172294,0.023927406707672676,0.0003246812085428811,0.024252087916215557,0.36404911710720234
5.477259564891224,0.023835123031883378,0.00029850186810687047,0.02413362489999025,0.36357410223910147
5.4897624406101535,0.02374337221051311,0.0002744288708587136,0.024017801081371824,0.36311433775404817
5.502265316329083,0.02365215014910991,0.0002522935051082695,0.023904443654218177,0.36266870725877015
5.514768192048013,0.023561452792473597,0.00023194044969129611,0.023793393242164892,0.36223617742128006
5.527271067766943,0.0234712761242051,0.00021322673059610147,0.0236845028548012,0.3618157920596975
5.539773943485872,0.02338161616626179,0.0001960207558344065,0.023577636922096197,0.36140666660978865
5.552276819204802,0.023292468978518728,0.00018020142317231886,0.023472670401691046,0.3610079829534852
5.564779694923732,0.023203830658335835,0.00016565729562866962,0.023369487953964506,0.3606189845903657
5.577282570642661,0.023115697340130727,0.00015228583993864928,0.023267983180069375,0.3602389721340648
5.589785446361591,0.023028065194957283,0.0001399927234648733,0.023168057918422157,0.3598672991157415
5.602288322080521,0.02294093043008973,0.0001286911653152556,0.023069621595404984,0.35950336807706534
5.614791197799451,0.022854289288612308,0.00011830133769615162,0.022972590626308458,0.3591466269356388
5.627294073518381,0.022768138049014258,0.00010874981378610526,0.022876887862800364,0.3587965656063071
5.639796949237311,0.02268247302479023,9.996905866309171e-05,0.02278244208345332,0.3584527128624301
5.6522998249562395,0.022597290564045885,9.18969600524451e-05,0.02268918752409833,0.358114633421842
5.664802700675169,0.022512587049108662,8.447639588599836e-05,0.02259706344499466,0.3577819252429249
5.677305576394099,0.022428358896143717,7.765483587328077e-05,0.022506013732016997,0.3574542170169241
5.689808452113029,0.0223446025547748,7.13839744848616e-05,0.022415986529259663,0.3571311658433543
5.702311327831959,0.022261314507710135,6.561939293429187e-05,0.022326933900644427,0.35681245507605264
5.714814203550889,0.022178491270373114,6.032024792105664e-05,0.022238811518294172,0.3564977923281414
5.7273170792698185,0.022096129390537858,5.544898506035537e-05,0.022151578375598214,0.35618690762484184
5.739819954988748,0.02201422544796946,5.097107508026184e-05,0.02206519652304972,0.3558795516937565
5.752322830707678,0.021932776054068896,4.685477100920255e-05,0.0219796308250781,0.3555754943828708
5.764825706426607,0.021851777851522536,4.307088471012387e-05,0.02189484873623266,0.35527452319714137
5.777328582145537,0.021771227513956163,3.9592581243607386e-05,0.02181082009519977,0.3549764419451407
5.789831457864467,0.021691121745593466,3.6395189655768507e-05,0.021727516935249234,0.3546810694877709
5.802334333583397,0.021611457280918903,3.3456028895495554e-05,0.021644913309814398,0.3543882385816046
5.814837209302326,0.021532230884344906,3.0754247665035985e-05,0.02156298513200994,0.3540977948099144
5.827340085021256,0.02145343934988332,2.8270677100082984e-05,0.021481710026983406,0.3538095955949237
5.839842960740186,0.0213750795008211,2.5987695261163746e-05,0.021401067196082264,0.3535235092852648
5.852345836459116,0.021297148189400077,2.3889102497527167e-05,0.021321037291897604,0.35323941431304984
5.864848712178046,0.021219642296500845,2.1960006818272804e-05,0.021241602303319118,0.35295719841535933
5.8773515878969755,0.02114255873133067,2.0186718472431176e-05,0.0211627454498031,0.3526767579153179
5.8898544636159045,0.021065894431115315,1.855665300343946e-05,0.021084451084118754,0.35239799705828073
5.902357339334834,0.020989646360794843,1.7058242100929604e-05,0.021006704602895773,0.35212082739897776
5.914860215053764,0.02091381151272319,1.568085162542545e-05,0.020929492364348618,0.3518451672357561
5.927363090772694,0.02083838690637159,1.441470623255759e-05,0.020852801612604145,0.35157094108836
5.939865966491624,0.0207633695880357,1.3250820067196379e-05,0.020776620408102898,0.35129807921593553
5.952368842210554,0.020688756630546413,1.2180933040889087e-05,0.0207009375635873,0.35102651717219757
5.9648717179294835,0.020614545132984326,1.119745224501868e-05,0.020625742585229347,0.3507561953949328
5.977374593648413,0.02054073222039776,1.0293398086104194e-05,0.020551025618483865,0.3504870588272028
5.989877469367343,0.020467315043524316,9.462354764826758e-06,0.020476777398289143,0.35021905656783237
6.002380345086272,0.02039429077851592,8.698424749014237e-06,0.020402989203264936,0.3499521415489336
6.014883220805202,0.02032165662666725,7.996186919175927e-06,0.020329652813586424,0.3496862702383899
6.027386096524132,0.02024940981414763,7.350658091456951e-06,0.020256760472239087,0.3494214023653867
6.0398889722430615,0.02017754759173616,6.757257645339463e-06,0.0201843048493815,0.34915750066720813
6.052391847961991,0.020106067234560186,6.211775006824103e-06,0.02011227900956701,0.3488945306556703
6.064894723680921,0.020034966041836993,5.710339756547954e-06,0.020040676381593542,0.3486324604016722
6.077397599399851,0.019964241336618675,5.249394151080813e-06,0.019969490730769757,0.34837126033646587
6.089900475118781,0.01989389046554018,4.8256678631448395e-06,0.019898716133403323,0.3481109030683564
6.102403350837711,0.01982391079857044,4.436154762019076e-06,0.01982834695333246,0.34785136321364146
6.11490622655664,0.019754299728766554,4.078091568673527e-06,0.019758377820335227,0.3475926172406809
6.1274091022755695,0.019685054672030994,3.7489382354966363e-06,0.01968880361026649,0.3473346433260912
6.139911977994499,0.019616173066871787,3.4463599105926997e-06,0.019619619426782378,0.3470774212221168
6.152414853713429,0.01954765237416564,3.1682103590056908e-06,0.019550820584524647,0.3468209321343158
6.164917729432359,0.019479490076923928,2.912516723419099e-06,0.019482402593647346,0.34656515860876075
6.177420605151289,0.01941168368006154,2.677465515948636e-06,0.01941436114557749,0.34631008442801514
6.189923480870219,0.01934423071016857,2.461389741835383e-06,0.019346692099910405,0.3460556945152063
6.202426356589148,0.019277128715284732,2.262757063287237e-06,0.019279391472348018,0.345801974845563
6.214929232308078,0.019210375264676532,2.0801589199174084e-06,0.01921245542359645,0.3455489123648423
6.227432108027008,0.019143967948617155,1.9123005280452346e-06,0.0191458802491452,0.34529649491410563
6.239934983745937,0.019077904378168965,1.7579916882053293e-06,0.01907966236985717,0.3450447111603548
6.252437859464867,0.019012182184968668,1.6161383354775734e-06,0.019013798323304146,0.34479355053257077
6.264940735183797,0.018946799021015034,1.4857347724418435e-06,0.018948284755787477,0.3445430031627331
6.2774436109027265,0.018881752558459208,1.3658565299623782e-06,0.01888311841498917,0.3442930598314369
6.289946486621656,0.01881704048939747,1.2556538045456568e-06,0.018818296143202018,0.3440437119177437
6.302449362340586,0.018752660525666567,1.1543454264532873e-06,0.01875381487109302,0.3437949513529447
6.314952238059516,0.018688610398641378,1.061213314731032e-06,0.01868967161195611,0.3435467705779224
6.327455113778446,0.018624887859035117,9.75597380745937e-07,0.018625863456415863,0.34329916250383957
6.339957989497376,0.01856149067670181,8.968908431288885e-07,0.018562387567544938,0.3430521204758882
6.352460865216305,0.01849841664044121,8.245359216462038e-07,0.018499241176362858,0.34280563823986776
6.364963740935234,0.018435663557805942,7.580198788073365e-07,0.01843642157768475,0.34255970991136625
6.377466616654164,0.01837322925491101,6.96871381380088e-07,0.018373926126292392,0.3423143299473446
6.389969492373094,0.018311111576245508,6.406571558400645e-07,0.018311752233401347,0.34206949311993534
6.402472368092024,0.018249308384486587,5.889789143145614e-07,0.0182498973634009,0.3418251944922869
6.414975243810954,0.018187817560315588,5.414705283543189e-07,0.018188359030843943,0.34158142939628505
6.427478119529884,0.018126637002236358,4.977954317669608e-07,0.018127134797668126,0.34133819341201865
6.439980995248813,0.018065764626395708,4.5764423271587197e-07,0.018066222270628422,0.34109548234884013
6.452483870967743,0.018005198366405944,4.207325188822041e-07,0.018005619098924827,0.3408532922279044
6.464986746686672,0.017944936173169522,3.8679884028511936e-07,0.017945322972009806,0.34061161926607153
6.477489622405602,0.017884976014705723,3.5560285456450676e-07,0.01788533161756029,0.3403704598610602
6.489992498124532,0.01782531587597935,3.269236223749686e-07,0.017825642799601724,0.3401298105777598
6.502495373843462,0.017765953758731447,3.005580406210365e-07,0.01776625431677207,0.3398896681356125
6.5149982495623915,0.017706887681311966,2.763194018271574e-07,0.017707164000713795,0.3396500293969729
6.527501125281321,0.01764811567851439,2.540360703965788e-07,0.017648369714584788,0.33941089135638086
6.540004001000251,0.01758963580141225,2.3355026537129936e-07,0.01758986935167762,0.3391722511306656
6.552506876719181,0.01753144611719757,2.1471694176388354e-07,0.017531660834139335,0.3389341059498237
6.565009752438111,0.017473544709021162,1.9740276226172584e-07,0.017473742111783423,0.33869645314860725
6.57751262815704,0.017415929675834763,1.814851517137526e-07,0.017416111160986476,0.33845929015876536
6.59001550387597,0.017358599132234982,1.6685142843139635e-07,0.017358765983663413,0.33822261450189384
6.602518379594899,0.017301551208309063,1.5339800511188e-07,0.017301704606314174,0.3379864237828364
6.615021255313829,0.017244784049482414,1.4102965493054987e-07,0.017244925079137344,0.337750715683606
6.627524131032759,0.01718829581636787,1.2965883624155402e-07,0.01718842547520411,0.33751548795777275
6.640027006751689,0.017132084684616678,1.1920507234478505e-07,0.017132203889689022,0.33728073842529377
6.652529882470619,0.01707614884477123,1.0959438111468898e-07,0.017076258439152347,0.3370464649677431
6.6650327581895485,0.01702048650211942,1.0075875056577494e-07,0.017020587260869986,0.3368126655239113
6.677535633908478,0.016965095876550672,9.26356571785442e-08,0.01696518851220785,0.33657933808575163
6.690038509627408,0.016909975202413653,8.516762259493137e-08,0.016910060370036246,0.33634648069463546
6.702541385346337,0.016855122728375523,7.830180652081566e-08,0.016855201030182045,0.33611409143790355
6.715044261065267,0.016800536717282856,7.198963234781596e-08,0.016800608706915205,0.3358821684456829
6.727547136784197,0.016746215446024077,6.618644291998168e-08,0.016746281632466997,0.33565070988795054
6.740050012503127,0.016692157205393496,6.085118427959634e-08,0.016692218056577775,0.33541971397182657
6.7525528882220565,0.016638360299956845,5.5946114826057136e-08,0.016638416246071673,0.33518917893907624
6.765055763940986,0.01658482304791834,5.143653798387904e-08,0.016584874484456325,0.3349591030638055
6.777558639659916,0.01653154378098925,4.7290556371032155e-08,0.016531591071545622,0.33472948465033486
6.790061515378846,0.01647852084425792,4.347884603197795e-08,0.01647856432310395,0.3345003220312396
6.802564391097776,0.016425752596061265,3.9974448652781414e-08,0.01642579257050992,0.3342716135655392
6.815067266816705,0.016373237407857698,3.675258071335752e-08,0.016373274160438413,0.3340433576370283
6.8275701425356345,0.01632097366410147,3.379045794685437e-08,0.016321007454559416,0.3338155526527357
6.840073018254564,0.01626895976211844,3.1067134066414516e-08,0.016268990829252507,0.3335881970415036
6.852575893973494,0.01621719411198319,2.856335239884339e-08,0.01621722267533559,0.33336128925267405
6.865078769692424,0.01616567513639753,2.6261409526027697e-08,0.016165701397807056,0.3331348277548782
6.877581645411354,0.016114401270570334,2.4145030124655233e-08,0.01611442541560046,0.3329088110349198
6.890084521130284,0.01606337096209875,2.2199251504787935e-08,0.016063393161350255,0.33268323759674073
6.9025873968492135,0.016012582670850654,2.0410317850402514e-08,0.016012603081168503,0.3324581059604692
6.915090272568143,0.015962034868848483,1.8765582851129837e-08,0.015962053634431334,0.3322334146615405
6.927593148287072,0.015911726040154284,1.7253420125817464e-08,0.01591174329357441,0.3320091622498826
6.940096024006002,0.01586165468075606,1.586314092609544e-08,0.015861670543896984,0.33178534728916614
6.952598899724932,0.01581181929845535,1.4584918579694695e-08,0.015811833883373927,0.3315619683561113
6.965101775443862,0.01576221841275609,1.3409718874261935e-08,0.015762231822474965,0.3313390240398467
6.977604651162792,0.01571285055475462,1.2329236173783255e-08,0.015712862883990795,0.331116512941317
6.990107526881721,0.015663714267030938,1.1335834642154841e-08,0.01566372560286558,0.3308944336727359
7.002610402600651,0.015614808103541137,1.0422494119412e-08,0.015614818526035256,0.3306727848570787
7.015113278319581,0.015566130629511035,9.58276058571953e-09,0.01556614021227162,0.330451565127616
7.027616154038511,0.015517680421330903,8.810700490240851e-09,0.015517689232031394,0.33023077312748017
7.040119029757441,0.015469456066451412,8.100858633331594e-09,0.015469464167310045,0.3300104075092637
7.05262190547637,0.015421456163280667,7.4482197516109504e-09,0.015421463611500418,0.32979046693465014
7.0651247811952995,0.01537367932108233,6.8481729324482035e-09,0.015373686169255264,0.3295709500740695
7.077627656914229,0.015326124159874955,6.296479021207173e-09,0.015326130456353976,0.3293518556063809
7.090130532633159,0.015278789310332275,5.789240704590609e-09,0.01527879509957298,0.3291331822185789
7.102633408352089,0.015231673413684652,5.322874757322267e-09,0.01523167873655941,0.328914928605518
7.115136284071019,0.015184775121621566,4.894087003552139e-09,0.01518478001570857,0.32869709346966325
7.127639159789949,0.015138093096195156,4.499848752940523e-09,0.015138097596043908,0.32847967552085267
7.1401420355088785,0.015091626009724784,4.137375442033557e-09,0.015091630147100226,0.3282626734760798
7.152644911227808,0.01504537254470264,3.804107065415657e-09,0.015045376348809706,0.32804608605929286
7.165147786946737,0.014999331393700355,3.497689993678183e-09,0.014999334891390348,0.3278299120012061
7.177650662665667,0.01495350125927658,3.21596027526466e-09,0.014953504475236856,0.3276141500391243
7.190153538384597,0.014907880853885622,2.956928404790634e-09,0.014907883810814027,0.3273987989167812
7.202656414103527,0.014862468899786995,2.718765281567515e-09,0.014862471618552277,0.32718385738418876
7.215159289822457,0.01481726412895594,2.499789218094655e-09,0.014817266628745157,0.32696932419749547
7.227662165541386,0.014772265282994924,2.298454045288732e-09,0.01477226758144897,0.3267551981188551
7.240165041260316,0.014727471113046044,2.113338288642661e-09,0.014727473226384333,0.3265414779163056
7.252667916979246,0.014682880379704395,1.9431350279461858e-09,0.014682882322839423,0.3263281623636538
7.265170792698176,0.014638491852932334,1.7866426335576822e-09,0.014638493639574968,0.32611525024036836
7.277673668417105,0.014594304311974638,1.6427563442068928e-09,0.014594305954730982,0.3259027403314808
7.290176544136035,0.014550316545274583,1.5104604555048761e-09,0.01455031805573504,0.32569063142749227
7.3026794198549645,0.0145065273503909,1.3888211163127307e-09,0.014506528739212017,0.3254789223242854
7.315182295573894,0.014462935533915585,1.2769797507672514e-09,0.014462936810895336,0.3252676118230426
7.327685171292824,0.014419539911392599,1.1741469383438444e-09,0.014419541085539537,0.32505669873016874
7.340188047011754,0.0143763393072374,1.0795968733280441e-09,0.014376340386834274,0.3248461818572188
7.352690922730684,0.014333332554657338,9.926622673725805e-10,0.014333333547319605,0.3246360600208302
7.365193798449614,0.01429051849557286,9.127296211666904e-10,0.014290519408302482,0.32442633204265847
7.3776966741685435,0.014247895980539545,8.392348327068904e-10,0.014247896819774378,0.32421699674931603
7.390199549887473,0.014205463868670965,7.71659263830508e-10,0.014205464640330229,0.3240080529723156
7.402702425606402,0.01416322102756233,7.095261090693184e-10,0.014163221737088439,0.32379949954801646
7.415205301325332,0.014121166333214938,6.523969116363315e-10,0.014121166985611848,0.3235913353175719
7.427708177044262,0.01407929866996141,5.998685947830931e-10,0.014079299269830004,0.32338355912688205
7.440211052763192,0.014037616930391685,5.515705658728326e-10,0.01403761748196225,0.3231761698265473
7.4527139284821216,0.013996120015279799,5.071620156240093e-10,0.013996120522441815,0.3229691662718232
7.465216804201051,0.013954806833511411,4.66329687868191e-10,0.0139548072998411,0.3227625473225809
7.477719679919981,0.013913676302012078,4.2878554524405125e-10,0.013913676730797624,0.3225563118432657
7.490222555638911,0.013872727345676267,3.9426466840399007e-10,0.013872727739940935,0.3223504587028584
7.502725431357841,0.013831958897297105,3.6252363282521744e-10,0.013831959259820737,0.3221449867748412
7.51522830707677,0.013791369897496842,3.3333848344240364e-10,0.013791370230835326,0.32193989493715985
7.5277311827957,0.013750959294658013,3.0650341038400735e-10,0.013750959601161425,0.32173518207219237
7.5402340585146295,0.013710726044855353,2.8182908303251044e-10,0.013710726326684436,0.3215308470667148
7.552736934233559,0.013670669111788365,2.591415403969339e-10,0.013670669370929905,0.32132688881187293
7.565239809952489,0.013630787466714568,2.382807190159183e-10,0.013630787704995288,0.32112330620314883
7.577742685671419,0.013591080088383476,2.190995357923549e-10,0.013591080307483011,0.320920098140335
7.590245561390349,0.013551545962971203,2.0146273010729973e-10,0.013551546164433933,0.32071726352750496
7.602748437109279,0.01351218408401575,1.8524591344954794e-10,0.013512184269261663,0.320514801272986
7.615251312828208,0.013472993452352955,1.7033472410424573e-10,0.013472993622687678,0.3203127102893334
7.627754188547137,0.013433973076053075,1.5662404584122156e-10,0.01343397323267712,0.32011098949330535
7.640257064266067,0.013395121970358026,1.4401718883942732e-10,0.013395122114375215,0.3199096378058371
7.652759939984997,0.013356439157619252,1.3242527640987646e-10,0.013356439290044528,0.3197086541520176
7.665262815703927,0.013317923667236222,1.217666136644527e-10,0.013317923789002836,0.3195080374610664
7.677765691422857,0.01327957453559554,1.1196597739375532e-10,0.013279574647561519,0.3193077866663082
7.6902685671417865,0.01324139080601068,1.0295433375181372e-10,0.013241390908965015,0.3191079007051544
7.702771442860716,0.013203371528662309,9.466813194132909e-11,0.013203371623330441,0.31890837851907755
7.715274318579646,0.013165515760539235,8.704896449945036e-11,0.0131655158475882,0.3187092190535921
7.727777194298576,0.013127822565379916,8.004314793736461e-11,0.013127822645423063,0.31851042125823253
7.740280070017506,0.013090291013614584,7.36012644467679e-11,0.013090291087215848,0.31831198408653205
7.752782945736435,0.013052920182307916,6.767792736549645e-11,0.013052920249985844,0.3181139064960034
7.765285821455365,0.01301570915510231,6.223138601025897e-11,0.013015709217333696,0.31791618744811856
7.777788697174294,0.012978657022161706,5.7223252925291976e-11,0.012978657079384958,0.3177188259082887
7.790291572893224,0.012941762880115963,5.261821192637085e-11,0.012941762932734175,0.31752182084584507
7.802794448612154,0.012905025832005803,4.838384807274955e-11,0.01290502588038965,0.31732517123402065
7.815297324331084,0.012868444987228295,4.4490317116550144e-11,0.012868445031718613,0.3171288760499304
7.827800200050014,0.012832019461482864,4.091013686045408e-11,0.012832019502393,0.31693293427455216
7.840303075768944,0.012795748376717871,3.761814019456017e-11,0.01279574841433601,0.3167373448927111
7.852805951487873,0.012759630861077675,3.459106636757864e-11,0.012759630895668742,0.3165421068930578
7.865308827206802,0.012723666048850262,3.180763596912056e-11,0.012723666080657899,0.3163472192680542
7.877811702925732,0.012687853080415352,2.924822395873294e-11,0.012687853109663576,0.31615268101395305
7.890314578644662,0.012652191102193034,2.6894774696352215e-11,0.012652191129087808,0.3159584911307816
7.902817454363592,0.012616679266592911,2.4730757405328874e-11,0.012616679291323669,0.315764648622325
7.915320330082522,0.01258131673196374,2.2740861086395503e-11,0.012581316754704601,0.31557115249610695
7.9278232058014515,0.012546102662543543,2.0911151454726713e-11,0.012546102683454694,0.315378001763376
7.940326081520381,0.012511036228410249,1.9228646413042407e-11,0.012511036247638895,0.3151851954390847
7.952828957239311,0.012476116605432783,1.7681553666443456e-11,0.012476116623114337,0.31499273254187693
7.965331832958241,0.012441342975222645,1.6258947240869065e-11,0.012441342991481592,0.31480061209406857
7.97783470867717,0.012406714525085962,1.4950845089344926e-11,0.012406714540036806,0.31460883312163274
7.9903375843961,0.012372230447975991,1.3747986588898739e-11,0.012372230461723978,0.3144173946541816
8.00284046011503,0.012337889942446114,1.2641930455854195e-11,0.012337889955088045,0.31422629572495264
8.01534333583396,0.012303692212603268,1.1624872770481801e-11,0.012303692224228141,0.3140355353707907
8.02784621155289,0.012269636468061824,1.068962526894861e-11,0.012269636478751449,0.31384511263213255
8.040349087271817,0.012235721923897921,9.829673515847078e-12,0.012235721933727595,0.3136550265529925
8.052851962990747,0.01220194780060422,9.038895922119864e-12,0.012201947809643116,0.31346527618094355
8.065354838709677,0.012168313324045152,8.311742032457369e-12,0.012168313332356894,0.3132758605671049
8.077857714428607,0.012134817725412523,7.643091553546925e-12,0.012134817733055614,0.3130867787661248
8.090360590147537,0.01210146024118159,7.028273101653229e-12,0.012101460248209864,0.3128980298361658
8.102863465866466,0.012068240113067556,6.462883905467224e-12,0.01206824011953044,0.3127096128388879
8.115366341585396,0.012035156587982468,5.943007853584801e-12,0.012035156593925476,0.31252152683943607
8.127869217304326,0.012002208917992547,5.46495578087734e-12,0.012002208923457503,0.3123337709064224
8.140372093023256,0.011969396360275896,5.0253443276672335e-12,0.01196939636530124,0.31214634411191206
8.152874968742186,0.011936718177080655,4.621114986317542e-12,0.011936718181701769,0.31195924553140925
8.165377844461116,0.011904173635683517,4.2494141515435555e-12,0.01190417363993293,0.3117724742438408
8.177880720180045,0.011871762008348654,3.907612411622002e-12,0.011871762012256266,0.3115860293315417
8.190383595898975,0.011839482572287043,3.593303955760199e-12,0.011839482575880347,0.31139990988024085
8.202886471617905,0.011807334609616159,3.3042861676290025e-12,0.011807334612920444,0.3112141149790461
8.215389347336835,0.011775317407320069,3.038519474211164e-12,0.011775317410358588,0.31102864372042954
8.227892223055765,0.011743430257209898,2.7941269168116747e-12,0.011743430260004026,0.31084349520021304
8.240395098774695,0.011711672455884652,2.5693739362886463e-12,0.011711672458454026,0.3106586685175534
8.252897974493624,0.011680043304692451,2.362727340481963e-12,0.01168004330705518,0.3104741627749296
8.265400850212552,0.011648542109692085,2.1726966278842672e-12,0.011648542111864781,0.3102899770781259
8.277903725931482,0.011617168181614953,1.9979524287574584e-12,0.011617168183612905,0.31010611053621945
8.290406601650412,0.011585920835827363,1.837286592446254e-12,0.01158592083766465,0.3099225622615657
8.302909477369342,0.01155479939229319,1.6895131715829174e-12,0.011554799393982703,0.30973933136978343
8.315412353088272,0.011523803175536862,1.5536459374095855e-12,0.011523803177090508,0.3095564169797426
8.327915228807202,0.011492931514606711,1.4287006634361632e-12,0.011492931516035412,0.30937381821354815
8.340418104526131,0.011462183743038673,1.3137936710765189e-12,0.011462183744352466,0.3091915341965275
8.352920980245061,0.011431559198820305,1.2081415756779777e-12,0.011431559200028446,0.30900956405721663
8.365423855963991,0.011401057224355164,1.1109822627100581e-12,0.011401057225466147,0.3088279069273454
8.377926731682921,0.011370677166427492,1.0216535625530771e-12,0.011370677167449146,0.30864656194182505
8.39042960740185,0.011340418376167257,9.394946319347809e-13,0.011340418377106752,0.3084655282387329
8.40293248312078,0.011310280209015497,8.639246024383366e-13,0.011310280209879422,0.30828480495930044
8.41543535883971,0.011280262024689992,7.944620374497516e-13,0.011280262025484454,0.3081043912478995
8.42793823455864,0.011250363187151271,7.305871682851751e-13,0.011250363187881859,0.30792428625202745
8.44044111027757,0.011220583064568903,6.718401628034581e-13,0.011220583065240743,0.3077444891222949
8.4529439859965,0.011190921029288127,6.178013506553477e-13,0.011190921029905928,0.30756499901241213
8.46544686171543,0.011161376457796777,5.68130358991319e-13,0.011161376458364907,0.3073858150791765
8.47794973743436,0.011131948730692514,5.224482698297298e-13,0.011131948731214963,0.30720693648245745
8.49045261315329,0.011102637232650365,4.804357037786218e-13,0.0111026372331308,0.3070283623851849
8.502955488872217,0.011073441352390561,4.417934961677643e-13,0.011073441352832355,0.3068500919533355
8.515458364591147,0.011044360482646644,4.062818080318535e-13,0.011044360483052927,0.3066721243559202
8.527961240310077,0.011015394020133918,3.736221261348113e-13,0.01101539402050754,0.30649445876496967
8.540464116029007,0.010986541365518151,3.4357560088530305e-13,0.010986541365861727,0.306317094355523
8.552966991747937,0.010957801923384566,3.159625045300743e-13,0.010957801923700529,0.30614003030561465
8.565469867466867,0.010929175102207127,2.9054482585928455e-13,0.010929175102497673,0.3059632657962601
8.577972743185796,0.010900660314318108,2.6718268514185834e-13,0.01090066031458529,0.3057868000114454
8.590475618904726,0.010872256975877919,2.457169479218027e-13,0.010872256976123635,0.3056106321381128
8.602978494623656,0.010843964506845232,2.2594975099945755e-13,0.010843964507071181,0.30543476136614767
8.615481370342586,0.010815782330947368,2.0778114705497517e-13,0.01081578233115515,0.3052591868883682
8.627984246061516,0.010787709875650942,1.910918828146176e-13,0.010787709875842034,0.3050839079005107
8.640487121780446,0.01075974657213279,1.7572395210582273e-13,0.010759746572308514,0.30490892360121735
8.652989997499375,0.01073189185525116,1.6159757126518013e-13,0.010731891855412758,0.30473423319202525
8.665492873218305,0.010704145163517153,1.4859416465568867e-13,0.010704145163665748,0.30455983587735225
8.677995748937235,0.010676505939066418,1.3665377005045483e-13,0.010676505939203072,0.30438573086448617
8.690498624656165,0.010648973627631128,1.2567763080064445e-13,0.010648973627756806,0.3042119173635712
8.703001500375095,0.01062154767851218,1.155671749676189e-13,0.010621547678627748,0.3040383945875963
8.715504376094025,0.010594227544551662,1.0628232544214738e-13,0.010594227544657945,0.3038651617523835
8.728007251812954,0.010567012682105562,9.772479691185326e-14,0.010567012682203288,0.3036922180765746
8.740510127531882,0.010539902551016724,8.987416390549138e-14,0.010539902551106598,0.30351956278162096
8.753013003250812,0.010512896614588037,8.265180869613675e-14,0.01051289661467069,0.3033471950917694
8.765515878969742,0.010485994339555889,7.601806258379407e-14,0.010485994339631906,0.30317511423405175
8.778018754688672,0.01045919519606382,6.98945438618712e-14,0.010459195196133714,0.30300331943827186
8.790521630407602,0.01043249865763646,6.428055344429958e-14,0.01043249865770074,0.3028318099369956
8.803024506126532,0.010405904201153646,5.911726714373504e-14,0.010405904201212764,0.30266058496553694
8.815527381845461,0.010379411306824807,5.4365335517820365e-14,0.010379411306879171,0.3024896437619472
8.828030257564391,0.010353019458163564,4.9985481093890764e-14,0.01035301945821355,0.3023189855670036
8.840533133283321,0.010326728141962565,4.597719920618508e-14,0.010326728142008542,0.3021486096241977
8.85303600900225,0.01030053684826852,4.228196156011339e-14,0.010300536848310803,0.30197851517972285
8.86553888472118,0.010274445070357482,3.888001190315881e-14,0.010274445070396362,0.3018087014824636
8.87804176044011,0.010248452304710338,3.5751630224221654e-14,0.01024845230474609,0.30163916778398403
8.89054463615904,0.010222558050988517,3.287713249878588e-14,0.010222558051021393,0.3014699133385165
8.90304751187797,0.010196761812009908,3.0236870436232685e-14,0.010196761812040144,0.30130093740294983
8.9155503875969,0.010171063093725,2.7811231229280225e-14,0.01017106309375281,0.3011322392368183
8.92805326331583,0.010145461405193217,2.5580637305528775e-14,0.010145461405218797,0.30096381810229034
8.94055613903476,0.010119956258559487,2.3525546081090438e-14,0.010119956258583014,0.3007956732641572
8.95305901475369,0.010094547169030986,2.16264497162833e-14,0.010094547169052613,0.300627803989822
8.965561890472618,0.010069233654854107,1.9902408093298643e-14,0.01006923365487401,0.30046020954928915
8.978064766191547,0.01004401523729162,1.8295415806028327e-14,0.010044015237309916,0.3002928892151514
8.990567641910477,0.010018891440600048,1.6824568095876557e-14,0.010018891440616873,0.30012584226258143
9.003070517629407,0.009993861792007222,1.5470444445353347e-14,0.009993861792022692,0.2999590679693189
9.015573393348337,0.009968925821690034,1.423289180069437e-14,0.009968925821704267,0.29979256561566064
9.028076269067267,0.009944083062752402,1.3092532504436296e-14,0.009944083062765494,0.299626334484449
9.040579144786197,0.009919333051203403,1.2030022394614623e-14,0.009919333051215434,0.29946037386106145
9.053082020505126,0.009894675325935623,1.1064468868147787e-14,0.009894675325946687,0.29929468303340045
9.065584896224056,0.00987010942870366,1.0176545351843277e-14,0.009870109428713835,0.2991292612918816
9.078087771942986,0.009845634904102849,9.366151281139629e-15,0.009845634904112215,0.2989641079294238
9.090590647661916,0.00982125129954815,8.61400178551658e-15,0.009821251299556764,0.29879922224143785
9.103093523380846,0.009796958165253227,7.920021557810125e-15,0.009796958165261148,0.2986346035258169
9.115596399099775,0.009772755054209702,7.284135704018969e-15,0.009772755054216986,0.29847025108292535
9.128099274818705,0.009748641522166595,6.687108969787865e-15,0.009748641522173283,0.2983061642155882
9.140602150537635,0.009724617127609936,6.148044020813506e-15,0.009724617127616084,0.2981423422290814
9.153105026256565,0.00970068143174256,5.666867120249554e-15,0.009700681431748227,0.2979787844311209
9.165607901975495,0.00967683399846406,5.20523117495031e-15,0.009676833998469267,0.29781549013185166
9.178110777694425,0.009653074394350944,4.7822397313009604e-15,0.009653074394355726,0.29765245864383916
9.190613653413354,0.009629402188636903,4.3978438185118255e-15,0.009629402188641301,0.2974896892820576
9.203116529132283,0.00960581695319334,4.0519947319099046e-15,0.009605816953197392,0.2973271813638807
9.215619404851212,0.009582318262509949,3.725538704444204e-15,0.009582318262513675,0.2971649342090705
9.228122280570142,0.009558905693675585,3.4184510624357504e-15,0.009558905693679004,0.2970029471397683
9.240625156289072,0.00953557882635919,3.1497969441924843e-15,0.00953557882636234,0.29684121948048464
9.253128032008002,0.009512337242790953,2.900446678950268e-15,0.009512337242793854,0.2966797505580883
9.265630907726932,0.009489180527743593,2.6703760540322492e-15,0.009489180527746263,0.29651853970179726
9.278133783445861,0.009466108268513816,2.4595609872740666e-15,0.009466108268516276,0.29635758624316855
9.290636659164791,0.009443120054903924,2.248918891472171e-15,0.009443120054906173,0.2961968895160878
9.303139534883721,0.009420215479203593,2.0765509209994584e-15,0.009420215479205669,0.29603644885676134
9.315642410602651,0.009397394136171782,1.904323778048915e-15,0.009397394136173687,0.2958762636037035
9.32814528632158,0.009374655623018814,1.7512724666403026e-15,0.009374655623020567,0.29571633309772966
9.34064816204051,0.009351999539388608,1.617373482642643e-15,0.009351999539390225,0.2955566566819448
9.35315103775944,0.00932942548734105,1.4835831507969692e-15,0.009329425487342533,0.2953972337017346
9.36565391347837,0.009306933071334521,1.368913726608224e-15,0.00930693307133589,0.29523806350475584
9.3781567891973,0.009284521898208567,1.2543369148535335e-15,0.009284521898209821,0.29507914544092645
9.39065966491623,0.009262191577166724,1.15884988470943e-15,0.009262191577167882,0.29492047886241685
9.40316254063516,0.00923994171975948,1.0634396380175468e-15,0.009239941719760543,0.29476206312363934
9.41566541635409,0.009217771939867373,9.681058689002058e-16,0.00921777193986834,0.29460389758123956
9.42816829207302,0.00919568185368426,8.918232355609933e-16,0.009195681853685151,0.2944459815940873
9.440671167791947,0.009173671079700678,8.156015015403102e-16,0.009173671079701493,0.294288314523266
9.453174043510877,0.009151739238687392,7.584004361023157e-16,0.00915173923868815,0.29413089573206486
9.465676919229807,0.009129885953679053,7.0124489567348895e-16,0.009129885953679754,0.2939737245859685
9.478179794948737,0.009108110849958006,6.441347000947033e-16,0.00910811084995865,0.29381680045264846
9.490682670667667,0.009086413555038211,5.870696701561867e-16,0.009086413555038798,0.2936601227019537
9.503185546386597,0.009064793698649334,5.489799714338237e-16,0.009064793698649883,0.29350369070590215
9.515688422105526,0.009043250912720933,4.919973708730391e-16,0.009043250912721425,0.29334750383867
9.528191297824456,0.009021784831366803,4.539750503935221e-16,0.009021784831367258,0.2931915614765851
9.540694173543386,0.009000395090869437,4.159825484603249e-16,0.009000395090869853,0.2930358629981158
9.553197049262316,0.008979081329664611,3.969207353970299e-16,0.008979081329665009,0.2928804077838634
9.565699924981246,0.008957843188326124,3.589802287921004e-16,0.008957843188326483,0.2927251952165519
9.578202800700176,0.008936680309550618,3.2106921037191735e-16,0.00893668030955094,0.2925702246810207
9.590705676419105,0.008915592338142578,3.02066735797445e-16,0.00891559233814288,0.29241549556421526
9.603208552138035,0.00889457892099941,2.83079050824095e-16,0.008894578920999693,0.29226100725517756
9.615711427856965,0.00887363970709666,2.6410609776111437e-16,0.008873639707096924,0.292106759145038
9.628214303575895,0.008852774347473365,2.262902946622254e-16,0.00885277434747359,0.2919527506270064
9.640717179294825,0.008831982495217506,2.0735381159130956e-16,0.008831982495217714,0.29179898109636465
9.653220055013755,0.008811263805451589,2.0727505761012897e-16,0.008811263805451795,0.29164544995045627
9.665722930732683,0.00879061793531835,1.8836046124525932e-16,0.008790617935318538,0.291492156588678
9.678225806451612,0.008770044543966554,1.6946031279327276e-16,0.008770044543966724,0.2913391004124728
9.690728682170542,0.008749543292536948,1.5057455633253585e-16,0.008749543292537099,0.29118628082532005
9.703231557889472,0.008729113844148298,1.5051786997673286e-16,0.00872911384414845,0.2910336972327279
9.715734433608402,0.008708755863883547,1.3165366332714544e-16,0.008708755863883678,0.2908813490422233
9.728237309327332,0.008688469018776087,1.1280370079252085e-16,0.0086884690187762,0.2907292356633458
9.740740185046262,0.008668252977796161,1.1276151302772675e-16,0.008668252977796274,0.2905773565076382
9.753243060765191,0.008648107411837332,9.393286118799792e-17,0.008648107411837426,0.2904257109886371
9.765745936484121,0.00862803199370311,9.389788464224834e-17,0.008628031993703204,0.29027429852186715
9.778248812203051,0.00860802639809366,9.386299754143172e-17,0.008608026398093754,0.29012311852483036
9.790751687921981,0.008588090301592624,7.506255963430568e-17,0.008588090301592698,0.289972170416999
9.80325456364091,0.008568223382654047,7.503479224454542e-17,0.008568223382654122,0.28982145361980843
9.81575743935984,0.008548425321589415,7.500709559251994e-17,0.00854842532158949,0.28967096755664706
9.82826031507877,0.008528695800554792,5.623460205619901e-17,0.008528695800554847,0.28952071165284904
9.8407631907977,0.008509034503538068,5.621393506739232e-17,0.008509034503538123,0.2893706853356876
9.85326606651663,0.008489441116346296,5.619332052754839e-17,0.008489441116346351,0.2892208880343648
9.86576894223556,0.008469915326593152,5.617275823726174e-17,0.008469915326593207,0.2890713191800048
9.87827181795449,0.008450456823686467,3.743483199875759e-17,0.008450456823686505,0.2889219782056457
9.89077469367342,0.008431065298815892,3.742119307518638e-17,0.00843106529881593,0.28877286454623247
9.903277569392348,0.008411740444940639,3.7407588589863544e-17,0.008411740444940677,0.28862397763860753
9.915780445111277,0.00839248195677732,3.739401841251882e-17,0.008392481956777359,0.28847531692150397
9.928283320830207,0.008373289530787904,3.7380482413538135e-17,0.008373289530787942,0.2883268818355377
9.940786196549137,0.008354162865167745,3.7366980463959505e-17,0.008354162865167783,0.28817867182319945
9.953289072268067,0.008335101659833725,1.8676756217734468e-17,0.008335101659833744,0.288030686328847
9.965791947986997,0.008316105616412476,1.8670039100198177e-17,0.008316105616412495,0.2878829247986985
9.978294823705927,0.008297174438228711,1.8663338815855773e-17,0.00829717443822873,0.2877353866808232
9.990797699424856,0.008278307830293638,1.865665530151011e-17,0.008278307830293657,0.28758807142513515
10.003300575143786,0.008259505499293465,1.864998849427998e-17,0.008259505499293484,0.28744097848338496
10.015803450862716,0.008240767153578,1.864333833159817e-17,0.00824076715357802,0.28729410730915256
10.028306326581646,0.008222092503149352,1.8636704751209486e-17,0.008222092503149371,0.2871474573578397
10.040809202300576,0.008203481259650697,1.8630087691168814e-17,0.008203481259650716,0.2870010280866625
10.053312078019506,0.008184933136355148,1.8623487089839194e-17,0.008184933136355167,0.28685481895464376
10.065814953738435,0.008166447848154726,1.861690288588991e-17,0.008166447848154745,0.2867088294226062
10.078317829457365,0.008148025111549382,1.8610335018294587e-17,0.008148025111549401,0.2865630589531642
10.090820705176295,0.008129664644636147,1.8603783426329298e-17,0.008129664644636166,0.28641750701071733
10.103323580895225,0.008111366167098335,1.859724804957071e-17,0.008111366167098354,0.28627217306144254
10.115826456614155,0.00809312940019485,0.0,0.00809312940019485,0.2861270565732869
10.128329332333083,0.00807495406674957,0.0,0.00807495406674957,0.28598215701596136
10.140832208052013,0.008056839891140807,0.0,0.008056839891140807,0.28583747386093195
10.153335083770942,0.008038786599290871,0.0,0.008038786599290871,0.2856930065814137
10.165837959489872,0.008020793918655695,0.0,0.008020793918655695,0.28554875465236335
10.178340835208802,0.008002861578214551,0.0,0.008002861578214551,0.28540471755047203
10.190843710927732,0.007984989308459837,0.0,0.007984989308459837,0.2852608947541585
10.203346586646662,0.007967176841386966,0.0,0.007967176841386966,0.2851172857435621
10.215849462365592,0.0079494239104843,0.0,0.0079494239104843,0.28497389000053536
10.228352338084521,0.007931730250723199,0.0,0.007931730250723199,0.2848307070086376
10.240855213803451,0.007914095598548112,0.0,0.007914095598548112,0.28468773625312765
10.253358089522381,0.007896519691866779,0.0,0.007896519691866779,0.2845449772209571
10.26586096524131,0.007879002270040483,0.0,0.007879002270040483,0.2844024294007635
10.27836384096024,0.007861543073874388,0.0,0.007861543073874388,0.28426009228286325
10.29086671667917,0.00784414184560795,0.0,0.00784414184560795,0.28411796535924505
10.3033695923981,0.007826798328905416,0.0,0.007826798328905416,0.2839760481235633
10.31587246811703,0.007809512268846361,0.0,0.007809512268846361,0.28383434007113084
10.32837534383596,0.007792283411916343,0.0,0.007792283411916343,0.28369284069891276
10.34087821955489,0.00777511150599759,0.0,0.00777511150599759,0.28355154950551953
10.35338109527382,0.007757996300359792,0.0,0.007757996300359792,0.2834104659912003
10.365883970992748,0.00774093754565094,0.0,0.00774093754565094,0.28326958965783644
10.378386846711678,0.007723934993888236,0.0,0.007723934993888236,0.28312892000893464
10.390889722430607,0.007706988398449102,0.0,0.007706988398449102,0.28298845654962096
10.403392598149537,0.007690097514062217,0.0,0.007690097514062217,0.28284819878663364
10.415895473868467,0.007673262096798657,0.0,0.007673262096798657,0.2827081462283172
10.428398349587397,0.007656481904063075,0.0,0.007656481904063075,0.28256829838461556
10.440901225306327,0.007639756694584965,0.0,0.007639756694584965,0.2824286547670657
10.453404101025257,0.007623086228410003,0.0,0.007623086228410003,0.28228921488879144
10.465906976744186,0.00760647026689142,0.0,0.00760647026689142,0.282149978264497
10.478409852463116,0.007589908572681475,0.0,0.007589908572681475,0.2820109444104605
10.490912728182046,0.007573400909722971,0.0,0.007573400909722971,0.2818721128445278
10.503415603900976,0.00755694704324085,0.0,0.00755694704324085,0.2817334830861062
10.515918479619906,0.007540546739733844,0.0,0.007540546739733844,0.28159505465615825
10.528421355338835,0.007524199766966184,0.0,0.007524199766966184,0.2814568270771954
10.540924231057765,0.007507905893959387,0.0,0.007507905893959387,0.28131879987327174
10.553427106776695,0.007491664890984098,0.0,0.007491664890984098,0.28118097256997826
10.565929982495625,0.007475476529551978,0.0,0.007475476529551978,0.28104334469443604
10.578432858214555,0.007459340582407687,0.0,0.007459340582407687,0.2809059157752908
10.590935733933485,0.007443256823520898,0.0,0.007443256823520898,0.2807686853427065
10.603438609652413,0.007427225028078377,0.0,0.007427225028078377,0.28063165292835907
10.615941485371343,0.007411244972476137,0.0,0.007411244972476137,0.280494818065431
10.628444361090272,0.007395316434311634,0.0,0.007395316434311634,0.2803581802886046
10.640947236809202,0.007379439192376035,0.0,0.007379439192376035,0.2802217391340567
10.653450112528132,0.007363613026646533,0.0,0.007363613026646533,0.2800854941394522
10.665952988247062,0.007347837718278725,0.0,0.007347837718278725,0.27994944484393863
10.678455863965992,0.0073321130495990474,0.0,0.0073321130495990474,0.2798135907881397
10.690958739684921,0.007316438804097268,0.0,0.007316438804097268,0.27967793151415
10.703461615403851,0.0073008147664190325,0.0,0.0073008147664190325,0.2795424665655287
10.715964491122781,0.007285240722358463,0.0,0.007285240722358463,0.2794071954872941
10.728467366841711,0.0072697164588508235,0.0,0.0072697164588508235,0.2792721178259175
10.74097024256064,0.007254241763965231,0.0,0.007254241763965231,0.2791372331293179
10.75347311827957,0.007238816426897419,0.0,0.007238816426897419,0.27900254094685584
10.7659759939985,0.007223440237962557,0.0,0.007223440237962557,0.2788680408293279
10.77847886971743,0.007208112988588132,0.0,0.007208112988588132,0.2787337323289611
10.79098174543636,0.007192834471306869,0.0,0.007192834471306869,0.278599614999407
10.80348462115529,0.007177604479749709,0.0,0.007177604479749709,0.27846568839573627
10.81598749687422,0.007162422808638853,0.0,0.007162422808638853,0.2783319520744332
10.828490372593148,0.007147289253780827,0.0,0.007147289253780827,0.2781984055933897
10.840993248312078,0.007132203612059627,0.0,0.007132203612059627,0.2780650485119002
10.853496124031007,0.0071171656814298994,0.0,0.0071171656814298994,0.277931880390656
10.865998999749937,0.007102175260910182,0.0,0.007102175260910182,0.27779890079173963
10.878501875468867,0.00708723215057618,0.0,0.00708723215057618,0.2776661092786194
10.891004751187797,0.007072336151554106,0.0,0.007072336151554106,0.2775335054161443
10.903507626906727,0.0070574870660140634,0.0,0.0070574870660140634,0.27740108877053804
10.916010502625657,0.007042684697163473,0.0,0.007042684697163473,0.27726885890939407
10.928513378344586,0.0070279288492405565,0.0,0.0070279288492405565,0.27713681540166996
10.941016254063516,0.007013219327507863,0.0,0.007013219327507863,0.27700495781768225
10.953519129782446,0.006998555938245849,0.0,0.006998555938245849,0.2768732857291011
10.966022005501376,0.006983938488746487,0.0,0.006983938488746487,0.27674179870894455
10.978524881220306,0.0069693667873069525,0.0,0.0069693667873069525,0.27661049633157414
10.991027756939236,0.006954840643223323,0.0,0.006954840643223323,0.2764793781726888
11.003530632658165,0.0069403598667843415,0.0,0.0069403598667843415,0.27634844380931994
11.016033508377095,0.006925924269265233,0.0,0.006925924269265233,0.27621769281982633
11.028536384096025,0.006911533662921545,0.0,0.006911533662921545,0.2760871247838891
11.041039259814955,0.006897187860983043,0.0,0.006897187860983043,0.27595673928250586
11.053542135533885,0.0068828866776476545,0.0,0.0068828866776476545,0.2758265358979864
11.066045011252813,0.006868629928075454,0.0,0.006868629928075454,0.27569651421394714
11.078547886971743,0.006854417428382686,0.0,0.006854417428382686,0.2755666738153061
11.091050762690672,0.0068402489956358335,0.0,0.0068402489956358335,0.2754370142882777
11.103553638409602,0.006826124447845745,0.0,0.006826124447845745,0.2753075352203683
11.116056514128532,0.006812043603961773,0.0,0.006812043603961773,0.27517823620037046
11.128559389847462,0.006798006283865987,0.0,0.006798006283865987,0.27504911681835825
11.141062265566392,0.006784012308367399,0.0,0.006784012308367399,0.2749201766656823
11.153565141285322,0.00677006149919626,0.0,0.00677006149919626,0.27479141533496504
11.166068017004251,0.006756153678998368,0.0,0.006756153678998368,0.27466283242009515
11.178570892723181,0.006742288671329445,0.0,0.006742288671329445,0.27453442751622353
11.191073768442111,0.006728466300649531,0.0,0.006728466300649531,0.2744062002197576
11.203576644161041,0.0067146863923174295,0.0,0.0067146863923174295,0.27427815012835693
11.21607951987997,0.006700948772585196,0.0,0.006700948772585196,0.27415027684092835
11.2285823955989,0.006687253268592656,0.0,0.006687253268592656,0.2740225799576208
11.24108527131783,0.006673599708361967,0.0,0.006673599708361967,0.2738950590798211
11.25358814703676,0.0066599879207922255,0.0,0.0066599879207922255,0.2737677138101485
11.26609102275569,0.006646417735654099,0.0,0.006646417735654099,0.2736405437524506
11.27859389847462,0.006632888983584509,0.0,0.006632888983584509,0.27351354851179815
11.291096774193548,0.0066194014960813475,0.0,0.0066194014960813475,0.2733867276944805
11.303599649912478,0.00660595510549822,0.0,0.00660595510549822,0.27326008090800097
11.316102525631408,0.00659254964503925,0.0,0.00659254964503925,0.27313360776107193
11.328605401350337,0.006579184948753899,0.0,0.006579184948753899,0.2730073078636106
11.341108277069267,0.006565860851531829,0.0,0.006565860851531829,0.272881180826734
11.353611152788197,0.006552577189097811,0.0,0.006552577189097811,0.27275522626275456
11.366114028507127,0.00653933379800665,0.0,0.00653933379800665,0.2726294437851755
11.378616904226057,0.006526130515638163,0.0,0.006526130515638163,0.27250383300868614
11.391119779944987,0.006512967180192196,0.0,0.006512967180192196,0.2723783935491577
11.403622655663916,0.006499843630683648,0.0,0.006499843630683648,0.27225312502363835
11.416125531382846,0.006486759706937564,0.0,0.006486759706937564,0.27212802705034894
11.428628407101776,0.006473715249584242,0.0,0.006473715249584242,0.27200309924867844
11.441131282820706,0.006460710100054381,0.0,0.006460710100054381,0.27187834123917975
11.453634158539636,0.00644774410057426,0.0,0.00644774410057426,0.2717537526435647
11.466137034258566,0.006434817094160956,0.0,0.006434817094160956,0.2716293330847002
11.478639909977495,0.006421928924617591,0.0,0.006421928924617591,0.2715050821866035
11.491142785696425,0.006409079436528613,0.0,0.006409079436528613,0.27138099957443795
11.503645661415355,0.006396268475255111,0.0,0.006396268475255111,0.27125708487450845
11.516148537134285,0.0063834958869301624,0.0,0.0063834958869301624,0.27113333771425735
11.528651412853213,0.006370761518454217,0.0,0.006370761518454217,0.27100975772226005
11.541154288572143,0.006358065217490497,0.0,0.006358065217490497,0.2708863445282206
11.553657164291073,0.006345406832460458,0.0,0.006345406832460458,0.2707630977629675
11.566160040010002,0.00633278621253925,0.0,0.00633278621253925,0.27064001705844937
11.578662915728932,0.006320203207651234,0.0,0.006320203207651234,0.2705171020477308
11.591165791447862,0.006307657668465518,0.0,0.006307657668465518,0.270394352364988
11.603668667166792,0.006295149446391524,0.0,0.006295149446391524,0.27027176764550476
11.616171542885722,0.006282678393574591,0.0,0.006282678393574591,0.270149347525668
11.628674418604652,0.006270244362891604,0.0,0.006270244362891604,0.2700270916429639
11.641177294323581,0.006257847207946655,0.0,0.006257847207946655,0.2699049996359734
11.653680170042511,0.006245486783066736,0.0,0.006245486783066736,0.26978307114436856
11.666183045761441,0.006233162943297457,0.0,0.006233162943297457,0.26966130580890774
11.67868592148037,0.006220875544398798,0.0,0.006220875544398798,0.2695397032714323
11.6911887971993,0.006208624442840888,0.0,0.006208624442840888,0.2694182631748619
11.70369167291823,0.006196409495799811,0.0,0.006196409495799811,0.2692969851631906
11.71619454863716,0.006184230561153448,0.0,0.006184230561153448,0.26917586888148304
11.72869742435609,0.0061720874974773385,0.0,0.0061720874974773385,0.26905491397587017
11.74120030007502,0.00615998016404058,0.0,0.00615998016404058,0.2689341200935453
11.75370317579395,0.006147908420801744,0.0,0.006147908420801744,0.2688134868827601
11.766206051512878,0.006135872128404833,0.0,0.006135872128404833,0.2686930139928207
11.778708927231808,0.006123871148175253,0.0,0.006123871148175253,0.26857270107408376
11.791211802950738,0.006111905342115823,0.0,0.006111905342115823,0.2684525477779523
11.803714678669667,0.006099974572902805,0.0,0.006099974572902805,0.2683325537568719
11.816217554388597,0.0060880787038819694,0.0,0.0060880787038819694,0.26821271866432717
11.828720430107527,0.006076217599064675,0.0,0.006076217599064675,0.26809304215483704
11.841223305826457,0.006064391123123987,0.0,0.006064391123123987,0.26797352388395174
11.853726181545387,0.006052599141390816,0.0,0.006052599141390816,0.26785416350824837
11.866229057264317,0.006040841519850084,0.0,0.006040841519850084,0.26773496068532737
11.878731932983246,0.006029118125136917,0.0,0.006029118125136917,0.26761591507380866
11.891234808702176,0.006017428824532861,0.0,0.006017428824532861,0.26749702633332767
11.903737684421106,0.006005773485962131,0.0,0.006005773485962131,0.26737829412453157
11.916240560140036,0.005994151977987876,0.0,0.005994151977987876,0.267259718109076
11.928743435858966,0.005982564169808471,0.0,0.005982564169808471,0.2671412979496204
11.941246311577896,0.005971009931253846,0.0,0.005971009931253846,0.26702303330982513
11.953749187296825,0.0059594891327818195,0.0,0.0059594891327818195,0.26690492385434733
11.966252063015755,0.005948001645474472,0.0,0.005948001645474472,0.2667869692488372
11.978754938734685,0.005936547341034546,0.0,0.005936547341034546,0.2666691691599346
11.991257814453613,0.0059251260917818505,0.0,0.0059251260917818505,0.2665515232552651
12.003760690172543,0.00591373777064971,0.0,0.00591373777064971,0.2664340312034362
12.016263565891473,0.005902382251181438,0.0,0.005902382251181438,0.26631669267403424
12.028766441610403,0.005891059407526811,0.0,0.005891059407526811,0.2661995073376203
12.041269317329332,0.005879769114438594,0.0,0.005879769114438594,0.2660824748657267
12.053772193048262,0.005868511247269069,0.0,0.005868511247269069,0.2659655949308536
12.066275068767192,0.005857285681966598,0.0,0.005857285681966598,0.2658488672064649
12.078777944486122,0.00584609229507221,0.0,0.00584609229507221,0.26573229136698545
12.091280820205052,0.005834930963716198,0.0,0.005834930963716198,0.265615867087797
12.103783695923982,0.005823801565614754,0.0,0.005823801565614754,0.26549959404523465
12.116286571642911,0.005812703979066611,0.0,0.005812703979066611,0.26538347191658357
12.128789447361841,0.005801638082949731,0.0,0.005801638082949731,0.26526750038007535
12.141292323080771,0.005790603756717982,0.0,0.005790603756717982,0.2651516791148846
12.1537951987997,0.005779600880397869,0.0,0.005779600880397869,0.2650360078011253
12.16629807451863,0.0057686293345852666,0.0,0.0057686293345852666,0.2649204861198477
12.17880095023756,0.005757689000442181,0.0,0.005757689000442181,0.2648051137530346
12.19130382595649,0.005746779759693531,0.0,0.005746779759693531,0.26468989038359786
12.20380670167542,0.005735901494623952,0.0,0.005735901494623952,0.2645748156953754
12.21630957739435,0.0057250540880746225,0.0,0.0057250540880746225,0.26445988937312725
12.228812453113278,0.005714237423440106,0.0,0.005714237423440106,0.2643451111025326
12.241315328832208,0.005703451384665217,0.0,0.005703451384665217,0.26423048057018633
12.253818204551138,0.005692695856241914,0.0,0.005692695856241914,0.26411599746359554
12.266321080270068,0.005681970723206201,0.0,0.005681970723206201,0.2640016614711763
12.278823955988997,0.005671275871135059,0.0,0.005671275871135059,0.2638874722822505
12.291326831707927,0.005660611186143388,0.0,0.005660611186143388,0.2637734295870421
12.303829707426857,0.005649976554880987,0.0,0.005649976554880987,0.26365953307667434
12.316332583145787,0.005639371864529527,0.0,0.005639371864529527,0.26354578244316607
12.328835458864717,0.005628797002799573,0.0,0.005628797002799573,0.26343217737942876
12.341338334583646,0.0056182518579276025,0.0,0.0056182518579276025,0.26331871757926306
12.353841210302576,0.005607736318673055,0.0,0.005607736318673055,0.26320540273735576
12.366344086021506,0.005597250274315402,0.0,0.005597250274315402,0.2630922325492764
12.378846961740436,0.005586793614651222,0.0,0.005586793614651222,0.26297920671147396
12.391349837459366,0.0055763662299913195,0.0,0.0055763662299913195,0.26286632492127404
12.403852713178296,0.005565968011157837,0.0,0.005565968011157837,0.26275358687687544
12.416355588897225,0.0055555988494814,0.0,0.0055555988494814,0.2626409922773469
12.428858464616155,0.005545258636798285,0.0,0.005545258636798285,0.2625285408226241
12.441361340335085,0.005534947265447585,0.0,0.005534947265447585,0.2624162322135065
12.453864216054015,0.005524664628268421,0.0,0.005524664628268421,0.2623040661516543
12.466367091772943,0.005514410618597148,0.0,0.005514410618597148,0.26219204233958504
12.478869967491873,0.005504185130264592,0.0,0.005504185130264592,0.2620801604806708
12.491372843210803,0.005493988057593306,0.0,0.005493988057593306,0.261968420279135
12.503875718929732,0.005483819295394833,0.0,0.005483819295394833,0.2618568214400492
12.516378594648662,0.005473678738966996,0.0,0.005473678738966996,0.2617453636693303
12.528881470367592,0.005463566284091208,0.0,0.005463566284091208,0.2616340466737375
12.541384346086522,0.005453481827029781,0.0,0.005453481827029781,0.2615228701608688
12.553887221805452,0.005443425264523283,0.0,0.005443425264523283,0.2614118338391585
12.566390097524382,0.005433396493787877,0.0,0.005433396493787877,0.2613009374178739
12.578892973243311,0.00542339541251271,0.0,0.00542339541251271,0.2611901806071127
12.591395848962241,0.005413421918857294,0.0,0.005413421918857294,0.2610795631177993
12.603898724681171,0.005403475911448915,0.0,0.005403475911448915,0.2609690846616825
12.616401600400101,0.0053935572893800635,0.0,0.0053935572893800635,0.2608587449513324
12.62890447611903,0.005383665952205862,0.0,0.005383665952205862,0.26074854370013695
12.64140735183796,0.005373801799941536,0.0,0.005373801799941536,0.2606384806222999
12.65391022755689,0.00536396473305988,0.0,0.00536396473305988,0.2605285554328371
12.66641310327582,0.005354154652488749,0.0,0.005354154652488749,0.26041876784757406
12.67891597899475,0.005344371459608559,0.0,0.005344371459608559,0.2603091175831428
12.691418854713678,0.005334615056249819,0.0,0.005334615056249819,0.26019960435697903
12.703921730432608,0.005324885344690657,0.0,0.005324885344690657,0.26009022788731945
12.716424606151538,0.005315182227654379,0.0,0.005315182227654379,0.2599809878931986
12.728927481870468,0.005305505608307038,0.0,0.005305505608307038,0.25987188409444634
12.741430357589397,0.005295855390255017,0.0,0.005295855390255017,0.2597629162116847
12.753933233308327,0.005286231477542625,0.0,0.005286231477542625,0.2596540839663252
12.766436109027257,0.005276633774649718,0.0,0.005276633774649718,0.25954538708056624
12.778938984746187,0.005267062186489323,0.0,0.005267062186489323,0.2594368252773898
12.791441860465117,0.005257516618405288,0.0,0.005257516618405288,0.25932839828055937
12.803944736184047,0.005247996976169938,0.0,0.005247996976169938,0.2592201058146163
12.816447611902976,0.0052385031659817494,0.0,0.0052385031659817494,0.2591119476048779
12.828950487621906,0.005229035094463043,0.0,0.005229035094463043,0.25900392337743405
12.841453363340836,0.005219592668657683,0.0,0.005219592668657683,0.2588960328591448
12.853956239059766,0.005210175796028803,0.0,0.005210175796028803,0.25878827577763763
12.866459114778696,0.005200784384456528,0.0,0.005200784384456528,0.2586806518613045
12.878961990497626,0.005191418342235731,0.0,0.005191418342235731,0.2585731608392993
12.891464866216555,0.00518207757807379,0.0,0.00518207757807379,0.25846580244153544
12.903967741935485,0.005172762001088362,0.0,0.005172762001088362,0.25835857639868254
12.916470617654415,0.005163471520805177,0.0,0.005163471520805177,0.25825148244216417
12.928973493373343,0.005154206047155841,0.0,0.005154206047155841,0.25814452030415536
12.941476369092273,0.0051449654904756415,0.0,0.0051449654904756415,0.25803768971757934
12.953979244811203,0.005135749761501397,0.0,0.005135749761501397,0.2579309904161056
12.966482120530133,0.005126558771369287,0.0,0.005126558771369287,0.2578244221341469
12.978984996249062,0.005117392431612716,0.0,0.005117392431612716,0.2577179846068565
12.991487871967992,0.005108250654160182,0.0,0.005108250654160182,0.25761167757012604
13.003990747686922,0.005099133351333164,0.0,0.005099133351333164,0.2575055007605823
13.016493623405852,0.005090040435844016,0.0,0.005090040435844016,0.2573994539155854
13.028996499124782,0.005080971820793879,0.0,0.005080971820793879,0.2572935367732255
13.041499374843712,0.0050719274196706085,0.0,0.0050719274196706085,0.25718774907232056
13.054002250562641,0.005062907146346706,0.0,0.005062907146346706,0.257082090552414
13.066505126281571,0.00505391091507727,0.0,0.00505391091507727,0.2569765609537717
13.079008002000501,0.005044938640497961,0.0,0.005044938640497961,0.2568711600173798
13.091510877719431,0.005035990237622973,0.0,0.005035990237622973,0.2567658874849422
13.10401375343836,0.005027065621843025,0.0,0.005027065621843025,0.2566607430988778
13.11651662915729,0.0050181647089233535,0.0,0.0050181647089233535,0.2565557266023182
13.12901950487622,0.005009287415001737,0.0,0.005009287415001737,0.25645083773910504
13.14152238059515,0.005000433656586507,0.0,0.005000433656586507,0.25634607625378786
13.154025256314078,0.0049916033505545965,0.0,0.0049916033505545965,0.2562414418916213
13.166528132033008,0.004982796414149579,0.0,0.004982796414149579,0.2561369343985627
13.179031007751938,0.004974012764979736,0.0,0.004974012764979736,0.2560325535212698
13.191533883470868,0.004965252321016133,0.0,0.004965252321016133,0.25592829900709824
13.204036759189798,0.004956515000590693,0.0,0.004956515000590693,0.255824170604099
13.216539634908727,0.004947800722394306,0.0,0.004947800722394306,0.2557201680610162
13.229042510627657,0.0049391094054749285,0.0,0.0049391094054749285,0.2556162911272846
13.241545386346587,0.004930440969235704,0.0,0.004930440969235704,0.2555125395530271
13.254048262065517,0.004921795333433102,0.0,0.004921795333433102,0.2554089130890525
13.266551137784447,0.0049131724181750505,0.0,0.0049131724181750505,0.2553054114868531
13.279054013503377,0.004904572143919099,0.0,0.004904572143919099,0.25520203449860224
13.291556889222306,0.0048959944314705805,0.0,0.0048959944314705805,0.2550987818771521
13.304059764941236,0.0048874392019807875,0.0,0.0048874392019807875,0.2549956533760313
13.316562640660166,0.00487890637694516,0.0,0.00487890637694516,0.2548926487494423
13.329065516379096,0.0048703958782014885,0.0,0.0048703958782014885,0.25478976775225953
13.341568392098026,0.00486190762792812,0.0,0.00486190762792812,0.25468701014002676
13.354071267816956,0.004853441548642177,0.0,0.004853441548642177,0.2545843756689548
13.366574143535885,0.004844997563197799,0.0,0.004844997563197799,0.25448186409591955
13.379077019254815,0.004836575594784372,0.0,0.004836575594784372,0.2543794751784591
13.391579894973743,0.004828175566924794,0.0,0.004828175566924794,0.25427720867477194
13.404082770692673,0.0048197974034737264,0.0,0.0048197974034737264,0.2541750643437146
13.416585646411603,0.004811441028615879,0.0,0.004811441028615879,0.2540730419447992
13.429088522130533,0.004803106366864293,0.0,0.004803106366864293,0.2539711412381914
13.441591397849463,0.004794793343058629,0.0,0.004794793343058629,0.25386936198470805
13.454094273568392,0.00478650188236348,0.0,0.00478650188236348,0.25376770394581505
13.466597149287322,0.004778231910266686,0.0,0.004778231910266686,0.253666166883625
13.479100025006252,0.004769983352577656,0.0,0.004769983352577656,0.25356475056089495
13.491602900725182,0.0047617561354257095,0.0,0.0047617561354257095,0.2534634547410246
13.504105776444112,0.0047535501852584185,0.0,0.0047535501852584185,0.25336227918805354
13.516608652163042,0.004745365428839966,0.0,0.004745365428839966,0.2532612236666594
13.529111527881971,0.004737201793249508,0.0,0.004737201793249508,0.25316028794215545
13.541614403600901,0.004729059205879556,0.0,0.004729059205879556,0.2530594717804889
13.554117279319831,0.004720937594434357,0.0,0.004720937594434357,0.252958774948238
13.56662015503876,0.004712836886928292,0.0,0.004712836886928292,0.25285819721261066
13.57912303075769,0.0047047570116842755,0.0,0.0047047570116842755,0.2527577383414416
13.59162590647662,0.004696697897332179,0.0,0.004696697897332179,0.25265739810319093
13.60412878219555,0.004688659472807248,0.0,0.004688659472807248,0.25255717626694135
13.61663165791448,0.004680641667348535,0.0,0.004680641667348535,0.25245707260239647
13.629134533633408,0.004672644410497349,0.0,0.004672644410497349,0.2523570868798785
13.641637409352338,0.004664667632095698,0.0,0.004664667632095698,0.2522572188703262
13.654140285071268,0.004656711262284759,0.0,0.004656711262284759,0.25215746834529296
13.666643160790198,0.004648775231503343,0.0,0.004648775231503343,0.25205783507694424
13.679146036509128,0.004640859470486379,0.0,0.004640859470486379,0.2519583188380562
13.691648912228057,0.004632963910263395,0.0,0.004632963910263395,0.251858919402013
13.704151787946987,0.004625088482157027,0.0,0.004625088482157027,0.2517596365428049
13.716654663665917,0.0046172331177815155,0.0,0.0046172331177815155,0.2516604700350266
13.729157539384847,0.004609397749041225,0.0,0.004609397749041225,0.25156141965387474
13.741660415103777,0.004601582308129168,0.0,0.004601582308129168,0.25146248517514586
13.754163290822707,0.00459378672752554,0.0,0.00459378672752554,0.25136366637523483
13.766666166541636,0.004586010939996255,0.0,0.004586010939996255,0.2512649630311322
13.779169042260566,0.0045782548785915055,0.0,0.0045782548785915055,0.251166374920423
13.791671917979496,0.004570518476644311,0.0,0.004570518476644311,0.25106790182128375
13.804174793698426,0.004562801667769092,0.0,0.004562801667769092,0.2509695435124813
13.816677669417356,0.004555104385860244,0.0,0.004555104385860244,0.2508712997733704
13.829180545136285,0.0045474265650907245,0.0,0.0045474265650907245,0.2507731703838921
13.841683420855215,0.004539768139910639,0.0,0.004539768139910639,0.25067515512457117
13.854186296574143,0.004532129045045849,0.0,0.004532129045045849,0.2505772537765147
13.866689172293073,0.004524509215496576,0.0,0.004524509215496576,0.25047946612141003
13.879192048012003,0.00451690858653602,0.0,0.00451690858653602,0.25038179194152255
13.891694923730933,0.004509327093708989,0.0,0.004509327093708989,0.25028423101969394
13.904197799449863,0.004501764672830528,0.0,0.004501764672830528,0.25018678313934045
13.916700675168793,0.004494221259984562,0.0,0.004494221259984562,0.25008944808445055
13.929203550887722,0.004486696791522545,0.0,0.004486696791522545,0.2499922256395834
13.941706426606652,0.004479191204062116,0.0,0.004479191204062116,0.2498951155898666
13.954209302325582,0.0044717044344857685,0.0,0.0044717044344857685,0.24979811772099458
13.966712178044512,0.004464236419939521,0.0,0.004464236419939521,0.2497012318192266
13.979215053763442,0.004456787097831597,0.0,0.004456787097831597,0.24960445767138484
13.991717929482371,0.004449356405831115,0.0,0.004449356405831115,0.24950779506485254
14.004220805201301,0.004441944281866781,0.0,0.004441944281866781,0.24941124378757212
14.016723680920231,0.004434550664125599,0.0,0.004434550664125599,0.24931480362804337
14.029226556639161,0.004427175491051576,0.0,0.004427175491051576,0.24921847437532152
14.04172943235809,0.004419818701344444,0.0,0.004419818701344444,0.24912225581901548
14.05423230807702,0.004412480233958387,0.0,0.004412480233958387,0.249026147749286
14.06673518379595,0.004405160028100772,0.0,0.004405160028100772,0.24893014995684368
14.07923805951488,0.004397858023230887,0.0,0.004397858023230887,0.2488342622329473
14.091740935233808,0.0043905741590587015,0.0,0.0043905741590587015,0.24873848436940205
14.104243810952738,0.004383308375543605,0.0,0.004383308375543605,0.24864281615855743
14.116746686671668,0.004376060612893185,0.0,0.004376060612893185,0.2485472573933059
14.129249562390598,0.004368830811561988,0.0,0.004368830811561988,0.2484518078670807
14.141752438109528,0.004361618912250299,0.0,0.004361618912250299,0.24835646737385417
14.154255313828457,0.004354424855902925,0.0,0.004354424855902925,0.24826123570813605
14.166758189547387,0.004347248583707987,0.0,0.004347248583707987,0.24816611266497166
14.179261065266317,0.0043400900370957176,0.0,0.0043400900370957176,0.24807109803994007
14.191763940985247,0.004332949157737265,0.0,0.004332949157737265,0.2479761916291524
14.204266816704177,0.004325825887543508,0.0,0.004325825887543508,0.24788139322925015
14.216769692423107,0.0043187201686638674,0.0,0.0043187201686638674,0.24778670263740318
14.229272568142036,0.004311631943485142,0.0,0.004311631943485142,0.24769211965130838
14.241775443860966,0.004304561154630331,0.0,0.004304561154630331,0.2475976440691875
14.254278319579896,0.004297507744957479,0.0,0.004297507744957479,0.24750327568978572
14.266781195298826,0.00429047165755852,0.0,0.00429047165755852,0.24740901431236995
14.279284071017756,0.004283452835758126,0.0,0.004283452835758126,0.2473148597367268
14.291786946736686,0.0042764512231125715,0.0,0.0042764512231125715,0.2472208117631612
14.304289822455615,0.004269466763408595,0.0,0.004269466763408595,0.24712687019249463
14.316792698174545,0.004262499400662273,0.0,0.004262499400662273,0.2470330348260633
14.329295573893473,0.0042555490791178945,0.0,0.0042555490791178945,0.2469393054657166
14.341798449612403,0.004248615743246849,0.0,0.004248615743246849,0.24684568191381534
14.354301325331333,0.004241699337746516,0.0,0.004241699337746516,0.24675216397323013
14.366804201050263,0.004234799807539164,0.0,0.004234799807539164,0.2466587514473397
14.379307076769193,0.00422791709777085,0.0,0.00422791709777085,0.24656544414002918
14.391809952488122,0.004221051153810333,0.0,0.004221051153810333,0.24647224185568856
14.404312828207052,0.004214201921247989,0.0,0.004214201921247989,0.2463791443992109
14.416815703925982,0.004207369345894733,0.0,0.004207369345894733,0.24628615157599093
14.429318579644912,0.004200553373780945,0.0,0.004200553373780945,0.24619326319192306
14.441821455363842,0.004193753951155407,0.0,0.004193753951155407,0.24610047905340013
14.454324331082772,0.004186971024484243,0.0,0.004186971024484243,0.2460077989673115
14.466827206801701,0.0041802045404498635,0.0,0.0041802045404498635,0.24591522274104155
14.479330082520631,0.00417345444594992,0.0,0.00417345444594992,0.24582275018246816
14.491832958239561,0.004166720688096263,0.0,0.004166720688096263,0.24573038109996095
14.504335833958491,0.0041600032142139025,0.0,0.0041600032142139025,0.24563811530237975
14.51683870967742,0.00415330197183998,0.0,0.00415330197183998,0.24554595259907294
14.52934158539635,0.004146616908722749,0.0,0.004146616908722749,0.24545389279987617
14.54184446111528,0.004139947972820547,0.0,0.004139947972820547,0.24536193571511028
14.554347336834208,0.004133295112300793,0.0,0.004133295112300793,0.2452700811555802
14.566850212553138,0.0041266582755389684,0.0,0.0041266582755389684,0.24517832893257305
14.579353088272068,0.004120037411117628,0.0,0.004120037411117628,0.24508667885785682
14.591855963990998,0.004113432467825396,0.0,0.004113432467825396,0.24499513074367868
14.604358839709928,0.004106843394655977,0.0,0.004106843394655977,0.24490368440276342
14.616861715428858,0.004100270140807174,0.0,0.004100270140807174,0.24481233964831198
14.629364591147787,0.004093712655679907,0.0,0.004093712655679907,0.244721096294
14.641867466866717,0.004087170888877241,0.0,0.004087170888877241,0.244629954153976
14.654370342585647,0.004080644790203413,0.0,0.004080644790203413,0.24453891304286016
14.666873218304577,0.004074134309662876,0.0,0.004074134309662876,0.2444479727757427
14.679376094023507,0.004067639397459336,0.0,0.004067639397459336,0.24435713316818225
14.691878969742437,0.004061160003994801,0.0,0.004061160003994801,0.2442663940362045
14.704381845461366,0.0040546960798686395,0.0,0.0040546960798686395,0.24417575519630075
14.716884721180296,0.004048247575876629,0.0,0.004048247575876629,0.24408521646542614
14.729387596899226,0.004041814443010028,0.0,0.004041814443010028,0.24399477766099845
14.741890472618156,0.00403539663245464,0.0,0.00403539663245464,0.24390443860089642
14.754393348337086,0.00402899409558989,0.0,0.00402899409558989,0.24381419910345845
14.766896224056016,0.004022606783987904,0.0,0.004022606783987904,0.24372405898748095
14.779399099774945,0.004016234649412591,0.0,0.004016234649412591,0.24363401807221707
14.791901975493873,0.004009877643818734,0.0,0.004009877643818734,0.24354407617737503
14.804404851212803,0.00400353571935108,0.0,0.00400353571935108,0.24345423312311673
14.816907726931733,0.003997208828343452,0.0,0.003997208828343452,0.2433644887300566
14.829410602650663,0.003990896923317836,0.0,0.003990896923317836,0.24327484281925954
14.841913478369593,0.003984599956983502,0.0,0.003984599956983502,0.24318529521224003
14.854416354088523,0.003978317882236116,0.0,0.003978317882236116,0.24309584573096057
14.866919229807452,0.003972050652156858,0.0,0.003972050652156858,0.24300649419783008
14.879422105526382,0.0039657982200115415,0.0,0.0039657982200115415,0.24291724043570254
14.891924981245312,0.003959560539249755,0.0,0.003959560539249755,0.2428280842678758
14.904427856964242,0.003953337563503981,0.0,0.003953337563503981,0.24273902551808985
14.916930732683172,0.003947129246588741,0.0,0.003947129246588741,0.24265006401052558
14.929433608402102,0.0039409355424997435,0.0,0.0039409355424997435,0.2425611995698035
14.941936484121031,0.003934756405413021,0.0,0.003934756405413021,0.242472432020982
14.954439359839961,0.003928591789684089,0.0,0.003928591789684089,0.24238376118955632
14.966942235558891,0.003922441649847105,0.0,0.003922441649847105,0.2422951869014569
14.97944511127782,0.0039163059406140234,0.0,0.0039163059406140234,0.24220670898304825
14.99194798699675,0.003910184616873767,0.0,0.003910184616873767,0.24211832726112728
15.00445086271568,0.0039040776336914003,0.0,0.0039040776336914003,0.24203004156292235
15.016953738434609,0.0038979849463072927,0.0,0.0038979849463072927,0.24194185171609134
15.029456614153538,0.0038919065101363135,0.0,0.0038919065101363135,0.24185375754872082
15.041959489872468,0.003885842280767006,0.0,0.003885842280767006,0.2417657588893244
15.054462365591398,0.003879792213960783,0.0,0.003879792213960783,0.24167785556684157
15.066965241310328,0.003873756265651113,0.0,0.003873756265651113,0.24159004741063614
15.079468117029258,0.003867734391942723,0.0,0.003867734391942723,0.24150233425049505
15.091970992748188,0.003861726549110799,0.0,0.003861726549110799,0.24141471591662705
15.104473868467117,0.0038557326936001918,0.0,0.0038557326936001918,0.2413271922396613
15.116976744186047,0.003849752782024628,0.0,0.003849752782024628,0.241239763050646
15.129479619904977,0.003843786771165925,0.0,0.003843786771165925,0.24115242818104737
15.141982495623907,0.0038378346179732104,0.0,0.0038378346179732104,0.24106518746274797
15.154485371342837,0.003831896279562144,0.0,0.003831896279562144,0.2409780407280455
15.166988247061767,0.003825971713214146,0.0,0.003825971713214146,0.24089098780965162
15.179491122780696,0.0038200608763756297,0.0,0.0038200608763756297,0.24080402854069055
15.191993998499626,0.003814163726657237,0.0,0.003814163726657237,0.2407171627546979
15.204496874218556,0.003808280221833079,0.0,0.003808280221833079,0.24063039028561917
15.216999749937486,0.0038024103198399757,0.0,0.0038024103198399757,0.24054371096780855
15.229502625656416,0.0037965539787767114,0.0,0.0037965539787767114,0.24045712463602786
15.242005501375345,0.003790711156903282,0.0,0.003790711156903282,0.24037063112544496
15.254508377094274,0.0037848818126401513,0.0,0.0037848818126401513,0.24028423027163257
15.267011252813203,0.003779065904567513,0.0,0.003779065904567513,0.24019792191056719
15.279514128532133,0.003773263391424558,0.0,0.003773263391424558,0.24011170587862768
15.292017004251063,0.0037674742321087322,0.0,0.0037674742321087322,0.2400255820125939
15.304519879969993,0.0037616983856750223,0.0,0.0037616983856750223,0.23993955014964582
15.317022755688923,0.0037559358113352197,0.0,0.0037559358113352197,0.23985361012736184
15.329525631407853,0.0037501864684572075,0.0,0.0037501864684572075,0.23976776178371784
15.342028507126782,0.0037444503165642447,0.0,0.0037444503165642447,0.2396820049570859
15.354531382845712,0.0037387273153342464,0.0,0.0037387273153342464,0.23959633948623293
15.367034258564642,0.003733017424599086,0.0,0.003733017424599086,0.23951076521031972
15.379537134283572,0.0037273206043438806,0.0,0.0037273206043438806,0.23942528196889942
15.392040010002502,0.003721636814706295,0.0,0.003721636814706295,0.23933988960191646
15.404542885721431,0.003715966015975843,0.0,0.003715966015975843,0.23925458794970533
15.417045761440361,0.003710308168593196,0.0,0.003710308168593196,0.23916937685298945
15.429548637159291,0.003704663233149489,0.0,0.003704663233149489,0.23908425615287976
15.442051512878221,0.003699031170385638,0.0,0.003699031170385638,0.2389992256908738
15.45455438859715,0.0036934119411916556,0.0,0.0036934119411916556,0.23891428530885428
15.46705726431608,0.0036878055066059717,0.0,0.0036878055066059717,0.23882943484908795
15.47956014003501,0.0036822118278147594,0.0,0.0036822118278147594,0.23874467415422446
15.492063015753939,0.0036766308661512646,0.0,0.0036766308661512646,0.23866000306729526
15.504565891472868,0.003671062583095131,0.0,0.003671062583095131,0.23857542143171215
15.517068767191798,0.0036655069402717444,0.0,0.0036655069402717444,0.2384909290912664
15.529571642910728,0.003659963899451567,0.0,0.003659963899451567,0.23840652589012748
15.542074518629658,0.0036544334225494784,0.0,0.0036544334225494784,0.23832221167284182
15.554577394348588,0.0036489154716241256,0.0,0.0036489154716241256,0.23823798628433174
15.567080270067517,0.0036434100088772667,0.0,0.0036434100088772667,0.23815384956989424
15.579583145786447,0.003637916996653129,0.0,0.003637916996653129,0.23806980137519992
15.592086021505377,0.0036324363974377626,0.0,0.0036324363974377626,0.23798584154629177
15.604588897224307,0.0036269681738584007,0.0,0.0036269681738584007,0.23790196992958407
15.617091772943237,0.0036215122886828184,0.0,0.0036215122886828184,0.23781818637186114
15.629594648662167,0.003616068704818708,0.0,0.003616068704818708,0.23773449072027644
15.642097524381096,0.0036106373853130383,0.0,0.0036106373853130383,0.23765088282235122
15.654600400100026,0.003605218293351434,0.0,0.003605218293351434,0.23756736252597346
15.667103275818956,0.0035998113922575516,0.0,0.0035998113922575516,0.2374839296793968
15.679606151537886,0.0035944166454924533,0.0,0.0035944166454924533,0.23740058413123932
15.692109027256816,0.0035890340166539977,0.0,0.0035890340166539977,0.23731732573048261
15.704611902975746,0.0035836634694762187,0.0,0.0035836634694762187,0.2372341543264704
15.717114778694674,0.003578304967828722,0.0,0.003578304967828722,0.23715106976890782
15.729617654413603,0.0035729584757160666,0.0,0.0035729584757160666,0.23706807190785975
15.742120530132533,0.003567623957277171,0.0,0.003567623957277171,0.2369851605937503
15.754623405851463,0.003562301376784706,0.0,0.003562301376784706,0.2369023356773614
15.767126281570393,0.0035569906986445007,0.0,0.0035569906986445007,0.2368195970098318
15.779629157289323,0.0035516918873949423,0.0,0.0035516918873949423,0.23673694444265597
15.792132033008253,0.0035464049077063866,0.0,0.0035464049077063866,0.23665437782768292
15.804634908727182,0.00354112972438057,0.0,0.00354112972438057,0.23657189701711534
15.817137784446112,0.0035358663023500243,0.0,0.0035358663023500243,0.23648950186350837
15.829640660165042,0.003530614606677489,0.0,0.003530614606677489,0.23640719221976852
15.842143535883972,0.0035253746025553385,0.0,0.0035253746025553385,0.23632496793915275
15.854646411602902,0.0035201462553049985,0.0,0.0035201462553049985,0.2362428288752672
15.867149287321832,0.0035149295303763778,0.0,0.0035149295303763778,0.2361607748820663
15.879652163040761,0.003509724393347295,0.0,0.003509724393347295,0.23607880581385168
15.892155038759691,0.0035045308099229105,0.0,0.0035045308099229105,0.2359969215252711
15.904657914478621,0.003499348745935161,0.0,0.003499348745935161,0.2359151218713173
15.917160790197551,0.003494178167342201,0.0,0.003494178167342201,0.23583340670732722
15.92966366591648,0.0034890190402278405,0.0,0.0034890190402278405,0.2357517758889808
15.94216654163541,0.003483871330800987,0.0,0.003483871330800987,0.23567022927229972
15.954669417354339,0.0034787350053950973,0.0,0.0034787350053950973,0.2355887667136469
15.967172293073268,0.003473610030467625,0.0,0.003473610030467625,0.23550738806972502
15.979675168792198,0.0034684963725994723,0.0,0.0034684963725994723,0.2354260931975757
15.992178044511128,0.0034633939984944425,0.0,0.0034633939984944425,0.23534488195457837
16.00468092023006,0.003458302874978702,0.0,0.003458302874978702,0.23526375419844936
16.01718379594899,0.003453222969000245,0.0,0.003453222969000245,0.23518270978724093
16.02968667166792,0.003448154247628344,0.0,0.003448154247628344,0.23510174857934
16.04218954738685,0.0034430966780530296,0.0,0.0034430966780530296,0.23502087043346748
16.05469242310578,0.0034380502275845526,0.0,0.0034380502275845526,0.23494007520867705
16.067195298824707,0.003433014863652857,0.0,0.003433014863652857,0.2348593627643542
16.079698174543637,0.003427990553807052,0.0,0.003427990553807052,0.2347787329602153
16.092201050262567,0.0034229772657148956,0.0,0.0034229772657148956,0.23469818565630654
16.104703925981497,0.0034179749671622702,0.0,0.0034179749671622702,0.23461772071300302
16.117206801700426,0.003412983626052664,0.0,0.003412983626052664,0.2345373379910077
16.129709677419356,0.003408003210406659,0.0,0.003408003210406659,0.2344570373513504
16.142212553138286,0.0034030336883614162,0.0,0.0034030336883614162,0.23437681865538693
16.154715428857216,0.0033980750281701697,0.0,0.0033980750281701697,0.23429668176479806
16.167218304576146,0.0033931271982017143,0.0,0.0033931271982017143,0.23421662654158848
16.179721180295076,0.003388190166939906,0.0,0.003388190166939906,0.23413665284808594
16.192224056014005,0.0033832639029831575,0.0,0.0033832639029831575,0.23405676054694022
16.204726931732935,0.003378348375043938,0.0,0.003378348375043938,0.23397694950112222
16.217229807451865,0.003373443551948282,0.0,0.003373443551948282,0.23389721957392307
16.229732683170795,0.0033685494026352873,0.0,0.0033685494026352873,0.23381757062895292
16.242235558889725,0.0033636658961566277,0.0,0.0033636658961566277,0.23373800253014027
16.254738434608655,0.003358793001676064,0.0,0.003358793001676064,0.2336585151417309
16.267241310327584,0.003353930688468955,0.0,0.003353930688468955,0.233579108328287
16.279744186046514,0.003349078925921775,0.0,0.003349078925921775,0.23349978195468604
16.292247061765444,0.003344237683531633,0.0,0.003344237683531633,0.2334205358861202
16.304749937484374,0.003339406930905787,0.0,0.003339406930905787,0.23334136998809496
16.317252813203304,0.003334586637761176,0.0,0.003334586637761176,0.23326228412642858
16.329755688922234,0.0033297767739239393,0.0,0.0033297767739239393,0.233183278167251
16.342258564641163,0.0033249773093289455,0.0,0.0033249773093289455,0.23310435197700297
16.354761440360093,0.0033201882140193257,0.0,0.0033201882140193257,0.23302550542243505
16.367264316079023,0.003315409458145998,0.0,0.003315409458145998,0.2329467383706067
16.379767191797953,0.0033106410119672146,0.0,0.0033106410119672146,0.23286805068888553
16.392270067516883,0.003305882845848088,0.0,0.003305882845848088,0.23278944224494622
16.404772943235812,0.0033011349302601357,0.0,0.0033011349302601357,0.23271091290676962
16.417275818954742,0.0032963972357808223,0.0,0.0032963972357808223,0.23263246254264203
16.429778694673672,0.003291669733093102,0.0,0.003291669733093102,0.2325540910211541
16.442281570392602,0.003286952392984964,0.0,0.003286952392984964,0.2324757982111999
16.454784446111532,0.0032822451863489875,0.0,0.0032822451863489875,0.23239758398197638
16.46728732183046,0.003277548084181883,0.0,0.003277548084181883,0.232319448202982
16.47979019754939,0.0032728610575840545,0.0,0.0032728610575840545,0.23224139074401626
16.49229307326832,0.003268184077759148,0.0,0.003268184077759148,0.23216341147517844
16.50479594898725,0.0032635171160136146,0.0,0.0032635171160136146,0.23208551026686708
16.51729882470618,0.0032588601437562683,0.0,0.0032588601437562683,0.23200768698977892
16.529801700425107,0.0032542131324978475,0.0,0.0032542131324978475,0.23192994151490798
16.542304576144037,0.0032495760538505773,0.0,0.0032495760538505773,0.23185227371354478
16.554807451862967,0.003244948879527741,0.0,0.003244948879527741,0.23177468345727545
16.567310327581897,0.003240331581343247,0.0,0.003240331581343247,0.2316971706179809
16.579813203300827,0.0032357241312111957,0.0,0.0032357241312111957,0.23161973506783587
16.592316079019756,0.003231126501145459,0.0,0.003231126501145459,0.2315423766793082
16.604818954738686,0.0032265386632592485,0.0,0.0032265386632592485,0.23146509532515783
16.617321830457616,0.003221960589764697,0.0,0.003221960589764697,0.23138789087843598
16.629824706176546,0.003217392252972437,0.0,0.003217392252972437,0.23131076321248445
16.642327581895476,0.0032128336252911813,0.0,0.0032128336252911813,0.2312337122009346
16.654830457614406,0.0032082846792273073,0.0,0.0032082846792273073,0.23115673771770665
16.667333333333335,0.0032037453873844397,0.0,0.0032037453873844397,0.23107983963700857
16.679836209052265,0.003199215722463043,0.0,0.003199215722463043,0.2310030178333356
16.692339084771195,0.003194695657260006,0.0,0.003194695657260006,0.23092627218146922
16.704841960490125,0.0031901851646682373,0.0,0.0031901851646682373,0.2308496025564763
16.717344836209055,0.003185684217676256,0.0,0.003185684217676256,0.23077300883370838
16.729847711927984,0.0031811927893677892,0.0,0.0031811927893677892,0.23069649088880073
16.742350587646914,0.003176710852921367,0.0,0.003176710852921367,0.23062004859767152
16.754853463365844,0.0031722383816099272,0.0,0.0031722383816099272,0.23054368183652127
16.767356339084774,0.00316777534880041,0.0,0.00316777534880041,0.23046739048183157
16.779859214803704,0.003163321727953368,0.0,0.003163321727953368,0.23039117441036472
16.792362090522634,0.0031588774926225678,0.0,0.0031588774926225678,0.2303150334991626
16.804864966241563,0.003154442616454597,0.0,0.003154442616454597,0.23023896762554602
16.817367841960493,0.003150017073188477,0.0,0.003150017073188477,0.23016297666711388
16.829870717679423,0.0031456008366552704,0.0,0.0031456008366552704,0.23008706050174232
16.842373593398353,0.0031411938807776973,0.0,0.0031411938807776973,0.23001121900758403
16.854876469117283,0.003136796179569747,0.0,0.003136796179569747,0.22993545206306729
16.867379344836213,0.003132407707136299,0.0,0.003132407707136299,0.22985975954689541
16.879882220555142,0.0031280284376727376,0.0,0.0031280284376727376,0.22978414133804562
16.892385096274072,0.0031236583454645763,0.0,0.0031236583454645763,0.2297085973157686
16.904887971993002,0.003119297404887078,0.0,0.003119297404887078,0.22963312735958755
16.917390847711932,0.003114945590404879,0.0,0.003114945590404879,0.22955773134929727
16.92989372343086,0.003110602876571617,0.0,0.003110602876571617,0.22948240916496368
16.94239659914979,0.0031062692380295588,0.0,0.0031062692380295588,0.22940716068692277
16.95489947486872,0.003101944649509229,0.0,0.003101944649509229,0.22933198579578007
16.96740235058765,0.0030976290858290424,0.0,0.0030976290858290424,0.22925688437240957
16.97990522630658,0.003093322521894936,0.0,0.003093322521894936,0.2291818562979532
16.99240810202551,0.0030890249327000085,0.0,0.0030890249327000085,0.2291069014538201
17.004910977744437,0.0030847362933241517,0.0,0.0030847362933241517,0.22903201972168555
17.017413853463367,0.003080456578933691,0.0,0.003080456578933691,0.22895721098349045
17.029916729182297,0.0030761857647810297,0.0,0.0030761857647810297,0.22888247512144064
17.042419604901227,0.003071923826204286,0.0,0.003071923826204286,0.22880781201800587
17.054922480620156,0.00306767073862694,0.0,0.00306767073862694,0.22873322155591924
17.067425356339086,0.003063426477557479,0.0,0.003063426477557479,0.22865870361817642
17.079928232058016,0.0030591910185890437,0.0,0.0030591910185890437,0.22858425808803484
17.092431107776946,0.003054964337399078,0.0,0.003054964337399078,0.22850988484901302
17.104933983495876,0.0030507464097489826,0.0,0.0030507464097489826,0.2284355837848898
17.117436859214806,0.0030465372114837595,0.0,0.0030465372114837595,0.22836135477970346
17.129939734933735,0.0030423367185316765,0.0,0.0030423367185316765,0.2282871977177513
17.142442610652665,0.0030381449069039165,0.0,0.0030381449069039165,0.2282131124835886
17.154945486371595,0.003033961752694235,0.0,0.003033961752694235,0.22813909896202805
17.167448362090525,0.003029787232078623,0.0,0.003029787232078623,0.22806515703813887
17.179951237809455,0.003025621321314965,0.0,0.003025621321314965,0.22799128659724632
17.192454113528385,0.003021463996742701,0.0,0.003021463996742701,0.22791748752493074
17.204956989247314,0.0030173152347824925,0.0,0.0030173152347824925,0.22784375970702697
17.217459864966244,0.003013175011935887,0.0,0.003013175011935887,0.22777010302962353
17.229962740685174,0.0030090433047849866,0.0,0.0030090433047849866,0.22769651737906205
17.242465616404104,0.0030049200899921126,0.0,0.0030049200899921126,0.22762300264193627
17.254968492123034,0.0030008053442994835,0.0,0.0030008053442994835,0.22754955870509175
17.267471367841964,0.0029966990445288787,0.0,0.0029966990445288787,0.22747618545562473
17.279974243560893,0.0029926011675813187,0.0,0.0029926011675813187,0.22740288278088175
17.292477119279823,0.002988511690436736,0.0,0.002988511690436736,0.22732965056845866
17.304979994998753,0.002984430590153654,0.0,0.002984430590153654,0.22725648870620022
17.317482870717683,0.002980357843868864,0.0,0.002980357843868864,0.2271833970821991
17.329985746436613,0.0029762934287971077,0.0,0.0029762934287971077,0.2271103755847954
17.342488622155543,0.002972237322230753,0.0,0.002972237322230753,0.22703742410257585
17.354991497874472,0.0029681895015394835,0.0,0.0029681895015394835,0.22696454252437318
17.367494373593402,0.002964149944169978,0.0,0.002964149944169978,0.22689173073926536
17.379997249312332,0.002960118627645598,0.0,0.002960118627645598,0.2268189886365749
17.392500125031262,0.0029560955295660756,0.0,0.0029560955295660756,0.22674631610586823
17.40500300075019,0.002952080627607201,0.0,0.002952080627607201,0.22667371303695505
17.41750587646912,0.002948073899520514,0.0,0.002948073899520514,0.22660117931988746
17.43000875218805,0.0029440753231329956,0.0,0.0029440753231329956,0.2265287148449595
17.44251162790698,0.0029400848763467603,0.0,0.0029400848763467603,0.22645631950270637
17.45501450362591,0.0029361025371387518,0.0,0.0029361025371387518,0.22638399318390368
17.467517379344837,0.0029321282835604394,0.0,0.0029321282835604394,0.22631173577956695
17.480020255063767,0.0029281620937375136,0.0,0.0029281620937375136,0.2262395471809508
17.492523130782697,0.0029242039458695864,0.0,0.0029242039458695864,0.2261674272795483
17.505026006501627,0.002920253818229894,0.0,0.002920253818229894,0.22609537596709042
17.517528882220557,0.0029163116891649937,0.0,0.0029163116891649937,0.22602339313554515
17.530031757939486,0.0029123775370944725,0.0,0.0029123775370944725,0.22595147867711707
17.542534633658416,0.0029084513405106473,0.0,0.0029084513405106473,0.22587963248424653
17.555037509377346,0.0029045330779782735,0.0,0.0029045330779782735,0.22580785444960905
17.567540385096276,0.0029006227281342515,0.0,0.0029006227281342515,0.22573614446611467
17.580043260815206,0.0028967202696873356,0.0,0.0028967202696873356,0.2256645024269073
17.592546136534136,0.002892825681417846,0.0,0.002892825681417846,0.22559292822536406
17.605049012253065,0.0028889389421773754,0.0,0.0028889389421773754,0.22552142175509451
17.617551887971995,0.0028850600308885084,0.0,0.0028850600308885084,0.2254499829099403
17.630054763690925,0.0028811889265445314,0.0,0.0028811889265445314,0.2253786115839743
17.642557639409855,0.0028773256082091476,0.0,0.0028773256082091476,0.22530730767149987
17.655060515128785,0.0028734700550161986,0.0,0.0028734700550161986,0.2252360710670505
17.667563390847715,0.0028696222461693775,0.0,0.0028696222461693775,0.22516490166538897
17.680066266566644,0.002865782160941952,0.0,0.002865782160941952,0.22509379936150678
17.692569142285574,0.0028619497786764826,0.0,0.0028619497786764826,0.22502276405062346
17.705072018004504,0.0028581250787845475,0.0,0.0028581250787845475,0.2249517956281861
17.717574893723434,0.0028543080407464633,0.0,0.0028543080407464633,0.2248808939898685
17.730077769442364,0.0028504986441110123,0.0,0.0028504986441110123,0.2248100590315706
17.742580645161294,0.002846696868495167,0.0,0.002846696868495167,0.22473929064941806
17.755083520880223,0.002842902693583818,0.0,0.002842902693583818,0.2246685887397614
17.767586396599153,0.002839116099129503,0.0,0.002839116099129503,0.22459795319917544
17.780089272318083,0.0028353370649521342,0.0,0.0028353370649521342,0.22452738392445873
17.792592148037013,0.002831565570938734,0.0,0.002831565570938734,0.22445688081263282
17.805095023755943,0.0028278015970431636,0.0,0.0028278015970431636,0.2243864437609419
17.817597899474872,0.002824045123285857,0.0,0.002824045123285857,0.22431607266685183
17.830100775193802,0.0028202961297535576,0.0,0.0028202961297535576,0.22424576742804977
17.842603650912732,0.0028165545965990538,0.0,0.0028165545965990538,0.2241755279424436
17.855106526631662,0.0028128205040409155,0.0,0.0028128205040409155,0.22410535410816118
17.867609402350592,0.002809093832363232,0.0,0.002809093832363232,0.2240352458235497
17.88011227806952,0.002805374561915354,0.0,0.002805374561915354,0.2239652029871753
17.89261515378845,0.002801662673111633,0.0,0.002801662673111633,0.22389522549782223
17.90511802950738,0.0027979581464311646,0.0,0.0027979581464311646,0.2238253132544925
17.91762090522631,0.002794260962417529,0.0,0.002794260962417529,0.22375546615640501
17.930123780945237,0.0027905711016785405,0.0,0.0027905711016785405,0.22368568410299516
17.942626656664167,0.002786888544885986,0.0,0.002786888544885986,0.22361596699391414
17.955129532383097,0.002783213272775381,0.0,0.002783213272775381,0.22354631472902847
17.967632408102027,0.0027795452661457092,0.0,0.0027795452661457092,0.2234767272084192
17.980135283820957,0.0027758845058591776,0.0,0.0027758845058591776,0.2234072043323816
17.992638159539887,0.002772230972840964,0.0,0.002772230972840964,0.2233377460014243
18.005141035258816,0.0027685846480789682,0.0,0.0027685846480789682,0.22326835211626886
18.017643910977746,0.0027649455126235664,0.0,0.0027649455126235664,0.2231990225778492
18.030146786696676,0.0027613135475873644,0.0,0.0027613135475873644,0.223129757287311
18.042649662415606,0.0027576887341449518,0.0,0.0027576887341449518,0.22306055614601103
18.055152538134536,0.0027540710535326595,0.0,0.0027540710535326595,0.2229914190555167
18.067655413853466,0.002750460487048315,0.0,0.002750460487048315,0.2229223459176054
18.080158289572395,0.0027468570160510014,0.0,0.0027468570160510014,0.22285333663426404
18.092661165291325,0.002743260621960818,0.0,0.002743260621960818,0.22278439110768827
18.105164041010255,0.0027396712862586396,0.0,0.0027396712862586396,0.22271550924028222
18.117666916729185,0.0027360889904858784,0.0,0.0027360889904858784,0.22264669093465764
18.130169792448115,0.0027325137162442464,0.0,0.0027325137162442464,0.22257793609363344
18.142672668167044,0.0027289454451955193,0.0,0.0027289454451955193,0.22250924462023527
18.155175543885974,0.0027253841590613014,0.0,0.0027253841590613014,0.2224406164176947
18.167678419604904,0.0027218298396227926,0.0,0.0027218298396227926,0.22237205138944885
18.180181295323834,0.0027182824687205526,0.0,0.0027182824687205526,0.22230354943913982
18.192684171042764,0.0027147420282542726,0.0,0.0027147420282542726,0.22223511047061406
18.205187046761694,0.0027112085001825413,0.0,0.0027112085001825413,0.2221667343879218
18.217689922480623,0.0027076818665226167,0.0,0.0027076818665226167,0.22209842109531666
18.230192798199553,0.0027041621093501964,0.0,0.0027041621093501964,0.22203017049725488
18.242695673918483,0.0027006492107991913,0.0,0.0027006492107991913,0.22196198249839494
18.255198549637413,0.0026971431530614974,0.0,0.0026971431530614974,0.22189385700359696
18.267701425356343,0.0026936439183867706,0.0,0.0026936439183867706,0.22182579391792212
18.280204301075273,0.002690151489082202,0.0,0.002690151489082202,0.22175779314663221
18.292707176794202,0.0026866658475122943,0.0,0.0026866658475122943,0.22168985459518895
18.305210052513132,0.00268318697609864,0.0,0.00268318697609864,0.22162197816925364
18.317712928232062,0.002679714857319697,0.0,0.002679714857319697,0.22155416377468637
18.330215803950992,0.0026762494737105733,0.0,0.0026762494737105733,0.2214864113175458
18.34271867966992,0.0026727908078628,0.0,0.0026727908078628,0.22141872070408825
18.35522155538885,0.0026693388424241194,0.0,0.0026693388424241194,0.22135109184076757
18.36772443110778,0.0026658935600982646,0.0,0.0026658935600982646,0.22128352463423434
18.38022730682671,0.0026624549436447408,0.0,0.0026624549436447408,0.22121601899133533
18.392730182545638,0.002659022975878616,0.0,0.002659022975878616,0.22114857481911326
18.405233058264567,0.0026555976396702955,0.0,0.0026555976396702955,0.22108119202480586
18.417735933983497,0.0026521789179453203,0.0,0.0026521789179453203,0.22101387051584567
18.430238809702427,0.002648766793684146,0.0,0.002648766793684146,0.2209466101998594
18.442741685421357,0.002645361249921935,0.0,0.002645361249921935,0.2208794109846674
18.455244561140287,0.002641962269748343,0.0,0.002641962269748343,0.22081227277828322
18.467747436859216,0.002638569836307311,0.0,0.002638569836307311,0.22074519548891294
18.480250312578146,0.0026351839327968555,0.0,0.0026351839327968555,0.2206781790249548
18.492753188297076,0.002631804542468862,0.0,0.002631804542468862,0.22061122329499872
18.505256064016006,0.0026284316486288742,0.0,0.0026284316486288742,0.22054432820782552
18.517758939734936,0.0026250652346358912,0.0,0.0026250652346358912,0.22047749367240677
18.530261815453866,0.002621705283902162,0.0,0.002621705283902162,0.220410719597904
18.542764691172795,0.002618351779892979,0.0,0.002618351779892979,0.2203440058936684
18.555267566891725,0.0026150047061264765,0.0,0.0026150047061264765,0.2202773524692401
18.567770442610655,0.002611664046173428,0.0,0.002611664046173428,0.22021075923434785
18.580273318329585,0.002608329783657044,0.0,0.002608329783657044,0.22014422609890852
18.592776194048515,0.0026050019022527708,0.0,0.0026050019022527708,0.22007775297302637
18.605279069767445,0.0026016803856880925,0.0,0.0026016803856880925,0.22001133976699283
18.617781945486374,0.00259836521774233,0.0,0.00259836521774233,0.21994498639128585
18.630284821205304,0.0025950563822464447,0.0,0.0025950563822464447,0.21987869275656952
18.642787696924234,0.00259175386308284,0.0,0.00259175386308284,0.21981245877369332
18.655290572643164,0.0025884576441851663,0.0,0.0025884576441851663,0.219746284353692
18.667793448362094,0.0025851677095381238,0.0,0.0025851677095381238,0.2196801694077848
18.680296324081024,0.0025818840431772704,0.0,0.0025818840431772704,0.21961411384737506
18.692799199799953,0.0025786066291888254,0.0,0.0025786066291888254,0.21954811758404974
18.705302075518883,0.002575335451709478,0.0,0.002575335451709478,0.2194821805295789
18.717804951237813,0.0025720704949261978,0.0,0.0025720704949261978,0.21941630259591532
18.730307826956743,0.0025688117430760376,0.0,0.0025688117430760376,0.21935048369519383
18.742810702675673,0.0025655591804459492,0.0,0.0025655591804459492,0.21928472373973104
18.755313578394603,0.002562312791372591,0.0,0.002562312791372591,0.2192190226420247
18.767816454113532,0.0025590725602421395,0.0,0.0025590725602421395,0.21915338031475323
18.780319329832462,0.002555838471490103,0.0,0.002555838471490103,0.21908779667077544
18.792822205551392,0.0025526105096011324,0.0,0.0025526105096011324,0.21902227162312973
18.805325081270322,0.0025493886591088375,0.0,0.0025493886591088375,0.21895680508503393
18.81782795698925,0.002546172904595601,0.0,0.002546172904595601,0.21889139696988466
18.83033083270818,0.002542963230692392,0.0,0.002542963230692392,0.2188260471912568
18.84283370842711,0.002539759622078586,0.0,0.002539759622078586,0.21876075566290332
18.85533658414604,0.002536562063481779,0.0,0.002536562063481779,0.21869552229875436
18.867839459864967,0.0025333705396776087,0.0,0.0025333705396776087,0.2186303470129172
18.880342335583897,0.002530185035489567,0.0,0.002530185035489567,0.21856522971967549
18.892845211302827,0.002527005535788827,0.0,0.002527005535788827,0.21850017033348892
18.905348087021757,0.002523832025494061,0.0,0.002523832025494061,0.21843516876899285
18.917850962740687,0.0025206644895712587,0.0,0.0025206644895712587,0.21837022494099761
18.930353838459617,0.002517502913033552,0.0,0.002517502913033552,0.21830533876448824
18.942856714178546,0.0025143472809410375,0.0,0.0025143472809410375,0.2182405101546239
18.955359589897476,0.0025111975784005984,0.0,0.0025111975784005984,0.2181757390267376
18.967862465616406,0.002508053790565732,0.0,0.002508053790565732,0.2181110252963355
18.980365341335336,0.00250491590263637,0.0,0.00250491590263637,0.21804636887909662
18.992868217054266,0.0025017838998587093,0.0,0.0025017838998587093,0.21798176969087243
19.005371092773196,0.002498657767525035,0.0,0.002498657767525035,0.21791722764768623
19.017873968492125,0.0024955374909735486,0.0,0.0024955374909735486,0.21785274266573282
19.030376844211055,0.0024924230555881982,0.0,0.0024924230555881982,0.21778831466137805
19.042879719929985,0.002489314446798504,0.0,0.002489314446798504,0.2177239435511583
19.055382595648915,0.00248621165007939,0.0,0.00248621165007939,0.21765962925178012
19.067885471367845,0.002483114650951014,0.0,0.002483114650951014,0.21759537168011978
19.080388347086775,0.002480023434978598,0.0,0.002480023434978598,0.21753117075322276
19.092891222805704,0.002476937987772262,0.0,0.002476937987772262,0.2174670263883034
19.105394098524634,0.002473858294986852,0.0,0.002473858294986852,0.21740293850274428
19.117896974243564,0.00247078434232178,0.0,0.00247078434232178,0.21733890701409614
19.130399849962494,0.0024677161155208507,0.0,0.0024677161155208507,0.217274931840077
19.142902725681424,0.0024646536003721034,0.0,0.0024646536003721034,0.21721101289857214
19.155405601400354,0.00246159678270764,0.0,0.00246159678270764,0.21714715010763327
19.167908477119283,0.002458545648403469,0.0,0.002458545648403469,0.21708334338547852
19.180411352838213,0.002455500183379334,0.0,0.002455500183379334,0.21701959265049156
19.192914228557143,0.002452460373598559,0.0,0.002452460373598559,0.2169558978212216
19.205417104276073,0.0024494262050678817,0.0,0.0024494262050678817,0.2168922588163827
19.217919979995003,0.002446397663837294,0.0,0.002446397663837294,0.21682867555485327
19.230422855713933,0.0024433747359998825,0.0,0.0024433747359998825,0.21676514795567606
19.242925731432862,0.0024403574076916667,0.0,0.0024403574076916667,0.21670167593805723
19.255428607151792,0.0024373456650914425,0.0,0.0024373456650914425,0.21663825942136622
19.267931482870722,0.0024343394944206214,0.0,0.0024343394944206214,0.2165748983251353
19.280434358589652,0.0024313388819430758,0.0,0.0024313388819430758,0.21651159256905905
19.29293723430858,0.0024283438139649795,0.0,0.0024283438139649795,0.2164483420729941
19.30544011002751,0.002425354276834653,0.0,0.002425354276834653,0.21638514675695852
19.31794298574644,0.0024223702569424075,0.0,0.0024223702569424075,0.21632200654113162
19.330445861465368,0.0024193917407203903,0.0,0.0024193917407203903,0.2162589213458533
19.342948737184297,0.002416418714642428,0.0,0.002416418714642428,0.2161958910916238
19.355451612903227,0.002413451165223877,0.0,0.002413451165223877,0.21613291569910323
19.367954488622157,0.0024104890790214704,0.0,0.0024104890790214704,0.2160699950891113
19.380457364341087,0.0024075324426331606,0.0,0.0024075324426331606,0.21600712918262657
19.392960240060017,0.0024045812426979735,0.0,0.0024045812426979735,0.21594431790078641
19.405463115778947,0.002401635465895855,0.0,0.002401635465895855,0.2158815611648864
19.417965991497876,0.0023986950989475205,0.0,0.0023986950989475205,0.21581885889638
19.430468867216806,0.0023957601286143057,0.0,0.0023957601286143057,0.21575621101687803
19.442971742935736,0.0023928305416980175,0.0,0.0023928305416980175,0.21569361744814833
19.455474618654666,0.002389906325040787,0.0,0.002389906325040787,0.21563107811211554
19.467977494373596,0.0023869874655249182,0.0,0.0023869874655249182,0.21556859293086036
19.480480370092526,0.0023840739500727453,0.0,0.0023840739500727453,0.21550616182661939
19.492983245811455,0.0023811657656464835,0.0,0.0023811657656464835,0.2154437847217847
19.505486121530385,0.002378262899248082,0.0,0.002378262899248082,0.2153814615389033
19.517988997249315,0.002375365337919084,0.0,0.002375365337919084,0.215319192200677
19.530491872968245,0.0023724730687404755,0.0,0.0023724730687404755,0.21525697662996174
19.542994748687175,0.0023695860788325454,0.0,0.0023695860788325454,0.2151948147497673
19.555497624406105,0.002366704355354741,0.0,0.002366704355354741,0.21513270648325702
19.568000500125034,0.0023638278855055263,0.0,0.0023638278855055263,0.2150706517537473
19.580503375843964,0.0023609566565222367,0.0,0.0023609566565222367,0.2150086504847071
19.593006251562894,0.0023580906556809416,0.0,0.0023580906556809416,0.21494670259975782
19.605509127281824,0.0023552298702963007,0.0,0.0023552298702963007,0.21488480802267274
19.618012003000754,0.0023523742877214243,0.0,0.0023523742877214243,0.21482296667737658
19.630514878719683,0.002349523895347733,0.0,0.002349523895347733,0.21476117848794532
19.643017754438613,0.0023466786806048195,0.0,0.0023466786806048195,0.21469944337860555
19.655520630157543,0.002343838630960311,0.0,0.002343838630960311,0.2146377612737344
19.668023505876473,0.002341003733919727,0.0,0.002341003733919727,0.2145761320978589
19.680526381595403,0.002338173977026347,0.0,0.002338173977026347,0.21451455577565562
19.693029257314333,0.0023353493478610703,0.0,0.0023353493478610703,0.2144530322319505
19.705532133033262,0.002332529834042281,0.0,0.002332529834042281,0.21439156139171828
19.718035008752192,0.0023297154232257114,0.0,0.0023297154232257114,0.21433014318008214
19.730537884471122,0.0023269061031043095,0.0,0.0023269061031043095,0.2142687775223134
19.743040760190052,0.0023241018614081,0.0,0.0023241018614081,0.21420746434383114
19.75554363590898,0.002321302685904055,0.0,0.002321302685904055,0.21414620357020173
19.76804651162791,0.002318508564395956,0.0,0.002318508564395956,0.2140849951271385
19.78054938734684,0.002315719484724267,0.0,0.002315719484724267,0.21402383894050156
19.793052263065768,0.0023129354347659965,0.0,0.0023129354347659965,0.21396273493629706
19.805555138784698,0.0023101564024345664,0.0,0.0023101564024345664,0.2139016830406771
19.818058014503627,0.002307382375679685,0.0,0.002307382375679685,0.21384068317993934
19.830560890222557,0.002304613342487213,0.0,0.002304613342487213,0.21377973528052657
19.843063765941487,0.0023018492908790343,0.0,0.0023018492908790343,0.21371883926902624
19.855566641660417,0.0022990902089129257,0.0,0.0022990902089129257,0.21365799507217034
19.868069517379347,0.002296336084682429,0.0,0.002296336084682429,0.21359720261683485
19.880572393098277,0.002293586906316722,0.0,0.002293586906316722,0.21353646183003946
19.893075268817206,0.002290842661980491,0.0,0.002290842661980491,0.21347577263894718
19.905578144536136,0.0022881033398738024,0.0,0.0022881033398738024,0.213415134970864
19.918081020255066,0.002285368928231977,0.0,0.002285368928231977,0.21335454875323845
19.930583895973996,0.002282639415325463,0.0,0.002282639415325463,0.21329401391366137
19.943086771692926,0.002279914789459711,0.0,0.002279914789459711,0.21323353037986548
19.955589647411855,0.0022771950389750477,0.0,0.0022771950389750477,0.21317309807972512
19.968092523130785,0.002274480152246552,0.0,0.002274480152246552,0.21311271694125564
19.980595398849715,0.0022717701176839292,0.0,0.0022717701176839292,0.21305238689261333
19.993098274568645,0.0022690649237313903,0.0,0.0022690649237313903,0.21299210786209496
20.005601150287575,0.0022663645588675264,0.0,0.0022663645588675264,0.21293187977813746
20.018104026006505,0.002263669011605186,0.0,0.002263669011605186,0.2128717025693174
20.030606901725434,0.002260978270491353,0.0,0.002260978270491353,0.21281157616435092
20.043109777444364,0.002258292324107029,0.0,0.002258292324107029,0.21275150049209324
20.055612653163294,0.002255611161067104,0.0,0.002255611161067104,0.2126914754815382
20.068115528882224,0.0022529347700202436,0.0,0.0022529347700202436,0.2126315010618181
20.080618404601154,0.0022502631396487645,0.0,0.0022502631396487645,0.21257157716220332
20.093121280320084,0.002247596258668516,0.0,0.002247596258668516,0.21251170371210185
20.105624156039013,0.002244934115828762,0.0,0.002244934115828762,0.21245188064105916
20.118127031757943,0.0022422766999120594,0.0,0.0022422766999120594,0.2123921078787576
20.130629907476873,0.0022396239997341436,0.0,0.0022396239997341436,0.21233238535501628
20.143132783195803,0.0022369760041438076,0.0,0.0022369760041438076,0.21227271299979064
20.155635658914733,0.002234332702022787,0.0,0.002234332702022787,0.2122130907431721
20.168138534633663,0.002231694082285642,0.0,0.002231694082285642,0.21215351851538772
20.180641410352592,0.0022290601338796423,0.0,0.0022290601338796423,0.21209399624679998
20.193144286071522,0.0022264308457846504,0.0,0.0022264308457846504,0.21203452386790622
20.205647161790452,0.0022238062070130057,0.0,0.0022238062070130057,0.21197510130933853
20.218150037509382,0.0022211862066094127,0.0,0.0022211862066094127,0.21191572850186327
20.23065291322831,0.002218570833650823,0.0,0.002218570833650823,0.21185640537638079
20.24315578894724,0.0022159600772463234,0.0,0.0022159600772463234,0.21179713186392513
20.255658664666168,0.0022133539265370237,0.0,0.0022133539265370237,0.21173790789566366
20.268161540385098,0.0022107523706959386,0.0,0.0022107523706959386,0.21167873340289667
20.280664416104027,0.002208155398927883,0.0,0.002208155398927883,0.21161960831705723
20.293167291822957,0.002205563000469354,0.0,0.002205563000469354,0.21156053256971064
20.305670167541887,0.0022029751645884217,0.0,0.0022029751645884217,0.2115015060925543
20.318173043260817,0.0022003918805846173,0.0,0.0022003918805846173,0.2114425288174173
20.330675918979747,0.0021978131377888236,0.0,0.0021978131377888236,0.21138360067626003
20.343178794698677,0.0021952389255631643,0.0,0.0021952389255631643,0.21132472160117394
20.355681670417606,0.0021926692333008937,0.0,0.0021926692333008937,0.21126589152438127
20.368184546136536,0.002190104050426288,0.0,0.002190104050426288,0.21120711037823456
20.380687421855466,0.002187543366394536,0.0,0.002187543366394536,0.21114837809521644
20.393190297574396,0.0021849871706916325,0.0,0.0021849871706916325,0.21108969460793942
20.405693173293326,0.0021824354528342683,0.0,0.0021824354528342683,0.21103105984914533
20.418196049012256,0.002179888202369722,0.0,0.002179888202369722,0.21097247375170508
20.430698924731185,0.002177345408875757,0.0,0.002177345408875757,0.2109139362486185
20.443201800450115,0.00217480706196051,0.0,0.00217480706196051,0.21085544727301386
20.455704676169045,0.002172273151262388,0.0,0.002172273151262388,0.21079700675814755
20.468207551887975,0.0021697436664499625,0.0,0.0021697436664499625,0.2107386146374039
20.480710427606905,0.0021672185972218625,0.0,0.0021672185972218625,0.21068027084429478
20.493213303325835,0.0021646979333066704,0.0,0.0021646979333066704,0.21062197531245927
20.505716179044764,0.0021621816644628177,0.0,0.0021621816644628177,0.2105637279756633
20.518219054763694,0.002159669780478481,0.0,0.002159669780478481,0.21050552876779957
20.530721930482624,0.0021571622711714774,0.0,0.0021571622711714774,0.2104473776228869
20.543224806201554,0.002154659126389165,0.0,0.002154659126389165,0.21038927447507028
20.555727681920484,0.0021521603360083333,0.0,0.0021521603360083333,0.21033121925862025
20.568230557639414,0.0021496658899351085,0.0,0.0021496658899351085,0.21027321190793283
20.580733433358343,0.002147175778104846,0.0,0.002147175778104846,0.21021525235752905
20.593236309077273,0.002144689990482031,0.0,0.002144689990482031,0.2101573405420547
20.605739184796203,0.0021422085170601773,0.0,0.0021422085170601773,0.2100994763962801
20.618242060515133,0.002139731347861727,0.0,0.002139731347861727,0.2100416598550997
20.630744936234063,0.002137258472937949,0.0,0.002137258472937949,0.20998389085353175
20.643247811952993,0.0021347898823688405,0.0,0.0021347898823688405,0.20992616932671818
20.655750687671922,0.0021323255662630265,0.0,0.0021323255662630265,0.2098684952099241
20.668253563390852,0.002129865514757661,0.0,0.002129865514757661,0.20981086843853755
20.680756439109782,0.002127409718018328,0.0,0.002127409718018328,0.20975328894806933
20.693259314828712,0.0021249581662389446,0.0,0.0021249581662389446,0.20969575667415252
20.70576219054764,0.0021225108496416615,0.0,0.0021225108496416615,0.2096382715525423
20.71826506626657,0.0021200677584767656,0.0,0.0021200677584767656,0.2095808335191156
20.730767941985498,0.0021176288830225846,0.0,0.0021176288830225846,0.20952344250987084
20.743270817704428,0.0021151942135853876,0.0,0.0021151942135853876,0.20946609846092765
20.755773693423357,0.002112763740499291,0.0,0.002112763740499291,0.20940880130852646
20.768276569142287,0.0021103374541261623,0.0,0.0021103374541261623,0.2093515509890284
20.780779444861217,0.0021079153448555236,0.0,0.0021079153448555236,0.20929434743891487
20.793282320580147,0.0021054974031044565,0.0,0.0021054974031044565,0.2092371905947872
20.805785196299077,0.0021030836193175087,0.0,0.0021030836193175087,0.20918008039336658
20.818288072018007,0.0021006739839665974,0.0,0.0021006739839665974,0.20912301677149353
20.830790947736936,0.002098268487550917,0.0,0.002098268487550917,0.2090659996661277
20.843293823455866,0.002095867120596846,0.0,0.002095867120596846,0.20900902901434776
20.855796699174796,0.002093469873657851,0.0,0.002093469873657851,0.2089521047533508
20.868299574893726,0.002091076737314396,0.0,0.002091076737314396,0.2088952268204522
20.880802450612656,0.0020886877021738495,0.0,0.0020886877021738495,0.2088383951530854
20.893305326331586,0.0020863027588703927,0.0,0.0020863027588703927,0.2087816096888015
20.905808202050515,0.002083921898064926,0.0,0.002083921898064926,0.20872487036526916
20.918311077769445,0.0020815451104449797,0.0,0.0020815451104449797,0.208668177120274
20.930813953488375,0.0020791723867246213,0.0,0.0020791723867246213,0.20861152989171866
20.943316829207305,0.0020768037176443657,0.0,0.0020768037176443657,0.20855492861762231
20.955819704926235,0.0020744390939710852,0.0,0.0020744390939710852,0.20849837323612047
20.968322580645165,0.002072078506497918,0.0,0.002072078506497918,0.20844186368546458
20.980825456364094,0.0020697219460441806,0.0,0.0020697219460441806,0.20838539990402202
20.993328332083024,0.0020673694034552765,0.0,0.0020673694034552765,0.20832898183027543
21.005831207801954,0.002065020869602608,0.0,0.002065020869602608,0.2082726094028228
21.018334083520884,0.0020626763353834903,0.0,0.0020626763353834903,0.20821628256037703
21.030836959239814,0.002060335791721058,0.0,0.002060335791721058,0.2081600012417656
21.043339834958743,0.0020579992295641824,0.0,0.0020579992295641824,0.2081037653859304
21.055842710677673,0.002055666639887379,0.0,0.002055666639887379,0.20804757493192738
21.068345586396603,0.002053338013690727,0.0,0.002053338013690727,0.20799142981892643
21.080848462115533,0.002051013341999775,0.0,0.002051013341999775,0.20793532998621084
21.093351337834463,0.0020486926158654597,0.0,0.0020486926158654597,0.20787927537317732
21.105854213553393,0.0020463758263640185,0.0,0.0020463758263640185,0.20782326591933548
21.118357089272322,0.002044062964596903,0.0,0.002044062964596903,0.20776730156430775
21.130859964991252,0.002041754021690694,0.0,0.002041754021690694,0.2077113822478291
21.143362840710182,0.002039448988797016,0.0,0.002039448988797016,0.2076555079097465
21.155865716429112,0.0020371478570924534,0.0,0.0020371478570924534,0.20759967849001904
21.168368592148042,0.002034850617778465,0.0,0.002034850617778465,0.2075438939287174
21.18087146786697,0.0020325572620813,0.0,0.0020325572620813,0.2074881541660237
21.193374343585898,0.0020302677812519166,0.0,0.0020302677812519166,0.20743245914223124
21.205877219304828,0.0020279821665658932,0.0,0.0020279821665658932,0.20737680879774412
21.218380095023758,0.002025700409323351,0.0,0.002025700409323351,0.20732120307307708
21.230882970742687,0.0020234225008488684,0.0,0.0020234225008488684,0.20726564190885527
21.243385846461617,0.002021148432491398,0.0,0.002021148432491398,0.2072101252458138
21.255888722180547,0.002018878195624188,0.0,0.002018878195624188,0.20715465302479785
21.268391597899477,0.002016611781644694,0.0,0.002016611781644694,0.20709922518676188
21.280894473618407,0.0020143491819745044,0.0,0.0020143491819745044,0.20704384167276985
21.293397349337337,0.002012090388059255,0.0,0.002012090388059255,0.20698850242399472
21.305900225056266,0.0020098353913685493,0.0,0.0020098353913685493,0.20693320738171828
21.318403100775196,0.002007584183395878,0.0,0.002007584183395878,0.2068779564873308
21.330905976494126,0.0020053367556585387,0.0,0.0020053367556585387,0.2068227496823308
21.343408852213056,0.002003093099697556,0.0,0.002003093099697556,0.20676758690832492
21.355911727931986,0.0020008532070776015,0.0,0.0020008532070776015,0.20671246810702754
21.368414603650915,0.001998617069386916,0.0,0.001998617069386916,0.20665739322026053
21.380917479369845,0.0019963846782372293,0.0,0.0019963846782372293,0.20660236218995298
21.393420355088775,0.0019941560252636804,0.0,0.0019941560252636804,0.20654737495814113
21.405923230807705,0.001991931102124742,0.0,0.001991931102124742,0.20649243146696786
21.418426106526635,0.0019897099005021395,0.0,0.0019897099005021395,0.20643753165868248
21.430928982245565,0.0019874924121007754,0.0,0.0019874924121007754,0.20638267547564076
21.443431857964494,0.001985278628648652,0.0,0.001985278628648652,0.20632786286030436
21.455934733683424,0.001983068541896791,0.0,0.001983068541896791,0.20627309375524067
21.468437609402354,0.001980862143619161,0.0,0.001980862143619161,0.20621836810312258
21.480940485121284,0.001978659425612599,0.0,0.001978659425612599,0.20616368584672834
21.493443360840214,0.001976460379696732,0.0,0.001976460379696732,0.20610904692894114
21.505946236559144,0.0019742649977139057,0.0,0.0019742649977139057,0.20605445129274888
21.518449112278073,0.001972073271529105,0.0,0.001972073271529105,0.2059998988812441
21.530951987997003,0.0019698851930298805,0.0,0.0019698851930298805,0.20594538963762352
21.543454863715933,0.001967700754126271,0.0,0.001967700754126271,0.20589092350518787
21.555957739434863,0.001965519946750734,0.0,0.001965519946750734,0.2058365004273418
21.568460615153793,0.001963342762858065,0.0,0.001963342762858065,0.20578212034759338
21.580963490872723,0.001961169194425328,0.0,0.001961169194425328,0.20572778320955407
21.593466366591652,0.0019589992334517773,0.0,0.0019589992334517773,0.2056734889569382
21.605969242310582,0.001956832871958789,0.0,0.001956832871958789,0.20561923753356318
21.618472118029512,0.0019546701019897824,0.0,0.0019546701019897824,0.20556502888334877
21.630974993748442,0.0019525109156101525,0.0,0.0019525109156101525,0.20551086295031726
21.64347786946737,0.001950355304907191,0.0,0.001950355304907191,0.20545673967859288
21.655980745186298,0.00194820326199002,0.0,0.00194820326199002,0.20540265901240182
21.668483620905228,0.0019460547789895137,0.0,0.0019460547789895137,0.2053486208960718
21.680986496624158,0.0019439098480582312,0.0,0.0019439098480582312,0.20529462527403203
21.693489372343087,0.0019417684613703445,0.0,0.0019417684613703445,0.20524067209081281
21.705992248062017,0.0019396306111215636,0.0,0.0019396306111215636,0.20518676129104543
21.718495123780947,0.0019374962895290684,0.0,0.0019374962895290684,0.20513289281946168
21.730997999499877,0.0019353654888314377,0.0,0.0019353654888314377,0.20507906662089398
21.743500875218807,0.0019332382012885768,0.0,0.0019332382012885768,0.2050252826402749
21.756003750937737,0.00193111441918165,0.0,0.00193111441918165,0.20497154082263697
21.768506626656666,0.0019289941348130074,0.0,0.0019289941348130074,0.20491784111311243
21.781009502375596,0.0019268773405061172,0.0,0.0019268773405061172,0.20486418345693314
21.793512378094526,0.0019247640286054976,0.0,0.0019247640286054976,0.20481056779943022
21.806015253813456,0.0019226541914766427,0.0,0.0019226541914766427,0.20475699408603373
21.818518129532386,0.0019205478215059593,0.0,0.0019205478215059593,0.2047034622622727
21.831021005251316,0.0019184449111006934,0.0,0.0019184449111006934,0.20464997227377463
21.843523880970245,0.0019163454526888656,0.0,0.0019163454526888656,0.20459652406626555
21.856026756689175,0.0019142494387192,0.0,0.0019142494387192,0.20454311758556942
21.868529632408105,0.0019121568616610588,0.0,0.0019121568616610588,0.20448975277760828
21.881032508127035,0.0019100677140043716,0.0,0.0019100677140043716,0.20443642958840175
21.893535383845965,0.001907981988259572,0.0,0.001907981988259572,0.20438314796406704
21.906038259564895,0.0019058996769575267,0.0,0.0019058996769575267,0.20432990785081845
21.918541135283824,0.0019038207726494703,0.0,0.0019038207726494703,0.20427670919496732
21.931044011002754,0.0019017452679069397,0.0,0.0019017452679069397,0.2042235519429219
21.943546886721684,0.0018996731553217053,0.0,0.0018996731553217053,0.20417043604118684
21.956049762440614,0.0018976044275057075,0.0,0.0018976044275057075,0.20411736143636325
21.968552638159544,0.001895539077090989,0.0,0.001895539077090989,0.2040643280751483
21.981055513878474,0.0018934770967296297,0.0,0.0018934770967296297,0.20401133590433504
21.993558389597403,0.001891418479093681,0.0,0.001891418479093681,0.20395838487081228
22.006061265316333,0.0018893632168751019,0.0,0.0018893632168751019,0.2039054749215642
22.018564141035263,0.0018873113027856935,0.0,0.0018873113027856935,0.20385260600367025
22.031067016754193,0.0018852627295570335,0.0,0.0018852627295570335,0.2037997780643049
22.043569892473123,0.0018832174899404126,0.0,0.0018832174899404126,0.20374699105073746
22.056072768192053,0.0018811755767067714,0.0,0.0018811755767067714,0.20369424491033172
22.068575643910982,0.0018791369826466346,0.0,0.0018791369826466346,0.20364153959054596
22.081078519629912,0.0018771017005700485,0.0,0.0018771017005700485,0.20358887503893253
22.093581395348842,0.0018750697233065163,0.0,0.0018750697233065163,0.20353625120313765
22.106084271067772,0.0018730410437049385,0.0,0.0018730410437049385,0.20348366803090145
22.118587146786698,0.001871015654633546,0.0,0.001871015654633546,0.20343112547005743
22.131090022505628,0.001868993548979837,0.0,0.001868993548979837,0.20337862346853233
22.143592898224558,0.0018669747196505195,0.0,0.0018669747196505195,0.2033261619743461
22.156095773943488,0.001864959159571445,0.0,0.001864959159571445,0.20327374093561149
22.168598649662417,0.001862946861687547,0.0,0.001862946861687547,0.20322136030053384
22.181101525381347,0.0018609378189627806,0.0,0.0018609378189627806,0.20316902001741105
22.193604401100277,0.00185893202438006,0.0,0.00185893202438006,0.20311672003463316
22.206107276819207,0.001856929470941197,0.0,0.001856929470941197,0.20306446030068223
22.218610152538137,0.0018549301516668415,0.0,0.0018549301516668415,0.20301224076413224
22.231113028257067,0.0018529340595964182,0.0,0.0018529340595964182,0.20296006137364855
22.243615903975996,0.0018509411877880688,0.0,0.0018509411877880688,0.20290792207798813
22.256118779694926,0.0018489515293185895,0.0,0.0018489515293185895,0.20285582282599904
22.268621655413856,0.001846965077283371,0.0,0.001846965077283371,0.20280376356662025
22.281124531132786,0.0018449818247963411,0.0,0.0018449818247963411,0.2027517442488816
22.293627406851716,0.0018430017649899016,0.0,0.0018430017649899016,0.20269976482190344
22.306130282570646,0.001841024891014871,0.0,0.001841024891014871,0.20264782523489647
22.318633158289575,0.0018390511960404243,0.0,0.0018390511960404243,0.20259592543716154
22.331136034008505,0.0018370806732540353,0.0,0.0018370806732540353,0.2025440653780895
22.343638909727435,0.001835113315861416,0.0,0.001835113315861416,0.20249224500716087
22.356141785446365,0.0018331491170864595,0.0,0.0018331491170864595,0.20244046427394574
22.368644661165295,0.0018311880701711797,0.0,0.0018311880701711797,0.20238872312810352
22.381147536884225,0.001829230168375657,0.0,0.001829230168375657,0.20233702151938274
22.393650412603154,0.001827275404977976,0.0,0.001827275404977976,0.20228535939762088
22.406153288322084,0.00182532377327417,0.0,0.00182532377327417,0.20223373671274414
22.418656164041014,0.001823375266578164,0.0,0.001823375266578164,0.20218215341476725
22.431159039759944,0.0018214298782217165,0.0,0.0018214298782217165,0.2021306094537933
22.443661915478874,0.001819487601554362,0.0,0.001819487601554362,0.2020791047800134
22.456164791197804,0.0018175484299433557,0.0,0.0018175484299433557,0.2020276393437067
22.468667666916733,0.0018156123567736149,0.0,0.0018156123567736149,0.20197621309524003
22.481170542635663,0.0018136793754476646,0.0,0.0018136793754476646,0.20192482598506772
22.493673418354593,0.0018117494793855804,0.0,0.0018117494793855804,0.20187347796373153
22.506176294073523,0.001809822662024932,0.0,0.001809822662024932,0.20182216898186028
22.518679169792453,0.001807898916820728,0.0,0.001807898916820728,0.2017708989901697
22.531182045511382,0.0018059782372453598,0.0,0.0018059782372453598,0.20171966793946233
22.543684921230312,0.0018040606167885479,0.0,0.0018040606167885479,0.20166847578062727
22.556187796949242,0.001802146048957284,0.0,0.001802146048957284,0.2016173224646399
22.568690672668172,0.0018002345272757783,0.0,0.0018002345272757783,0.20156620794256178
22.5811935483871,0.0017983260452854046,0.0,0.0017983260452854046,0.2015151321655405
22.593696424106028,0.0017964205965446429,0.0,0.0017964205965446429,0.2014640950848094
22.606199299824958,0.0017945181746290293,0.0,0.0017945181746290293,0.20141309665168727
22.618702175543888,0.0017926187731310986,0.0,0.0017926187731310986,0.20136213681757847
22.631205051262818,0.001790722385660333,0.0,0.001790722385660333,0.2013112155339725
22.643707926981747,0.0017888290058431049,0.0,0.0017888290058431049,0.2012603327524438
22.656210802700677,0.0017869386273226264,0.0,0.0017869386273226264,0.2012094884246516
22.668713678419607,0.0017850512437588956,0.0,0.0017850512437588956,0.20115868250233995
22.681216554138537,0.001783166848828641,0.0,0.001783166848828641,0.20110791493733712
22.693719429857467,0.0017812854362252713,0.0,0.0017812854362252713,0.20105718568155573
22.706222305576397,0.0017794069996588215,0.0,0.0017794069996588215,0.2010064946869924
22.718725181295326,0.0017775315328559004,0.0,0.0017775315328559004,0.2009558419057277
22.731228057014256,0.001775659029559638,0.0,0.001775659029559638,0.2009052272899258
22.743730932733186,0.001773789483529634,0.0,0.001773789483529634,0.20085465079183445
22.756233808452116,0.0017719228885419048,0.0,0.0017719228885419048,0.20080411236378456
22.768736684171046,0.001770059238388832,0.0,0.001770059238388832,0.20075361195819033
22.781239559889976,0.0017681985268791123,0.0,0.0017681985268791123,0.2007031495275488
22.793742435608905,0.0017663407478377034,0.0,0.0017663407478377034,0.20065272502443976
22.806245311327835,0.0017644858951057756,0.0,0.0017644858951057756,0.20060233840152558
22.818748187046765,0.001762633962540658,0.0,0.001762633962540658,0.20055198961155107
22.831251062765695,0.0017607849440157896,0.0,0.0017607849440157896,0.20050167860734316
22.843753938484625,0.0017589388334206685,0.0,0.0017589388334206685,0.20045140534181083
22.856256814203554,0.0017570956246607996,0.0,0.0017570956246607996,0.20040116976794486
22.868759689922484,0.0017552553116576466,0.0,0.0017552553116576466,0.20035097183881767
22.881262565641414,0.0017534178883485813,0.0,0.0017534178883485813,0.2003008115075833
22.893765441360344,0.0017515833486868326,0.0,0.0017515833486868326,0.2002506887274769
22.906268317079274,0.0017497516866414372,0.0,0.0017497516866414372,0.20020060345181473
22.918771192798204,0.0017479228961971912,0.0,0.0017479228961971912,0.20015055563399414
22.931274068517133,0.0017460969713545987,0.0,0.0017460969713545987,0.2001005452274931
22.943776944236063,0.0017442739061298248,0.0,0.0017442739061298248,0.20005057218587016
22.956279819954993,0.0017424536945546442,0.0,0.0017424536945546442,0.20000063646276428
22.968782695673923,0.0017406363306763952,0.0,0.0017406363306763952,0.19995073801189467
22.981285571392853,0.0017388218085579276,0.0,0.0017388218085579276,0.19990087678706048
22.993788447111783,0.0017370101222775579,0.0,0.0017370101222775579,0.19985105274214077
23.006291322830712,0.0017352012659290175,0.0,0.0017352012659290175,0.19980126583109434
23.018794198549642,0.0017333952336214078,0.0,0.0017333952336214078,0.1997515160079594
23.031297074268572,0.0017315920194791489,0.0,0.0017315920194791489,0.19970180322685355
23.043799949987502,0.001729791617641935,0.0,0.001729791617641935,0.1996521274419735
23.056302825706428,0.0017279940222646856,0.0,0.0017279940222646856,0.199602488607595
23.068805701425358,0.0017261992275174952,0.0,0.0017261992275174952,0.1995528866780725
23.081308577144288,0.001724407227585591,0.0,0.001724407227585591,0.19950332160783918
23.093811452863218,0.0017226180166692838,0.0,0.0017226180166692838,0.19945379335140664
23.106314328582148,0.0017208315889839189,0.0,0.0017208315889839189,0.1994043018633648
23.118817204301077,0.001719047938759832,0.0,0.001719047938759832,0.1993548470983816
23.131320080020007,0.0017172670602423027,0.0,0.0017172670602423027,0.19930542901120307
23.143822955738937,0.001715488947691505,0.0,0.001715488947691505,0.1992560475566528
23.156325831457867,0.0017137135953824653,0.0,0.0017137135953824653,0.1992067026896322
23.168828707176797,0.001711940997605013,0.0,0.001711940997605013,0.19915739436511995
23.181331582895726,0.0017101711486637364,0.0,0.0017101711486637364,0.19910812253817206
23.193834458614656,0.001708404042877936,0.0,0.001708404042877936,0.1990588871639216
23.206337334333586,0.001706639674581579,0.0,0.001706639674581579,0.19900968819757853
23.218840210052516,0.0017048780381232554,0.0,0.0017048780381232554,0.19896052559442962
23.231343085771446,0.00170311912786613,0.0,0.00170311912786613,0.19891139930983823
23.243845961490376,0.0017013629381878996,0.0,0.0017013629381878996,0.19886230929924406
23.256348837209305,0.0016996094634807472,0.0,0.0016996094634807472,0.1988132555181631
23.268851712928235,0.001697858698151297,0.0,0.001697858698151297,0.1987642379221874
23.281354588647165,0.0016961106366205705,0.0,0.0016961106366205705,0.1987152564669849
23.293857464366095,0.0016943652733239414,0.0,0.0016943652733239414,0.19866631110829935
23.306360340085025,0.001692622602711092,0.0,0.001692622602711092,0.1986174018019501
23.318863215803955,0.001690882619245968,0.0,0.001690882619245968,0.19856852850383175
23.331366091522884,0.0016891453174067356,0.0,0.0016891453174067356,0.19851969116991436
23.343868967241814,0.0016874106916857372,0.0,0.0016874106916857372,0.1984708897562429
23.356371842960744,0.0016856787365894478,0.0,0.0016856787365894478,0.1984221242189374
23.368874718679674,0.0016839494466384312,0.0,0.0016839494466384312,0.1983733945141925
23.381377594398604,0.0016822228163672981,0.0,0.0016822228163672981,0.19832470059827761
23.393880470117534,0.0016804988403246602,0.0,0.0016804988403246602,0.19827604242753646
23.406383345836463,0.00167877751307309,0.0,0.00167877751307309,0.19822741995838702
23.418886221555393,0.0016770588291890763,0.0,0.0016770588291890763,0.19817883314732146
23.431389097274323,0.0016753427832629816,0.0,0.0016753427832629816,0.19813028195090585
23.443891972993253,0.0016736293698990008,0.0,0.0016736293698990008,0.19808176632578006
23.456394848712183,0.001671918583715116,0.0,0.001671918583715116,0.19803328622865757
23.468897724431113,0.0016702104193430582,0.0,0.0016702104193430582,0.19798484161632535
23.481400600150042,0.0016685048714282615,0.0,0.0016685048714282615,0.19793643244564366
23.493903475868972,0.001666801934629823,0.0,0.001666801934629823,0.19788805867354586
23.506406351587902,0.0016651016036204607,0.0,0.0016651016036204607,0.19783972025703836
23.51890922730683,0.0016634038730864726,0.0,0.0016634038730864726,0.19779141715320045
23.531412103025758,0.0016617087377276928,0.0,0.0016617087377276928,0.19774314931918396
23.543914978744688,0.0016600161922574524,0.0,0.0016600161922574524,0.19769491671221331
23.556417854463618,0.0016583262314025383,0.0,0.0016583262314025383,0.19764671928958527
23.568920730182548,0.0016566388499031507,0.0,0.0016566388499031507,0.19759855700866882
23.581423605901477,0.0016549540425128627,0.0,0.0016549540425128627,0.19755042982690496
23.593926481620407,0.0016532718039985804,0.0,0.0016532718039985804,0.19750233770180659
23.606429357339337,0.0016515921291405007,0.0,0.0016515921291405007,0.19745428059095832
23.618932233058267,0.0016499150127320722,0.0,0.0016499150127320722,0.19740625845201637
23.631435108777197,0.0016482404495799547,0.0,0.0016482404495799547,0.19735827124270838
23.643937984496127,0.001646568434503978,0.0,0.001646568434503978,0.19731031892083326
23.656440860215056,0.0016448989623371027,0.0,0.0016448989623371027,0.197262401444261
23.668943735933986,0.00164323202792538,0.0,0.00164323202792538,0.1972145187709326
23.681446611652916,0.0016415676261279117,0.0,0.0016415676261279117,0.1971666708588598
23.693949487371846,0.0016399057518168118,0.0,0.0016399057518168118,0.1971188576661251
23.706452363090776,0.0016382463998771645,0.0,0.0016382463998771645,0.1970710791508814
23.718955238809706,0.0016365895652069875,0.0,0.0016365895652069875,0.197023335271352
23.731458114528635,0.001634935242717192,0.0,0.001634935242717192,0.1969756259858304
23.743960990247565,0.0016332834273315416,0.0,0.0016332834273315416,0.19692795125268014
23.756463865966495,0.0016316341139866173,0.0,0.0016316341139866173,0.1968803110303347
23.768966741685425,0.0016299872976317739,0.0,0.0016299872976317739,0.19683270527729718
23.781469617404355,0.0016283429732291065,0.0,0.0016283429732291065,0.19678513395214048
23.793972493123285,0.001626701135753407,0.0,0.001626701135753407,0.1967375970135067
23.806475368842214,0.00162506178019213,0.0,0.00162506178019213,0.19669009442010754
23.818978244561144,0.001623424901545351,0.0,0.001623424901545351,0.19664262613072359
23.831481120280074,0.0016217904948257309,0.0,0.0016217904948257309,0.19659519210420454
23.843983995999004,0.0016201585550584764,0.0,0.0016201585550584764,0.19654779229946895
23.856486871717934,0.001618529077281303,0.0,0.001618529077281303,0.19650042667550405
23.868989747436864,0.0016169020565443971,0.0,0.0016169020565443971,0.1964530951913657
23.881492623155793,0.0016152774879103781,0.0,0.0016152774879103781,0.19640579780617812
23.893995498874723,0.0016136553664542613,0.0,0.0016136553664542613,0.19635853447913376
23.906498374593653,0.0016120356872634197,0.0,0.0016120356872634197,0.19631130516949324
23.919001250312583,0.0016104184454375488,0.0,0.0016104184454375488,0.19626410983658518
23.931504126031513,0.0016088036360886273,0.0,0.0016088036360886273,0.196216948439806
23.944007001750442,0.001607191254340882,0.0,0.001607191254340882,0.1961698209386198
23.956509877469372,0.001605581295330749,0.0,0.001605581295330749,0.19612272729255822
23.969012753188302,0.001603973754206839,0.0,0.001603973754206839,0.1960756674612203
23.98151562890723,0.0016023686261298995,0.0,0.0016023686261298995,0.1960286414042723
23.99401850462616,0.001600765906272779,0.0,0.001600765906272779,0.19598164908144772
24.006521380345088,0.00159916558982039,0.0,0.00159916558982039,0.19593469045254686
24.019024256064018,0.0015975676719696742,0.0,0.0015975676719696742,0.19588776547743691
24.031527131782948,0.0015959721479295646,0.0,0.0015959721479295646,0.19584087411605178
24.044030007501878,0.001594379012920952,0.0,0.001594379012920952,0.19579401632839188
24.056532883220807,0.0015927882621766458,0.0,0.0015927882621766458,0.19574719207452404
24.069035758939737,0.001591199890941342,0.0,0.001591199890941342,0.1957004013145813
24.081538634658667,0.0015896138944715853,0.0,0.0015896138944715853,0.19565364400876287
24.094041510377597,0.001588030268035734,0.0,0.001588030268035734,0.19560692011733388
24.106544386096527,0.0015864490069139264,0.0,0.0015864490069139264,0.1955602296006254
24.119047261815457,0.0015848701063980429,0.0,0.0015848701063980429,0.19551357241903408
24.131550137534386,0.0015832935617916728,0.0,0.0015832935617916728,0.1954669485330222
24.144053013253316,0.0015817193684100788,0.0,0.0015817193684100788,0.19542035790311738
24.156555888972246,0.0015801475215801637,0.0,0.0015801475215801637,0.19537380048991268
24.169058764691176,0.001578578016640432,0.0,0.001578578016640432,0.1953272762540661
24.181561640410106,0.0015770108489409594,0.0,0.0015770108489409594,0.1952807851563007
24.194064516129036,0.0015754460138433565,0.0,0.0015754460138433565,0.19523432715740457
24.206567391847965,0.0015738835067207338,0.0,0.0015738835067207338,0.19518790221823032
24.219070267566895,0.0015723233229576698,0.0,0.0015723233229576698,0.1951415102996953
24.231573143285825,0.0015707654579501732,0.0,0.0015707654579501732,0.19509515136278113
24.244076019004755,0.0015692099071056536,0.0,0.0015692099071056536,0.19504882536853396
24.256578894723685,0.0015676566658428836,0.0,0.0015676566658428836,0.195002532278064
24.269081770442614,0.0015661057295919673,0.0,0.0015661057295919673,0.19495627205254554
24.281584646161544,0.0015645570937943064,0.0,0.0015645570937943064,0.1949100446532168
24.294087521880474,0.0015630107539025657,0.0,0.0015630107539025657,0.19486385004137968
24.306590397599404,0.001561466705380641,0.0,0.001561466705380641,0.19481768817839992
24.319093273318334,0.0015599249437036247,0.0,0.0015599249437036247,0.19477155902570656
24.331596149037264,0.0015583854643577738,0.0,0.0015583854643577738,0.19472546254479217
24.344099024756193,0.0015568482628404764,0.0,0.0015568482628404764,0.19467939869721249
24.356601900475123,0.0015553133346602173,0.0,0.0015553133346602173,0.1946333674445863
24.369104776194053,0.0015537806753365478,0.0,0.0015537806753365478,0.1945873687485955
24.381607651912983,0.001552250280400052,0.0,0.001552250280400052,0.19454140257098482
24.394110527631913,0.0015507221453923128,0.0,0.0015507221453923128,0.1944954688735616
24.406613403350843,0.0015491962658658813,0.0,0.0015491962658658813,0.1944495676181958
24.419116279069772,0.001547672637384243,0.0,0.001547672637384243,0.19440369876681982
24.431619154788702,0.001546151255521788,0.0,0.001546151255521788,0.19435786228142846
24.44412203050763,0.001544632115863775,0.0,0.001544632115863775,0.19431205812407865
24.45662490622656,0.0015431152140063025,0.0,0.0015431152140063025,0.19426628625688933
24.469127781945488,0.001541600545556276,0.0,0.001541600545556276,0.19422054664204144
24.481630657664418,0.001540088106131375,0.0,0.001540088106131375,0.19417483924177767
24.494133533383348,0.0015385778913600237,0.0,0.0015385778913600237,0.19412916401840244
24.506636409102278,0.0015370698968813568,0.0,0.0015370698968813568,0.19408352093428163
24.519139284821208,0.0015355641183451899,0.0,0.0015355641183451899,0.1940379099518426
24.531642160540137,0.0015340605514119867,0.0,0.0015340605514119867,0.19399233103357397
24.544145036259067,0.0015325591917528295,0.0,0.0015325591917528295,0.19394678414202546
24.556647911977997,0.0015310600350493862,0.0,0.0015310600350493862,0.19390126923980788
24.569150787696927,0.0015295630769938807,0.0,0.0015295630769938807,0.19385578628959296
24.581653663415857,0.0015280683132890608,0.0,0.0015280683132890608,0.19381033525411315
24.594156539134786,0.001526575739648168,0.0,0.001526575739648168,0.19376491609616153
24.606659414853716,0.0015250853517949066,0.0,0.0015250853517949066,0.19371952877859175
24.619162290572646,0.0015235971454634135,0.0,0.0015235971454634135,0.1936741732643178
24.631665166291576,0.0015221111163982272,0.0,0.0015221111163982272,0.19362884951631407
24.644168042010506,0.0015206272603542565,0.0,0.0015206272603542565,0.19358355749761486
24.656670917729436,0.001519145573096753,0.0,0.001519145573096753,0.1935382971713147
24.669173793448365,0.0015176660504012775,0.0,0.0015176660504012775,0.19349306850056794
24.681676669167295,0.0015161886880536717,0.0,0.0015161886880536717,0.19344787144858866
24.694179544886225,0.0015147134818500284,0.0,0.0015147134818500284,0.19340270597865059
24.706682420605155,0.001513240427596661,0.0,0.001513240427596661,0.19335757205408702
24.719185296324085,0.0015117695211100735,0.0,0.0015117695211100735,0.19331246963829063
24.731688172043015,0.0015103007582169313,0.0,0.0015103007582169313,0.19326739869471332
24.744191047761944,0.0015088341347540316,0.0,0.0015088341347540316,0.19322235918686623
24.756693923480874,0.0015073696465682735,0.0,0.0015073696465682735,0.19317735107831946
24.769196799199804,0.0015059072895166285,0.0,0.0015059072895166285,0.19313237433270197
24.781699674918734,0.001504447059466112,0.0,0.001504447059466112,0.19308742891370168
24.794202550637664,0.0015029889522937536,0.0,0.0015029889522937536,0.19304251478506496
24.806705426356594,0.0015015329638865674,0.0,0.0015015329638865674,0.1929976319105968
24.819208302075523,0.0015000790901415243,0.0,0.0015000790901415243,0.19295278025416068
24.831711177794453,0.0014986273269655224,0.0,0.0014986273269655224,0.1929079597796783
24.844214053513383,0.0014971776702753575,0.0,0.0014971776702753575,0.19286317045112958
24.856716929232313,0.0014957301159976954,0.0,0.0014957301159976954,0.19281841223255244
24.869219804951243,0.0014942846600690433,0.0,0.0014942846600690433,0.1927736850880428
24.881722680670173,0.0014928412984357203,0.0,0.0014928412984357203,0.1927289889817543
24.894225556389102,0.0014914000270538302,0.0,0.0014914000270538302,0.19268432387789844
24.906728432108032,0.0014899608418892324,0.0,0.0014899608418892324,0.19263968974074414
24.91923130782696,0.001488523738917514,0.0,0.001488523738917514,0.1925950865346179
24.93173418354589,0.0014870887141239606,0.0,0.0014870887141239606,0.19255051422390346
24.944237059264818,0.0014856557635035306,0.0,0.0014856557635035306,0.19250597277304185
24.956739934983748,0.001484224883060825,0.0,0.001484224883060825,0.19246146214653123
24.969242810702678,0.00148279606881006,0.0,0.00148279606881006,0.19241698230892665
24.981745686421608,0.0014813693167750415,0.0,0.0014813693167750415,0.19237253322484013
24.994248562140537,0.001479944622989133,0.0,0.001479944622989133,0.19232811485894036
25.006751437859467,0.0014785219834952325,0.0,0.0014785219834952325,0.19228372717595277
25.019254313578397,0.0014771013943457427,0.0,0.0014771013943457427,0.19223937014065925
25.031757189297327,0.0014756828516025436,0.0,0.0014756828516025436,0.19219504371789806
25.044260065016257,0.001474266351336966,0.0,0.001474266351336966,0.19215074787256384
25.056762940735187,0.0014728518896297638,0.0,0.0014728518896297638,0.19210648256960736
25.069265816454116,0.0014714394625710869,0.0,0.0014714394625710869,0.1920622477740354
25.081768692173046,0.0014700290662604549,0.0,0.0014700290662604549,0.19201804345091078
25.094271567891976,0.0014686206968067294,0.0,0.0014686206968067294,0.1919738695653521
25.106774443610906,0.0014672143503280865,0.0,0.0014672143503280865,0.1919297260825336
25.119277319329836,0.001465810022951992,0.0,0.001465810022951992,0.1918856129676853
25.131780195048766,0.001464407710815173,0.0,0.001464407710815173,0.19184153018609257
25.144283070767695,0.0014630074100635928,0.0,0.0014630074100635928,0.19179747770309621
25.156785946486625,0.0014616091168524225,0.0,0.0014616091168524225,0.19175345548409226
25.169288822205555,0.001460212827346016,0.0,0.001460212827346016,0.19170946349453188
25.181791697924485,0.0014588185377178843,0.0,0.0014588185377178843,0.19166550169992136
25.194294573643415,0.001457426244150667,0.0,0.001457426244150667,0.1916215700658218
25.206797449362345,0.0014560359428361087,0.0,0.0014560359428361087,0.1915776685578492
25.219300325081274,0.0014546476299750314,0.0,0.0014546476299750314,0.19153379714167423
25.231803200800204,0.0014532613017773084,0.0,0.0014532613017773084,0.1914899557830221
25.244306076519134,0.0014518769544618402,0.0,0.0014518769544618402,0.19144614444767263
25.256808952238064,0.0014504945842565265,0.0,0.0014504945842565265,0.19140236310145983
25.269311827956994,0.0014491141873982417,0.0,0.0014491141873982417,0.19135861171027208
25.281814703675924,0.0014477357601328095,0.0,0.0014477357601328095,0.19131489024005188
25.294317579394853,0.0014463592987149767,0.0,0.0014463592987149767,0.19127119865679582
25.306820455113783,0.0014449847994083879,0.0,0.0014449847994083879,0.19122753692655428
25.319323330832713,0.0014436122584855606,0.0,0.0014436122584855606,0.19118390501543156
25.331826206551643,0.0014422416722278595,0.0,0.0014422416722278595,0.19114030288958567
25.344329082270573,0.0014408730369254714,0.0,0.0014408730369254714,0.19109673051522819
25.356831957989503,0.00143950634887738,0.0,0.00143950634887738,0.19105318785862416
25.369334833708432,0.0014381416043913414,0.0,0.0014381416043913414,0.19100967488609208
25.38183770942736,0.0014367787997838588,0.0,0.0014367787997838588,0.19096619156400363
25.39434058514629,0.0014354179313801562,0.0,0.0014354179313801562,0.19092273785878366
25.40684346086522,0.0014340589955141568,0.0,0.0014340589955141568,0.1908793137369102
25.419346336584148,0.0014327019885284557,0.0,0.0014327019885284557,0.19083591916491408
25.431849212303078,0.0014313469067742967,0.0,0.0014313469067742967,0.1907925541093791
25.444352088022008,0.0014299937466115465,0.0,0.0014299937466115465,0.19074921853694163
25.456854963740938,0.0014286425044086714,0.0,0.0014286425044086714,0.19070591241429083
25.469357839459867,0.0014272931765427124,0.0,0.0014272931765427124,0.19066263570816833
25.481860715178797,0.0014259457593992612,0.0,0.0014259457593992612,0.19061938838536815
25.494363590897727,0.0014246002493724353,0.0,0.0014246002493724353,0.19057617041273664
25.506866466616657,0.0014232566428648546,0.0,0.0014232566428648546,0.19053298175717231
25.519369342335587,0.0014219149362876178,0.0,0.0014219149362876178,0.19048982238562587
25.531872218054517,0.001420575126060277,0.0,0.001420575126060277,0.19044669226509994
25.544375093773446,0.0014192372086108147,0.0,0.0014192372086108147,0.19040359136264903
25.556877969492376,0.0014179011803756197,0.0,0.0014179011803756197,0.19036051964537948
25.569380845211306,0.0014165670377994646,0.0,0.0014165670377994646,0.19031747708044933
25.581883720930236,0.0014152347773354799,0.0,0.0014152347773354799,0.19027446363506806
25.594386596649166,0.0014139043954451318,0.0,0.0014139043954451318,0.19023147927649678
25.606889472368096,0.0014125758885981995,0.0,0.0014125758885981995,0.1901885239720479
25.619392348087025,0.0014112492532727494,0.0,0.0014112492532727494,0.1901455976890851
25.631895223805955,0.0014099244859551146,0.0,0.0014099244859551146,0.19010270039502325
25.644398099524885,0.0014086015831398689,0.0,0.0014086015831398689,0.1900598320573282
25.656900975243815,0.0014072805413298058,0.0,0.0014072805413298058,0.19001699264351685
25.669403850962745,0.001405961357035914,0.0,0.001405961357035914,0.1899741821211569
25.681906726681675,0.0014046440267773549,0.0,0.0014046440267773549,0.18993140045786686
25.694409602400604,0.0014033285470814402,0.0,0.0014033285470814402,0.18988864762131583
25.706912478119534,0.001402014914483608,0.0,0.001402014914483608,0.18984592357922347
25.719415353838464,0.0014007031255273998,0.0,0.0014007031255273998,0.1898032282993599
25.731918229557394,0.0013993931767644395,0.0,0.0013993931767644395,0.18976056174954561
25.744421105276324,0.0013980850647544087,0.0,0.0013980850647544087,0.1897179238976513
25.756923980995253,0.0013967787860650258,0.0,0.0013967787860650258,0.18967531471159788
25.769426856714183,0.001395474337272022,0.0,0.001395474337272022,0.18963273415935622
25.781929732433113,0.0013941717149591195,0.0,0.0013941717149591195,0.18959018220894716
25.794432608152043,0.0013928709157180104,0.0,0.0013928709157180104,0.18954765882844146
25.806935483870973,0.0013915719361483312,0.0,0.0013915719361483312,0.1895051639859595
25.819438359589903,0.0013902747728576446,0.0,0.0013902747728576446,0.1894626976496714
25.831941235308832,0.001388979422461414,0.0,0.001388979422461414,0.18942025978779684
25.84444411102776,0.0013876858815829837,0.0,0.0013876858815829837,0.1893778503686049
25.85694698674669,0.0013863941468535547,0.0,0.0013863941468535547,0.189335469360414
25.86944986246562,0.0013851042149121654,0.0,0.0013851042149121654,0.18929311673159185
25.88195273818455,0.0013838160824056669,0.0,0.0013838160824056669,0.18925079245055532
25.894455613903478,0.001382529745988704,0.0,0.001382529745988704,0.1892084964857703
25.906958489622408,0.0013812452023236913,0.0,0.0013812452023236913,0.18916622880575162
25.919461365341338,0.0013799624480807934,0.0,0.0013799624480807934,0.1891239893790631
25.931964241060268,0.0013786814799379007,0.0,0.0013786814799379007,0.18908177817431718
25.944467116779197,0.001377402294580611,0.0,0.001377402294580611,0.18903959516017504
25.956969992498127,0.0013761248887022052,0.0,0.0013761248887022052,0.18899744030534638
25.969472868217057,0.0013748492590036285,0.0,0.0013748492590036285,0.1889553135785894
25.981975743935987,0.001373575402193468,0.0,0.001373575402193468,0.18891321494871077
25.994478619654917,0.0013723033149879297,0.0,0.0013723033149879297,0.1888711443845653
26.006981495373847,0.0013710329941108207,0.0,0.0013710329941108207,0.188829101855056
26.019484371092776,0.0013697644362935255,0.0,0.0013697644362935255,0.18878708732913407
26.031987246811706,0.0013684976382749865,0.0,0.0013684976382749865,0.18874510077579865
26.044490122530636,0.001367232596801682,0.0,0.001367232596801682,0.18870314216409678
26.056992998249566,0.0013659693086276055,0.0,0.0013659693086276055,0.18866121146312329
26.069495873968496,0.0013647077705142454,0.0,0.0013647077705142454,0.1886193086420207
26.081998749687425,0.0013634479792305645,0.0,0.0013634479792305645,0.18857743366997928
26.094501625406355,0.0013621899315529777,0.0,0.0013621899315529777,0.18853558651623664
26.107004501125285,0.0013609336242653332,0.0,0.0013609336242653332,0.18849376715007793
26.119507376844215,0.0013596790541588908,0.0,0.0013596790541588908,0.18845197554083562
26.132010252563145,0.0013584262180323023,0.0,0.0013584262180323023,0.18841021165788946
26.144513128282075,0.0013571751126915893,0.0,0.0013571751126915893,0.18836847547066615
26.157016004001004,0.0013559257349501262,0.0,0.0013559257349501262,0.18832676694863976
26.169518879719934,0.0013546780816286158,0.0,0.0013546780816286158,0.18828508606133107
26.182021755438864,0.0013534321495550722,0.0,0.0013534321495550722,0.1882434327783078
26.194524631157794,0.0013521879355647996,0.0,0.0013521879355647996,0.18820180706918452
26.207027506876724,0.0013509454365003715,0.0,0.0013509454365003715,0.1881602089036224
26.219530382595654,0.0013497046492116115,0.0,0.0013497046492116115,0.1881186382513292
26.232033258314583,0.0013484655705555738,0.0,0.0013484655705555738,0.18807709508205928
26.244536134033513,0.0013472281973965219,0.0,0.0013472281973965219,0.18803557936561327
26.257039009752443,0.0013459925266059096,0.0,0.0013459925266059096,0.1879940910718383
26.269541885471373,0.0013447585550623615,0.0,0.0013447585550623615,0.1879526301706275
26.282044761190303,0.0013435262796516526,0.0,0.0013435262796516526,0.1879111966319203
26.294547636909233,0.0013422956972666887,0.0,0.0013422956972666887,0.18786979042570215
26.30705051262816,0.0013410668048074881,0.0,0.0013410668048074881,0.1878284115220044
26.31955338834709,0.00133983959918116,0.0,0.00133983959918116,0.18778705989090436
26.33205626406602,0.0013386140773018864,0.0,0.0013386140773018864,0.18774573550252502
26.34455913978495,0.0013373902360909026,0.0,0.0013373902360909026,0.18770443832703512
26.357062015503878,0.0013361680724764777,0.0,0.0013361680724764777,0.187663168334649
26.369564891222808,0.0013349475833938948,0.0,0.0013349475833938948,0.1876219254956264
26.382067766941738,0.0013337287657854326,0.0,0.0013337287657854326,0.18758070978027258
26.394570642660668,0.0013325116166003465,0.0,0.0013325116166003465,0.18753952115893815
26.407073518379597,0.0013312961327948474,0.0,0.0013312961327948474,0.18749835960201888
26.419576394098527,0.0013300823113320864,0.0,0.0013300823113320864,0.18745722507995577
26.432079269817457,0.0013288701491821313,0.0,0.0013288701491821313,0.18741611756323479
26.444582145536387,0.001327659643321952,0.0,0.001327659643321952,0.187375037022387
26.457085021255317,0.001326450790735398,0.0,0.001326450790735398,0.18733398342798824
26.469587896974247,0.0013252435884131828,0.0,0.0013252435884131828,0.1872929567506592
26.482090772693176,0.0013240380333528626,0.0,0.0013240380333528626,0.18725195696106534
26.494593648412106,0.001322834122558819,0.0,0.001322834122558819,0.1872109840299166
26.507096524131036,0.0013216318530422403,0.0,0.0013216318530422403,0.1871700379279676
26.519599399849966,0.0013204312218211027,0.0,0.0013204312218211027,0.18712911862601733
26.532102275568896,0.0013192322259201513,0.0,0.0013192322259201513,0.18708822609490922
26.544605151287826,0.0013180348623708833,0.0,0.0013180348623708833,0.18704736030553087
26.557108027006755,0.001316839128211527,0.0,0.001316839128211527,0.18700652122881417
26.569610902725685,0.001315645020487027,0.0,0.001315645020487027,0.1869657088357351
26.582113778444615,0.0013144525362490218,0.0,0.0013144525362490218,0.18692492309731357
26.594616654163545,0.0013132616725558296,0.0,0.0013132616725558296,0.18688416398461358
26.607119529882475,0.001312072426472427,0.0,0.001312072426472427,0.18684343146874283
26.619622405601405,0.0013108847950704331,0.0,0.0013108847950704331,0.1868027255208529
26.632125281320334,0.0013096987754280902,0.0,0.0013096987754280902,0.18676204611213898
26.644628157039264,0.0013085143646302466,0.0,0.0013085143646302466,0.18672139321383988
26.657131032758194,0.0013073315597683377,0.0,0.0013073315597683377,0.18668076679723794
26.669633908477124,0.0013061503579403692,0.0,0.0013061503579403692,0.18664016683365883
26.682136784196054,0.0013049707562508993,0.0,0.0013049707562508993,0.18659959329447173
26.694639659914984,0.0013037927518110195,0.0,0.0013037927518110195,0.18655904615108893
26.707142535633913,0.0013026163417383387,0.0,0.0013026163417383387,0.18651852537496597
26.719645411352843,0.0013014415231569648,0.0,0.0013014415231569648,0.18647803093760149
26.732148287071773,0.0013002682931974865,0.0,0.0013002682931974865,0.186437562810537
26.744651162790703,0.0012990966489969573,0.0,0.0012990966489969573,0.18639712096535713
26.757154038509633,0.0012979265876988766,0.0,0.0012979265876988766,0.18635670537368926
26.769656914228563,0.0012967581064531727,0.0,0.0012967581064531727,0.1863163160072035
26.78215978994749,0.0012955912024161863,0.0,0.0012955912024161863,0.18627595283761267
26.79466266566642,0.0012944258727506514,0.0,0.0012944258727506514,0.1862356158366722
26.80716554138535,0.0012932621146256801,0.0,0.0012932621146256801,0.18619530497618
26.81966841710428,0.001292099925216744,0.0,0.001292099925216744,0.18615502022797642
26.832171292823208,0.0012909393017056575,0.0,0.0012909393017056575,0.18611476156394416
26.844674168542138,0.001289780241280561,0.0,0.001289780241280561,0.18607452895600818
26.857177044261068,0.001288622741135903,0.0,0.001288622741135903,0.1860343223761356
26.869679919979998,0.0012874667984724246,0.0,0.0012874667984724246,0.18599414179633572
26.882182795698927,0.0012863124104971408,0.0,0.0012863124104971408,0.1859539871886598
26.894685671417857,0.001285159574423325,0.0,0.001285159574423325,0.18591385852520104
26.907188547136787,0.001284008287470492,0.0,0.001284008287470492,0.18587375577809456
26.919691422855717,0.0012828585468643795,0.0,0.0012828585468643795,0.18583367891951713
26.932194298574647,0.001281710349836935,0.0,0.001281710349836935,0.18579362792168738
26.944697174293577,0.0012805636936262948,0.0,0.0012805636936262948,0.18575360275686545
26.957200050012506,0.001279418575476771,0.0,0.001279418575476771,0.18571360339735307
26.969702925731436,0.0012782749926388336,0.0,0.0012782749926388336,0.1856736298154934
26.982205801450366,0.0012771329423690923,0.0,0.0012771329423690923,0.185633681983671
26.994708677169296,0.0012759924219302831,0.0,0.0012759924219302831,0.18559375987431173
27.007211552888226,0.0012748534285912504,0.0,0.0012748534285912504,0.18555386345988267
27.019714428607156,0.0012737159596269297,0.0,0.0012737159596269297,0.18551399271289204
27.032217304326085,0.001272580012318333,0.0,0.001272580012318333,0.1854741476058891
27.044720180045015,0.0012714455839525317,0.0,0.0012714455839525317,0.18543432811146418
27.057223055763945,0.0012703126718226405,0.0,0.0012703126718226405,0.18539453420224838
27.069725931482875,0.0012691812732278016,0.0,0.0012691812732278016,0.1853547658509138
27.082228807201805,0.001268051385473168,0.0,0.001268051385473168,0.1853150230301731
27.094731682920735,0.0012669230058698874,0.0,0.0012669230058698874,0.18527530571277978
27.107234558639664,0.0012657961317350868,0.0,0.0012657961317350868,0.18523561387152784
27.119737434358594,0.001264670760391857,0.0,0.001264670760391857,0.1851959474792518
27.132240310077524,0.0012635468891692351,0.0,0.0012635468891692351,0.1851563065088267
27.144743185796454,0.0012624245154021897,0.0,0.0012624245154021897,0.18511669093316782
27.157246061515384,0.0012613036364316054,0.0,0.0012613036364316054,0.18507710072523087
27.169748937234314,0.0012601842496042662,0.0,0.0012601842496042662,0.1850375358580116
27.182251812953243,0.0012590663522728405,0.0,0.0012590663522728405,0.18499799630454608
27.194754688672173,0.0012579499417958646,0.0,0.0012579499417958646,0.18495848203791027
27.207257564391103,0.0012568350155377284,0.0,0.0012568350155377284,0.18491899303122022
27.219760440110033,0.0012557215708686588,0.0,0.0012557215708686588,0.18487952925763182
27.232263315828963,0.0012546096051647038,0.0,0.0012546096051647038,0.18484009069034082
27.24476619154789,0.0012534991158077195,0.0,0.0012534991158077195,0.18480067730258276
27.25726906726682,0.0012523901001853504,0.0,0.0012523901001853504,0.18476128906763273
27.26977194298575,0.0012512825556910186,0.0,0.0012512825556910186,0.18472192595880554
27.28227481870468,0.001250176479723906,0.0,0.001250176479723906,0.18468258794945552
27.29477769442361,0.0012490718696889385,0.0,0.0012490718696889385,0.1846432750129764
27.307280570142538,0.0012479687229967735,0.0,0.0012479687229967735,0.1846039871228013
27.319783445861468,0.0012468670370637809,0.0,0.0012468670370637809,0.18456472425240264
27.332286321580398,0.0012457668093120316,0.0,0.0012457668093120316,0.18452548637529206
27.344789197299328,0.0012446680371692802,0.0,0.0012446680371692802,0.1844862734650204
27.357292073018257,0.0012435707180689511,0.0,0.0012435707180689511,0.18444708549517758
27.369794948737187,0.0012424748494501224,0.0,0.0012424748494501224,0.18440792243939239
27.382297824456117,0.001241380428757512,0.0,0.001241380428757512,0.18436878427133271
27.394800700175047,0.0012402874534414622,0.0,0.0012402874534414622,0.18432967096470523
27.407303575893977,0.0012391959209579252,0.0,0.0012391959209579252,0.1842905824932554
27.419806451612907,0.0012381058287684475,0.0,0.0012381058287684475,0.18425151883076737
27.432309327331836,0.0012370171743401562,0.0,0.0012370171743401562,0.18421247995106396
27.444812203050766,0.0012359299551457437,0.0,0.0012359299551457437,0.18417346582800653
27.457315078769696,0.001234844168663453,0.0,0.001234844168663453,0.18413447643549496
27.469817954488626,0.001233759812377063,0.0,0.001233759812377063,0.18409551174746755
27.482320830207556,0.0012326768837758748,0.0,0.0012326768837758748,0.1840565717379009
27.494823705926486,0.0012315953803546953,0.0,0.0012315953803546953,0.18401765638080989
27.507326581645415,0.0012305152996138252,0.0,0.0012305152996138252,0.18397876565024768
27.519829457364345,0.0012294366390590424,0.0,0.0012294366390590424,0.1839398995203054
27.532332333083275,0.0012283593962015885,0.0,0.0012283593962015885,0.18390105796511244
27.544835208802205,0.001227283568558155,0.0,0.001227283568558155,0.18386224095883602
27.557338084521135,0.0012262091536508674,0.0,0.0012262091536508674,0.18382344847568136
27.569840960240064,0.001225136149007273,0.0,0.001225136149007273,0.18378468048989147
27.582343835958994,0.0012240645521603246,0.0,0.0012240645521603246,0.18374593697574712
27.594846711677924,0.0012229943606483682,0.0,0.0012229943606483682,0.18370721790756692
27.607349587396854,0.0012219255720151271,0.0,0.0012219255720151271,0.18366852325970687
27.619852463115784,0.0012208581838096895,0.0,0.0012208581838096895,0.18362985300656076
27.632355338834714,0.001219792193586493,0.0,0.001219792193586493,0.18359120712255975
27.644858214553643,0.0012187275989053114,0.0,0.0012187275989053114,0.18355258558217244
27.657361090272573,0.0012176643973312406,0.0,0.0012176643973312406,0.18351398835990473
27.669863965991503,0.0012166025864346845,0.0,0.0012166025864346845,0.1834754154302999
27.682366841710433,0.0012155421637913416,0.0,0.0012155421637913416,0.1834368667679384
27.694869717429363,0.0012144831269821907,0.0,0.0012144831269821907,0.1833983423474378
27.70737259314829,0.0012134254735934771,0.0,0.0012134254735934771,0.1833598421434527
27.71987546886722,0.0012123692012166985,0.0,0.0012123692012166985,0.18332136613067476
27.73237834458615,0.0012113143074485924,0.0,0.0012113143074485924,0.18328291428383256
27.74488122030508,0.0012102607898911218,0.0,0.0012102607898911218,0.18324448657769155
27.75738409602401,0.0012092086461514607,0.0,0.0012092086461514607,0.18320608298705388
27.769886971742938,0.001208157873841983,0.0,0.001208157873841983,0.18316770348675865
27.782389847461868,0.0012071084705802455,0.0,0.0012071084705802455,0.18312934805168132
27.794892723180798,0.0012060604339889775,0.0,0.0012060604339889775,0.18309101665673416
27.807395598899728,0.001205013761696065,0.0,0.001205013761696065,0.18305270927686584
27.819898474618658,0.0012039684513345395,0.0,0.0012039684513345395,0.18301442588706154
27.832401350337587,0.0012029245005425629,0.0,0.0012029245005425629,0.18297616646234283
27.844904226056517,0.0012018819069634142,0.0,0.0012018819069634142,0.18293793097776753
27.857407101775447,0.0012008406682454775,0.0,0.0012008406682454775,0.18289971940842978
27.869909977494377,0.0011998007820422274,0.0,0.0011998007820422274,0.1828615317294598
27.882412853213307,0.0011987622460122168,0.0,0.0011987622460122168,0.18282336791602402
27.894915728932236,0.0011977250578190627,0.0,0.0011977250578190627,0.1827852279433249
27.907418604651166,0.001196689215131434,0.0,0.001196689215131434,0.18274711178660083
27.919921480370096,0.001195654715623038,0.0,0.001195654715623038,0.18270901942112616
27.932424356089026,0.0011946215569726072,0.0,0.0011946215569726072,0.18267095082221105
27.944927231807956,0.0011935897368638862,0.0,0.0011935897368638862,0.18263290596520143
27.957430107526886,0.0011925592529856196,0.0,0.0011925592529856196,0.18259488482547898
27.969932983245815,0.0011915301030315374,0.0,0.0011915301030315374,0.18255688737846096
27.982435858964745,0.0011905022847003442,0.0,0.0011905022847003442,0.18251891359960032
27.994938734683675,0.0011894757956957044,0.0,0.0011894757956957044,0.18248096346438542
28.007441610402605,0.0011884506337262307,0.0,0.0011884506337262307,0.18244303694834008
28.019944486121535,0.0011874267965054704,0.0,0.0011874267965054704,0.18240513402702352
28.032447361840465,0.0011864042817518936,0.0,0.0011864042817518936,0.18236725467603032
28.044950237559394,0.0011853830871888793,0.0,0.0011853830871888793,0.18232939887099023
28.057453113278324,0.0011843632105447038,0.0,0.0011843632105447038,0.1822915665875682
28.069955988997254,0.0011833446495525277,0.0,0.0011833446495525277,0.18225375780146436
28.082458864716184,0.0011823274019503826,0.0,0.0011823274019503826,0.1822159724884138
28.094961740435114,0.0011813114654811608,0.0,0.0011813114654811608,0.18217821062418674
28.107464616154044,0.0011802968378925988,0.0,0.0011802968378925988,0.18214047218458815
28.119967491872973,0.0011792835169372694,0.0,0.0011792835169372694,0.18210275714545798
28.132470367591903,0.0011782715003725655,0.0,0.0011782715003725655,0.18206506548267093
28.144973243310833,0.0011772607859606903,0.0,0.0011772607859606903,0.18202739717213645
28.157476119029763,0.001176251371468643,0.0,0.001176251371468643,0.18198975218979865
28.16997899474869,0.0011752432546682085,0.0,0.0011752432546682085,0.18195213051163628
28.18248187046762,0.0011742364333359422,0.0,0.0011742364333359422,0.1819145321136625
28.19498474618655,0.001173230905253161,0.0,0.001173230905253161,0.18187695697192513
28.20748762190548,0.0011722266682059287,0.0,0.0011722266682059287,0.1818394050625063
28.21999049762441,0.0011712237199850454,0.0,0.0011712237199850454,0.18180187636152245
28.23249337334334,0.001170222058386034,0.0,0.001170222058386034,0.1817643708451244
28.244996249062268,0.0011692216812091286,0.0,0.0011692216812091286,0.1817268884894971
28.257499124781198,0.0011682225862592632,0.0,0.0011682225862592632,0.1816894292708598
28.270002000500128,0.0011672247713460585,0.0,0.0011672247713460585,0.18165199316546565
28.282504876219058,0.0011662282342838107,0.0,0.0011662282342838107,0.18161458014960202
28.295007751937987,0.0011652329728914785,0.0,0.0011652329728914785,0.18157719019959015
28.307510627656917,0.0011642389849926729,0.0,0.0011642389849926729,0.18153982329178517
28.320013503375847,0.0011632462684156434,0.0,0.0011632462684156434,0.18150247940257616
28.332516379094777,0.0011622548209932672,0.0,0.0011622548209932672,0.18146515850838588
28.345019254813707,0.0011612646405630381,0.0,0.0011612646405630381,0.1814278605856709
28.357522130532637,0.001160275724967052,0.0,0.001160275724967052,0.1813905856109213
28.370025006251566,0.001159288072051999,0.0,0.001159288072051999,0.18135333356066102
28.382527881970496,0.001158301679669148,0.0,0.001158301679669148,0.18131610441144727
28.395030757689426,0.0011573165456743376,0.0,0.0011573165456743376,0.18127889813987091
28.407533633408356,0.0011563326679279624,0.0,0.0011563326679279624,0.1812417147225561
28.420036509127286,0.001155350044294964,0.0,0.001155350044294964,0.18120455413616046
28.432539384846216,0.0011543686726448168,0.0,0.0011543686726448168,0.18116741635737482
28.445042260565145,0.0011533885508515176,0.0,0.0011533885508515176,0.1811303013629233
28.457545136284075,0.0011524096767935744,0.0,0.0011524096767935744,0.18109320912956312
28.470048012003005,0.0011514320483539942,0.0,0.0011514320483539942,0.1810561396340847
28.482550887721935,0.0011504556634202722,0.0,0.0011504556634202722,0.18101909285331147
28.495053763440865,0.0011494805198843795,0.0,0.0011494805198843795,0.1809820687640998
28.507556639159795,0.001148506615642753,0.0,0.001148506615642753,0.18094506734333907
28.520059514878724,0.0011475339485962832,0.0,0.0011475339485962832,0.18090808856795149
28.532562390597654,0.0011465625166503025,0.0,0.0011465625166503025,0.18087113241489206
28.545065266316584,0.0011455923177145753,0.0,0.0011455923177145753,0.1808341988611486
28.557568142035514,0.0011446233497032852,0.0,0.0011446233497032852,0.18079728788374153
28.570071017754444,0.001143655610535025,0.0,0.001143655610535025,0.180760399459724
28.582573893473374,0.0011426890981327846,0.0,0.0011426890981327846,0.18072353356618157
28.595076769192303,0.0011417238104239405,0.0,0.0011417238104239405,0.18068669018023253
28.607579644911233,0.001140759745340245,0.0,0.001140759745340245,0.18064986927902746
28.620082520630163,0.0011397969008178134,0.0,0.0011397969008178134,0.1806130708397494
28.632585396349093,0.0011388352747971153,0.0,0.0011388352747971153,0.18057629483961368
28.64508827206802,0.0011378748652229622,0.0,0.0011378748652229622,0.18053954125586796
28.65759114778695,0.0011369156700444959,0.0,0.0011369156700444959,0.18050281006579208
28.67009402350588,0.0011359576872151794,0.0,0.0011359576872151794,0.18046610124669807
28.68259689922481,0.0011350009146927848,0.0,0.0011350009146927848,0.18042941477593002
28.69509977494374,0.0011340453504393823,0.0,0.0011340453504393823,0.18039275063086407
28.70760265066267,0.00113309099242133,0.0,0.00113309099242133,0.18035610878890843
28.720105526381598,0.0011321378386092622,0.0,0.0011321378386092622,0.18031948922750304
28.732608402100528,0.0011311858869780798,0.0,0.0011311858869780798,0.18028289192411995
28.745111277819458,0.0011302351355069388,0.0,0.0011302351355069388,0.18024631685626286
28.757614153538388,0.0011292855821792391,0.0,0.0011292855821792391,0.18020976400146727
28.770117029257317,0.0011283372249826149,0.0,0.0011283372249826149,0.18017323333730034
28.782619904976247,0.0011273900619089233,0.0,0.0011273900619089233,0.18013672484136092
28.795122780695177,0.0011264440909542343,0.0,0.0011264440909542343,0.18010023849127946
28.807625656414107,0.0011254993101188192,0.0,0.0011254993101188192,0.18006377426471787
28.820128532133037,0.0011245557174071406,0.0,0.0011245557174071406,0.18002733213936953
28.832631407851967,0.0011236133108278423,0.0,0.0011236133108278423,0.17999091209295923
28.845134283570896,0.0011226720883937386,0.0,0.0011226720883937386,0.17995451410324323
28.857637159289826,0.0011217320481218028,0.0,0.0011217320481218028,0.17991813814800892
28.870140035008756,0.001120793188033158,0.0,0.001120793188033158,0.179881784205075
28.882642910727686,0.0011198555061530662,0.0,0.0011198555061530662,0.1798454522522914
28.895145786446616,0.001118919000510918,0.0,0.001118919000510918,0.1798091422675391
28.907648662165546,0.001117983669140222,0.0,0.001117983669140222,0.17977285422873018
28.920151537884475,0.0011170495100785952,0.0,0.0011170495100785952,0.17973658811380777
28.932654413603405,0.0011161165213677512,0.0,0.0011161165213677512,0.1797003439007459
28.945157289322335,0.0011151847010534921,0.0,0.0011151847010534921,0.1796641215675496
28.957660165041265,0.0011142540471856962,0.0,0.0011142540471856962,0.1796279210922546
28.970163040760195,0.001113324557818309,0.0,0.001113324557818309,0.17959174245292756
28.982665916479124,0.0011123962310093328,0.0,0.0011123962310093328,0.1795555856276658
28.995168792198054,0.0011114690648208164,0.0,0.0011114690648208164,0.1795194505945974
29.007671667916984,0.001110543057318845,0.0,0.001110543057318845,0.17948333733188093
29.020174543635914,0.0011096182065735301,0.0,0.0011096182065735301,0.17944724581770571
29.032677419354844,0.0011086945106589998,0.0,0.0011086945106589998,0.1794111760302914
29.045180295073774,0.0011077719676533882,0.0,0.0011077719676533882,0.1793751279478883
29.057683170792703,0.0011068505756388254,0.0,0.0011068505756388254,0.17933910154877689
29.070186046511633,0.001105930332701429,0.0,0.001105930332701429,0.1793030968112683
29.082688922230563,0.0011050112369312916,0.0,0.0011050112369312916,0.17926711371370369
29.095191797949493,0.0011040932864224732,0.0,0.0011040932864224732,0.1792311522344546
29.10769467366842,0.00110317647927299,0.0,0.00110317647927299,0.17919521235192276
29.12019754938735,0.0011022608135848046,0.0,0.0011022608135848046,0.17915929404453998
29.13270042510628,0.0011013462874638175,0.0,0.0011013462874638175,0.17912339729076818
29.14520330082521,0.0011004328990198555,0.0,0.0011004328990198555,0.17908752206909934
29.15770617654414,0.0010995206463666628,0.0,0.0010995206463666628,0.17905166835805536
29.17020905226307,0.0010986095276218919,0.0,0.0010986095276218919,0.17901583613618816
29.182711927981998,0.0010976995409070923,0.0,0.0010976995409070923,0.17898002538207936
29.195214803700928,0.0010967906843477023,0.0,0.0010967906843477023,0.1789442360743405
29.207717679419858,0.001095882956073039,0.0,0.001095882956073039,0.178908468191613
29.220220555138788,0.0010949763542162875,0.0,0.0010949763542162875,0.1788727217125677
29.232723430857718,0.001094070876914493,0.0,0.001094070876914493,0.17883699661590538
29.245226306576647,0.0010931665223085506,0.0,0.0010931665223085506,0.17880129288035623
29.257729182295577,0.001092263288543195,0.0,0.001092263288543195,0.1787656104846801
29.270232058014507,0.001091361173766992,0.0,0.001091361173766992,0.1787299494076663
29.282734933733437,0.001090460176132329,0.0,0.001090460176132329,0.17869430962813354
29.295237809452367,0.001089560293795404,0.0,0.001089560293795404,0.17865869112493002
29.307740685171296,0.0010886615249162187,0.0,0.0010886615249162187,0.1786230938769332
29.320243560890226,0.0010877638676585668,0.0,0.0010877638676585668,0.17858751786304983
29.332746436609156,0.0010868673201900264,0.0,0.0010868673201900264,0.178551963062216
29.345249312328086,0.0010859718806819488,0.0,0.0010859718806819488,0.1785164294533968
29.357752188047016,0.0010850775473094508,0.0,0.0010850775473094508,0.17848091701558663
29.370255063765946,0.0010841843182514048,0.0,0.0010841843182514048,0.1784454257278089
29.382757939484875,0.0010832921916904292,0.0,0.0010832921916904292,0.17840995556911596
29.395260815203805,0.0010824011658128795,0.0,0.0010824011658128795,0.17837450651858927
29.407763690922735,0.0010815112388088395,0.0,0.0010815112388088395,0.17833907855533923
29.420266566641665,0.0010806224088721111,0.0,0.0010806224088721111,0.17830367165850497
29.432769442360595,0.0010797346742002062,0.0,0.0010797346742002062,0.17826828580725457
29.445272318079525,0.0010788480329943365,0.0,0.0010788480329943365,0.1782329209807848
29.457775193798454,0.0010779624834594053,0.0,0.0010779624834594053,0.17819757715832124
29.470278069517384,0.001077078023803998,0.0,0.001077078023803998,0.17816225431911803
29.482780945236314,0.0010761946522403732,0.0,0.0010761946522403732,0.17812695244245802
29.495283820955244,0.0010753123669844532,0.0,0.0010753123669844532,0.17809167150765257
29.507786696674174,0.0010744311662558158,0.0,0.0010744311662558158,0.1780564114940416
29.520289572393104,0.0010735510482776846,0.0,0.0010735510482776846,0.17802117238099355
29.532792448112033,0.0010726720112769206,0.0,0.0010726720112769206,0.1779859541479051
29.545295323830963,0.0010717940534840122,0.0,0.0010717940534840122,0.1779507567742015
29.557798199549893,0.0010709171731330682,0.0,0.0010709171731330682,0.17791558023933618
29.57030107526882,0.0010700413684618072,0.0,0.0010700413684618072,0.17788042452279085
29.58280395098775,0.0010691666377115492,0.0,0.0010691666377115492,0.17784528960407556
29.59530682670668,0.001068292979127207,0.0,0.001068292979127207,0.17781017546272837
29.60780970242561,0.0010674203909572778,0.0,0.0010674203909572778,0.17777508207831555
29.62031257814454,0.0010665488714538334,0.0,0.0010665488714538334,0.1777400094304314
29.63281545386347,0.0010656784188725118,0.0,0.0010656784188725118,0.17770495749869825
29.6453183295824,0.0010648090314725096,0.0,0.0010648090314725096,0.17766992626276645
29.657821205301328,0.0010639407075165714,0.0,0.0010639407075165714,0.1776349157023142
29.670324081020258,0.0010630734452709825,0.0,0.0010630734452709825,0.1775999257970476
29.682826956739188,0.0010622072430055598,0.0,0.0010622072430055598,0.1775649565267005
29.695329832458118,0.0010613420989936434,0.0,0.0010613420989936434,0.17753000787103473
29.707832708177047,0.0010604780115120868,0.0,0.0010604780115120868,0.17749507980983958
29.720335583895977,0.0010596149788412504,0.0,0.0010596149788412504,0.1774601723229322
29.732838459614907,0.0010587529992649918,0.0,0.0010587529992649918,0.17742528539015734
29.745341335333837,0.0010578920710706567,0.0,0.0010578920710706567,0.17739041899138724
29.757844211052767,0.001057032192549071,0.0,0.001057032192549071,0.17735557310652175
29.770347086771697,0.001056173361994533,0.0,0.001056173361994533,0.1773207477154882
29.782849962490626,0.0010553155777048037,0.0,0.0010553155777048037,0.1772859427982413
29.795352838209556,0.0010544588379810993,0.0,0.0010544588379810993,0.1772511583347632
29.807855713928486,0.0010536031411280823,0.0,0.0010536031411280823,0.1772163943050634
29.820358589647416,0.001052748485453853,0.0,0.001052748485453853,0.17718165068917863
29.832861465366346,0.0010518948692699412,0.0,0.0010518948692699412,0.17714692746717287
29.845364341085276,0.001051042290891299,0.0,0.001051042290891299,0.1771122246191373
29.857867216804205,0.0010501907486362907,0.0,0.0010501907486362907,0.17707754212519036
29.870370092523135,0.0010493402408266854,0.0,0.0010493402408266854,0.17704287996547743
29.882872968242065,0.001048490765787649,0.0,0.001048490765787649,0.177008238120171
29.895375843960995,0.001047642321847735,0.0,0.001047642321847735,0.17697361656947055
29.907878719679925,0.0010467949073388776,0.0,0.0010467949073388776,0.1769390152936026
29.920381595398855,0.0010459485205963823,0.0,0.0010459485205963823,0.17690443427282046
29.932884471117784,0.0010451031599589189,0.0,0.0010451031599589189,0.17686987348740443
29.945387346836714,0.0010442588237685113,0.0,0.0010442588237685113,0.17683533291766146
29.957890222555644,0.001043415510370532,0.0,0.001043415510370532,0.17680081254392546
29.970393098274574,0.0010425732181136927,0.0,0.0010425732181136927,0.17676631234655693
29.982895973993504,0.001041731945350035,0.0,0.001041731945350035,0.17673183230594308
29.995398849712434,0.001040891690434925,0.0,0.001040891690434925,0.17669737240249775
30.007901725431363,0.001040052451727043,0.0,0.001040052451727043,0.1766629326166614
30.020404601150293,0.0010392142275883769,0.0,0.0010392142275883769,0.17662851292890103
30.03290747686922,0.0010383770163842135,0.0,0.0010383770163842135,0.17659411331971006
30.04541035258815,0.0010375408164831296,0.0,0.0010375408164831296,0.17655973376960837
30.05791322830708,0.001036705626256987,0.0,0.001036705626256987,0.1765253742591423
30.07041610402601,0.0010358714440809212,0.0,0.0010358714440809212,0.17649103476888453
30.08291897974494,0.0010350382683333354,0.0,0.0010350382683333354,0.176456715279434
30.09542185546387,0.0010342060973958928,0.0,0.0010342060973958928,0.17642241577141593
30.1079247311828,0.0010333749296535075,0.0,0.0010333749296535075,0.1763881362254818
30.12042760690173,0.0010325447634943372,0.0,0.0010325447634943372,0.1763538766223092
30.132930482620658,0.001031715597309776,0.0,0.001031715597309776,0.17631963694260186
30.145433358339588,0.001030887429494446,0.0,0.001030887429494446,0.17628541716708965
30.157936234058518,0.0010300602584461893,0.0,0.0010300602584461893,0.17625121727652837
30.170439109777448,0.001029234082566061,0.0,0.001029234082566061,0.17621703725169993
30.182941985496377,0.0010284089002583208,0.0,0.0010284089002583208,0.17618287707341207
30.195444861215307,0.0010275847099304257,0.0,0.0010275847099304257,0.1761487367224985
30.207947736934237,0.001026761509993022,0.0,0.001026761509993022,0.17611461617981877
30.220450612653167,0.001025939298859938,0.0,0.001025939298859938,0.17608051542625827
30.232953488372097,0.0010251180749481757,0.0,0.0010251180749481757,0.17604643444272802
30.245456364091027,0.0010242978366779049,0.0,0.0010242978366779049,0.176012373210165
30.257959239809956,0.0010234785824724526,0.0,0.0010234785824724526,0.17597833170953162
30.270462115528886,0.0010226603107582985,0.0,0.0010226603107582985,0.1759443099218161
30.282964991247816,0.0010218430199650658,0.0,0.0010218430199650658,0.17591030782803216
30.295467866966746,0.0010210267085255136,0.0,0.0010210267085255136,0.17587632540921908
30.307970742685676,0.0010202113748755304,0.0,0.0010202113748755304,0.17584236264644165
30.320473618404606,0.0010193970174541252,0.0,0.0010193970174541252,0.17580841952079013
30.332976494123535,0.0010185836347034215,0.0,0.0010185836347034215,0.17577449601338016
30.345479369842465,0.0010177712250686486,0.0,0.0010177712250686486,0.17574059210535273
30.357982245561395,0.0010169597869981355,0.0,0.0010169597869981355,0.17570670777787425
30.370485121280325,0.001016149318943302,0.0,0.001016149318943302,0.17567284301213631
30.382987996999255,0.0010153398193586518,0.0,0.0010153398193586518,0.17563899778935574
30.395490872718185,0.0010145312867017667,0.0,0.0010145312867017667,0.17560517209077467
30.407993748437114,0.0010137237194332964,0.0,0.0010137237194332964,0.17557136589766026
30.420496624156044,0.0010129171160169535,0.0,0.0010129171160169535,0.1755375791913048
30.432999499874974,0.0010121114749195054,0.0,0.0010121114749195054,0.17550381195302578
30.445502375593904,0.0010113067946107665,0.0,0.0010113067946107665,0.17547006416416547
30.458005251312834,0.0010105030735635921,0.0,0.0010105030735635921,0.17543633580609133
30.470508127031763,0.0010097003102538696,0.0,0.0010097003102538696,0.17540262686019564
30.483011002750693,0.0010088985031605133,0.0,0.0010088985031605133,0.17536893730789563
30.49551387846962,0.0010080976507654553,0.0,0.0010080976507654553,0.17533526713063335
30.50801675418855,0.0010072977515536389,0.0,0.0010072977515536389,0.17530161630987567
30.52051962990748,0.001006498804013012,0.0,0.001006498804013012,0.1752679848271142
30.53302250562641,0.0010057008066345194,0.0,0.0010057008066345194,0.17523437266386527
30.54552538134534,0.0010049037579120963,0.0,0.0010049037579120963,0.17520077980166998
30.55802825706427,0.0010041076563426599,0.0,0.0010041076563426599,0.17516720622209392
30.5705311327832,0.0010033125004261037,0.0,0.0010033125004261037,0.1751336519067274
30.58303400850213,0.0010025182886652898,0.0,0.0010025182886652898,0.1751001168371852
30.595536884221058,0.0010017250195660415,0.0,0.0010017250195660415,0.17506660099510668
30.608039759939988,0.0010009326916371377,0.0,0.0010009326916371377,0.17503310436215563
30.620542635658918,0.0010001413033903037,0.0,0.0010001413033903037,0.17499962692002025
30.633045511377848,0.0009993508533402062,0.0,0.0009993508533402062,0.17496616865041317
30.645548387096778,0.0009985613400044452,0.0,0.0009985613400044452,0.17493272953507136
30.658051262815707,0.0009977727619035475,0.0,0.0009977727619035475,0.17489930955575603
30.670554138534637,0.0009969851175609596,0.0,0.0009969851175609596,0.17486590869425273
30.683057014253567,0.0009961984055030407,0.0,0.0009961984055030407,0.17483252693237117
30.695559889972497,0.0009954126242590561,0.0,0.0009954126242590561,0.17479916425194528
30.708062765691427,0.0009946277723611703,0.0,0.0009946277723611703,0.17476582063483312
30.720565641410357,0.00099384384834444,0.0,0.00099384384834444,0.17473249606291683
30.733068517129286,0.0009930608507468068,0.0,0.0009930608507468068,0.17469919051810262
30.745571392848216,0.0009922787781090913,0.0,0.0009922787781090913,0.17466590398232068
30.758074268567146,0.0009914976289749863,0.0,0.0009914976289749863,0.17463263643752522
30.770577144286076,0.0009907174018910483,0.0,0.0009907174018910483,0.17459938786569434
30.783080020005006,0.0009899380954066933,0.0,0.0009899380954066933,0.1745661582488301
30.795582895723935,0.000989159708074188,0.0,0.000989159708074188,0.1745329475689583
30.808085771442865,0.0009883822384486444,0.0,0.0009883822384486444,0.17449975580812865
30.820588647161795,0.000987605685088012,0.0,0.000987605685088012,0.1744665829484146
30.833091522880725,0.0009868300465530723,0.0,0.0009868300465530723,0.1744334289719133
30.845594398599655,0.0009860553214074308,0.0,0.0009860553214074308,0.17440029386074563
30.858097274318585,0.0009852815082175117,0.0,0.0009852815082175117,0.17436717759705608
30.870600150037514,0.0009845086055525502,0.0,0.0009845086055525502,0.17433408016301283
30.883103025756444,0.0009837366119845863,0.0,0.0009837366119845863,0.17430100154080747
30.895605901475374,0.0009829655260884585,0.0,0.0009829655260884585,0.1742679417126553
30.908108777194304,0.0009821953464417966,0.0,0.0009821953464417966,0.17423490066079497
30.920611652913234,0.0009814260716250161,0.0,0.0009814260716250161,0.1742018783674887
30.933114528632164,0.00098065770022131,0.0,0.00098065770022131,0.17416887481502202
30.945617404351093,0.0009798902308166442,0.0,0.0009798902308166442,0.17413588998570387
30.958120280070023,0.0009791236619997494,0.0,0.0009791236619997494,0.17410292386186646
30.97062315578895,0.0009783579923621163,0.0,0.0009783579923621163,0.17406997642586544
30.98312603150788,0.000977593220497987,0.0,0.000977593220497987,0.17403704766007955
30.99562890722681,0.0009768293450043502,0.0,0.0009768293450043502,0.17400413754691083
31.00813178294574,0.0009760663644809346,0.0,0.0009760663644809346,0.1739712460687845
31.02063465866467,0.0009753042775302016,0.0,0.0009753042775302016,0.17393837320814887
31.0331375343836,0.0009745430827573397,0.0,0.0009745430827573397,0.17390551894747533
31.04564041010253,0.0009737827787702577,0.0,0.0009737827787702577,0.17387268326925837
31.05814328582146,0.0009730233641795788,0.0,0.0009730233641795788,0.17383986615601552
31.070646161540388,0.0009722648375986335,0.0,0.0009722648375986335,0.17380706759028722
31.083149037259318,0.0009715071976434543,0.0,0.0009715071976434543,0.1737742875546369
31.095651912978248,0.000970750442932768,0.0,0.000970750442932768,0.17374152603165086
31.108154788697178,0.000969994572087991,0.0,0.000969994572087991,0.17370878300393824
31.120657664416107,0.0009692395837332216,0.0,0.0009692395837332216,0.1736760584541311
31.133160540135037,0.000968485476495235,0.0,0.000968485476495235,0.17364335236488418
31.145663415853967,0.0009677322490034756,0.0,0.0009677322490034756,0.173610664718875
31.158166291572897,0.0009669798998900527,0.0,0.0009669798998900527,0.17357799549880387
31.170669167291827,0.0009662284277897323,0.0,0.0009662284277897323,0.17354534468739363
31.183172043010757,0.0009654778313399316,0.0,0.0009654778313399316,0.17351271226738982
31.195674918729686,0.0009647281091807141,0.0,0.0009647281091807141,0.1734800982215606
31.208177794448616,0.0009639792599547812,0.0,0.0009639792599547812,0.17344750253269667
31.220680670167546,0.0009632312823074681,0.0,0.0009632312823074681,0.1734149251836112
31.233183545886476,0.0009624841748867361,0.0,0.0009624841748867361,0.1733823661571399
31.245686421605406,0.0009617379363431678,0.0,0.0009617379363431678,0.1733498254361409
31.258189297324336,0.0009609925653299599,0.0,0.0009609925653299599,0.17331730300349474
31.270692173043265,0.0009602480605029175,0.0,0.0009602480605029175,0.17328479884210432
31.283195048762195,0.000959504420520449,0.0,0.000959504420520449,0.1732523129348949
31.295697924481125,0.0009587616440435581,0.0,0.0009587616440435581,0.17321984526481396
31.308200800200055,0.0009580197297358396,0.0,0.0009580197297358396,0.17318739581483134
31.320703675918985,0.0009572786762634724,0.0,0.0009572786762634724,0.17315496456793897
31.333206551637915,0.0009565384822952139,0.0,0.0009565384822952139,0.1731225515071511
31.345709427356844,0.0009557991465023935,0.0,0.0009557991465023935,0.173090156615504
31.358212303075774,0.0009550606675589077,0.0,0.0009550606675589077,0.17305777987605614
31.370715178794704,0.0009543230441412131,0.0,0.0009543230441412131,0.17302542127188802
31.383218054513634,0.0009535862749283203,0.0,0.0009535862749283203,0.17299308078610215
31.395720930232564,0.0009528503586017899,0.0,0.0009528503586017899,0.1729607584018231
31.408223805951494,0.0009521152938457238,0.0,0.0009521152938457238,0.17292845410219732
31.420726681670423,0.0009513810793467619,0.0,0.0009513810793467619,0.17289616787039325
31.43322955738935,0.0009506477137940739,0.0,0.0009506477137940739,0.17286389968960117
31.44573243310828,0.0009499151958793563,0.0,0.0009499151958793563,0.1728316495430333
31.45823530882721,0.0009491835242968222,0.0,0.0009491835242968222,0.17279941741392343
31.47073818454614,0.0009484526977432022,0.0,0.0009484526977432022,0.17276720328552753
31.48324106026507,0.00094772271491773,0.0,0.00094772271491773,0.17273500714112286
31.495743935984,0.0009469935745221453,0.0,0.0009469935745221453,0.1727028289640088
31.50824681170293,0.0009462652752606804,0.0,0.0009462652752606804,0.172670668737506
31.52074968742186,0.0009455378158400615,0.0,0.0009455378158400615,0.17263852644495714
31.53325256314079,0.0009448111949694958,0.0,0.0009448111949694958,0.17260640206972616
31.545755438859718,0.0009440854113606724,0.0,0.0009440854113606724,0.1725742955951988
31.558258314578648,0.0009433604637277514,0.0,0.0009433604637277514,0.1725422070047821
31.570761190297578,0.0009426363507873623,0.0,0.0009426363507873623,0.17251013628190487
31.583264066016508,0.0009419130712585944,0.0,0.0009419130712585944,0.17247808341001708
31.595766941735437,0.0009411906238629953,0.0,0.0009411906238629953,0.17244604837259037
31.608269817454367,0.0009404690073245605,0.0,0.0009404690073245605,0.17241403115311751
31.620772693173297,0.0009397482203697339,0.0,0.0009397482203697339,0.17238203173511293
31.633275568892227,0.0009390282617273939,0.0,0.0009390282617273939,0.17235005010211196
31.645778444611157,0.000938309130128858,0.0,0.000938309130128858,0.1723180862376717
31.658281320330087,0.0009375908243078671,0.0,0.0009375908243078671,0.17228614012537002
31.670784196049016,0.0009368733430005873,0.0,0.0009368733430005873,0.17225421174880634
31.683287071767946,0.0009361566849456,0.0,0.0009361566849456,0.172222301091601
31.695789947486876,0.0009354408488838996,0.0,0.0009354408488838996,0.17219040813739567
31.708292823205806,0.0009347258335588845,0.0,0.0009347258335588845,0.17215853286985297
31.720795698924736,0.0009340116377163557,0.0,0.0009340116377163557,0.17212667527265674
31.733298574643666,0.0009332982601045063,0.0,0.0009332982601045063,0.1720948353295117
31.745801450362595,0.0009325856994739214,0.0,0.0009325856994739214,0.17206301302414365
31.758304326081525,0.0009318739545775674,0.0,0.0009318739545775674,0.17203120834029928
31.770807201800455,0.000931163024170792,0.0,0.000931163024170792,0.17199942126174636
31.783310077519385,0.0009304529070113126,0.0,0.0009304529070113126,0.17196765177227333
31.795812953238315,0.0009297436018592179,0.0,0.0009297436018592179,0.17193589985568972
31.808315828957245,0.0009290351074769545,0.0,0.0009290351074769545,0.17190416549582563
31.820818704676174,0.0009283274226293297,0.0,0.0009283274226293297,0.1718724486765322
31.833321580395104,0.0009276205460834989,0.0,0.0009276205460834989,0.17184074938168112
31.845824456114034,0.0009269144766089667,0.0,0.0009269144766089667,0.17180906759516498
31.858327331832964,0.000926209212977575,0.0,0.000926209212977575,0.17177740330089689
31.870830207551894,0.000925504753963504,0.0,0.000925504753963504,0.17174575648281074
31.883333083270823,0.0009248010983432607,0.0,0.0009248010983432607,0.17171412712486087
31.89583595898975,0.0009240982448956805,0.0,0.0009240982448956805,0.17168251521102246
31.90833883470868,0.0009233961924019145,0.0,0.0009233961924019145,0.171650920725291
31.92084171042761,0.0009226949396454303,0.0,0.0009226949396454303,0.17161934365168263
31.93334458614654,0.0009219944854120033,0.0,0.0009219944854120033,0.1715877839742339
31.94584746186547,0.0009212948284897127,0.0,0.0009212948284897127,0.17155624167700187
31.9583503375844,0.0009205959676689358,0.0,0.0009205959676689358,0.17152471674406394
31.97085321330333,0.0009198979017423435,0.0,0.0009198979017423435,0.17149320915951802
31.98335608902226,0.0009192006295048938,0.0,0.0009192006295048938,0.17146171890748219
31.99585896474119,0.0009185041497538278,0.0,0.0009185041497538278,0.171430245972095
32.00836184046012,0.0009178084612886643,0.0,0.0009178084612886643,0.1713987903375152
32.02086471617905,0.0009171135629111936,0.0,0.0009171135629111936,0.17136735198792183
32.03336759189798,0.000916419453425474,0.0,0.000916419453425474,0.17133593090751406
32.04587046761691,0.0009157261316378253,0.0,0.0009157261316378253,0.1713045270805114
32.05837334333584,0.000915033596356824,0.0,0.000915033596356824,0.1712731404911533
32.07087621905477,0.0009143418463932991,0.0,0.0009143418463932991,0.1712417711236995
32.0833790947737,0.0009136508805603255,0.0,0.0009136508805603255,0.17121041896242975
32.09588197049263,0.0009129606976732197,0.0,0.0009129606976732197,0.17117908399164386
32.10838484621156,0.0009122712965495352,0.0,0.0009122712965495352,0.17114776619566166
32.12088772193049,0.0009115826760090565,0.0,0.0009115826760090565,0.17111646555882296
32.13339059764941,0.0009108948348737946,0.0,0.0009108948348737946,0.1710851820654875
32.14589347336834,0.0009102077719679813,0.0,0.0009102077719679813,0.17105391570003495
32.15839634908727,0.0009095214861180653,0.0,0.0009095214861180653,0.17102266644686492
32.1708992248062,0.0009088359761527064,0.0,0.0009088359761527064,0.17099143429039682
32.18340210052513,0.0009081512409027708,0.0,0.0009081512409027708,0.17096021921506985
32.19590497624406,0.0009074672792013254,0.0,0.0009074672792013254,0.17092902120534303
32.20840785196299,0.0009067840898836344,0.0,0.0009067840898836344,0.1708978402456952
32.22091072768192,0.0009061016717871527,0.0,0.0009061016717871527,0.17086667632062488
32.23341360340085,0.0009054200237515215,0.0,0.0009054200237515215,0.1708355294146502
32.24591647911978,0.000904739144618564,0.0,0.000904739144618564,0.17080439951230905
32.25841935483871,0.0009040590332322797,0.0,0.0009040590332322797,0.17077328659815896
32.27092223055764,0.0009033796884388396,0.0,0.0009033796884388396,0.17074219065677698
32.28342510627657,0.0009027011090865817,0.0,0.0009027011090865817,0.17071111167275976
32.2959279819955,0.0009020232940260058,0.0,0.0009020232940260058,0.17068004963072347
32.30843085771443,0.0009013462421097688,0.0,0.0009013462421097688,0.17064900451530385
32.32093373343336,0.0009006699521926796,0.0,0.0009006699521926796,0.170617976311156
32.33343660915229,0.0008999944231316945,0.0,0.0008999944231316945,0.1705869650029545
32.34593948487122,0.0008993196537859124,0.0,0.0008993196537859124,0.1705559705753934
32.358442360590146,0.0008986456430165696,0.0,0.0008986456430165696,0.170524993013186
32.370945236309076,0.0008979723896870354,0.0,0.0008979723896870354,0.17049403230106505
32.383448112028006,0.0008972998926628076,0.0,0.0008972998926628076,0.1704630884237826
32.395950987746936,0.0008966281508115063,0.0,0.0008966281508115063,0.1704321613661099
32.408453863465866,0.0008959571630028711,0.0,0.0008959571630028711,0.17040125111283755
32.420956739184795,0.000895286928108755,0.0,0.000895286928108755,0.17037035764877526
32.433459614903725,0.0008946174450031199,0.0,0.0008946174450031199,0.170339480958752
32.445962490622655,0.0008939487125620322,0.0,0.0008939487125620322,0.17030862102761596
32.458465366341585,0.0008932807296636575,0.0,0.0008932807296636575,0.17027777784023423
32.470968242060515,0.0008926134951882572,0.0,0.0008926134951882572,0.17024695138149326
32.483471117779445,0.0008919470080181819,0.0,0.0008919470080181819,0.17021614163629842
32.495973993498374,0.000891281267037868,0.0,0.000891281267037868,0.17018534858957407
32.508476869217304,0.0008906162711338332,0.0,0.0008906162711338332,0.17015457222626368
32.520979744936234,0.0008899520191946705,0.0,0.0008899520191946705,0.1701238125313296
32.533482620655164,0.0008892885101110455,0.0,0.0008892885101110455,0.17009306948975322
32.545985496374094,0.0008886257427756898,0.0,0.0008886257427756898,0.17006234308653476
32.558488372093024,0.0008879637160833977,0.0,0.0008879637160833977,0.1700316333066933
32.57099124781195,0.0008873024289310212,0.0,0.0008873024289310212,0.17000094013526684
32.58349412353088,0.0008866418802174653,0.0,0.0008866418802174653,0.16997026355731215
32.59599699924981,0.0008859820688436835,0.0,0.0008859820688436835,0.1699396035579048
32.60849987496874,0.0008853229937126733,0.0,0.0008853229937126733,0.1699089601221391
32.62100275068767,0.0008846646537294712,0.0,0.0008846646537294712,0.16987833323512813
32.6335056264066,0.0008840070478011492,0.0,0.0008840070478011492,0.16984772288200362
32.64600850212553,0.0008833501748368092,0.0,0.0008833501748368092,0.169817129047916
32.65851137784446,0.0008826940337475788,0.0,0.0008826940337475788,0.16978655171803428
32.67101425356339,0.0008820386234466069,0.0,0.0008820386234466069,0.16975599087754614
32.68351712928232,0.0008813839428490593,0.0,0.0008813839428490593,0.16972544651165783
32.69602000500125,0.0008807299908721137,0.0,0.0008807299908721137,0.16969491860559408
32.70852288072018,0.0008800767664349561,0.0,0.0008800767664349561,0.16966440714459824
32.72102575643911,0.0008794242684587754,0.0,0.0008794242684587754,0.16963391211393203
32.73352863215804,0.0008787724958667595,0.0,0.0008787724958667595,0.16960343349887572
32.74603150787697,0.0008781214475840909,0.0,0.0008781214475840909,0.16957297128472798
32.7585343835959,0.0008774711225379417,0.0,0.0008774711225379417,0.16954252545680584
32.77103725931483,0.00087682151965747,0.0,0.00087682151965747,0.16951209600044476
32.78354013503376,0.0008761726378738145,0.0,0.0008761726378738145,0.16948168290099846
32.79604301075269,0.0008755244761200915,0.0,0.0008755244761200915,0.16945128614383909
32.80854588647162,0.0008748770333313887,0.0,0.0008748770333313887,0.16942090571435695
32.82104876219055,0.0008742303084447626,0.0,0.0008742303084447626,0.16939054159796066
32.83355163790948,0.0008735843003992331,0.0,0.0008735843003992331,0.16936019378007705
32.84605451362841,0.0008729390081357791,0.0,0.0008729390081357791,0.16932986224615112
32.85855738934734,0.0008722944305973348,0.0,0.0008722944305973348,0.16929954698164607
32.87106026506627,0.0008716505667287849,0.0,0.0008716505667287849,0.1692692479720432
32.8835631407852,0.0008710074154769604,0.0,0.0008710074154769604,0.16923896520284196
32.89606601650413,0.000870364975790634,0.0,0.000870364975790634,0.16920869865955981
32.90856889222306,0.0008697232466205172,0.0,0.0008697232466205172,0.16917844832773232
32.92107176794199,0.0008690822269192532,0.0,0.0008690822269192532,0.169148214192913
32.93357464366092,0.0008684419156414157,0.0,0.0008684419156414157,0.16911799624067347
32.94607751937985,0.0008678023117435028,0.0,0.0008678023117435028,0.16908779445660319
32.95858039509878,0.0008671634141839335,0.0,0.0008671634141839335,0.1690576088263096
32.97108327081771,0.0008665252219230427,0.0,0.0008665252219230427,0.16902743933541806
32.98358614653664,0.0008658877339230777,0.0,0.0008658877339230777,0.16899728596957178
32.99608902225557,0.000865250949148194,0.0,0.000865250949148194,0.16896714871443186
33.0085918979745,0.0008646148665644503,0.0,0.0008646148665644503,0.16893702755567713
33.02109477369343,0.0008639794851398055,0.0,0.0008639794851398055,0.1689069224790043
33.03359764941236,0.000863344803844113,0.0,0.000863344803844113,0.16887683347012775
33.04610052513129,0.0008627108216491181,0.0,0.0008627108216491181,0.1688467605147797
33.05860340085021,0.0008620775375284535,0.0,0.0008620775375284535,0.16881670359871
33.07110627656914,0.000861444950457633,0.0,0.000861444950457633,0.16878666270768616
33.08360915228807,0.0008608130594140508,0.0,0.0008608130594140508,0.16875663782749342
33.096112028007,0.0008601818633769753,0.0,0.0008601818633769753,0.1687266289439346
33.10861490372593,0.0008595513613275446,0.0,0.0008595513613275446,0.16869663604283
33.12111777944486,0.0008589215522487641,0.0,0.0008589215522487641,0.16866665911001769
33.13362065516379,0.0008582924351255011,0.0,0.0008582924351255011,0.16863669813135315
33.14612353088272,0.0008576640089444811,0.0,0.0008576640089444811,0.1686067530927094
33.15862640660165,0.0008570362726942833,0.0,0.0008570362726942833,0.1685768239799769
33.17112928232058,0.0008564092253653374,0.0,0.0008564092253653374,0.1685469107790636
33.18363215803951,0.0008557828659499188,0.0,0.0008557828659499188,0.16851701347589487
33.19613503375844,0.0008551571934421448,0.0,0.0008551571934421448,0.16848713205641352
33.20863790947737,0.0008545322068379707,0.0,0.0008545322068379707,0.1684572665065796
33.2211407851963,0.0008539079051351852,0.0,0.0008539079051351852,0.16842741681237064
33.23364366091523,0.0008532842873334077,0.0,0.0008532842873334077,0.16839758295978144
33.24614653663416,0.0008526613524340824,0.0,0.0008526613524340824,0.16836776493482403
33.25864941235309,0.0008520390994404761,0.0,0.0008520390994404761,0.16833796272352783
33.27115228807202,0.0008514175273576727,0.0,0.0008514175273576727,0.1683081763119393
33.28365516379095,0.0008507966351925705,0.0,0.0008507966351925705,0.16827840568612232
33.296158039509876,0.0008501764219538776,0.0,0.0008501764219538776,0.16824865083215776
33.308660915228806,0.0008495568866521076,0.0,0.0008495568866521076,0.16821891173614378
33.321163790947736,0.0008489380282995769,0.0,0.0008489380282995769,0.16818918838419558
33.333666666666666,0.000848319845910399,0.0,0.000848319845910399,0.16815948076244547
33.346169542385596,0.0008477023385004822,0.0,0.0008477023385004822,0.16812978885704288
33.358672418104526,0.0008470855050875245,0.0,0.0008470855050875245,0.16810011265415423
33.371175293823455,0.0008464693446910105,0.0,0.0008464693446910105,0.16807045213996297
33.383678169542385,0.0008458538563322073,0.0,0.0008458538563322073,0.16804080730066953
33.396181045261315,0.0008452390390341599,0.0,0.0008452390390341599,0.1680111781224913
33.408683920980245,0.0008446248918216889,0.0,0.0008446248918216889,0.16798156459166266
33.421186796699175,0.0008440114137213847,0.0,0.0008440114137213847,0.16795196669443482
33.433689672418105,0.0008433986037616051,0.0,0.0008433986037616051,0.16792238441707594
33.446192548137034,0.000842786460972471,0.0,0.000842786460972471,0.16789281774587098
33.458695423855964,0.0008421749843858623,0.0,0.0008421749843858623,0.16786326666712173
33.471198299574894,0.0008415641730354143,0.0,0.0008415641730354143,0.1678337311671468
33.483701175293824,0.0008409540259565139,0.0,0.0008409540259565139,0.16780421123228165
33.496204051012754,0.0008403445421862961,0.0,0.0008403445421862961,0.16777470684887835
33.50870692673168,0.0008397357207636394,0.0,0.0008397357207636394,0.1677452180033058
33.52120980245061,0.0008391275607291626,0.0,0.0008391275607291626,0.16771574468194952
33.53371267816954,0.0008385200611252211,0.0,0.0008385200611252211,0.16768628687121176
33.54621555388847,0.0008379132209959027,0.0,0.0008379132209959027,0.1676568445575114
33.5587184296074,0.000837307039387024,0.0,0.000837307039387024,0.1676274177272839
33.57122130532633,0.0008367015153461272,0.0,0.0008367015153461272,0.16759800636698138
33.58372418104526,0.0008360966479224755,0.0,0.0008360966479224755,0.16756861046307248
33.59622705676419,0.0008354924361670495,0.0,0.0008354924361670495,0.16753923000204238
33.60872993248312,0.0008348888791325442,0.0,0.0008348888791325442,0.16750986497039277
33.62123280820205,0.0008342859758733646,0.0,0.0008342859758733646,0.16748051535464187
33.63373568392098,0.0008336837254456222,0.0,0.0008336837254456222,0.16745118114132432
33.64623855963991,0.0008330821269071314,0.0,0.0008330821269071314,0.1674218623169912
33.65874143535884,0.0008324811793174055,0.0,0.0008324811793174055,0.16739255886821
33.67124431107777,0.0008318808817376534,0.0,0.0008318808817376534,0.16736327078156463
33.6837471867967,0.0008312812332307761,0.0,0.0008312812332307761,0.16733399804365534
33.69625006251563,0.000830682232861362,0.0,0.000830682232861362,0.16730474064109868
33.70875293823456,0.0008300838796956847,0.0,0.0008300838796956847,0.16727549856052754
33.72125581395349,0.0008294861728016982,0.0,0.0008294861728016982,0.16724627178859114
33.73375868967242,0.0008288891112490338,0.0,0.0008288891112490338,0.16721706031195485
33.74626156539135,0.0008282926941089966,0.0,0.0008282926941089966,0.16718786411730036
33.75876444111028,0.0008276969204545613,0.0,0.0008276969204545613,0.16715868319132549
33.77126731682921,0.0008271017893603693,0.0,0.0008271017893603693,0.16712951752074437
33.78377019254814,0.0008265072999027245,0.0,0.0008265072999027245,0.16710036709228712
33.79627306826707,0.0008259134511595903,0.0,0.0008259134511595903,0.1670712318927001
33.808775943986,0.0008253202422105855,0.0,0.0008253202422105855,0.16704211190874577
33.82127881970493,0.0008247276721369812,0.0,0.0008247276721369812,0.16701300712720263
33.83378169542386,0.000824135740021697,0.0,0.000824135740021697,0.16698391753486527
33.84628457114279,0.0008235444449492965,0.0,0.0008235444449492965,0.16695484311854428
33.85878744686172,0.0008229537860059863,0.0,0.0008229537860059863,0.16692578386506626
33.87129032258065,0.0008223637622796098,0.0,0.0008223637622796098,0.16689673976127384
33.88379319829958,0.0008217743728596448,0.0,0.0008217743728596448,0.1668677107940255
33.89629607401851,0.0008211856168372006,0.0,0.0008211856168372006,0.1668386969501958
33.90879894973744,0.0008205974933050133,0.0,0.0008205974933050133,0.16680969821667507
33.92130182545637,0.0008200100013574428,0.0,0.0008200100013574428,0.16678071458036958
33.9338047011753,0.0008194231400904697,0.0,0.0008194231400904697,0.16675174602820148
33.94630757689423,0.0008188369086016915,0.0,0.0008188369086016915,0.1667227925471087
33.95881045261316,0.0008182513059903186,0.0,0.0008182513059903186,0.166693854124045
33.97131332833209,0.0008176663313571717,0.0,0.0008176663313571717,0.16666493074597993
33.98381620405102,0.0008170819838046783,0.0,0.0008170819838046783,0.1666360223998988
33.99631907976994,0.0008164982624368687,0.0,0.0008164982624368687,0.16660712907280265
34.00882195548887,0.0008159151663593721,0.0,0.0008159151663593721,0.16657825075170818
34.0213248312078,0.0008153326946794152,0.0,0.0008153326946794152,0.1665493874236479
34.03382770692673,0.0008147508465058168,0.0,0.0008147508465058168,0.1665205390756698
34.04633058264566,0.0008141696209489847,0.0,0.0008141696209489847,0.16649170569483768
34.05883345836459,0.0008135890171209137,0.0,0.0008135890171209137,0.16646288726823086
34.07133633408352,0.0008130090341351802,0.0,0.0008130090341351802,0.16643408378294428
34.08383920980245,0.0008124296711069402,0.0,0.0008124296711069402,0.1664052952260884
34.09634208552138,0.0008118509271529258,0.0,0.0008118509271529258,0.16637652158478927
34.10884496124031,0.000811272801391441,0.0,0.000811272801391441,0.16634776284618846
34.12134783695924,0.0008106952929423592,0.0,0.0008106952929423592,0.166319018997443
34.13385071267817,0.0008101184009271196,0.0,0.0008101184009271196,0.16629029002572537
34.1463535883971,0.0008095421244687235,0.0,0.0008095421244687235,0.16626157591822352
34.15885646411603,0.0008089664626917319,0.0,0.0008089664626917319,0.16623287666214087
34.17135933983496,0.0008083914147222608,0.0,0.0008083914147222608,0.16620419224469615
34.18386221555389,0.0008078169796879789,0.0,0.0008078169796879789,0.16617552265312352
34.19636509127282,0.0008072431567181044,0.0,0.0008072431567181044,0.16614686787467242
34.20886796699175,0.0008066699449434011,0.0,0.0008066699449434011,0.16611822789660774
34.22137084271068,0.0008060973434961747,0.0,0.0008060973434961747,0.16608960270620954
34.23387371842961,0.0008055253515102714,0.0,0.0008055253515102714,0.16606099229077323
34.246376594148536,0.000804953968121072,0.0,0.000804953968121072,0.16603239663760944
34.258879469867466,0.0008043831924654911,0.0,0.0008043831924654911,0.16600381573404407
34.271382345586396,0.0008038130236819725,0.0,0.0008038130236819725,0.16597524956741824
34.283885221305326,0.0008032434609104855,0.0,0.0008032434609104855,0.16594669812508817
34.296388097024256,0.0008026745032925233,0.0,0.0008026745032925233,0.16591816139442528
34.308890972743185,0.0008021061499710982,0.0,0.0008021061499710982,0.16588963936281614
34.321393848462115,0.0008015384000907393,0.0,0.0008015384000907393,0.16586113201766248
34.333896724181045,0.0008009712527974887,0.0,0.0008009712527974887,0.16583263934638104
34.346399599899975,0.000800404707238899,0.0,0.000800404707238899,0.16580416133640366
34.358902475618905,0.000799838762564029,0.0,0.000799838762564029,0.16577569797517722
34.371405351337835,0.000799273417923442,0.0,0.000799273417923442,0.16574724925016365
34.383908227056764,0.0007987086724692008,0.0,0.0007987086724692008,0.16571881514883982
34.396411102775694,0.0007981445253548664,0.0,0.0007981445253548664,0.16569039565869761
34.408913978494624,0.0007975809757354935,0.0,0.0007975809757354935,0.1656619907672439
34.421416854213554,0.0007970180227676276,0.0,0.0007970180227676276,0.1656336004620004
34.433919729932484,0.0007964556656093022,0.0,0.0007964556656093022,0.1656052247305038
34.446422605651414,0.0007958939034200357,0.0,0.0007958939034200357,0.1655768635603056
34.45892548137034,0.0007953327353608276,0.0,0.0007953327353608276,0.1655485169389723
34.47142835708927,0.0007947721605941558,0.0,0.0007947721605941558,0.16552018485408507
34.4839312328082,0.0007942121782839739,0.0,0.0007942121782839739,0.16549186729324003
34.49643410852713,0.0007936527875957071,0.0,0.0007936527875957071,0.16546356424404798
34.50893698424606,0.0007930939876962502,0.0,0.0007930939876962502,0.1654352756941346
34.52143985996499,0.0007925357777539633,0.0,0.0007925357777539633,0.16540700163114022
34.53394273568392,0.0007919781569386697,0.0,0.0007919781569386697,0.16537874204271996
34.54644561140285,0.0007914211244216524,0.0,0.0007914211244216524,0.16535049691654363
34.55894848712178,0.0007908646793756512,0.0,0.0007908646793756512,0.1653222662402957
34.57145136284071,0.0007903088209748591,0.0,0.0007903088209748591,0.1652940500016753
34.58395423855964,0.0007897535483949202,0.0,0.0007897535483949202,0.1652658481883962
34.59645711427857,0.0007891988608129256,0.0,0.0007891988608129256,0.1652376607881868
34.6089599899975,0.0007886447574074109,0.0,0.0007886447574074109,0.16520948778879005
34.62146286571643,0.0007880912373583532,0.0,0.0007880912373583532,0.16518132917796352
34.63396574143536,0.0007875382998471682,0.0,0.0007875382998471682,0.16515318494347928
34.64646861715429,0.0007869859440567064,0.0,0.0007869859440567064,0.16512505507312394
34.65897149287322,0.0007864341691712509,0.0,0.0007864341691712509,0.16509693955469865
34.67147436859215,0.0007858829743765143,0.0,0.0007858829743765143,0.165068838376019
34.68397724431108,0.000785332358859635,0.0,0.000785332358859635,0.16504075152491496
34.69648012003001,0.0007847823218091749,0.0,0.0007847823218091749,0.1650126789892311
34.70898299574894,0.0007842328624151167,0.0,0.0007842328624151167,0.16498462075682632
34.72148587146787,0.0007836839798688593,0.0,0.0007836839798688593,0.16495657681557382
34.7339887471868,0.0007831356733632172,0.0,0.0007831356733632172,0.16492854715336136
34.74649162290573,0.0007825879420924155,0.0,0.0007825879420924155,0.1649005317580909
34.75899449862466,0.000782040785252088,0.0,0.000782040785252088,0.1648725306176788
34.77149737434359,0.0007814942020392737,0.0,0.0007814942020392737,0.16484454372005566
34.78400025006252,0.0007809481916524145,0.0,0.0007809481916524145,0.1648165710531664
34.79650312578145,0.0007804027532913518,0.0,0.0007804027532913518,0.1647886126049703
34.80900600150038,0.0007798578861573233,0.0,0.0007798578861573233,0.16476066836344064
34.82150887721931,0.0007793135894529608,0.0,0.0007793135894529608,0.16473273831656512
34.83401175293824,0.0007787698623822869,0.0,0.0007787698623822869,0.16470482245234555
34.84651462865717,0.0007782267041507118,0.0,0.0007782267041507118,0.164676920758798
34.8590175043761,0.0007776841139650312,0.0,0.0007776841139650312,0.16464903322395258
34.87152038009503,0.000777142091033422,0.0,0.000777142091033422,0.16462115983585354
34.88402325581396,0.0007766006345654413,0.0,0.0007766006345654413,0.16459330058255936
34.89652613153289,0.0007760597437720223,0.0,0.0007760597437720223,0.1645654554521425
34.90902900725182,0.0007755194178654712,0.0,0.0007755194178654712,0.1645376244326895
34.92153188297074,0.0007749796560594653,0.0,0.0007749796560594653,0.16450980751230096
34.93403475868967,0.000774440457569049,0.0,0.000774440457569049,0.16448200467909155
34.9465376344086,0.0007739018216106325,0.0,0.0007739018216106325,0.16445421592118986
34.95904051012753,0.0007733637474019869,0.0,0.0007733637474019869,0.16442644122673852
34.97154338584646,0.0007728262341622434,0.0,0.0007728262341622434,0.16439868058389406
34.98404626156539,0.0007722892811118894,0.0,0.0007722892811118894,0.16437093398082708
34.99654913728432,0.0007717528874727653,0.0,0.0007717528874727653,0.16434320140572195
35.00905201300325,0.0007712170524680627,0.0,0.0007712170524680627,0.164315482846777
35.02155488872218,0.0007706817753223213,0.0,0.0007706817753223213,0.16428777829220445
35.03405776444111,0.000770147055261425,0.0,0.000770147055261425,0.16426008773023038
35.04656064016004,0.000769612891512601,0.0,0.000769612891512601,0.16423241114909468
35.05906351587897,0.0007690792833044153,0.0,0.0007690792833044153,0.16420474853705105
35.0715663915979,0.000768546229866771,0.0,0.000768546229866771,0.16417709988236703
35.08406926731683,0.0007680137304309048,0.0,0.0007680137304309048,0.16414946517332385
35.09657214303576,0.0007674817842293849,0.0,0.0007674817842293849,0.16412184439821656
35.10907501875469,0.0007669503904961079,0.0,0.0007669503904961079,0.16409423754535396
35.12157789447362,0.0007664195484662956,0.0,0.0007664195484662956,0.16406664460305848
35.13408077019255,0.0007658892573764929,0.0,0.0007658892573764929,0.16403906555966627
35.14658364591148,0.0007653595164645652,0.0,0.0007653595164645652,0.1640115004035272
35.15908652163041,0.0007648303249696951,0.0,0.0007648303249696951,0.16398394912300476
35.17158939734934,0.0007643016821323794,0.0,0.0007643016821323794,0.163956411706476
35.184092273068266,0.0007637735871944278,0.0,0.0007637735871944278,0.1639288881423317
35.196595148787196,0.0007632460393989581,0.0,0.0007632460393989581,0.16390137841897612
35.209098024506126,0.0007627190379903956,0.0,0.0007627190379903956,0.16387388252482715
35.221600900225056,0.0007621925822144689,0.0,0.0007621925822144689,0.16384640044831622
35.234103775943986,0.0007616666713182077,0.0,0.0007616666713182077,0.16381893217788823
35.246606651662916,0.0007611413045499405,0.0,0.0007611413045499405,0.1637914777020017
35.259109527381845,0.0007606164811592909,0.0,0.0007606164811592909,0.1637640370091285
35.271612403100775,0.0007600922003971763,0.0,0.0007600922003971763,0.16373661008775406
35.284115278819705,0.0007595684615158038,0.0,0.0007595684615158038,0.1637091969263772
35.296618154538635,0.0007590452637686689,0.0,0.0007590452637686689,0.16368179751351022
35.309121030257565,0.0007585226064105514,0.0,0.0007585226064105514,0.16365441183767881
35.321623905976494,0.0007580004886975141,0.0,0.0007580004886975141,0.16362703988742197
35.334126781695424,0.0007574789098868993,0.0,0.0007574789098868993,0.16359968165129218
35.346629657414354,0.0007569578692373266,0.0,0.0007569578692373266,0.16357233711785518
35.359132533133284,0.0007564373660086896,0.0,0.0007564373660086896,0.16354500627569007
35.371635408852214,0.0007559173994621544,0.0,0.0007559173994621544,0.16351768911338926
35.384138284571144,0.0007553979688601557,0.0,0.0007553979688601557,0.16349038561955842
35.39664116029007,0.0007548790734663957,0.0,0.0007548790734663957,0.16346309578281654
35.409144036009,0.0007543607125458394,0.0,0.0007543607125458394,0.16343581959179576
35.42164691172793,0.0007538428853647142,0.0,0.0007538428853647142,0.16340855703514154
35.43414978744686,0.0007533255911905058,0.0,0.0007533255911905058,0.16338130810151247
35.44665266316579,0.0007528088292919563,0.0,0.0007528088292919563,0.1633540727795804
35.45915553888472,0.0007522925989390614,0.0,0.0007522925989390614,0.16332685105803027
35.47165841460365,0.0007517768994030679,0.0,0.0007517768994030679,0.16329964292556023
35.48416129032258,0.000751261729956471,0.0,0.000751261729956471,0.16327244837088156
35.49666416604151,0.0007507470898730117,0.0,0.0007507470898730117,0.16324526738271858
35.50916704176044,0.0007502329784276745,0.0,0.0007502329784276745,0.1632180999498087
35.52166991747937,0.0007497193948966848,0.0,0.0007497193948966848,0.16319094606090254
35.5341727931983,0.0007492063385575062,0.0,0.0007492063385575062,0.16316380570476363
35.54667566891723,0.0007486938086888378,0.0,0.0007486938086888378,0.1631366788701685
35.55917854463616,0.0007481818045706122,0.0,0.0007481818045706122,0.16310956554590683
35.57168142035509,0.0007476703254839924,0.0,0.0007476703254839924,0.1630824657207812
35.58418429607402,0.0007471593707113694,0.0,0.0007471593707113694,0.16305537938360715
35.59668717179295,0.0007466489395363604,0.0,0.0007466489395363604,0.16302830652321323
35.60919004751188,0.0007461390312438051,0.0,0.0007461390312438051,0.16300124712844088
35.62169292323081,0.000745629645119764,0.0,0.000745629645119764,0.16297420118814449
35.63419579894974,0.0007451207804515156,0.0,0.0007451207804515156,0.1629471686911913
35.64669867466867,0.0007446124365275545,0.0,0.0007446124365275545,0.16292014962646145
35.6592015503876,0.0007441046126375876,0.0,0.0007441046126375876,0.16289314398284793
35.67170442610653,0.000743597308072533,0.0,0.000743597308072533,0.1628661517492566
35.68420730182546,0.0007430905221245167,0.0,0.0007430905221245167,0.16283917291460606
35.69671017754439,0.0007425842540868707,0.0,0.0007425842540868707,0.16281220746782782
35.70921305326332,0.0007420785032541298,0.0,0.0007420785032541298,0.16278525539786606
35.72171592898225,0.00074157326892203,0.0,0.00074157326892203,0.1627583166936778
35.73421880470118,0.0007410685503875051,0.0,0.0007410685503875051,0.16273139134423276
35.74672168042011,0.0007405643469486854,0.0,0.0007405643469486854,0.1627044793385134
35.75922455613904,0.0007400606579048938,0.0,0.0007400606579048938,0.16267758066551485
35.77172743185797,0.0007395574825566452,0.0,0.0007395574825566452,0.16265069531424503
35.7842303075769,0.0007390548202056425,0.0,0.0007390548202056425,0.1626238232737244
35.79673318329583,0.0007385526701547743,0.0,0.0007385526701547743,0.16259696453298614
35.80923605901476,0.000738051031708114,0.0,0.000738051031708114,0.16257011908107602
35.82173893473369,0.0007375499041709153,0.0,0.0007375499041709153,0.16254328690705247
35.83424181045262,0.0007370492868496117,0.0,0.0007370492868496117,0.1625164679999865
35.84674468617155,0.0007365491790518123,0.0,0.0007365491790518123,0.16248966234896167
35.85924756189047,0.0007360495800863013,0.0,0.0007360495800863013,0.16246286994307407
35.8717504376094,0.0007355504892630334,0.0,0.0007355504892630334,0.1624360907714324
35.88425331332833,0.0007350519058931337,0.0,0.0007350519058931337,0.1624093248231578
35.89675618904726,0.000734553829288894,0.0,0.000734553829288894,0.16238257208738402
35.90925906476619,0.0007340562587637705,0.0,0.0007340562587637705,0.16235583255325717
35.92176194048512,0.0007335591936323816,0.0,0.0007335591936323816,0.16232910620993588
35.93426481620405,0.0007330626332105058,0.0,0.0007330626332105058,0.1623023930465912
35.94676769192298,0.0007325665768150791,0.0,0.0007325665768150791,0.16227569305240666
35.95927056764191,0.0007320710237641926,0.0,0.0007320710237641926,0.16224900621657815
35.97177344336084,0.0007315759733770903,0.0,0.0007315759733770903,0.16222233252831397
35.98427631907977,0.0007310814249741662,0.0,0.0007310814249741662,0.16219567197683477
35.9967791947987,0.0007305873778769632,0.0,0.0007305873778769632,0.16216902455137358
36.00928207051763,0.0007300938314081694,0.0,0.0007300938314081694,0.16214239024117572
36.02178494623656,0.0007296007848916169,0.0,0.0007296007848916169,0.1621157690354989
36.03428782195549,0.0007291082376522789,0.0,0.0007291082376522789,0.1620891609236131
36.04679069767442,0.000728616189016267,0.0,0.000728616189016267,0.1620625658948005
36.05929357339335,0.0007281246383108298,0.0,0.0007281246383108298,0.1620359839383557
36.07179644911228,0.0007276335848643501,0.0,0.0007276335848643501,0.16200941504358535
36.08429932483121,0.0007271430280063429,0.0,0.0007271430280063429,0.16198285919980854
36.09680220055014,0.0007266529670674523,0.0,0.0007266529670674523,0.16195631639635638
36.10930507626907,0.0007261634013794503,0.0,0.0007261634013794503,0.16192978662257232
36.121807951987996,0.000725674330275234,0.0,0.000725674330275234,0.16190326986781184
36.134310827706926,0.0007251857530888231,0.0,0.0007251857530888231,0.16187676612144272
36.146813703425856,0.0007246976691553581,0.0,0.0007246976691553581,0.16185027537284474
36.159316579144786,0.0007242100778110978,0.0,0.0007242100778110978,0.16182379761140994
36.171819454863716,0.0007237229783934171,0.0,0.0007237229783934171,0.16179733282654235
36.184322330582646,0.0007232363702408044,0.0,0.0007232363702408044,0.1617708810076581
36.196825206301575,0.0007227502526928601,0.0,0.0007227502526928601,0.16174444214418546
36.209328082020505,0.000722264625090294,0.0,0.000722264625090294,0.16171801622556467
36.221830957739435,0.0007217794867749223,0.0,0.0007217794867749223,0.161691603241248
36.234333833458365,0.0007212948370896668,0.0,0.0007212948370896668,0.16166520318069982
36.246836709177295,0.0007208106753785516,0.0,0.0007208106753785516,0.1616388160333964
36.259339584896225,0.0007203270009867014,0.0,0.0007203270009867014,0.16161244178882603
36.271842460615154,0.0007198438132603389,0.0,0.0007198438132603389,0.16158608043648898
36.284345336334084,0.0007193611115467827,0.0,0.0007193611115467827,0.1615597319658974
36.296848212053014,0.0007188788951944459,0.0,0.0007188788951944459,0.16153339636657543
36.309351087771944,0.0007183971635528325,0.0,0.0007183971635528325,0.16150707362805913
36.321853963490874,0.0007179159159725357,0.0,0.0007179159159725357,0.16148076373989637
36.3343568392098,0.0007174351518052369,0.0,0.0007174351518052369,0.16145446669164693
36.34685971492873,0.0007169548704037016,0.0,0.0007169548704037016,0.16142818247288251
36.35936259064766,0.0007164750711217786,0.0,0.0007164750711217786,0.16140191107318655
36.37186546636659,0.0007159957533143972,0.0,0.0007159957533143972,0.16137565248215438
36.38436834208552,0.0007155169163375654,0.0,0.0007155169163375654,0.1613494066893931
36.39687121780445,0.0007150385595483673,0.0,0.0007150385595483673,0.1613231736845216
36.40937409352338,0.0007145606823049614,0.0,0.0007145606823049614,0.16129695345717057
36.42187696924231,0.0007140832839665782,0.0,0.0007140832839665782,0.16127074599698246
36.43437984496124,0.000713606363893518,0.0,0.000713606363893518,0.16124455129361137
36.44688272068017,0.0007131299214471489,0.0,0.0007131299214471489,0.16121836933672323
36.4593855963991,0.0007126539559899044,0.0,0.0007126539559899044,0.16119220011599555
36.47188847211803,0.0007121784668852821,0.0,0.0007121784668852821,0.1611660436211177
36.48439134783696,0.0007117034534978402,0.0,0.0007117034534978402,0.16113989984179053
36.49689422355589,0.0007112289151931966,0.0,0.0007112289151931966,0.16111376876772668
36.50939709927482,0.000710754851338026,0.0,0.000710754851338026,0.1610876503886503
36.52189997499375,0.0007102812613000584,0.0,0.0007102812613000584,0.16106154469429732
36.53440285071268,0.0007098081444480765,0.0,0.0007098081444480765,0.1610354516744151
36.54690572643161,0.0007093355001519137,0.0,0.0007093355001519137,0.1610093713187627
36.55940860215054,0.0007088633277824523,0.0,0.0007088633277824523,0.1609833036171107
36.57191147786947,0.0007083916267116211,0.0,0.0007083916267116211,0.16095724855924123
36.5844143535884,0.0007079203963123933,0.0,0.0007079203963123933,0.16093120613494796
36.59691722930733,0.0007074496359587846,0.0,0.0007074496359587846,0.16090517633403606
36.60942010502626,0.0007069793450258511,0.0,0.0007069793450258511,0.16087915914632228
36.62192298074519,0.0007065095228896872,0.0,0.0007065095228896872,0.16085315456163474
36.63442585646412,0.0007060401689274232,0.0,0.0007060401689274232,0.16082716256981308
36.64692873218305,0.0007055712825172238,0.0,0.0007055712825172238,0.1608011831607084
36.65943160790198,0.0007051028630382857,0.0,0.0007051028630382857,0.1607752163241832
36.67193448362091,0.0007046349098708357,0.0,0.0007046349098708357,0.16074926205011147
36.68443735933984,0.0007041674223961284,0.0,0.0007041674223961284,0.16072332032837852
36.69694023505877,0.0007037003999964444,0.0,0.0007037003999964444,0.16069739114888104
36.7094431107777,0.000703233842055088,0.0,0.000703233842055088,0.16067147450152713
36.72194598649663,0.000702767747956386,0.0,0.000702767747956386,0.16064557037623628
36.73444886221556,0.0007023021170856842,0.0,0.0007023021170856842,0.16061967876293923
36.74695173793449,0.0007018369488293465,0.0,0.0007018369488293465,0.16059379965157805
36.75945461365342,0.0007013722425747527,0.0,0.0007013722425747527,0.1605679330321062
36.77195748937235,0.0007009079977102963,0.0,0.0007009079977102963,0.1605420788944883
36.78446036509127,0.0007004442136253825,0.0,0.0007004442136253825,0.16051623722870034
36.7969632408102,0.000699980889710426,0.0,0.000699980889710426,0.16049040802472953
36.80946611652913,0.0006995180253568492,0.0,0.0006995180253568492,0.16046459127257423
36.82196899224806,0.0006990556199570811,0.0,0.0006990556199570811,0.1604387869622442
36.83447186796699,0.0006985936729045532,0.0,0.0006985936729045532,0.16041299508376028
36.84697474368592,0.0006981321835936998,0.0,0.0006981321835936998,0.16038721562715452
36.85947761940485,0.000697671151419954,0.0,0.000697671151419954,0.16036144858247012
36.87198049512378,0.0006972105757797475,0.0,0.0006972105757797475,0.1603356939397615
36.88448337084271,0.0006967504560705075,0.0,0.0006967504560705075,0.16030995168909418
36.89698624656164,0.000696290791690655,0.0,0.000696290791690655,0.1602842218205448
36.90948912228057,0.0006958315820396025,0.0,0.0006958315820396025,0.16025850432420113
36.9219919979995,0.0006953728265177532,0.0,0.0006953728265177532,0.16023279919016198
36.93449487371843,0.0006949145245264976,0.0,0.0006949145245264976,0.16020710640853733
36.94699774943736,0.0006944566754682124,0.0,0.0006944566754682124,0.16018142596944812
36.95950062515629,0.0006939992787462585,0.0,0.0006939992787462585,0.16015575786302644
36.97200350087522,0.0006935423337649787,0.0,0.0006935423337649787,0.16013010207941528
36.98450637659415,0.000693085839929696,0.0,0.000693085839929696,0.16010445860876876
36.99700925231308,0.0006926297966467114,0.0,0.0006926297966467114,0.16007882744125193
37.00951212803201,0.000692174203323303,0.0,0.000692174203323303,0.16005320856704083
37.02201500375094,0.0006917190593677224,0.0,0.0006917190593677224,0.16002760197632251
37.03451787946987,0.0006912643641891939,0.0,0.0006912643641891939,0.16000200765929493
37.0470207551888,0.0006908101171979125,0.0,0.0006908101171979125,0.15997642560616696
37.05952363090773,0.0006903563178050419,0.0,0.0006903563178050419,0.15995085580715845
37.072026506626656,0.000689902965422712,0.0,0.000689902965422712,0.1599252982525001
37.084529382345586,0.000689450059464018,0.0,0.000689450059464018,0.15989975293243353
37.097032258064516,0.0006889975993430178,0.0,0.0006889975993430178,0.15987421983721123
37.109535133783446,0.0006885455844747306,0.0,0.0006885455844747306,0.15984869895709652
37.122038009502376,0.0006880940142751343,0.0,0.0006880940142751343,0.1598231902823636
37.134540885221305,0.0006876428881611643,0.0,0.0006876428881611643,0.15979769380329747
37.147043760940235,0.0006871922055507111,0.0,0.0006871922055507111,0.1597722095101939
37.159546636659165,0.0006867419658626191,0.0,0.0006867419658626191,0.1597467373933596
37.172049512378095,0.0006862921685166839,0.0,0.0006862921685166839,0.15972127744311182
37.184552388097025,0.000685842812933651,0.0,0.000685842812933651,0.15969582964977883
37.197055263815955,0.0006853938985352141,0.0,0.0006853938985352141,0.15967039400369945
37.209558139534884,0.000684945424744012,0.0,0.000684945424744012,0.15964497049522336
37.222061015253814,0.0006844973909836288,0.0,0.0006844973909836288,0.15961955911471087
37.234563890972744,0.0006840497966785899,0.0,0.0006840497966785899,0.15959415985253306
37.247066766691674,0.0006836026412543617,0.0,0.0006836026412543617,0.15956877269907163
37.259569642410604,0.0006831559241373493,0.0,0.0006831559241373493,0.15954339764471903
37.272072518129534,0.0006827096447548941,0.0,0.0006827096447548941,0.15951803467987832
37.28457539384846,0.0006822638025352727,0.0,0.0006822638025352727,0.1594926837949632
37.29707826956739,0.0006818183969076949,0.0,0.0006818183969076949,0.159467344980398
37.30958114528632,0.0006813734273023016,0.0,0.0006813734273023016,0.15944201822661763
37.32208402100525,0.0006809288931501633,0.0,0.0006809288931501633,0.15941670352406773
37.33458689672418,0.0006804847938832781,0.0,0.0006804847938832781,0.15939140086320433
37.34708977244311,0.0006800411289345698,0.0,0.0006800411289345698,0.15936611023449415
37.35959264816204,0.0006795978977378862,0.0,0.0006795978977378862,0.15934083162841442
37.37209552388097,0.0006791550997279973,0.0,0.0006791550997279973,0.1593155650354529
37.3845983995999,0.0006787127343405939,0.0,0.0006787127343405939,0.15929031044610792
37.39710127531883,0.000678270801012285,0.0,0.000678270801012285,0.1592650678508883
37.40960415103776,0.0006778292991805962,0.0,0.0006778292991805962,0.15923983724031324
37.42210702675669,0.0006773882282839688,0.0,0.0006773882282839688,0.15921461860491257
37.43460990247562,0.0006769475877617569,0.0,0.0006769475877617569,0.15918941193522654
37.44711277819455,0.0006765073770542261,0.0,0.0006765073770542261,0.15916421722180582
37.45961565391348,0.0006760675956025514,0.0,0.0006760675956025514,0.15913903445521146
37.47211852963241,0.0006756282428488163,0.0,0.0006756282428488163,0.15911386362601507
37.48462140535134,0.0006751893182360099,0.0,0.0006751893182360099,0.15908870472479847
37.49712428107027,0.0006747508212080261,0.0,0.0006747508212080261,0.15906355774215405
37.5096271567892,0.0006743127512096611,0.0,0.0006743127512096611,0.1590384226686845
37.52213003250813,0.0006738751076866121,0.0,0.0006738751076866121,0.15901329949500287
37.53463290822706,0.0006734378900854752,0.0,0.0006734378900854752,0.1589881882117325
37.54713578394599,0.0006730010978537441,0.0,0.0006730010978537441,0.15896308880950713
37.55963865966492,0.000672564730439808,0.0,0.000672564730439808,0.15893800127897081
37.57214153538385,0.0006721287872929498,0.0,0.0006721287872929498,0.15891292561077786
37.58464441110278,0.0006716932678633446,0.0,0.0006716932678633446,0.15888786179559286
37.59714728682171,0.0006712581716020582,0.0,0.0006712581716020582,0.15886280982409073
37.60965016254064,0.0006708234979610445,0.0,0.0006708234979610445,0.15883776968695662
37.62215303825957,0.0006703892463931451,0.0,0.0006703892463931451,0.15881274137488594
37.6346559139785,0.0006699554163520858,0.0,0.0006699554163520858,0.15878772487858422
37.64715878969743,0.0006695220072924767,0.0,0.0006695220072924767,0.15876272018876733
37.65966166541636,0.0006690890186698095,0.0,0.0006690890186698095,0.1587377272961613
37.67216454113529,0.0006686564499404557,0.0,0.0006686564499404557,0.15871274619150233
37.68466741685422,0.0006682243005616653,0.0,0.0006682243005616653,0.15868777686553678
37.69717029257315,0.0006677925699915652,0.0,0.0006677925699915652,0.15866281930902118
37.70967316829208,0.0006673612576891569,0.0,0.0006673612576891569,0.1586378735127222
37.722176044011,0.0006669303631143156,0.0,0.0006669303631143156,0.1586129394674167
37.73467891972993,0.0006664998857277874,0.0,0.0006664998857277874,0.1585880171638915
37.74718179544886,0.0006660698249911889,0.0,0.0006660698249911889,0.15856310659294365
37.75968467116779,0.0006656401803670044,0.0,0.0006656401803670044,0.15853820774538022
37.77218754688672,0.0006652109513185855,0.0,0.0006652109513185855,0.15851332061201842
37.78469042260565,0.0006647821373101477,0.0,0.0006647821373101477,0.15848844518368538
37.79719329832458,0.0006643537378067703,0.0,0.0006643537378067703,0.15846358145121844
37.80969617404351,0.0006639257522743943,0.0,0.0006639257522743943,0.15843872940546488
37.82219904976244,0.0006634981801798195,0.0,0.0006634981801798195,0.15841388903728196
37.83470192548137,0.000663071020990705,0.0,0.000663071020990705,0.15838906033753697
37.8472048012003,0.000662644274175566,0.0,0.000662644274175566,0.15836424329710722
37.85970767691923,0.0006622179392037725,0.0,0.0006622179392037725,0.15833943790687996
37.87221055263816,0.0006617920155455476,0.0,0.0006617920155455476,0.1583146441577524
37.88471342835709,0.0006613665026719666,0.0,0.0006613665026719666,0.1582898620406317
37.89721630407602,0.0006609414000549537,0.0,0.0006609414000549537,0.15826509154643492
37.90971917979495,0.0006605167071672825,0.0,0.0006605167071672825,0.15824033266608906
37.92222205551388,0.0006600924234825726,0.0,0.0006600924234825726,0.15821558539053104
37.93472493123281,0.0006596685484752888,0.0,0.0006596685484752888,0.15819084971070765
37.94722780695174,0.0006592450816207392,0.0,0.0006592450816207392,0.15816612561757554
37.95973068267067,0.0006588220223950737,0.0,0.0006588220223950737,0.1581414131021012
37.9722335583896,0.0006583993702752828,0.0,0.0006583993702752828,0.15811671215526105
37.98473643410853,0.000657977124739195,0.0,0.000657977124739195,0.15809202276804124
37.99723930982746,0.0006575552852654757,0.0,0.0006575552852654757,0.15806734493143781
38.009742185546386,0.000657133851333626,0.0,0.000657133851333626,0.15804267863645657
38.022245061265316,0.0006567128224239805,0.0,0.0006567128224239805,0.15801802387411318
38.034747936984246,0.0006562921980177061,0.0,0.0006562921980177061,0.15799338063543297
38.047250812703176,0.0006558719775968,0.0,0.0006558719775968,0.1579687489114511
38.059753688422106,0.0006554521606440881,0.0,0.0006554521606440881,0.1579441286932125
38.072256564141036,0.0006550327466432244,0.0,0.0006550327466432244,0.1579195199717718
38.084759439859965,0.000654613735078688,0.0,0.000654613735078688,0.15789492273819336
38.097262315578895,0.0006541951254357822,0.0,0.0006541951254357822,0.15787033698355127
38.109765191297825,0.0006537769172006329,0.0,0.0006537769172006329,0.15784576269892925
38.122268067016755,0.0006533591098601875,0.0,0.0006533591098601875,0.1578211998754208
38.134770942735685,0.0006529417029022121,0.0,0.0006529417029022121,0.157796648504129
38.147273818454615,0.000652524695815291,0.0,0.000652524695815291,0.15777210857616664
38.159776694173544,0.0006521080880888251,0.0,0.0006521080880888251,0.15774758008265616
38.172279569892474,0.0006516918792130292,0.0,0.0006516918792130292,0.15772306301472955
38.184782445611404,0.0006512760686789322,0.0,0.0006512760686789322,0.15769855736352853
38.197285321330334,0.0006508606559783739,0.0,0.0006508606559783739,0.15767406312020432
38.209788197049264,0.0006504456406040046,0.0,0.0006504456406040046,0.15764958027591777
38.22229107276819,0.0006500310220492827,0.0,0.0006500310220492827,0.1576251088218393
38.23479394848712,0.0006496167998084742,0.0,0.0006496167998084742,0.15760064874914895
38.24729682420605,0.0006492029733766499,0.0,0.0006492029733766499,0.15757620004903616
38.25979969992498,0.0006487895422496847,0.0,0.0006487895422496847,0.1575517627127001
38.27230257564391,0.0006483765059242558,0.0,0.0006483765059242558,0.15752733673134925
38.28480545136284,0.0006479638638978415,0.0,0.0006479638638978415,0.1575029220962018
38.29730832708177,0.000647551615668719,0.0,0.000647551615668719,0.15747851879848532
38.3098112028007,0.0006471397607359636,0.0,0.0006471397607359636,0.15745412682943685
38.32231407851963,0.0006467282985994464,0.0,0.0006467282985994464,0.15742974618030295
38.33481695423856,0.0006463172287598339,0.0,0.0006463172287598339,0.15740537684233968
38.34731982995749,0.0006459065507185848,0.0,0.0006459065507185848,0.15738101880681238
38.35982270567642,0.0006454962639779507,0.0,0.0006454962639779507,0.157356672064996
38.37232558139535,0.0006450863680409725,0.0,0.0006450863680409725,0.1573323366081748
38.38482845711428,0.0006446768624114801,0.0,0.0006446768624114801,0.1573080124276425
38.39733133283321,0.0006442677465940904,0.0,0.0006442677465940904,0.15728369951470214
38.40983420855214,0.0006438590200942063,0.0,0.0006438590200942063,0.1572593978606662
38.42233708427107,0.0006434506824180148,0.0,0.0006434506824180148,0.1572351074568565
38.43483995999,0.0006430427330724854,0.0,0.0006430427330724854,0.15721082829460428
38.44734283570893,0.0006426351715653689,0.0,0.0006426351715653689,0.15718656036524994
38.45984571142786,0.000642227997405196,0.0,0.000642227997405196,0.15716230366014342
38.47234858714679,0.0006418212101012752,0.0,0.0006418212101012752,0.1571380581706438
38.48485146286572,0.0006414148091636924,0.0,0.0006414148091636924,0.15711382388811962
38.49735433858465,0.0006410087941033083,0.0,0.0006410087941033083,0.15708960080394854
38.50985721430358,0.0006406031644317573,0.0,0.0006406031644317573,0.1570653889095176
38.52236009002251,0.0006401979196614468,0.0,0.0006401979196614468,0.1570411881962231
38.53486296574144,0.0006397930593055547,0.0,0.0006397930593055547,0.15701699865547053
38.54736584146037,0.0006393885828780279,0.0,0.0006393885828780279,0.15699282027867467
38.5598687171793,0.0006389844898935821,0.0,0.0006389844898935821,0.15696865305725952
38.57237159289823,0.0006385807798676988,0.0,0.0006385807798676988,0.15694449698265825
38.58487446861716,0.0006381774523166249,0.0,0.0006381774523166249,0.15692035204631324
38.59737734433609,0.0006377745067573709,0.0,0.0006377745067573709,0.1568962182396761
38.60988022005502,0.0006373719427077094,0.0,0.0006373719427077094,0.15687209555420756
38.62238309577395,0.0006369697596861737,0.0,0.0006369697596861737,0.15684798398137756
38.63488597149288,0.0006365679572120566,0.0,0.0006365679572120566,0.15682388351266513
38.6473888472118,0.0006361665348054083,0.0,0.0006361665348054083,0.15679979413955847
38.65989172293073,0.0006357654919870355,0.0,0.0006357654919870355,0.15677571585355488
38.67239459864966,0.0006353648282785002,0.0,0.0006353648282785002,0.15675164864616078
38.68489747436859,0.0006349645432021176,0.0,0.0006349645432021176,0.1567275925088917
38.69740035008752,0.0006345646362809556,0.0,0.0006345646362809556,0.15670354743327225
38.70990322580645,0.0006341651070388318,0.0,0.0006341651070388318,0.1566795134108361
38.72240610152538,0.0006337659550003142,0.0,0.0006337659550003142,0.156655490433126
38.73490897724431,0.0006333671796907181,0.0,0.0006333671796907181,0.1566314784916937
38.74741185296324,0.0006329687806361049,0.0,0.0006329687806361049,0.1566074775781
38.75991472868217,0.0006325707573632821,0.0,0.0006325707573632821,0.15658348768391483
38.7724176044011,0.0006321731093997996,0.0,0.0006321731093997996,0.15655950880071695
38.78492048012003,0.0006317758362739507,0.0,0.0006317758362739507,0.15653554092009428
38.79742335583896,0.0006313789375147688,0.0,0.0006313789375147688,0.15651158403364357
38.80992623155789,0.0006309824126520267,0.0,0.0006309824126520267,0.15648763813297067
38.82242910727682,0.0006305862612162361,0.0,0.0006305862612162361,0.15646370320969036
38.83493198299575,0.0006301904827386443,0.0,0.0006301904827386443,0.1564397792554263
38.84743485871468,0.0006297950767512347,0.0,0.0006297950767512347,0.15641586626181117
38.85993773443361,0.0006294000427867242,0.0,0.0006294000427867242,0.15639196422048657
38.87244061015254,0.0006290053803785621,0.0,0.0006290053803785621,0.1563680731231029
38.88494348587147,0.0006286110890609293,0.0,0.0006286110890609293,0.15634419296131966
38.8974463615904,0.0006282171683687362,0.0,0.0006282171683687362,0.15632032372680502
38.90994923730933,0.0006278236178376215,0.0,0.0006278236178376215,0.15629646541123615
38.92245211302826,0.0006274304370039511,0.0,0.0006274304370039511,0.1562726180062991
38.93495498874719,0.0006270376254048165,0.0,0.0006270376254048165,0.1562487815036887
38.94745786446612,0.0006266451825780334,0.0,0.0006266451825780334,0.15622495589510862
38.959960740185046,0.0006262531080621407,0.0,0.0006262531080621407,0.1562011411722714
38.972463615903976,0.0006258614013963987,0.0,0.0006258614013963987,0.15617733732689842
38.984966491622906,0.0006254700621207877,0.0,0.0006254700621207877,0.15615354435071976
38.997469367341836,0.0006250790897760074,0.0,0.0006250790897760074,0.1561297622354744
39.009972243060766,0.0006246884839034747,0.0,0.0006246884839034747,0.15610599097291
39.022475118779695,0.0006242982440453226,0.0,0.0006242982440453226,0.15608223055478307
39.034977994498625,0.0006239083697443993,0.0,0.0006239083697443993,0.15605848097285882
39.047480870217555,0.0006235188605442662,0.0,0.0006235188605442662,0.15603474221891123
39.059983745936485,0.0006231297159891969,0.0,0.0006231297159891969,0.15601101428472303
39.072486621655415,0.000622740935624176,0.0,0.000622740935624176,0.1559872971620856
39.084989497374345,0.0006223525189948975,0.0,0.0006223525189948975,0.15596359084279907
39.097492373093274,0.0006219644656477635,0.0,0.0006219644656477635,0.15593989531867228
39.109995248812204,0.0006215767751298832,0.0,0.0006215767751298832,0.15591621058152275
39.122498124531134,0.000621189446989071,0.0,0.000621189446989071,0.15589253662317662
39.135001000250064,0.0006208024807738459,0.0,0.0006208024807738459,0.15586887343546876
39.147503875968994,0.0006204158760334295,0.0,0.0006204158760334295,0.15584522101024267
39.160006751687924,0.000620029632317745,0.0,0.000620029632317745,0.1558215793393504
39.17250962740685,0.000619643749177416,0.0,0.000619643749177416,0.15579794841465278
39.18501250312578,0.000619258226163765,0.0,0.000619258226163765,0.1557743282280191
39.19751537884471,0.0006188730628288123,0.0,0.0006188730628288123,0.15575071877132735
39.21001825456364,0.0006184882587252744,0.0,0.0006184882587252744,0.15572712003646408
39.22252113028257,0.0006181038134065629,0.0,0.0006181038134065629,0.1557035320153244
39.2350240060015,0.0006177197264267833,0.0,0.0006177197264267833,0.15567995469981202
39.24752688172043,0.0006173359973407332,0.0,0.0006173359973407332,0.15565638808183915
39.26002975743936,0.000616952625703902,0.0,0.000616952625703902,0.15563283215332663
39.27253263315829,0.0006165696110724685,0.0,0.0006165696110724685,0.15560928690620376
39.28503550887722,0.0006161869530033002,0.0,0.0006161869530033002,0.15558575233240834
39.29753838459615,0.0006158046510539521,0.0,0.0006158046510539521,0.15556222842388678
39.31004126031508,0.0006154227047826653,0.0,0.0006154227047826653,0.15553871517259385
39.32254413603401,0.0006150411137483653,0.0,0.0006150411137483653,0.15551521257049294
39.33504701175294,0.0006146598775106614,0.0,0.0006146598775106614,0.15549172060955582
39.34754988747187,0.0006142789956298451,0.0,0.0006142789956298451,0.15546823928176276
39.3600527631908,0.0006138984676668888,0.0,0.0006138984676668888,0.15544476857910247
39.37255563890973,0.0006135182931834448,0.0,0.0006135182931834448,0.15542130849357214
39.38505851462866,0.0006131384717418436,0.0,0.0006131384717418436,0.15539785901717726
39.39756139034759,0.0006127590029050929,0.0,0.0006127590029050929,0.1553744201419319
39.41006426606652,0.0006123798862368764,0.0,0.0006123798862368764,0.15535099185985846
39.42256714178545,0.0006120011213015526,0.0,0.0006120011213015526,0.15532757416298767
39.43507001750438,0.0006116227076641531,0.0,0.0006116227076641531,0.15530416704335878
39.44757289322331,0.000611244644890382,0.0,0.000611244644890382,0.15528077049301933
39.46007576894224,0.0006108669325466141,0.0,0.0006108669325466141,0.15525738450402518
39.47257864466117,0.0006104895701998938,0.0,0.0006104895701998938,0.15523400906844062
39.4850815203801,0.0006101125574179343,0.0,0.0006101125574179343,0.15521064417833824
39.49758439609903,0.0006097358937691157,0.0,0.0006097358937691157,0.15518728982579894
39.51008727181796,0.000609359578822484,0.0,0.000609359578822484,0.15516394600291197
39.52259014753689,0.0006089836121477504,0.0,0.0006089836121477504,0.15514061270177484
39.53509302325582,0.0006086079933152889,0.0,0.0006086079933152889,0.15511728991449342
39.54759589897475,0.0006082327218961364,0.0,0.0006082327218961364,0.15509397763318178
39.56009877469368,0.0006078577974619905,0.0,0.0006078577974619905,0.15507067584996231
39.57260165041261,0.0006074832195852088,0.0,0.0006074832195852088,0.15504738455696568
39.58510452613153,0.0006071089878388076,0.0,0.0006071089878388076,0.15502410374633074
39.59760740185046,0.0006067351017964601,0.0,0.0006067351017964601,0.1550008334102046
39.61011027756939,0.000606361561032496,0.0,0.000606361561032496,0.15497757354074262
39.62261315328832,0.0006059883651219002,0.0,0.0006059883651219002,0.15495432413010837
39.63511602900725,0.000605615513640311,0.0,0.000605615513640311,0.15493108517047363
39.64761890472618,0.0006052430061640195,0.0,0.0006052430061640195,0.1549078566540183
39.66012178044511,0.0006048708422699678,0.0,0.0006048708422699678,0.15488463857293056
39.67262465616404,0.0006044990215357486,0.0,0.0006044990215357486,0.1548614309194067
39.68512753188297,0.0006041275435396033,0.0,0.0006041275435396033,0.15483823368565122
39.6976304076019,0.0006037564078604209,0.0,0.0006037564078604209,0.1548150468638767
39.71013328332083,0.0006033856140777375,0.0,0.0006033856140777375,0.15479187044630394
39.72263615903976,0.0006030151617717336,0.0,0.0006030151617717336,0.15476870442516175
39.73513903475869,0.000602645050523235,0.0,0.000602645050523235,0.15474554879268715
39.74764191047762,0.0006022752799137097,0.0,0.0006022752799137097,0.15472240354112524
39.76014478619655,0.0006019058495252678,0.0,0.0006019058495252678,0.15469926866272923
39.77264766191548,0.00060153675894066,0.0,0.00060153675894066,0.1546761441497604
39.78515053763441,0.0006011680077432765,0.0,0.0006011680077432765,0.15465302999448807
39.79765341335334,0.0006007995955171459,0.0,0.0006007995955171459,0.15462992618918966
39.81015628907227,0.0006004315218469333,0.0,0.0006004315218469333,0.15460683272615064
39.8226591647912,0.0006000637863179406,0.0,0.0006000637863179406,0.15458374959766452
39.83516204051013,0.0005996963885161038,0.0,0.0005996963885161038,0.1545606767960328
39.84766491622906,0.0005993293280279926,0.0,0.0005993293280279926,0.15453761431356502
39.86016779194799,0.0005989626044408096,0.0,0.0005989626044408096,0.15451456214257878
39.87267066766692,0.000598596217342388,0.0,0.000598596217342388,0.15449152027539959
39.88517354338585,0.0005982301663211916,0.0,0.0005982301663211916,0.154468488704361
39.897676419104776,0.0005978644509663129,0.0,0.0005978644509663129,0.15444546742180454
39.910179294823706,0.0005974990708674726,0.0,0.0005974990708674726,0.15442245642007968
39.922682170542636,0.0005971340256150175,0.0,0.0005971340256150175,0.15439945569154384
39.935185046261566,0.0005967693147999202,0.0,0.0005967693147999202,0.1543764652285624
39.947687921980496,0.0005964049380137776,0.0,0.0005964049380137776,0.15435348502350865
39.960190797699426,0.00059604089484881,0.0,0.00059604089484881,0.15433051506876386
39.972693673418355,0.0005956771848978596,0.0,0.0005956771848978596,0.15430755535671714
39.985196549137285,0.0005953138077543895,0.0,0.0005953138077543895,0.15428460587976559
39.997699424856215,0.0005949507630124829,0.0,0.0005949507630124829,0.15426166663031407
40.010202300575145,0.000594588050266841,0.0,0.000594588050266841,0.15423873760077542
40.022705176294075,0.0005942256691127834,0.0,0.0005942256691127834,0.15421581878357032
40.035208052013004,0.0005938636191462455,0.0,0.0005938636191462455,0.15419291017112735
40.047710927731934,0.0005935018999637783,0.0,0.0005935018999637783,0.15417001175588288
40.060213803450864,0.0005931405111625467,0.0,0.0005931405111625467,0.15414712353028115
40.072716679169794,0.0005927794523403289,0.0,0.0005927794523403289,0.1541242454867742
40.085219554888724,0.0005924187230955148,0.0,0.0005924187230955148,0.1541013776178219
40.097722430607654,0.0005920583230271053,0.0,0.0005920583230271053,0.15407851991589194
40.11022530632658,0.0005916982517347108,0.0,0.0005916982517347108,0.15405567237345982
40.12272818204551,0.0005913385088185504,0.0,0.0005913385088185504,0.1540328349830088
40.13523105776444,0.0005909790938794507,0.0,0.0005909790938794507,0.1540100077370299
40.14773393348337,0.0005906200065188445,0.0,0.0005906200065188445,0.153987190628022
40.1602368092023,0.0005902612463387699,0.0,0.0005902612463387699,0.15396438364849155
40.17273968492123,0.0005899028129418693,0.0,0.0005899028129418693,0.15394158679095296
40.18524256064016,0.000589544705931388,0.0,0.000589544705931388,0.1539188000479282
40.19774543635909,0.0005891869249111733,0.0,0.0005891869249111733,0.15389602341194708
40.21024831207802,0.0005888294694856733,0.0,0.0005888294694856733,0.15387325687554707
40.22275118779695,0.0005884723392599362,0.0,0.0005884723392599362,0.15385050043127338
40.23525406351588,0.0005881155338396081,0.0,0.0005881155338396081,0.15382775407167884
40.24775693923481,0.0005877590528309335,0.0,0.0005877590528309335,0.15380501778932404
40.26025981495374,0.000587402895840753,0.0,0.000587402895840753,0.15378229157677722
40.27276269067267,0.0005870470624765028,0.0,0.0005870470624765028,0.15375957542661428
40.2852655663916,0.0005866915523462132,0.0,0.0005866915523462132,0.1537368693314188
40.29776844211053,0.0005863363650585079,0.0,0.0005863363650585079,0.15371417328378192
40.31027131782946,0.0005859815002226027,0.0,0.0005859815002226027,0.15369148727630252
40.32277419354839,0.0005856269574483046,0.0,0.0005856269574483046,0.15366881130158702
40.33527706926732,0.0005852727363460106,0.0,0.0005852727363460106,0.1536461453522495
40.34777994498625,0.0005849188365267067,0.0,0.0005849188365267067,0.1536234894209116
40.36028282070518,0.0005845652576019664,0.0,0.0005845652576019664,0.15360084350020264
40.37278569642411,0.0005842119991839509,0.0,0.0005842119991839509,0.15357820758275945
40.38528857214304,0.0005838590608854061,0.0,0.0005838590608854061,0.15355558166122638
40.39779144786197,0.0005835064423196636,0.0,0.0005835064423196636,0.15353296572825548
40.4102943235809,0.0005831541431006376,0.0,0.0005831541431006376,0.1535103597765062
40.42279719929983,0.0005828021628428258,0.0,0.0005828021628428258,0.15348776379864573
40.43530007501876,0.0005824505011613069,0.0,0.0005824505011613069,0.15346517778734858
40.44780295073769,0.0005820991576717403,0.0,0.0005820991576717403,0.15344260173529692
40.46030582645662,0.0005817481319903649,0.0,0.0005817481319903649,0.15342003563518036
40.47280870217555,0.0005813974237339976,0.0,0.0005813974237339976,0.1533974794796961
40.48531157789448,0.0005810470325200332,0.0,0.0005810470325200332,0.15337493326154875
40.49781445361341,0.0005806969579664422,0.0,0.0005806969579664422,0.1533523969734504
40.51031732933233,0.0005803471996917708,0.0,0.0005803471996917708,0.15332987060812067
40.52282020505126,0.0005799977573151389,0.0,0.0005799977573151389,0.15330735415828664
40.53532308077019,0.0005796486304562403,0.0,0.0005796486304562403,0.15328484761668282
40.54782595648912,0.0005792998187353402,0.0,0.0005792998187353402,0.1532623509760511
40.56032883220805,0.0005789513217732754,0.0,0.0005789513217732754,0.15323986422914093
40.57283170792698,0.0005786031391914525,0.0,0.0005786031391914525,0.15321738736870907
40.58533458364591,0.0005782552706118475,0.0,0.0005782552706118475,0.15319492038751983
40.59783745936484,0.0005779077156570039,0.0,0.0005779077156570039,0.15317246327834477
40.61034033508377,0.0005775604739500327,0.0,0.0005775604739500327,0.15315001603396297
40.6228432108027,0.0005772135451146106,0.0,0.0005772135451146106,0.1531275786471608
40.63534608652163,0.0005768669287749792,0.0,0.0005768669287749792,0.15310515111073209
40.64784896224056,0.0005765206245559441,0.0,0.0005765206245559441,0.15308273341747794
40.66035183795949,0.0005761746320828739,0.0,0.0005761746320828739,0.15306032556020688
40.67285471367842,0.0005758289509816994,0.0,0.0005758289509816994,0.1530379275317348
40.68535758939735,0.0005754835808789115,0.0,0.0005754835808789115,0.15301553932488485
40.69786046511628,0.0005751385214015617,0.0,0.0005751385214015617,0.1529931609324876
40.71036334083521,0.0005747937721772602,0.0,0.0005747937721772602,0.15297079234738087
40.72286621655414,0.0005744493328341747,0.0,0.0005744493328341747,0.15294843356240978
40.73536909227307,0.0005741052030010304,0.0,0.0005741052030010304,0.15292608457042678
40.747871967992,0.0005737613823071078,0.0,0.0005737613823071078,0.15290374536429166
40.76037484371093,0.000573417870382243,0.0,0.000573417870382243,0.15288141593687138
40.77287771942986,0.0005730746668568249,0.0,0.0005730746668568249,0.15285909628104022
40.78538059514879,0.0005727317713617963,0.0,0.0005727317713617963,0.15283678638967976
40.79788347086772,0.0005723891835286516,0.0,0.0005723891835286516,0.15281448625567878
40.81038634658665,0.0005720469029894356,0.0,0.0005720469029894356,0.15279219587193332
40.82288922230558,0.0005717049293767437,0.0,0.0005717049293767437,0.15276991523134664
40.835392098024506,0.0005713632623237199,0.0,0.0005713632623237199,0.15274764432682925
40.847894973743436,0.0005710219014640561,0.0,0.0005710219014640561,0.15272538315129883
40.860397849462366,0.0005706808464319914,0.0,0.0005706808464319914,0.15270313169768032
40.872900725181296,0.0005703400968623106,0.0,0.0005703400968623106,0.15268088995890583
40.885403600900226,0.0005699996523903437,0.0,0.0005699996523903437,0.15265865792791458
40.897906476619156,0.0005696595126519646,0.0,0.0005696595126519646,0.15263643559765308
40.910409352338085,0.0005693196772835905,0.0,0.0005693196772835905,0.15261422296107496
40.922912228057015,0.0005689801459221803,0.0,0.0005689801459221803,0.152592020011141
40.935415103775945,0.0005686409182052344,0.0,0.0005686409182052344,0.15256982674081915
40.947917979494875,0.000568301993770793,0.0,0.000568301993770793,0.15254764314308444
40.960420855213805,0.0005679633722574359,0.0,0.0005679633722574359,0.15252546921091914
40.972923730932735,0.0005676250533042806,0.0,0.0005676250533042806,0.15250330493731248
40.985426606651664,0.0005672870365509824,0.0,0.0005672870365509824,0.15248115031526097
40.997929482370594,0.0005669493216377324,0.0,0.0005669493216377324,0.15245900533776807
41.010432358089524,0.0005666119082052573,0.0,0.0005666119082052573,0.15243686999784448
41.022935233808454,0.0005662747958948183,0.0,0.0005662747958948183,0.15241474428850785
41.035438109527384,0.0005659379843482099,0.0,0.0005659379843482099,0.15239262820278296
41.04794098524631,0.0005656014732077589,0.0,0.0005656014732077589,0.1523705217337017
41.06044386096524,0.0005652652621163238,0.0,0.0005652652621163238,0.1523484248743029
41.07294673668417,0.0005649293507172938,0.0,0.0005649293507172938,0.15232633761763256
41.0854496124031,0.0005645937386545875,0.0,0.0005645937386545875,0.15230425995674363
41.09795248812203,0.0005642584255726525,0.0,0.0005642584255726525,0.15228219188469613
41.11045536384096,0.0005639234111164637,0.0,0.0005639234111164637,0.15226013339455707
41.12295823955989,0.0005635886949315233,0.0,0.0005635886949315233,0.15223808447940054
41.13546111527882,0.0005632542766638589,0.0,0.0005632542766638589,0.1522160451323075
41.14796399099775,0.0005629201559600236,0.0,0.0005629201559600236,0.152194015346366
41.16046686671668,0.000562586332467094,0.0,0.000562586332467094,0.15217199511467108
41.17296974243561,0.0005622528058326699,0.0,0.0005622528058326699,0.15214998443032468
41.18547261815454,0.0005619195757048733,0.0,0.0005619195757048733,0.15212798328643576
41.19797549387347,0.0005615866417323476,0.0,0.0005615866417323476,0.15210599167612024
41.2104783695924,0.0005612540035642561,0.0,0.0005612540035642561,0.15208400959250093
41.22298124531133,0.0005609216608502818,0.0,0.0005609216608502818,0.15206203702870763
41.23548412103026,0.0005605896132406259,0.0,0.0005605896132406259,0.15204007397787705
41.24798699674919,0.0005602578603860072,0.0,0.0005602578603860072,0.1520181204331528
41.26048987246812,0.0005599264019376614,0.0,0.0005599264019376614,0.15199617638768548
41.27299274818705,0.0005595952375473393,0.0,0.0005595952375473393,0.15197424183463243
41.28549562390598,0.0005592643668673071,0.0,0.0005592643668673071,0.1519523167671581
41.29799849962491,0.0005589337895503442,0.0,0.0005589337895503442,0.15193040117843362
41.31050137534384,0.0005586035052497435,0.0,0.0005586035052497435,0.1519084950616371
41.32300425106277,0.0005582735136193097,0.0,0.0005582735136193097,0.15188659840995347
41.3355071267817,0.0005579438143133586,0.0,0.0005579438143133586,0.1518647112165746
41.34801000250063,0.0005576144069867164,0.0,0.0005576144069867164,0.1518428334746991
41.36051287821956,0.0005572852912947184,0.0,0.0005572852912947184,0.15182096517753252
41.37301575393849,0.0005569564668932085,0.0,0.0005569564668932085,0.1517991063182871
41.38551862965742,0.0005566279334385379,0.0,0.0005566279334385379,0.15177725689018207
41.39802150537635,0.0005562996905875648,0.0,0.0005562996905875648,0.15175541688644337
41.41052438109528,0.0005559717379976527,0.0,0.0005559717379976527,0.1517335863003037
41.42302725681421,0.0005556440753266704,0.0,0.0005556440753266704,0.15171176512500273
41.43553013253314,0.00055531670223299,0.0,0.00055531670223299,0.1516899533537867
41.44803300825206,0.0005549896183754875,0.0,0.0005549896183754875,0.15166815097990882
41.46053588397099,0.0005546628234135401,0.0,0.0005546628234135401,0.15164635799662893
41.47303875968992,0.000554336317007027,0.0,0.000554336317007027,0.1516245743972137
41.48554163540885,0.0005540100988163275,0.0,0.0005540100988163275,0.1516028001749365
41.49804451112778,0.0005536841685023205,0.0,0.0005536841685023205,0.1515810353230775
41.51054738684671,0.0005533585257263833,0.0,0.0005533585257263833,0.15155927983492357
41.52305026256564,0.0005530331701503915,0.0,0.0005530331701503915,0.15153753370376832
41.53555313828457,0.0005527081014367169,0.0,0.0005527081014367169,0.1515157969229121
41.5480560140035,0.0005523833192482276,0.0,0.0005523833192482276,0.15149406948566185
41.56055888972243,0.0005520588232482869,0.0,0.0005520588232482869,0.15147235138533136
41.57306176544136,0.0005517346131007523,0.0,0.0005517346131007523,0.15145064261524105
41.58556464116029,0.0005514106884699744,0.0,0.0005514106884699744,0.151428943168718
41.59806751687922,0.0005510870490207968,0.0,0.0005510870490207968,0.15140725303909597
41.61057039259815,0.0005507636944185542,0.0,0.0005507636944185542,0.1513855722197154
41.62307326831708,0.0005504406243290726,0.0,0.0005504406243290726,0.15136390070392342
41.63557614403601,0.0005501178384186675,0.0,0.0005501178384186675,0.15134223848507372
41.64807901975494,0.0005497953363541437,0.0,0.0005497953363541437,0.15132058555652672
41.66058189547387,0.0005494731178027941,0.0,0.0005494731178027941,0.15129894191164941
41.6730847711928,0.0005491511824323987,0.0,0.0005491511824323987,0.1512773075438154
41.68558764691173,0.0005488295299112244,0.0,0.0005488295299112244,0.151255682446405
41.69809052263066,0.0005485081599080236,0.0,0.0005485081599080236,0.151234066612805
41.71059339834959,0.0005481870720920332,0.0,0.0005481870720920332,0.15121246003640887
41.72309627406852,0.0005478662661329743,0.0,0.0005478662661329743,0.15119086271061666
41.73559914978745,0.0005475457417010511,0.0,0.0005475457417010511,0.15116927462883495
41.74810202550638,0.0005472254984669496,0.0,0.0005472254984669496,0.15114769578447695
41.76060490122531,0.0005469055361018377,0.0,0.0005469055361018377,0.15112612617096244
41.77310777694424,0.0005465858542773635,0.0,0.0005465858542773635,0.15110456578171766
41.785610652663166,0.0005462664526656549,0.0,0.0005462664526656549,0.1510830146101755
41.798113528382096,0.0005459473309393187,0.0,0.0005459473309393187,0.15106147264977537
41.810616404101026,0.0005456284887714394,0.0,0.0005456284887714394,0.15103993989396314
41.823119279819956,0.0005453099258355792,0.0,0.0005453099258355792,0.15101841633619126
41.835622155538886,0.0005449916418057762,0.0,0.0005449916418057762,0.15099690196991872
41.848125031257815,0.0005446736363565441,0.0,0.0005446736363565441,0.15097539678861094
41.860627906976745,0.0005443559091628716,0.0,0.0005443559091628716,0.1509539007857399
41.873130782695675,0.0005440384599002204,0.0,0.0005440384599002204,0.15093241395478396
41.885633658414605,0.0005437212882445263,0.0,0.0005437212882445263,0.15091093628922816
41.898136534133535,0.0005434043938721964,0.0,0.0005434043938721964,0.15088946778256382
41.910639409852465,0.0005430877764601097,0.0,0.0005430877764601097,0.1508680084282888
41.923142285571394,0.0005427714356856155,0.0,0.0005427714356856155,0.15084655821990742
41.935645161290324,0.0005424553712265328,0.0,0.0005424553712265328,0.15082511715093044
41.948148037009254,0.0005421395827611493,0.0,0.0005421395827611493,0.15080368521487503
41.960650912728184,0.0005418240699682215,0.0,0.0005418240699682215,0.15078226240526488
41.973153788447114,0.0005415088325269724,0.0,0.0005415088325269724,0.15076084871562997
41.985656664166044,0.0005411938701170917,0.0,0.0005411938701170917,0.15073944413950677
41.99815953988497,0.0005408791824187347,0.0,0.0005408791824187347,0.15071804867043817
42.0106624156039,0.0005405647691125216,0.0,0.0005405647691125216,0.1506966623019734
42.02316529132283,0.0005402506298795366,0.0,0.0005402506298795366,0.15067528502766817
42.03566816704176,0.0005399367644013269,0.0,0.0005399367644013269,0.15065391684108445
42.04817104276069,0.0005396231723599023,0.0,0.0005396231723599023,0.15063255773579068
42.06067391847962,0.0005393098534377343,0.0,0.0005393098534377343,0.15061120770536163
42.07317679419855,0.0005389968073177548,0.0,0.0005389968073177548,0.1505898667433784
42.08567966991748,0.0005386840336833558,0.0,0.0005386840336833558,0.15056853484342853
42.09818254563641,0.0005383715322183888,0.0,0.0005383715322183888,0.1505472119991058
42.11068542135534,0.0005380593026071632,0.0,0.0005380593026071632,0.15052589820401036
42.12318829707427,0.0005377473445344462,0.0,0.0005377473445344462,0.15050459345174869
42.1356911727932,0.000537435657685462,0.0,0.000537435657685462,0.15048329773593358
42.14819404851213,0.0005371242417458905,0.0,0.0005371242417458905,0.15046201105018414
42.16069692423106,0.0005368130964018669,0.0,0.0005368130964018669,0.15044073338812577
42.17319979994999,0.0005365022213399806,0.0,0.0005365022213399806,0.15041946474339016
42.18570267566892,0.0005361916162472751,0.0,0.0005361916162472751,0.1503982051096153
42.19820555138785,0.0005358812808112462,0.0,0.0005358812808112462,0.15037695448044544
42.21070842710678,0.000535571214719842,0.0,0.000535571214719842,0.1503557128495311
42.22321130282571,0.000535261417661462,0.0,0.000535261417661462,0.1503344802105291
42.23571417854464,0.000534951889324956,0.0,0.000534951889324956,0.1503132565571024
42.24821705426357,0.0005346426293996235,0.0,0.0005346426293996235,0.15029204188292036
42.2607199299825,0.0005343336375752127,0.0,0.0005343336375752127,0.15027083618165848
42.27322280570143,0.0005340249135419204,0.0,0.0005340249135419204,0.15024963944699848
42.28572568142036,0.0005337164569903905,0.0,0.0005337164569903905,0.15022845167262835
42.29822855713929,0.0005334082676117135,0.0,0.0005334082676117135,0.15020727285224234
42.31073143285822,0.0005331003450974258,0.0,0.0005331003450974258,0.15018610297954074
42.32323430857715,0.0005327926891395086,0.0,0.0005327926891395086,0.1501649420482302
42.33573718429608,0.0005324852994303877,0.0,0.0005324852994303877,0.15014379005202344
42.34824006001501,0.0005321781756629322,0.0,0.0005321781756629322,0.1501226469846395
42.36074293573394,0.000531871317530454,0.0,0.000531871317530454,0.15010151283980347
42.37324581145286,0.0005315647247267071,0.0,0.0005315647247267071,0.15008038761124665
42.38574868717179,0.0005312583969458863,0.0,0.0005312583969458863,0.1500592712927065
42.39825156289072,0.0005309523338826271,0.0,0.0005309523338826271,0.15003816387792662
42.41075443860965,0.0005306465352320047,0.0,0.0005306465352320047,0.15001706536065681
42.42325731432858,0.0005303410006895333,0.0,0.0005303410006895333,0.1499959757346529
42.43576019004751,0.0005300357299511653,0.0,0.0005300357299511653,0.14997489499367697
42.44826306576644,0.0005297307227132901,0.0,0.0005297307227132901,0.1499538231314971
42.46076594148537,0.0005294259786727341,0.0,0.0005294259786727341,0.14993276014188758
42.4732688172043,0.0005291214975267597,0.0,0.0005291214975267597,0.14991170601862874
42.48577169292323,0.000528817278973064,0.0,0.000528817278973064,0.14989066075550703
42.49827456864216,0.000528513322709779,0.0,0.000528513322709779,0.14986962434631498
42.51077744436109,0.0005282096284354701,0.0,0.0005282096284354701,0.14984859678485124
42.52328032008002,0.0005279061958491355,0.0,0.0005279061958491355,0.1498275780649205
42.53578319579895,0.0005276030246502059,0.0,0.0005276030246502059,0.14980656818033355
42.54828607151788,0.0005273001145385429,0.0,0.0005273001145385429,0.14978556712490715
42.56078894723681,0.0005269974652144393,0.0,0.0005269974652144393,0.14976457489246423
42.57329182295574,0.0005266950763786174,0.0,0.0005266950763786174,0.1497435914768336
42.58579469867467,0.000526392947732229,0.0,0.000526392947732229,0.14972261687185037
42.5982975743936,0.0005260910789768543,0.0,0.0005260910789768543,0.14970165107135538
42.61080045011253,0.0005257894698145009,0.0,0.0005257894698145009,0.14968069406919574
42.62330332583146,0.0005254881199476038,0.0,0.0005254881199476038,0.14965974585922434
42.63580620155039,0.0005251870290790239,0.0,0.0005251870290790239,0.1496388064353003
42.64830907726932,0.000524886196912048,0.0,0.000524886196912048,0.1496178757912886
42.66081195298825,0.0005245856231503872,0.0,0.0005245856231503872,0.14959695392106026
42.67331482870718,0.000524285307498177,0.0,0.000524285307498177,0.14957604081849224
42.68581770442611,0.0005239852496599762,0.0,0.0005239852496599762,0.14955513647746754
42.69832058014504,0.0005236854493407658,0.0,0.0005236854493407658,0.1495342408918751
42.71082345586397,0.0005233859062459495,0.0,0.0005233859062459495,0.14951335405560975
42.723326331582896,0.0005230866200813511,0.0,0.0005230866200813511,0.1494924759625724
42.735829207301826,0.0005227875905532156,0.0,0.0005227875905532156,0.14947160660666983
42.748332083020756,0.0005224888173682075,0.0,0.0005224888173682075,0.14945074598181474
42.760834958739686,0.0005221903002334101,0.0,0.0005221903002334101,0.14942989408192586
42.773337834458616,0.0005218920388563252,0.0,0.0005218920388563252,0.14940905090092768
42.785840710177546,0.000521594032944872,0.0,0.000521594032944872,0.14938821643275077
42.798343585896475,0.0005212962822073865,0.0,0.0005212962822073865,0.14936739067133153
42.810846461615405,0.0005209987863526211,0.0,0.0005209987863526211,0.14934657361061227
42.823349337334335,0.0005207015450897432,0.0,0.0005207015450897432,0.14932576524454116
42.835852213053265,0.0005204045581283354,0.0,0.0005204045581283354,0.14930496556707235
42.848355088772195,0.0005201078251783936,0.0,0.0005201078251783936,0.14928417457216575
42.860857964491125,0.0005198113459503275,0.0,0.0005198113459503275,0.1492633922537872
42.873360840210054,0.0005195151201549596,0.0,0.0005195151201549596,0.14924261860590848
42.885863715928984,0.0005192191475035235,0.0,0.0005192191475035235,0.14922185362250712
42.898366591647914,0.0005189234277076647,0.0,0.0005189234277076647,0.14920109729756648
42.910869467366844,0.0005186279604794385,0.0,0.0005186279604794385,0.14918034962507587
42.923372343085774,0.0005183327455313107,0.0,0.0005183327455313107,0.14915961059903038
42.9358752188047,0.0005180377825761554,0.0,0.0005180377825761554,0.14913888021343089
42.94837809452363,0.0005177430713272556,0.0,0.0005177430713272556,0.14911815846228416
42.96088097024256,0.0005174486114983019,0.0,0.0005174486114983019,0.14909744533960276
42.97338384596149,0.0005171544028033916,0.0,0.0005171544028033916,0.14907674083940503
42.98588672168042,0.0005168604449570286,0.0,0.0005168604449570286,0.14905604495571514
42.99838959739935,0.0005165667376741221,0.0,0.0005165667376741221,0.149035357682563
43.01089247311828,0.0005162732806699864,0.0,0.0005162732806699864,0.14901467901398438
43.02339534883721,0.0005159800736603398,0.0,0.0005159800736603398,0.1489940089440208
43.03589822455614,0.0005156871163613045,0.0,0.0005156871163613045,0.1489733474667195
43.04840110027507,0.0005153944084894051,0.0,0.0005153944084894051,0.14895269457613355
43.060903975994,0.0005151019497615686,0.0,0.0005151019497615686,0.14893205026632175
43.07340685171293,0.0005148097398951232,0.0,0.0005148097398951232,0.14891141453134865
43.08590972743186,0.0005145177786077983,0.0,0.0005145177786077983,0.14889078736528452
43.09841260315079,0.000514226065617723,0.0,0.000514226065617723,0.1488701687622054
43.11091547886972,0.0005139346006434259,0.0,0.0005139346006434259,0.14884955871619304
43.12341835458865,0.0005136433834038345,0.0,0.0005136433834038345,0.1488289572213349
43.13592123030758,0.0005133524136182743,0.0,0.0005133524136182743,0.14880836427172417
43.14842410602651,0.0005130616910064681,0.0,0.0005130616910064681,0.14878777986145977
43.16092698174544,0.0005127712152885352,0.0,0.0005127712152885352,0.1487672039846462
43.17342985746437,0.0005124809861849915,0.0,0.0005124809861849915,0.14874663663539386
43.1859327331833,0.0005121910034167476,0.0,0.0005121910034167476,0.14872607780781863
43.19843560890223,0.0005119012667051095,0.0,0.0005119012667051095,0.1487055274960422
43.21093848462116,0.0005116117757717765,0.0,0.0005116117757717765,0.14868498569419183
43.22344136034009,0.0005113225303388417,0.0,0.0005113225303388417,0.14866445239640053
43.23594423605902,0.0005110335301287908,0.0,0.0005110335301287908,0.14864392759680695
43.24844711177795,0.0005107447748645015,0.0,0.0005107447748645015,0.14862341128955533
43.26094998749688,0.0005104562642692427,0.0,0.0005104562642692427,0.14860290346879565
43.27345286321581,0.0005101679980666743,0.0,0.0005101679980666743,0.14858240412868343
43.28595573893474,0.0005098799759808459,0.0,0.0005098799759808459,0.14856191326337986
43.29845861465366,0.0005095921977361969,0.0,0.0005095921977361969,0.1485414308670518
43.31096149037259,0.0005093046630575547,0.0,0.0005093046630575547,0.1485209569338716
43.32346436609152,0.0005090173716701356,0.0,0.0005090173716701356,0.14850049145801736
43.33596724181045,0.0005087303232995425,0.0,0.0005087303232995425,0.14848003443367264
43.34847011752938,0.0005084435176717657,0.0,0.0005084435176717657,0.14845958585502675
43.36097299324831,0.0005081569545131813,0.0,0.0005081569545131813,0.14843914571627448
43.37347586896724,0.0005078706335505508,0.0,0.0005078706335505508,0.1484187140116162
43.38597874468617,0.0005075845545110204,0.0,0.0005075845545110204,0.1483982907352579
43.3984816204051,0.0005072987171221206,0.0,0.0005072987171221206,0.1483778758814111
43.41098449612403,0.0005070131211117655,0.0,0.0005070131211117655,0.14835746944429293
43.42348737184296,0.0005067277662082517,0.0,0.0005067277662082517,0.148337071418126
43.43599024756189,0.0005064426521402583,0.0,0.0005064426521402583,0.14831668179713853
43.44849312328082,0.0005061577786368457,0.0,0.0005061577786368457,0.1482963005755642
43.46099599899975,0.0005058731454274552,0.0,0.0005058731454274552,0.14827592774764234
43.47349887471868,0.0005055887522419088,0.0,0.0005055887522419088,0.14825556330761772
43.48600175043761,0.0005053045988104074,0.0,0.0005053045988104074,0.14823520724974062
43.49850462615654,0.0005050206848635317,0.0,0.0005050206848635317,0.14821485956826688
43.51100750187547,0.0005047370101322399,0.0,0.0005047370101322399,0.14819452025745786
43.5235103775944,0.0005044535743478685,0.0,0.0005044535743478685,0.1481741893115803
43.53601325331333,0.0005041703772421309,0.0,0.0005041703772421309,0.14815386672490663
43.54851612903226,0.0005038874185471167,0.0,0.0005038874185471167,0.14813355249171453
43.56101900475119,0.0005036046979952917,0.0,0.0005036046979952917,0.14811324660628733
43.57352188047012,0.0005033222153194966,0.0,0.0005033222153194966,0.1480929490629138
43.58602475618905,0.0005030399702529465,0.0,0.0005030399702529465,0.14807265985588808
43.59852763190798,0.000502757962529231,0.0,0.000502757962529231,0.14805237897950993
43.61103050762691,0.0005024761918823121,0.0,0.0005024761918823121,0.1480321064280844
43.62353338334584,0.0005021946580465253,0.0,0.0005021946580465253,0.1480118421959221
43.63603625906477,0.0005019133607565776,0.0,0.0005019133607565776,0.14799158627733902
43.6485391347837,0.0005016322997475475,0.0,0.0005016322997475475,0.14797133866665657
43.66104201050263,0.0005013514747548843,0.0,0.0005013514747548843,0.14795109935820164
43.673544886221556,0.0005010708855144076,0.0,0.0005010708855144076,0.1479308683463065
43.686047761940486,0.0005007905317623062,0.0,0.0005007905317623062,0.14791064562530878
43.698550637659416,0.0005005104132351381,0.0,0.0005005104132351381,0.14789043118955167
43.711053513378346,0.0005002305296698294,0.0,0.0005002305296698294,0.1478702250333836
43.723556389097276,0.000499950880803674,0.0,0.000499950880803674,0.14785002715115844
43.736059264816205,0.000499671466374333,0.0,0.000499671466374333,0.1478298375372355
43.748562140535135,0.0004993922861198334,0.0,0.0004993922861198334,0.14780965618597938
43.761065016254065,0.0004991133397785686,0.0,0.0004991133397785686,0.1477894830917601
43.773567891972995,0.000498834627089297,0.0,0.000498834627089297,0.14776931824895306
43.786070767691925,0.0004985561477911415,0.0,0.0004985561477911415,0.14774916165193897
43.798573643410855,0.0004982779016235891,0.0,0.0004982779016235891,0.14772901329510396
43.811076519129784,0.0004979998883264903,0.0,0.0004979998883264903,0.1477088731728394
43.823579394848714,0.000497722107640058,0.0,0.000497722107640058,0.1476887412795421
43.836082270567644,0.0004974445593048677,0.0,0.0004974445593048677,0.14766861760961417
43.848585146286574,0.0004971672430618563,0.0,0.0004971672430618563,0.147648502157463
43.861088022005504,0.0004968901586523214,0.0,0.0004968901586523214,0.14762839491750138
43.87359089772443,0.0004966133058179214,0.0,0.0004966133058179214,0.14760829588414737
43.88609377344336,0.0004963366843006741,0.0,0.0004963366843006741,0.1475882050518243
43.89859664916229,0.0004960602938429566,0.0,0.0004960602938429566,0.14756812241496087
43.91109952488122,0.0004957841341875045,0.0,0.0004957841341875045,0.147548047967991
43.92360240060015,0.0004955082050774116,0.0,0.0004955082050774116,0.14752798170535403
43.93610527631908,0.0004952325062561286,0.0,0.0004952325062561286,0.14750792362149437
43.94860815203801,0.0004949570374674632,0.0,0.0004949570374674632,0.14748787371086186
43.96111102775694,0.0004946817984555793,0.0,0.0004946817984555793,0.14746783196791158
43.97361390347587,0.0004944067889649965,0.0,0.0004944067889649965,0.14744779838710387
43.9861167791948,0.000494132008740589,0.0,0.000494132008740589,0.1474277729629043
43.99861965491373,0.0004938574575275856,0.0,0.0004938574575275856,0.14740775568978368
44.01112253063266,0.0004935831350715689,0.0,0.0004935831350715689,0.1473877465622181
44.02362540635159,0.0004933090411184748,0.0,0.0004933090411184748,0.14736774557468885
44.03612828207052,0.0004930351754145916,0.0,0.0004930351754145916,0.14734775272168252
44.04863115778945,0.0004927615377065596,0.0,0.0004927615377065596,0.1473277679976908
44.06113403350838,0.0004924881277413709,0.0,0.0004924881277413709,0.1473077913972107
44.07363690922731,0.0004922149452663682,0.0,0.0004922149452663682,0.1472878229147444
44.08613978494624,0.0004919419900292443,0.0,0.0004919419900292443,0.1472678625447993
44.09864266066517,0.0004916692617780422,0.0,0.0004916692617780422,0.14724791028188794
44.1111455363841,0.0004913967602611534,0.0,0.0004913967602611534,0.14722796612052813
44.12364841210303,0.0004911244852273184,0.0,0.0004911244852273184,0.14720803005524286
44.13615128782196,0.0004908524364256256,0.0,0.0004908524364256256,0.14718810208056024
44.14865416354089,0.0004905806136055104,0.0,0.0004905806136055104,0.14716818219101357
44.16115703925982,0.0004903090165167555,0.0,0.0004903090165167555,0.14714827038114134
44.17365991497875,0.0004900376449094894,0.0,0.0004900376449094894,0.14712836664548717
44.18616279069768,0.0004897664985341865,0.0,0.0004897664985341865,0.14710847097859986
44.19866566641661,0.0004894955771416662,0.0,0.0004894955771416662,0.14708858337503336
44.21116854213554,0.0004892248804830924,0.0,0.0004892248804830924,0.14706870382934675
44.22367141785447,0.0004889544083099728,0.0,0.0004889544083099728,0.14704883233610422
44.23617429357339,0.0004886841603741589,0.0,0.0004886841603741589,0.14702896888987513
44.24867716929232,0.0004884141364278443,0.0,0.0004884141364278443,0.1470091134852339
44.26118004501125,0.0004881443362235654,0.0,0.0004881443362235654,0.14698926611676016
44.27368292073018,0.00048787475951419997,0.0,0.00048787475951419997,0.14696942677903857
44.28618579644911,0.0004876054060529668,0.0,0.0004876054060529668,0.14694959546665892
44.29868867216804,0.0004873362755934256,0.0,0.0004873362755934256,0.14692977217421607
44.31119154788697,0.0004870673678894757,0.0,0.0004870673678894757,0.1469099568963101
44.3236944236059,0.0004867986826953558,0.0,0.0004867986826953558,0.14689014962754596
44.33619729932483,0.0004865302197656437,0.0,0.0004865302197656437,0.14687035036253385
44.34870017504376,0.00048626197885525525,0.0,0.00048626197885525525,0.14685055909588898
44.36120305076269,0.00048599395971944405,0.0,0.00048599395971944405,0.14683077582223164
44.37370592648162,0.00048572616211380086,0.0,0.00048572616211380086,0.14681100053618712
44.38620880220055,0.00048545858579425314,0.0,0.00048545858579425314,0.14679123323238588
44.39871167791948,0.00048519123051706436,0.0,0.00048519123051706436,0.14677147390546336
44.41121455363841,0.00048492409603883327,0.0,0.00048492409603883327,0.14675172255005997
44.42371742935734,0.00048465718211649397,0.0,0.00048465718211649397,0.14673197916082134
44.43622030507627,0.0004843904885073144,0.0,0.0004843904885073144,0.14671224373239794
44.4487231807952,0.000484124014968897,0.0,0.000484124014968897,0.1466925162594454
44.46122605651413,0.00048385776125917676,0.0,0.00048385776125917676,0.14667279673662428
44.47372893223306,0.000483591727136422,0.0,0.000483591727136422,0.1466530851586002
44.48623180795199,0.00048332591235923287,0.0,0.00048332591235923287,0.1466333815200438
44.49873468367092,0.0004830603166865412,0.0,0.0004830603166865412,0.14661368581563064
44.51123755938985,0.00048279493987761013,0.0,0.00048279493987761013,0.14659399804004133
44.52374043510878,0.00048252978169203303,0.0,0.00048252978169203303,0.1465743181879615
44.53624331082771,0.0004822648418897334,0.0,0.0004822648418897334,0.14655464625408168
44.54874618654664,0.00048200012023096435,0.0,0.00048200012023096435,0.1465349822330975
44.56124906226557,0.0004817356164763077,0.0,0.0004817356164763077,0.14651532611970935
44.5737519379845,0.0004814713303866737,0.0,0.0004814713303866737,0.14649567790862286
44.58625481370343,0.00048120726172330036,0.0,0.00048120726172330036,0.14647603759454836
44.59875768942236,0.0004809434102477531,0.0,0.0004809434102477531,0.1464564051722013
44.611260565141286,0.00048067977572192395,0.0,0.00048067977572192395,0.14643678063630197
44.623763440860216,0.00048041635790803134,0.0,0.00048041635790803134,0.1464171639815757
44.636266316579146,0.0004801531565686192,0.0,0.0004801531565686192,0.14639755520275266
44.648769192298076,0.0004798901714665569,0.0,0.0004798901714665569,0.146377954294568
44.661272068017006,0.000479627402365038,0.0,0.000479627402365038,0.14635836125176185
44.673774943735935,0.0004793648490275802,0.0,0.0004793648490275802,0.14633877606907908
44.686277819454865,0.0004791025112180252,0.0,0.0004791025112180252,0.14631919874126964
44.698780695173795,0.0004788403887005372,0.0,0.0004788403887005372,0.14629962926308832
44.711283570892725,0.00047857848123960303,0.0,0.00047857848123960303,0.14628006762929477
44.723786446611655,0.0004783167886000317,0.0,0.0004783167886000317,0.14626051383465363
44.736289322330585,0.0004780553105469534,0.0,0.0004780553105469534,0.14624096787393437
44.748792198049514,0.0004777940468458192,0.0,0.0004777940468458192,0.1462214297419113
44.761295073768444,0.0004775329972624007,0.0,0.0004775329972624007,0.14620189943336365
44.773797949487374,0.00047727216156278934,0.0,0.00047727216156278934,0.14618237694307554
44.786300825206304,0.0004770115395133956,0.0,0.0004770115395133956,0.1461628622658359
44.798803700925234,0.0004767511308809491,0.0,0.0004767511308809491,0.14614335539643858
44.811306576644164,0.00047649093543249783,0.0,0.00047649093543249783,0.14612385632968225
44.82380945236309,0.00047623095293540703,0.0,0.00047623095293540703,0.1461043650603704
44.83631232808202,0.0004759711831573596,0.0,0.0004759711831573596,0.1460848815833114
44.84881520380095,0.0004757116258663549,0.0,0.0004757116258663549,0.14606540589331837
44.86131807951988,0.00047545228083070885,0.0,0.00047545228083070885,0.14604593798520946
44.87382095523881,0.0004751931478190526,0.0,0.0004751931478190526,0.14602647785380737
44.88632383095774,0.00047493422660033294,0.0,0.00047493422660033294,0.14600702549393987
44.89882670667667,0.00047467551694381076,0.0,0.00047467551694381076,0.14598758090043937
44.9113295823956,0.00047441701861906173,0.0,0.00047441701861906173,0.14596814406814315
44.92383245811453,0.0004741587313959746,0.0,0.0004741587313959746,0.1459487149918933
44.93633533383346,0.0004739006550447515,0.0,0.0004739006550447515,0.14592929366653665
44.94883820955239,0.0004736427893359071,0.0,0.0004736427893359071,0.14590988008692488
44.96134108527132,0.0004733851340402682,0.0,0.0004733851340402682,0.14589047424791443
44.97384396099025,0.00047312768892897306,0.0,0.00047312768892897306,0.1458710761443665
44.98634683670918,0.0004728704537734713,0.0,0.0004728704537734713,0.1458516857711471
44.99884971242811,0.0004726134283455226,0.0,0.0004726134283455226,0.14583230312312695
45.01135258814704,0.00047235661241719747,0.0,0.00047235661241719747,0.1458129281951816
45.02385546386597,0.00047210000576087516,0.0,0.00047210000576087516,0.14579356098219132
45.0363583395849,0.0004718436081492444,0.0,0.0004718436081492444,0.14577420147904105
45.04886121530383,0.0004715874193553025,0.0,0.0004715874193553025,0.1457548496806206
45.06136409102276,0.00047133143915235464,0.0,0.00047133143915235464,0.14573550558182446
45.07386696674169,0.0004710756673140137,0.0,0.0004710756673140137,0.1457161691775519
45.08636984246062,0.00047082010361419946,0.0,0.00047082010361419946,0.14569684046270676
45.09887271817955,0.0004705647478271384,0.0,0.0004705647478271384,0.1456775194321978
45.11137559389848,0.00047030959972736274,0.0,0.00047030959972736274,0.14565820608093838
45.12387846961741,0.00047005465908971073,0.0,0.00047005465908971073,0.14563890040384658
45.13638134533634,0.0004697999256893253,0.0,0.0004697999256893253,0.14561960239584526
45.14888422105527,0.0004695453993016541,0.0,0.0004695453993016541,0.14560031205186186
45.16138709677419,0.00046929107970244873,0.0,0.00046929107970244873,0.14558102936682854
45.17388997249312,0.0004690369666677644,0.0,0.0004690369666677644,0.14556175433568225
45.18639284821205,0.0004687830599739593,0.0,0.0004687830599739593,0.1455424869533645
45.19889572393098,0.00046852935939769436,0.0,0.00046852935939769436,0.14552322721482153
45.21139859964991,0.0004682758647159327,0.0,0.0004682758647159327,0.14550397511500424
45.22390147536884,0.00046802257570593877,0.0,0.00046802257570593877,0.1454847306488682
45.23640435108777,0.00046776949214527813,0.0,0.00046776949214527813,0.1454654938113736
45.2489072268067,0.00046751661381181736,0.0,0.00046751661381181736,0.14544626459748541
45.26141010252563,0.00046726394048372274,0.0,0.00046726394048372274,0.1454270430021731
45.27391297824456,0.0004670114719394603,0.0,0.0004670114719394603,0.14540782902041083
45.28641585396349,0.00046675920795779527,0.0,0.00046675920795779527,0.1453886226471774
45.29891872968242,0.0004665071483177917,0.0,0.0004665071483177917,0.14536942387745624
45.31142160540135,0.00046625529279881156,0.0,0.00046625529279881156,0.14535023270623548
45.32392448112028,0.000466003641180515,0.0,0.000466003641180515,0.14533104912850775
45.33642735683921,0.00046575219324285856,0.0,0.00046575219324285856,0.14531187313927033
45.34893023255814,0.00046550094876609654,0.0,0.00046550094876609654,0.14529270473352518
45.36143310827707,0.0004652499075307787,0.0,0.0004652499075307787,0.14527354390627878
45.373935983996,0.0004649990693177511,0.0,0.0004649990693177511,0.14525439065254225
45.38643885971493,0.00046474843390815476,0.0,0.00046474843390815476,0.14523524496733128
45.39894173543386,0.0004644980010834258,0.0,0.0004644980010834258,0.14521610684566622
45.41144461115279,0.0004642477706252946,0.0,0.0004642477706252946,0.14519697628257183
45.42394748687172,0.00046399774231578524,0.0,0.00046399774231578524,0.14517785327307767
45.43645036259065,0.0004637479159372156,0.0,0.0004637479159372156,0.1451587378122177
45.44895323830958,0.00046349829127219615,0.0,0.00046349829127219615,0.14513962989503051
45.46145611402851,0.0004632488681036299,0.0,0.0004632488681036299,0.1451205295165593
45.47395898974744,0.00046299964621471213,0.0,0.00046299964621471213,0.1451014366718517
45.48646186546637,0.0004627506253889291,0.0,0.0004627506253889291,0.14508235135596004
45.4989647411853,0.0004625018054100586,0.0,0.0004625018054100586,0.14506327356394105
45.51146761690423,0.0004622531860621688,0.0,0.0004622531860621688,0.14504420329085613
45.52397049262316,0.0004620047671296179,0.0,0.0004620047671296179,0.1450251405317711
45.53647336834209,0.0004617565483970538,0.0,0.0004617565483970538,0.14500608528175638
45.548976244061016,0.0004615085296494138,0.0,0.0004615085296494138,0.1449870375358869
45.561479119779946,0.00046126071067192356,0.0,0.00046126071067192356,0.1449679972892421
45.573981995498876,0.00046101309125009724,0.0,0.00046101309125009724,0.14494896453690592
45.586484871217806,0.0004607656711697365,0.0,0.0004607656711697365,0.14492993927396683
45.598987746936736,0.00046051845021693067,0.0,0.00046051845021693067,0.1449109214955178
45.611490622655666,0.0004602714281780558,0.0,0.0004602714281780558,0.14489191119665626
45.623993498374595,0.0004600246048397741,0.0,0.0004600246048397741,0.14487290837248418
45.636496374093525,0.00045977797998903407,0.0,0.00045977797998903407,0.14485391301810802
45.648999249812455,0.00045953155341306944,0.0,0.00045953155341306944,0.14483492512863863
45.661502125531385,0.00045928532489939903,0.0,0.00045928532489939903,0.14481594469919146
45.674005001250315,0.00045903929423582636,0.0,0.00045903929423582636,0.1447969717248864
45.686507876969245,0.00045879346121043864,0.0,0.00045879346121043864,0.14477800620084766
45.699010752688174,0.0004585478256116072,0.0,0.0004585478256116072,0.14475904812220416
45.711513628407104,0.0004583023872279864,0.0,0.0004583023872279864,0.1447400974840891
45.724016504126034,0.000458057145848513,0.0,0.000458057145848513,0.1447211542816401
45.736519379844964,0.0004578121012624066,0.0,0.0004578121012624066,0.14470221850999937
45.749022255563894,0.0004575672532591682,0.0,0.0004575672532591682,0.14468329016431347
45.76152513128282,0.00045732260162858026,0.0,0.00045732260162858026,0.1446643692397334
45.77402800700175,0.0004570781461607064,0.0,0.0004570781461607064,0.14464545573141457
45.78653088272068,0.0004568338866458903,0.0,0.0004568338866458903,0.14462654963451688
45.79903375843961,0.0004565898228747561,0.0,0.0004565898228747561,0.1446076509442046
45.81153663415854,0.0004563459546382072,0.0,0.0004563459546382072,0.1445887596556464
45.82403950987747,0.0004561022817274263,0.0,0.0004561022817274263,0.1445698757640154
45.8365423855964,0.00045585880393387456,0.0,0.00045585880393387456,0.14455099926448908
45.84904526131533,0.00045561552104929175,0.0,0.00045561552104929175,0.14453213015224936
45.86154813703426,0.00045537243286569495,0.0,0.00045537243286569495,0.14451326842248247
45.87405101275319,0.000455129539175379,0.0,0.000455129539175379,0.14449441407037916
45.88655388847212,0.0004548868397709155,0.0,0.0004548868397709155,0.1444755670911345
45.89905676419105,0.0004546443344451523,0.0,0.0004546443344451523,0.1444567274799478
45.91155963990998,0.00045440202299121344,0.0,0.00045440202299121344,0.14443789523202297
45.92406251562891,0.00045415990520249883,0.0,0.00045415990520249883,0.14441907034256818
45.93656539134784,0.0004539179808726829,0.0,0.0004539179808726829,0.14440025280679594
45.94906826706677,0.0004536762497957153,0.0,0.0004536762497957153,0.14438144261992314
45.9615711427857,0.00045343471176581947,0.0,0.00045343471176581947,0.144362639777171
45.97407401850463,0.0004531933665774932,0.0,0.0004531933665774932,0.14434384427376518
45.98657689422356,0.0004529522140255072,0.0,0.0004529522140255072,0.14432505610493554
45.99907976994249,0.00045271125390490525,0.0,0.00045271125390490525,0.14430627526591636
46.01158264566142,0.00045247048601100397,0.0,0.00045247048601100397,0.14428750175194627
46.02408552138035,0.0004522299101393916,0.0,0.0004522299101393916,0.14426873555826816
46.03658839709928,0.0004519895260859281,0.0,0.0004519895260859281,0.1442499766801293
46.04909127281821,0.00045174933364674477,0.0,0.00045174933364674477,0.14423122511278116
46.06159414853714,0.00045150933261824377,0.0,0.00045150933261824377,0.14421248085147972
46.07409702425607,0.00045126952279709735,0.0,0.00045126952279709735,0.1441937438914851
46.086599899975,0.0004510299039802478,0.0,0.0004510299039802478,0.1441750142280618
46.09910277569392,0.00045079047596490704,0.0,0.00045079047596490704,0.14415629185647857
46.11160565141285,0.0004505512385485557,0.0,0.0004505512385485557,0.14413757677200847
46.12410852713178,0.0004503121915289431,0.0,0.0004503121915289431,0.14411886896992887
46.13661140285071,0.0004500733347040872,0.0,0.0004500733347040872,0.14410016844552137
46.14911427856964,0.00044983466787227325,0.0,0.00044983466787227325,0.1440814751940719
46.16161715428857,0.000449596190832054,0.0,0.000449596190832054,0.14406278921087062
46.1741200300075,0.0004493579033822491,0.0,0.0004493579033822491,0.14404411049121196
46.18662290572643,0.0004491198053219448,0.0,0.0004491198053219448,0.14402543903039466
46.19912578144536,0.0004488818964504933,0.0,0.0004488818964504933,0.14400677482372165
46.21162865716429,0.0004486441765675125,0.0,0.0004486441765675125,0.14398811786650015
46.22413153288322,0.0004484066454728854,0.0,0.0004484066454728854,0.14396946815404157
46.23663440860215,0.00044816930296676013,0.0,0.00044816930296676013,0.14395082568166168
46.24913728432108,0.0004479321488495488,0.0,0.0004479321488495488,0.14393219044468034
46.26164016004001,0.00044769518292192784,0.0,0.00044769518292192784,0.14391356243842174
46.27414303575894,0.00044745840498483687,0.0,0.00044745840498483687,0.1438949416582143
46.28664591147787,0.00044722181483947896,0.0,0.00044722181483947896,0.14387632809939055
46.2991487871968,0.0004469854122873199,0.0,0.0004469854122873199,0.14385772175728742
46.31165166291573,0.00044674919713008735,0.0,0.00044674919713008735,0.14383912262724588
46.32415453863466,0.0004465131691697714,0.0,0.0004465131691697714,0.1438205307046112
46.33665741435359,0.0004462773282086232,0.0,0.0004462773282086232,0.1438019459847328
46.34916029007252,0.00044604167404915514,0.0,0.00044604167404915514,0.14378336846296436
46.36166316579145,0.0004458062064941401,0.0,0.0004458062064941401,0.14376479813466367
46.37416604151038,0.0004455709253466115,0.0,0.0004455709253466115,0.1437462349951928
46.38666891722931,0.0004453358304098623,0.0,0.0004453358304098623,0.14372767903991793
46.39917179294824,0.00044510092148744476,0.0,0.00044510092148744476,0.14370913026420942
46.41167466866717,0.0004448661983831705,0.0,0.0004448661983831705,0.1436905886634419
46.4241775443861,0.00044463166090110936,0.0,0.00044463166090110936,0.14367205423299403
46.43668042010503,0.00044439730884558953,0.0,0.00044439730884558953,0.14365352696824868
46.44918329582396,0.00044416314202119696,0.0,0.00044416314202119696,0.14363500686459296
46.46168617154289,0.00044392916023277494,0.0,0.00044392916023277494,0.14361649391741801
46.47418904726182,0.0004436953632854237,0.0,0.0004436953632854237,0.1435979881221192
46.48669192298075,0.00044346175098450004,0.0,0.00044346175098450004,0.14357948947409604
46.499194798699676,0.00044322832313561684,0.0,0.00044322832313561684,0.14356099796875213
46.511697674418606,0.0004429950795446428,0.0,0.0004429950795446428,0.14354251360149525
46.524200550137536,0.00044276202001770193,0.0,0.00044276202001770193,0.14352403636773728
46.536703425856466,0.00044252914436117296,0.0,0.00044252914436117296,0.14350556626289424
46.549206301575396,0.0004422964523816895,0.0,0.0004422964523816895,0.14348710328238626
46.561709177294325,0.00044206394388613903,0.0,0.00044206394388613903,0.14346864742163762
46.574212053013255,0.00044183161868166303,0.0,0.00044183161868166303,0.14345019867607667
46.586714928732185,0.00044159947657565577,0.0,0.00044159947657565577,0.14343175704113584
46.599217804451115,0.0004413675173757651,0.0,0.0004413675173757651,0.14341332251225178
46.611720680170045,0.0004411357408898909,0.0,0.0004411357408898909,0.14339489508486508
46.624223555888975,0.00044090414692618535,0.0,0.00044090414692618535,0.14337647475442053
46.636726431607904,0.0004406727352930525,0.0,0.0004406727352930525,0.14335806151636696
46.649229307326834,0.00044044150579914754,0.0,0.00044044150579914754,0.14333965536615734
46.661732183045764,0.00044021045825337667,0.0,0.00044021045825337667,0.1433212562992486
46.674235058764694,0.0004399795924648966,0.0,0.0004399795924648966,0.1433028643111019
46.686737934483624,0.00043974890824311435,0.0,0.00043974890824311435,0.1432844793971823
46.699240810202554,0.00043951840539768636,0.0,0.00043951840539768636,0.1432661015529591
46.71174368592148,0.00043928808373851875,0.0,0.00043928808373851875,0.14324773077390546
46.72424656164041,0.0004390579430757666,0.0,0.0004390579430757666,0.14322936705549877
46.73674943735934,0.0004388279832198334,0.0,0.0004388279832198334,0.1432110103932204
46.74925231307827,0.00043859820398137086,0.0,0.00043859820398137086,0.14319266078255574
46.7617551887972,0.0004383686051712786,0.0,0.0004383686051712786,0.14317431821899426
46.77425806451613,0.0004381391866007036,0.0,0.0004381391866007036,0.14315598269802943
46.78676094023506,0.0004379099480810399,0.0,0.0004379099480810399,0.14313765421515878
46.79926381595399,0.00043768088942392803,0.0,0.00043768088942392803,0.14311933276588384
46.81176669167292,0.00043745201044125497,0.0,0.00043745201044125497,0.14310101834571023
46.82426956739185,0.0004372233109451534,0.0,0.0004372233109451534,0.14308271095014746
46.83677244311078,0.0004369947907480016,0.0,0.0004369947907480016,0.1430644105747092
46.84927531882971,0.0004367664496624229,0.0,0.0004367664496624229,0.143046117214913
46.86177819454864,0.00043653828750128524,0.0,0.00043653828750128524,0.1430278308662805
46.87428107026757,0.0004363103040777011,0.0,0.0004363103040777011,0.14300955152433725
46.8867839459865,0.0004360824992050267,0.0,0.0004360824992050267,0.14299127918461293
46.89928682170543,0.0004358548726968619,0.0,0.0004358548726968619,0.14297301384264108
46.91178969742436,0.00043562742436704976,0.0,0.00043562742436704976,0.14295475549395925
46.92429257314329,0.0004354001540296762,0.0,0.0004354001540296762,0.14293650413410908
46.93679544886222,0.0004351730614990692,0.0,0.0004351730614990692,0.14291825975863598
46.94929832458115,0.0004349461465897994,0.0,0.0004349461465897994,0.14290002236308957
46.96180120030008,0.00043471940911667855,0.0,0.00043471940911667855,0.14288179194302322
46.97430407601901,0.00043449284889475996,0.0,0.00043449284889475996,0.14286356849399443
46.98680695173794,0.0004342664657393377,0.0,0.0004342664657393377,0.1428453520115645
46.99930982745687,0.00043404025946594657,0.0,0.00043404025946594657,0.14282714249129888
47.0118127031758,0.00043381422989036134,0.0,0.00043381422989036134,0.14280893992876678
47.02431557889472,0.0004335883768285968,0.0,0.0004335883768285968,0.14279074431954145
47.03681845461365,0.0004333627000969065,0.0,0.0004333627000969065,0.14277255565920005
47.04932133033258,0.00043313719951178394,0.0,0.00043313719951178394,0.1427543739433237
47.06182420605151,0.00043291187488996057,0.0,0.00043291187488996057,0.1427361991674974
47.07432708177044,0.0004326867260484065,0.0,0.0004326867260484065,0.14271803132731017
47.08682995748937,0.00043246175280432954,0.0,0.00043246175280432954,0.14269987041835486
47.0993328332083,0.00043223695497517523,0.0,0.00043223695497517523,0.14268171643622826
47.11183570892723,0.00043201233237862626,0.0,0.00043201233237862626,0.1426635693765311
47.12433858464616,0.00043178788483260177,0.0,0.00043178788483260177,0.14264542923486798
47.13684146036509,0.0004315636121552579,0.0,0.0004315636121552579,0.14262729600684743
47.14934433608402,0.00043133951416498645,0.0,0.00043133951416498645,0.1426091696880819
47.16184721180295,0.000431115590680415,0.0,0.000431115590680415,0.14259105027418767
47.17435008752188,0.00043089184152040656,0.0,0.00043089184152040656,0.14257293776078495
47.18685296324081,0.00043066826650405905,0.0,0.00043066826650405905,0.14255483214349782
47.19935583895974,0.00043044486545070496,0.0,0.00043044486545070496,0.1425367334179543
47.21185871467867,0.000430221638179911,0.0,0.000430221638179911,0.1425186415797862
47.2243615903976,0.00042999858451147786,0.0,0.00042999858451147786,0.14250055662462927
47.23686446611653,0.00042977570426543966,0.0,0.00042977570426543966,0.14248247854812307
47.24936734183546,0.0004295529972620636,0.0,0.0004295529972620636,0.1424644073459111
47.26187021755439,0.00042933046332184965,0.0,0.00042933046332184965,0.1424463430136406
47.27437309327332,0.0004291081022655306,0.0,0.0004291081022655306,0.14242828554696282
47.28687596899225,0.0004288859139140706,0.0,0.0004288859139140706,0.1424102349415327
47.29937884471118,0.000428663898088666,0.0,0.000428663898088666,0.14239219119300917
47.31188172043011,0.00042844205461074454,0.0,0.00042844205461074454,0.1423741542970549
47.32438459614904,0.0004282203833019644,0.0,0.0004282203833019644,0.14235612424933647
47.33688747186797,0.00042799888398421506,0.0,0.00042799888398421506,0.14233810104552422
47.3493903475869,0.0004277775564796158,0.0,0.0004277775564796158,0.14232008468129237
47.36189322330583,0.0004275564006105159,0.0,0.0004275564006105159,0.14230207515231894
47.37439609902476,0.0004273354161994943,0.0,0.0004273354161994943,0.1422840724542858
47.38689897474369,0.0004271146030693591,0.0,0.0004271146030693591,0.14226607658287857
47.39940185046262,0.0004268939610431471,0.0,0.0004268939610431471,0.14224808753378676
47.41190472618155,0.0004266734899441237,0.0,0.0004266734899441237,0.14223010530270366
47.42440760190048,0.0004264531895957825,0.0,0.0004264531895957825,0.14221212988532636
47.436910477619406,0.0004262330598218448,0.0,0.0004262330598218448,0.1421941612773557
47.449413353338336,0.00042601310044625926,0.0,0.00042601310044625926,0.14217619947449642
47.461916229057266,0.0004257933112932016,0.0,0.0004257933112932016,0.14215824447245695
47.474419104776196,0.0004255736921870745,0.0,0.0004255736921870745,0.14214029626694955
47.486921980495126,0.0004253542429525066,0.0,0.0004253542429525066,0.14212235485369024
47.499424856214056,0.000425134963414353,0.0,0.000425134963414353,0.14210442022839884
47.511927731932985,0.0004249158533976942,0.0,0.0004249158533976942,0.14208649238679896
47.524430607651915,0.0004246969127278361,0.0,0.0004246969127278361,0.14206857132461792
47.536933483370845,0.00042447814123030945,0.0,0.00042447814123030945,0.14205065703758682
47.549436359089775,0.00042425953873086983,0.0,0.00042425953873086983,0.14203274952144057
47.561939234808705,0.0004240411050554971,0.0,0.0004240411050554971,0.1420148487719178
47.574442110527634,0.00042382284003039477,0.0,0.00042382284003039477,0.1419969547847609
47.586944986246564,0.00042360474348199033,0.0,0.00042360474348199033,0.141979067555716
47.599447861965494,0.000423386815236934,0.0,0.000423386815236934,0.14196118708053287
47.611950737684424,0.00042316905512209947,0.0,0.00042316905512209947,0.14194331335496527
47.624453613403354,0.00042295146296458255,0.0,0.00042295146296458255,0.14192544637477048
47.636956489122284,0.0004227340385917015,0.0,0.0004227340385917015,0.14190758613570956
47.64945936484121,0.0004225167818309964,0.0,0.0004225167818309964,0.14188973263354732
47.66196224056014,0.00042229969251022874,0.0,0.00042229969251022874,0.1418718858640523
47.67446511627907,0.0004220827704573814,0.0,0.0004220827704573814,0.14185404582299674
47.686967991998,0.00042186601550065774,0.0,0.00042186601550065774,0.14183621250615655
47.69947086771693,0.00042164942746848207,0.0,0.00042164942746848207,0.14181838590931142
47.71197374343586,0.0004214330061894986,0.0,0.0004214330061894986,0.14180056602824476
47.72447661915479,0.00042121675149257143,0.0,0.00042121675149257143,0.1417827528587436
47.73697949487372,0.0004210006632067841,0.0,0.0004210006632067841,0.14176494639659865
47.74948237059265,0.0004207847411614394,0.0,0.0004207847411614394,0.14174714663760446
47.76198524631158,0.0004205689851860587,0.0,0.0004205689851860587,0.14172935357755911
47.77448812203051,0.00042035339511038223,0.0,0.00042035339511038223,0.1417115672122645
47.78699099774944,0.00042013797076436804,0.0,0.00042013797076436804,0.14169378753752607
47.79949387346837,0.00041992271197819204,0.0,0.00041992271197819204,0.14167601454915302
47.8119967491873,0.00041970761858224767,0.0,0.00041970761858224767,0.1416582482429582
47.82449962490623,0.0004194926904071455,0.0,0.0004194926904071455,0.14164048861475817
47.83700250062516,0.00041927792728371294,0.0,0.00041927792728371294,0.1416227356603731
47.84950537634409,0.00041906332904299376,0.0,0.00041906332904299376,0.1416049893756268
47.86200825206302,0.00041884889551624795,0.0,0.00041884889551624795,0.14158724975634684
47.87451112778195,0.00041863462653495107,0.0,0.00041863462653495107,0.14156951679836433
47.88701400350088,0.0004184205219307948,0.0,0.0004184205219307948,0.14155179049751407
47.89951687921981,0.00041820658153568507,0.0,0.00041820658153568507,0.1415340708496345
47.91201975493874,0.00041799280518174333,0.0,0.00041799280518174333,0.14151635785056774
47.92452263065767,0.0004177791927013052,0.0,0.0004177791927013052,0.14149865149615945
47.9370255063766,0.0004175657439269205,0.0,0.0004175657439269205,0.14148095178225903
47.94952838209553,0.0004173524586913528,0.0,0.0004173524586913528,0.1414632587047194
47.96203125781445,0.0004171393368275795,0.0,0.0004171393368275795,0.14144557225939722
47.97453413353338,0.00041692637816879074,0.0,0.00041692637816879074,0.14142789244215265
47.98703700925231,0.00041671358254838966,0.0,0.00041671358254838966,0.14141021924884953
47.99953988497124,0.000416500949799992,0.0,0.000416500949799992,0.1413925526753553
48.01204276069017,0.0004162884797574257,0.0,0.0004162884797574257,0.141374892717541
48.0245456364091,0.0004160761722547305,0.0,0.0004160761722547305,0.14135723937128128
48.03704851212803,0.00041586402712615766,0.0,0.00041586402712615766,0.1413395926324544
48.04955138784696,0.0004156520442061698,0.0,0.0004156520442061698,0.1413219524969422
48.06205426356589,0.00041544022332944017,0.0,0.00041544022332944017,0.1413043189606301
48.07455713928482,0.000415228564330853,0.0,0.000415228564330853,0.1412866920194071
48.08706001500375,0.0004150170670455024,0.0,0.0004150170670455024,0.14126907166916583
48.09956289072268,0.00041480573130869256,0.0,0.00041480573130869256,0.1412514579058024
48.11206576644161,0.00041459455695593743,0.0,0.00041459455695593743,0.14123385072521666
48.12456864216054,0.0004143835438229599,0.0,0.0004143835438229599,0.14121625012331185
48.13707151787947,0.0004141726917456921,0.0,0.0004141726917456921,0.14119865609599488
48.1495743935984,0.0004139620005602749,0.0,0.0004139620005602749,0.14118106863917618
48.16207726931733,0.00041375147010305725,0.0,0.00041375147010305725,0.1411634877487698
48.17458014503626,0.0004135411002105962,0.0,0.0004135411002105962,0.14114591342069324
48.18708302075519,0.0004133308907196566,0.0,0.0004133308907196566,0.14112834565086768
48.19958589647412,0.00041312084146721053,0.0,0.00041312084146721053,0.1411107844352177
48.21208877219305,0.0004129109522904374,0.0,0.0004129109522904374,0.14109322976967156
48.22459164791198,0.0004127012230267231,0.0,0.0004127012230267231,0.141075681650161
48.23709452363091,0.00041249165351366004,0.0,0.00041249165351366004,0.1410581400726212
48.24959739934984,0.00041228224358904675,0.0,0.00041228224358904675,0.14104060503299107
48.26210027506877,0.00041207299309088766,0.0,0.00041207299309088766,0.14102307652721288
48.2746031507877,0.0004118639018573926,0.0,0.0004118639018573926,0.14100555455123248
48.28710602650663,0.00041165496972697663,0.0,0.00041165496972697663,0.14098803910099927
48.29960890222556,0.0004114461965382596,0.0,0.0004114461965382596,0.14097053017246608
48.31211177794449,0.0004112375821300661,0.0,0.0004112375821300661,0.14095302776158936
48.32461465366342,0.0004110291263414248,0.0,0.0004110291263414248,0.14093553186432897
48.33711752938235,0.0004108208290115684,0.0,0.0004108208290115684,0.14091804247664835
48.34962040510128,0.000410612689979933,0.0,0.000410612689979933,0.14090055959451436
48.36212328082021,0.00041040470908615845,0.0,0.00041040470908615845,0.14088308321389742
48.374626156539136,0.00041019688617008733,0.0,0.00041019688617008733,0.14086561333077144
48.387129032258066,0.0004099892210717648,0.0,0.0004099892210717648,0.14084814994111375
48.399631907976996,0.0004097817136314388,0.0,0.0004097817136314388,0.14083069304090523
48.412134783695926,0.00040957436368955905,0.0,0.00040957436368955905,0.14081324262613026
48.424637659414856,0.00040936717108677707,0.0,0.00040936717108677707,0.14079579869277659
48.437140535133786,0.000409160135663946,0.0,0.000409160135663946,0.14077836123683554
48.449643410852715,0.00040895325726212,0.0,0.00040895325726212,0.14076093025430184
48.462146286571645,0.0004087465357225542,0.0,0.0004087465357225542,0.14074350574117372
48.474649162290575,0.0004085399708867043,0.0,0.0004085399708867043,0.1407260876934529
48.487152038009505,0.0004083335625962261,0.0,0.0004083335625962261,0.14070867610714446
48.499654913728435,0.00040812731069297557,0.0,0.00040812731069297557,0.140691270978257
48.512157789447365,0.0004079212150190082,0.0,0.0004079212150190082,0.1406738723028026
48.524660665166294,0.0004077152754165787,0.0,0.0004077152754165787,0.14065648007679668
48.537163540885224,0.0004075094917281412,0.0,0.0004075094917281412,0.1406390942962582
48.549666416604154,0.0004073038637963481,0.0,0.0004073038637963481,0.1406217149572095
48.562169292323084,0.0004070983914640506,0.0,0.0004070983914640506,0.14060434205567637
48.574672168042014,0.00040689307457429793,0.0,0.00040689307457429793,0.14058697558768804
48.58717504376094,0.00040668791297033717,0.0,0.00040668791297033717,0.1405696155492772
48.59967791947987,0.0004064829064956129,0.0,0.0004064829064956129,0.14055226193647985
48.6121807951988,0.0004062780549937669,0.0,0.0004062780549937669,0.1405349147453355
48.62468367091773,0.0004060733583086382,0.0,0.0004060733583086382,0.1405175739718871
48.63718654663666,0.00040586881628426206,0.0,0.00040586881628426206,0.14050023961218094
48.64968942235559,0.00040566442876487026,0.0,0.00040566442876487026,0.14048291166226673
48.66219229807452,0.0004054601955948907,0.0,0.0004054601955948907,0.14046559011819756
48.67469517379345,0.0004052561166189471,0.0,0.0004052561166189471,0.14044827497603002
48.68719804951238,0.00040505219168185847,0.0,0.00040505219168185847,0.14043096623182402
48.69970092523131,0.00040484842062863893,0.0,0.00040484842062863893,0.1404136638816428
48.71220380095024,0.00040464480330449775,0.0,0.00040464480330449775,0.14039636792155313
48.72470667666917,0.00040444133955483863,0.0,0.00040444133955483863,0.1403790783476251
48.7372095523881,0.00040423802922525943,0.0,0.00040423802922525943,0.14036179515593214
48.74971242810703,0.0004040348721615523,0.0,0.0004040348721615523,0.1403445183425511
48.76221530382596,0.0004038318682097028,0.0,0.0004038318682097028,0.14032724790356219
48.77471817954489,0.00040362901721589014,0.0,0.00040362901721589014,0.14030998383504903
48.78722105526382,0.00040342631902648646,0.0,0.00040342631902648646,0.1402927261330985
48.79972393098275,0.0004032237734880567,0.0,0.0004032237734880567,0.14027547479380098
48.81222680670168,0.00040302138044735856,0.0,0.00040302138044735856,0.1402582298132501
48.82472968242061,0.0004028191397513419,0.0,0.0004028191397513419,0.14024099118754288
48.83723255813954,0.0004026170512471484,0.0,0.0004026170512471484,0.14022375891277974
48.84973543385847,0.00040241511478211154,0.0,0.00040241511478211154,0.14020653298506433
48.8622383095774,0.0004022133302037561,0.0,0.0004022133302037561,0.1401893134005038
48.87474118529633,0.0004020116973597981,0.0,0.0004020116973597981,0.1401721001552085
48.88724406101525,0.0004018102160981443,0.0,0.0004018102160981443,0.14015489324529223
48.89974693673418,0.0004016088862668918,0.0,0.0004016088862668918,0.14013769266687198
48.91224981245311,0.0004014077077143281,0.0,0.0004014077077143281,0.14012049841606822
48.92475268817204,0.00040120668028893075,0.0,0.00040120668028893075,0.14010331048900468
48.93725556389097,0.00040100580383936667,0.0,0.00040100580383936667,0.14008612888180835
48.9497584396099,0.0004008050782144924,0.0,0.0004008050782144924,0.14006895359060964
48.96226131532883,0.00040060450326335345,0.0,0.00040060450326335345,0.14005178461154222
48.97476419104776,0.0004004040788351843,0.0,0.0004004040788351843,0.1400346219407431
48.98726706676669,0.0004002038047794078,0.0,0.0004002038047794078,0.14001746557435257
48.99976994248562,0.0004000036809456349,0.0,0.0004000036809456349,0.14000031550851422
49.01227281820455,0.00039980370718366493,0.0,0.00039980370718366493,0.139983171739375
49.02477569392348,0.0003996038833434845,0.0,0.0003996038833434845,0.13996603426308504
49.03727856964241,0.0003994042092752678,0.0,0.0003994042092752678,0.13994890307579785
49.04978144536134,0.0003992046848293762,0.0,0.0003992046848293762,0.13993177817367025
49.06228432108027,0.0003990053098563577,0.0,0.0003990053098563577,0.13991465955286228
49.0747871967992,0.00039880608420694706,0.0,0.00039880608420694706,0.13989754720953726
49.08729007251813,0.0003986070077320652,0.0,0.0003986070077320652,0.13988044113986187
49.09979294823706,0.00039840808028281896,0.0,0.00039840808028281896,0.13986334134000597
49.11229582395599,0.0003982093017105011,0.0,0.0003982093017105011,0.13984624780614271
49.12479869967492,0.0003980106718665897,0.0,0.0003980106718665897,0.13982916053444858
49.13730157539385,0.00039781219060274804,0.0,0.00039781219060274804,0.13981207952110322
49.14980445111278,0.00039761385777082426,0.0,0.00039761385777082426,0.13979500476228962
49.16230732683171,0.0003974156732228511,0.0,0.0003974156732228511,0.13977793625419402
49.17481020255064,0.0003972176368110457,0.0,0.0003972176368110457,0.13976087399300585
49.18731307826957,0.00039701974838780916,0.0,0.00039701974838780916,0.13974381797491786
49.1998159539885,0.0003968220078057265,0.0,0.0003968220078057265,0.139726768196126
49.21231882970743,0.00039662441491756606,0.0,0.00039662441491756606,0.1397097246528295
49.22482170542636,0.0003964269695762795,0.0,0.0003964269695762795,0.13969268734123072
49.23732458114529,0.0003962296716350017,0.0,0.0003962296716350017,0.13967565625753542
49.24982745686422,0.0003960325209470497,0.0,0.0003960325209470497,0.13965863139795248
49.26233033258315,0.00039583551736592347,0.0,0.00039583551736592347,0.13964161275869408
49.27483320830208,0.0003956386607453048,0.0,0.0003956386607453048,0.13962460033597554
49.28733608402101,0.00039544195093905744,0.0,0.00039544195093905744,0.13960759412601548
49.29983895973994,0.00039524538780122675,0.0,0.00039524538780122675,0.13959059412503566
49.31234183545887,0.00039504897118603947,0.0,0.00039504897118603947,0.1395736003292611
49.324844711177796,0.00039485270094790324,0.0,0.00039485270094790324,0.13955661273492007
49.337347586896726,0.0003946565769414069,0.0,0.0003946565769414069,0.13953963133824399
49.349850462615656,0.0003944605990213191,0.0,0.0003944605990213191,0.13952265613546744
49.362353338334586,0.00039426476704258946,0.0,0.00039426476704258946,0.13950568712282835
49.374856214053516,0.00039406908086034716,0.0,0.00039406908086034716,0.13948872429656767
49.387359089772445,0.0003938735403299012,0.0,0.0003938735403299012,0.13947176765292968
49.399861965491375,0.0003936781453067401,0.0,0.0003936781453067401,0.13945481718816177
49.412364841210305,0.0003934828956465314,0.0,0.0003934828956465314,0.13943787289851453
49.424867716929235,0.0003932877912051218,0.0,0.0003932877912051218,0.13942093478024176
49.437370592648165,0.0003930928318385364,0.0,0.0003930928318385364,0.13940400282960044
49.449873468367095,0.0003928980174029789,0.0,0.0003928980174029789,0.1393870770428507
49.462376344086024,0.00039270334775483073,0.0,0.00039270334775483073,0.13937015741625583
49.474879219804954,0.0003925088227506518,0.0,0.0003925088227506518,0.1393532439460823
49.487382095523884,0.00039231444224717903,0.0,0.00039231444224717903,0.13933633662859982
49.499884971242814,0.00039212020610132696,0.0,0.00039212020610132696,0.13931943546008113
49.512387846961744,0.0003919261141701871,0.0,0.0003919261141701871,0.1393025404368022
49.524890722680674,0.0003917321663110278,0.0,0.0003917321663110278,0.1392856515550422
49.5373935983996,0.00039153836238129395,0.0,0.00039153836238129395,0.13926876881108333
49.54989647411853,0.0003913447022386067,0.0,0.0003913447022386067,0.13925189220121106
49.56239934983746,0.000391151185740763,0.0,0.000391151185740763,0.13923502172171393
49.57490222555639,0.00039095781274573605,0.0,0.00039095781274573605,0.13921815736888363
49.58740510127532,0.00039076458311167406,0.0,0.00039076458311167406,0.13920129913901505
49.59990797699425,0.0003905714966969007,0.0,0.0003905714966969007,0.13918444702840613
49.61241085271318,0.0003903785533599146,0.0,0.0003903785533599146,0.13916760103335798
49.62491372843211,0.0003901857529593891,0.0,0.0003901857529593891,0.13915076115017483
49.63741660415104,0.0003899930953541718,0.0,0.0003899930953541718,0.13913392737516406
49.64991947986997,0.0003898005804032849,0.0,0.0003898005804032849,0.13911709970463615
49.6624223555889,0.0003896082079659241,0.0,0.0003896082079659241,0.13910027813490466
49.67492523130783,0.00038941597790145897,0.0,0.00038941597790145897,0.13908346266228633
49.68742810702676,0.0003892238900694326,0.0,0.0003892238900694326,0.13906665328310097
49.69993098274569,0.00038903194432956124,0.0,0.00038903194432956124,0.13904984999367154
49.71243385846462,0.00038884014054173374,0.0,0.00038884014054173374,0.13903305279032402
49.72493673418355,0.00038864847856601197,0.0,0.00038864847856601197,0.13901626166938758
49.73743960990248,0.00038845695826263,0.0,0.00038845695826263,0.13899947662719442
49.74994248562141,0.0003882655794919942,0.0,0.0003882655794919942,0.1389826976600799
49.76244536134034,0.00038807434211468253,0.0,0.00038807434211468253,0.13896592476438238
49.77494823705927,0.000387883245991445,0.0,0.000387883245991445,0.13894915793644344
49.7874511127782,0.0003876922909832026,0.0,0.0003876922909832026,0.1389323971726076
49.79995398849713,0.0003875014769510478,0.0,0.0003875014769510478,0.13891564246922253
49.81245686421606,0.00038731080375624367,0.0,0.00038731080375624367,0.13889889382263898
49.82495973993498,0.00038712027126022426,0.0,0.00038712027126022426,0.13888215122921083
49.83746261565391,0.0003869298793245934,0.0,0.0003869298793245934,0.13886541468529484
49.84996549137284,0.0003867396278111255,0.0,0.0003867396278111255,0.13884868418725105
49.86246836709177,0.00038654951658176475,0.0,0.00038654951658176475,0.13883195973144247
49.8749712428107,0.0003863595454986251,0.0,0.0003863595454986251,0.13881524131423514
49.88747411852963,0.00038616971442398943,0.0,0.00038616971442398943,0.13879852893199823
49.89997699424856,0.0003859800232203103,0.0,0.0003859800232203103,0.13878182258110394
49.91247986996749,0.0003857904717502086,0.0,0.0003857904717502086,0.13876512225792745
49.92498274568642,0.0003856010598764744,0.0,0.0003856010598764744,0.1387484279588471
49.93748562140535,0.0003854117874620655,0.0,0.0003854117874620655,0.13873173968024416
49.94998849712428,0.0003852226543701085,0.0,0.0003852226543701085,0.13871505741850307
49.96249137284321,0.00038503366046389734,0.0,0.00038503366046389734,0.13869838117001118
49.97499424856214,0.000384844805606894,0.0,0.000384844805606894,0.13868171093115897
49.98749712428107,0.00038465608966272753,0.0,0.00038465608966272753,0.13866504669833993
50.0,0.00038446751249519417,0.0,0.00038446751249519417,0.1386483884679505
