r,aN,aChi,aTot,v,chi
0.001,0.9980029960049942,0.0,0.9980029960049942,0.03159118541626753,0.0
0.02600300037504688,0.949954355700475,1.859229101430065e-22,0.949954355700475,0.15716762856121763,2.3243152960176994e-24
0.05100600075009376,0.9052939305441283,4.124282972821166e-22,0.9052939305441283,0.21488467348880222,9.804603027847754e-24
0.07600900112514064,0.8637104841472448,7.10397086517638e-22,0.8637104841472448,0.2562221129437186,2.3841604773976466e-23
0.10101200150018752,0.8249277135278735,1.099517692421497e-21,0.8249277135278735,0.2886652030231975,4.6468254722285506e-23
0.1260150018752344,0.7886996474558289,1.6043712028742154e-21,0.7886996474558289,0.315258604249183,8.02709222538674e-23
0.15101800225028128,0.7548067367653153,2.2557711088628444e-21,0.7548067367653153,0.3376231708152624,1.2852849208791543e-22
0.17602100262532816,0.7230525202218194,3.0923159090016515e-21,0.7230525202218194,0.3567526167531431,1.9538760294464011e-22
0.20102400300037504,0.6932607711083032,4.162298585532398e-21,0.6932607711083032,0.37331227589153543,2.860811674084678e-22
0.22602700337542192,0.665273046919744,5.5260673475681574e-21,0.665273046919744,0.38777528701776004,4.072002759379201e-22
0.2510300037504688,0.6389465783721325,7.25894482076602e-21,0.6389465783721325,0.4004931484621249,5.670321079578393e-22
0.2760330041255157,0.6141524450690318,9.454835547345457e-21,0.6141524450690318,0.41173577012865376,7.759794363640105e-22
0.30103600450056256,0.5907739941866658,1.2230680594515889e-20,0.5907739941866658,0.4217158317786901,1.0470809204780327e-21
0.32603900487560944,0.568705465872497,1.573195368377608e-20,0.568705465872497,0.430604417256011,1.3966557981517491e-21
0.3510420052506563,0.5478507950418698,2.0139436786233835e-20,0.5478507950418698,0.43854149366925854,1.8451019928393046e-21
0.3760450056257032,0.5281225641687538,2.5677566225478938e-20,0.5281225641687538,0.4456431897986323,2.4178832645819937e-21
0.4010480060007501,0.5094410857096041,3.262470501732323e-20,0.5094410857096041,0.45200700392659177,3.1467491194569275e-21
0.42605100637579696,0.4917335961398528,4.132577591685438e-20,0.4917335961398528,0.4577156251475079,4.0712410707229976e-21
0.45105400675084384,0.4749335463525317,5.220778541483194e-20,0.4749335463525317,0.4628397984429354,5.2405509052508094e-21
0.4760570071258907,0.4589799754733713,6.579888532157569e-20,0.4589799754733713,0.4674405132790352,6.715811321591026e-21
0.5010600075009376,0.4438169570709307,8.275175993162756e-20,0.4438169570709307,0.47157070290572956,8.572917241080675e-21
0.5260630078759845,0.4293931083519014,1.0387229829952337e-19,0.4293931083519014,0.47527658278187845,1.0905997940053794e-20
0.5510660082510314,0.4156611542856715,1.3015471916444377e-19,0.4156611542856715,0.4785987182151882,1.3831686742765132e-20
0.5760690086260782,0.4025775397431347,1.6282456810480597e-19,0.4025775397431347,0.481572885672515,1.7494367357502143e-20
0.6010720090011251,0.39010208369888033,2.0339131167782238e-19,0.39010208369888033,0.48423077469777887,2.2072615247278732e-20
0.626075009376172,0.3781976703629677,2.5371262252861592e-19,0.3781976703629677,0.4866005651646342,2.7787100166478224e-20
0.6510780097512189,0.36682997280277946,3.160728958518307e-19,0.36682997280277946,0.4887074059286675,3.491027393135952e-20
0.6760810101262658,0.35596720520695574,3.9327907688352894e-19,0.35596720520695574,0.49057381469881,4.377823775153074e-20
0.7010840105013126,0.3455799004486362,4.887775301415697e-19,0.3455799004486362,0.49222001437890983,5.48052685896613e-20
0.7260870108763595,0.3356407100378116,6.067964664911473e-19,0.3356407100378116,0.493664217742965,6.850158711401101e-20
0.7510900112514064,0.32612422392385115,7.52519390799523e-19,0.32612422392385115,0.49492286976489736,8.549507455883391e-20
0.7760930116264533,0.3170068079286435,9.322961732570608e-19,0.3170068079286435,0.496010854993547,1.0655779664882971e-19
0.8010960120015002,0.308266456866143,1.1538997199683816e-18,0.308266456866143,0.49694167588289434,1.326383749991982e-19
0.826099012376547,0.2998826616420244,1.4268378692265034e-18,0.2998826616420244,0.4977276068406559,1.6490146645446685e-19
0.8511020127515939,0.29183628883314977,1.7627321239318355e-18,0.29183628883314977,0.49837982786209284,2.0477587632205496e-19
0.8761050131266408,0.2841094714252831,2.1757772134181455e-18,0.2841094714252831,0.49890854090950437,2.5401315154149854e-19
0.9011080135016877,0.27668550954287036,2.6832983375302584e-18,0.27668550954287036,0.49932307163686934,3.1475888545287057e-19
0.9261110138767346,0.26954878014005135,3.3064263750354568e-18,0.26954878014005135,0.49963195861027543,3.8963943007022463e-19
0.9511140142517814,0.26268465474018254,4.0709154477932544e-18,0.26268465474018254,0.4998430318132666,4.818672702517423e-19
0.9761170146268283,0.25607942441441656,5.008132152811323e-18,0.25607942441441656,0.4999634819331876,5.953689855332347e-19
1.001120015001875,0.24972023128033188,6.156251662235905e-18,0.24972023128033188,0.49999992168563145,7.349405318906307e-19
1.026123015376922,0.24359500588095978,7.561702931390997e-18,0.24359500588095978,0.4999584402381157,9.06435543815296e-19
1.0511260157519688,0.23769240987429738,9.28091366644197e-18,0.23769240987429738,0.4998446516325389,1.1169935183714895e-18
1.0761290161270156,0.2320017835247887,1.1382415745858288e-17,0.2320017835247887,0.49966373797209235,1.3753161348942185e-18
1.1011320165020626,0.22651309754239057,1.394938377105723e-17,0.2265130975423906,0.49942048802685396,1.6920016313052455e-18
1.1261350168771096,0.22121690886264087,1.7082693705118095e-17,0.2212169088626409,0.49911933181908724,2.079949153692895e-18
1.1511380172521564,0.21610432000343208,2.0904605574115006e-17,0.2161043200034321,0.49876437167100895,2.5548473827557344e-18
1.1761410176272031,0.21116694167163985,2.5563194461081002e-17,0.21116694167163988,0.49835941013179114,3.1357645936095363e-18
1.2011440180022501,0.2063968583259825,3.123767811695745e-17,0.20639685832598254,0.49790797514471674,3.845860712795382e-18
1.2261470183772971,0.20178659643199637,3.8144818152496484e-17,0.2017865964319964,0.49741334276795923,4.713246002918809e-18
1.2511500187523439,0.19732909517126437,4.654660579226451e-17,0.19732909517126443,0.4968785577220158,5.772015855245861e-18
1.2761530191273907,0.1930176793904225,5.675948354650848e-17,0.19301767939042255,0.4963064520022387,7.06349695048684e-18
1.3011560195024376,0.18884603459632404,6.91654020413843e-17,0.1888460345963241,0.49569966176523933,8.637746931277755e-18
1.3261590198774846,0.1848081838223708,8.422506799784795e-17,0.18480818382237088,0.4950606426724037,1.0555357921237535e-17
1.3511620202525314,0.18089846620767885,1.0249380655578366e-16,0.18089846620767897,0.4943916838517329,1.2889623966483915e-17
1.3761650206275782,0.17711151714566042,1.246405406703635e-16,0.17711151714566054,0.4936949206201534,1.5729144050924596e-17
1.4011680210026252,0.17344224987197293,1.5147048435236885e-16,0.17344224987197307,0.4929723460919033,1.918094608202359e-17
1.4261710213776722,0.16988583837378593,1.839522576495669e-16,0.16988583837378612,0.49222582178421387,2.3374233554060433e-17
1.451174021752719,0.1664377015130979,2.2325026247688276e-16,0.1664377015130981,0.4914570873189654,2.846487593578124e-17
1.4761770221277657,0.1630934882665318,2.707633132141164e-16,0.16309348826653208,0.4906677693080309,3.464078674492136e-17
1.5011800225028127,0.15984906399277585,3.281706985102662e-16,0.15984906399277618,0.48985938950042524,4.212836040480793e-17
1.5261830228778597,0.15670049764670452,3.97487065762424e-16,0.1567004976467049,0.48903337226094606,5.1200171080940845e-17
1.5511860232529064,0.15364404986632482,4.811277728758119e-16,0.1536440498663253,0.48819105144258473,6.218417465093757e-17
1.5761890236279532,0.1506761618651109,5.819866496915102e-16,0.15067616186511149,0.48733367670845146,7.547469980402177e-17
1.6011920240030002,0.14779344506809458,7.035284615005073e-16,0.14779344506809527,0.48646241935319084,9.154556720765307e-17
1.6261950243780472,0.1449926714353378,8.498987782077268e-16,0.14499267143533867,0.48557837766876394,1.1096573813616966e-16
1.651198024753094,0.14227076442117134,1.0260544352756357e-15,0.14227076442117237,0.48468258189494756,1.34417967586317e-16
1.6762010251281407,0.13962479052190677,1.2379183385456997e-15,0.13962479052190802,0.48377599879089095,1.6272102364279227e-16
1.7012040255031877,0.1370519513686489,1.4925630283233187e-15,0.1370519513686504,0.4828595358604976,1.968561369627347e-16
1.7262070258782347,0.1345495763253987,1.7984281948673292e-15,0.13454957632540052,0.4819340452612226,2.3799846435659075e-16
1.7512100262532815,0.13211511555587924,2.165578246374513e-15,0.1321151155558814,0.48100032742303866,2.875544916251195e-16
1.7762130266283283,0.1297461335254665,2.606007093388318e-15,0.1297461335254691,0.4800591344017908,3.4720646664494836e-16
1.8012160270033752,0.1274403029072962,3.1339985554047696e-15,0.12744030290729932,0.4791111729888924,4.1896514833972105e-16
1.8262190273784222,0.12519539886406894,3.766552245348323e-15,0.12519539886407272,0.47815710759728386,5.052323854693512e-16
1.851222027753469,0.12300929367931365,4.523886479121193e-15,0.12300929367931818,0.4771975629417541,6.08875306737958e-16
1.8762250281285158,0.1208799517139126,5.430031729363007e-15,0.12087995171391802,0.4762331265300845,7.333142170879156e-16
1.9012280285035628,0.1188054246655617,6.513530439628916e-15,0.1188054246655682,0.47526435098000647,8.826266617832667e-16
1.9262310288786098,0.11678384711054685,7.80826168897721e-15,0.11678384711055466,0.47429175617563285,1.0616705487647088e-15
1.9512340292536565,0.11481343230878428,9.354412306858704e-15,0.11481343230879364,0.4733158312758293,1.2762297209420542e-15
1.9762370296287033,0.1128924682545068,1.1199619652593143e-14,0.112892468254518,0.4723370365859122,1.5331859553375032e-15
2.0012400300037503,0.1110193139562925,1.340031547122924e-14,0.1110193139563059,0.47135580530307825,1.8407220489010344e-15
2.0262430303787973,0.10919239593134125,1.6023305108555808e-14,0.10919239593135728,0.4703725451450954,2.2085614470968375e-15
2.0512460307538443,0.10741020490001134,1.914762201617525e-14,0.10741020490003049,0.4693876398709756,2.648250799142038e-15
2.076249031128891,0.10567129266764838,2.2866704021830465e-14,0.10567129266767125,0.46840145070162825,3.1734929039848304e-15
2.101252031503938,0.10397426918167595,2.729094541693406e-14,0.10397426918170324,0.46741431764783503,3.800538767849283e-15
2.126255031878985,0.10231779975277946,3.255068767860238e-14,0.10231779975281202,0.4664265607522827,4.548648955214844e-15
2.1512580322540313,0.10070060242980902,3.8799721776071295e-14,0.10070060242984782,0.46543848125185133,5.44063611239231e-15
2.1762610326290783,0.09912144551875936,4.621938671534161e-14,0.09912144551880557,0.4644503626658534,6.5035025131407886e-15
2.2012640330041253,0.0975791452368602,5.5023362484474623e-14,0.09757914523691523,0.4634624718154721,7.769188761247685e-15
2.2262670333791723,0.09607256349343289,6.546327114125442e-14,0.09607256349349835,0.4624750597792304,9.275452434113811e-15
2.2512700337542193,0.09460060578974441,7.783521773835182e-14,0.09460060578982225,0.461488362788947,1.1066898519714041e-14
2.276273034129266,0.09316221923062228,9.248742345430367e-14,0.09316221923071476,0.460502603070292,1.3196187050523483e-14
2.301276034504313,0.09175639064108376,1.0982912708493126e-13,0.09175639064119359,0.4595179896317386,1.5725447445028836e-14
2.32627903487936,0.09038214478168935,1.30340958396575e-13,0.09038214478181969,0.4585347190054185,1.872793381371342e-14
2.3512820352544064,0.08903854265674915,1.5458701825795388e-13,0.08903854265690374,0.45755297594312605,2.228996096729064e-14
2.3762850356294534,0.08772467990990247,1.8322893652841976e-13,0.0877246799100857,0.4565729340704729,2.6513167189400918e-14
2.4012880360045004,0.08643968530195126,2.1704222004112728e-13,0.0864396853021683,0.4555947565019716,3.151715712831536e-14
2.4262910363795474,0.08518271926616283,2.5693525042150365e-13,0.08518271926641977,0.45461859641962477,3.744258656418585e-14
2.4512940367545943,0.08395297253656864,3.039713457635323e-13,0.0839529725368726,0.45364459761740583,4.445476048157624e-14
2.476297037129641,0.0827496648450744,3.5939436229798016e-13,0.08274966484543379,0.4526728950138483,5.274782700530375e-14
2.501300037504688,0.081572043683464,4.2465838320031766e-13,0.08157204368388866,0.45170361513479695,6.254966255017903e-14
2.526303037879735,0.08041938312663005,5.014621228125408e-13,0.08041938312713151,0.45073687656823314,7.412755822976813e-14
2.5513060382547814,0.07929098271359428,5.917887671582469e-13,0.07929098271418607,0.44977279039294765,8.779483443574792e-14
2.5763090386298284,0.07818616638309703,6.9795207725305e-13,0.07818616638379498,0.4488114605827113,1.0391852984401246e-13
2.6013120390048754,0.07710428146073586,8.226497020854641e-13,0.07710428146155851,0.44785298438748017,1.2292833327356147e-13
2.6263150393799224,0.07604469769481932,9.69024785215636e-13,0.07604469769578835,0.4468974526930632,1.4532695221253722e-13
2.6513180397549694,0.07500680633827676,1.1407371049005005e-12,0.0750068063394175,0.44594495036058546,1.71702140877454e-13
2.676321040130016,0.07399001927412667,1.3420451649626828e-12,0.07399001927546872,0.44499555654698664,2.0274064388972806e-13
2.701324040505063,0.07299376818215766,1.5779008550339983e-12,0.07299376818373557,0.4440493450077125,2.3924434960627504e-13
2.72632704088011,0.07201750374461753,1.8540585274121146e-12,0.07201750374647159,0.4431063843826786,2.8214899046949816e-13
2.7513300412551565,0.07106069488883711,2.1772005970294716e-12,0.07106069489101431,0.4421667384665139,3.3254577716965957e-13
2.7763330416302034,0.07012282806483915,2.5550820648139607e-12,0.07012282806739423,0.44123046646402425,3.9170640975410944e-13
2.8013360420052504,0.0692034065560978,2.996696697342208e-12,0.0692034065590945,0.4402976232317567,4.611119729902938e-13
2.8263390423802974,0.06830194982172093,3.512467971971078e-12,0.0683019498252334,0.4393682595064842,5.424862963243351e-13
2.8513420427553444,0.06741799286842882,4.114468321957518e-12,0.0674179928725433,0.43844242212138057,6.378344418331132e-13
2.876345043130391,0.0665510856507969,4.8166706964309256e-12,0.06655108565561357,0.43752015421060336,7.494870779462927e-13
2.901348043505438,0.06570079249831762,5.6352369921297355e-12,0.06570079250395286,0.4366014954029594,8.801516038748121e-13
2.926351043880485,0.06486669156792021,6.588848524962575e-12,0.06486669157450907,0.43568648200528104,1.0329710112590449e-12
2.9513540442555315,0.06404837432066315,7.699084397931614e-12,0.06404837432836223,0.4347751471761053,1.2115916073739264e-12
2.9763570446305785,0.0632454450213873,8.990854396885426e-12,0.06324544503037816,0.43386752109020793,1.4202408803470872e-12
3.0013600450056255,0.06245752026018597,1.0492893917063982e-11,0.062457520270678864,0.4329636310945118,1.6638169635475864e-12
3.0263630453806725,0.06168422849461096,1.223832940265378e-11,0.061684228506849285,0.43206350185585646,1.9479913561416763e-12
3.0513660457557195,0.060925209611594165,1.4265323880962853e-11,0.06092520962585949,0.4311671555010854,2.2793267826368674e-12
3.076369046130766,0.060180114508120365,1.6617813406027976e-11,0.060180114524738176,0.4302746117498789,2.66541232922149e-12
3.101372046505813,0.059448604689739636,1.9346346608565453e-11,0.05944860470908598,0.4293858880407379,3.115018282388055e-12
3.12637504688086,0.0587303518860566,2.2509041096799106e-11,0.058730351908565646,0.42850099965049243,3.638273419635538e-12
3.1513780472559065,0.05802503768238204,2.617267218415406e-11,0.058025037708554716,0.42761995980769596,4.2468678673463285e-12
3.1763810476309535,0.05733235316677425,3.04139113552196e-11,0.057332353197188164,0.4267427798002356,4.954285052075122e-12
3.2013840480060005,0.05665199859173991,3.532073404287564e-11,0.05665199862706064,0.4258694690774742,5.7760667338462e-12
3.2263870483810475,0.05598368304990296,4.0994018701309694e-11,0.055983683090896984,0.425000035347221,6.730115629588442e-12
3.2513900487560945,0.055327124162986026,4.754936184840867e-11,0.055327124210535386,0.4241344846678081,7.83704071813471e-12
3.276393049131141,0.054682047783483484,5.511913674580516e-11,0.05468204783860262,0.4232728215355365,9.120550972563007e-12
3.301396049506188,0.05404818770843775,6.385482671750979e-11,0.054048187772292575,0.4224150489677367,1.0607903999110052e-11
3.326399049881235,0.05342528540476124,7.392966781331397e-11,0.05342528547869091,0.42156116858167947,1.2330416883324975e-11
3.3514020502562816,0.052813089745574096,8.55416396389112e-11,0.05281308983111573,0.4207111806695544,1.432404746334355e-11
3.3764050506313286,0.052211356757056016,9.891684774222477e-11,0.05221135685597286,0.4198650842697228,1.6630055277929123e-11
3.4014080510063756,0.05161984937533613,1.1431334600966325e-10,0.051619849489649476,0.419022877234443,1.9295752585104023e-11
3.4264110513814225,0.051038337212967806,1.3202545313575118e-10,0.05103833734499326,0.41818455629424917,2.2375357128814733e-11
3.4514140517564695,0.05046659633455938,1.5238862343772373e-10,0.050466596486948005,0.4173501171191593,2.593095976043235e-11
3.476417052131516,0.04990440904115295,1.757849391506196e-10,0.049904409216937895,0.4165195543768769,3.00336216146707e-11
3.501420052506563,0.04935156366296326,2.0264929892022485e-10,0.04935156386561256,0.4156928617881406,3.4764617312878676e-11
3.52642305288161,0.048807854360108364,2.3347638557799016e-10,0.04880785459358475,0.4148700321793692,4.0216842639416924e-11
3.5514260532566566,0.04827308093098199,2.6882850550618423e-10,0.0482730811998105,0.4140510575327409,4.6496407329499585e-11
3.5764290536317036,0.047747048627934406,3.093444020610164e-10,0.04774704893727881,0.4132359290338374,5.3724436041871945e-11
3.6014320540067506,0.047229567979944785,3.5574915670022027e-10,0.047229568335693944,0.4124246371169773,6.203910329144621e-11
3.6264350543817976,0.046720454621983924,4.0886530374981616e-10,0.04672045503084923,0.41161717150835686,7.159793111214552e-11
3.6514380547568446,0.04621952913078028,4.696252982391151e-10,0.046219529600405575,0.4108135212671089,8.258038153764777e-11
3.676441055131891,0.045726616866716016,5.390854910371467e-10,0.04572661740580151,0.41001367482438583,9.51907796589417e-11
3.701444055506938,0.04524154782159303,6.184417817482859e-10,0.045241548440034814,0.40921762002056566,1.0966160707673235e-10
3.726447055881985,0.044764156472021546,7.09047137588109e-10,0.04476415718106869,0.4084253441406787,1.2625721005075166e-10
3.7514500562570317,0.044294281638194564,8.124311858884914e-10,0.04429428245062575,0.40763683394814165,1.4527797159700697e-10
3.7764530566320786,0.04383176634782366,9.303221091075133e-10,0.04383176727814577,0.406852075716887,1.6706500224120671e-10
3.8014560570071256,0.0433764577050218,1.0646710943871982e-09,0.04337645876969289,0.4060710552619688,1.9200541014880394e-10
3.8264590573821726,0.04292820676392813,1.2176796149612901e-09,0.04292820798160775,0.4052937579687216,2.2053821796971846e-10
3.8514620577572196,0.04248686840688025,1.391829848225413e-09,0.042486869798710095,0.404520168820546,2.5316100101309136e-10
3.876465058132266,0.042052301226947725,1.5899185652115597e-09,0.04205230281686629,0.40375027242539324,2.904373293628209e-10
3.901468058507313,0.041624367414649394,1.8150948587350172e-09,0.04162436922974425,0.40298405304101287,3.3300510532080906e-10
3.92647105888236,0.04120293264868475,2.0709021127907813e-09,0.04120293471958686,0.4022214945990293,3.815858971890546e-10
3.9514740592574067,0.040787865990518125,2.3613246540637623e-09,0.04078786835184278,0.4014625807279091,4.3699538094603234e-10
3.9764770596324537,0.04037903978266091,2.6908395678864925e-09,0.04037904247350047,0.4007072947748757,5.00155012914143e-10
4.001480060007501,0.03997632955050412,3.064474205842947e-09,0.03997633261497833,0.3999556198268294,5.721050691356794e-10
4.026483060382548,0.03957961390756096,3.4878699606992237e-09,0.039579617395430915,0.39920753873032633,6.540192009624233e-10
4.051486060757595,0.039188774463983916,3.967352936670936e-09,0.039188778431336856,0.39846303411066775,7.472206714119275e-10
4.076489061132642,0.0388036957382285,4.510012199450836e-09,0.038803700248240695,0.3977220883901511,8.532004532508571e-10
4.101492061507689,0.038424265071739766,5.123786351165013e-09,0.03842427019552612,0.3969846838055303,9.736373876379468e-10
4.126495061882736,0.038050372546544725,5.8175592407510956e-09,0.038050378364103965,0.3962508024247329,1.110420621607043e-09
4.151498062257782,0.0376819109056373,6.601265690418906e-09,0.037681917506902994,0.39552042616287897,1.2656745638128835e-09
4.17650106263283,0.03731877547604899,7.486008194121296e-09,0.037318782962057186,0.3947935367976479,1.4417866209221609e-09
4.201504063007876,0.036960864094501576,8.484185624600971e-09,0.0369608725786872,0.39407011598403485,1.6414380019417005e-09
4.226507063382923,0.03660807703554355,9.609635071855114e-09,0.036608086645178624,0.39335014526853995,1.8676379047714587e-09
4.25151006375797,0.03626031694207596,1.0877788028042998e-08,0.03626032781986399,0.3926336061028333,2.1237614284967126e-09
4.276513064133017,0.03591748875817718,1.230584223222518e-08,0.03591750106401941,0.39192047985693546,2.4135915865429256e-09
4.301516064508063,0.03557949966414007,1.3912950593131485e-08,0.03557951357709066,0.3912107478319559,2.741365829965756e-09
4.326519064883111,0.035246259013638696,1.5720428719670448e-08,0.03524627473406742,0.3905043912724293,3.1118275270017105e-09
4.351522065258157,0.03491767827294529,1.775198270737522e-08,0.034917696024928,0.38980139137829056,3.530282884733778e-09
4.376525065633205,0.034593670962121056,2.0033958954673817e-08,0.03459369099608001,0.3891017293165296,4.002663841507644e-09
4.401528066008251,0.03427415259810829,2.2595617916006598e-08,0.034274175193726206,0.3884053862325672,4.535597504750493e-09
4.426531066383298,0.03395904063965354,2.5469433839619937e-08,0.03395906610908738,0.38771234326139203,5.1364827582867745e-09
4.451534066758345,0.033648254433995044,2.869142268652749e-08,0.03364828312541773,0.3870225815385027,5.813574716304852e-09
4.476537067133392,0.033341715165249995,3.230150058384202e-08,0.03334174746675058,0.38633608221069626,6.576077758006969e-09
4.501540067508439,0.03303934580443997,3.6343875330584566e-08,0.033039382148315304,0.38565282644674653,7.4342479378738095e-09
4.526543067883486,0.032741071061095556,4.086747364729125e-08,0.032741111928569204,0.38497279544801893,8.39950563159965e-09
4.551546068258532,0.032446817336383126,4.592640704236368e-08,0.03244686326279017,0.38429597045906533,9.484559347317243e-09
4.57654906863358,0.03215651267769947,5.158047935816702e-08,0.03215656425817883,0.38362233277824714,1.0703541705938332e-08
4.601552069008626,0.03187008673468204,5.789573925839677e-08,0.0318701446304213,0.3829518637684367,1.2072158673502644e-08
4.626555069383673,0.031587470716584326,6.494508112514707e-08,0.03158753566166545,0.3822845448678456,1.360785321256303e-08
4.65155806975872,0.03130859735096846,7.280889804930964e-08,0.03130867015986651,0.3816203576010341,1.5329984609044638e-08
4.676561070133767,0.03103340084366859,8.157579082126312e-08,0.03103348241945941,0.3809592835901555,1.7260024825910826e-08
4.701564070508813,0.03076181683998046,9.134333706002777e-08,0.030761908183317522,0.3803013045664933,1.9421773335545144e-08
4.726567070883861,0.030493782387034665,1.0221892485784152e-07,0.030493884605959524,0.37964640238234915,2.1841591989208903e-08
4.751570071258907,0.03022923589731236,1.1432065556309223e-07,0.030229350217967924,0.3789945590233458,2.4548661594447416e-08
4.776573071633955,0.02996811711326391,1.277783205772194e-07,0.02996824489158449,0.3783457566212079,2.757526199006482e-08
4.801576072009001,0.029710367072992787,1.427344572999835e-07,0.029710509807450085,0.37769997746709105,3.095707753342411e-08
4.826579072384048,0.029455928076967796,1.5934548962177258e-07,0.02945608742245742,0.37705720402552706,3.4733530046513465e-08
4.851582072759095,0.02920474365572904,1.7778295863049914e-07,0.029204921438687668,0.37641741894906355,3.894814140555882e-08
4.876585073134142,0.028956758538553517,1.9823484947331524e-07,0.02895695677340299,0.3757806050936738,4.364892810408075e-08
4.901588073509189,0.028711918623048022,2.2090702058876638e-07,0.02871213953006861,0.37514674553501864,4.8888830271260906e-08
4.926591073884236,0.028470170945638154,2.4602474180193185e-07,0.028470416970379955,0.37451582358564794,5.472617778634879e-08
4.951594074259282,0.028231463652923283,2.738343480523612e-07,0.028231737487271334,0.3738878228132288,6.122519629564792e-08
4.97659707463433,0.02799574597386863,3.046050158006262e-07,0.02799605057888443,0.37326272705989677,6.845655611132715e-08
5.001600075009376,0.027762968192806676,3.3863066943261964e-07,0.027763306823476108,0.3726405204628268,7.649796715089224e-08
5.026603075384423,0.027533081623220837,3.7623202524951205e-07,0.027533457855246087,0.3720211874761266,8.54348232625143e-08
5.05160607575947,0.027306038582285964,4.177587808936007e-07,0.02730645634106686,0.3714047128941609,9.536089947440453e-08
5.076609076134517,0.027081792366140528,4.635919583141657e-07,0.027082255958098843,0.3707910818764155,1.063791059058842e-07
5.101612076509563,0.02686029722586665,5.14146408620568e-07,0.02686081137227527,0.3701802799740215,1.1860230228346747e-07
5.126615076884611,0.02664150834415494,5.698734873997277e-07,0.026642078217642338,0.3695722931580563,1.3215417721684463e-07
5.151618077259657,0.026425381812631897,6.31263909289338e-07,0.026426013076541185,0.36896710784975084,1.471701966067942e-07
5.176621077634705,0.026211874609828427,6.988507907938325e-07,0.02621257346061922,0.36836471095273166,1.63798625779312e-07
5.201624078009751,0.02600094457976893,7.732128905042022e-07,0.02600171779265943,0.3677650898874332,1.8220163016710556e-07
5.226627078384798,0.025792550411160877,8.549780560324218e-07,0.02579340538921691,0.3671682326278207,2.0255645959055685e-07
5.251630078759845,0.025586651617165997,9.448268870927406e-07,0.02558759644405309,0.3665741277405672,2.2505672142454217e-07
5.276633079134892,0.025383208515734307,1.0434966242523992e-06,0.025384252012358558,0.3659827644268342,2.4991374817448035e-07
5.301636079509939,0.025182182210483222,1.151785272929552e-06,0.02518333399575615,0.3653941325668079,2.7735806522376796e-07
5.326639079884986,0.024983534572104695,1.2705559722324366e-06,0.024984805128076926,0.3648082227671484,3.076409647544059e-07
5.351642080260032,0.02478722822028356,1.4007416182076224e-06,0.024788628961901767,0.3642250264115113,3.4103619208222275e-07
5.37664508063508,0.024593226506111267,1.5433497509917646e-06,0.02459476985586226,0.3636445357143068,3.7784175088635587e-07
5.401648081010126,0.024401493494979463,1.6994677152371195e-06,0.0244031929626947,0.3630667437778619,4.1838183404852e-07
5.426651081385173,0.02421199394993849,1.8702681030014911e-06,0.024213864218041493,0.3624916446531542,4.6300888704963857e-07
5.45165408176022,0.024024693315506523,2.0570144880537557e-06,0.024026750329994576,0.3619192334042896,5.121058110981743e-07
5.476657082135267,0.023839557701915367,2.2610674602426495e-06,0.02384181876937561,0.3613495061768958,5.660883133845427e-07
5.5016600825103135,0.023656553869779502,2.4838909682042183e-06,0.023659037760747705,0.36078246027060384,6.254074120675613e-07
5.526663082885361,0.023475649215175497,2.7270589782375586e-06,0.023478376274153733,0.3602180942157917,6.9055210380018e-07
5.5516660832604074,0.023296811755119252,2.9922624566552523e-06,0.023299804017575906,0.3596564078547618,7.620522017909983e-07
5.576669083635455,0.02312001011342891,3.281316682309303e-06,0.023123291430111218,0.3590974024275223,8.404813525732086e-07
5.601672084010501,0.022945213506962,3.596168895300658e-06,0.0229488096758573,0.35854108066234186,9.264602398113881e-07
5.626675084385548,0.022772391732215222,3.93890628709753e-06,0.022776330638502318,0.357987446871239,1.020659983617141e-06
5.651678084760595,0.022601515152276305,4.311764336408574e-06,0.022605826916612715,0.35743650705056873,1.123805743964099e-06
5.676681085135642,0.02243255468411716,4.717135494179537e-06,0.02243727181961134,0.35688826898685627,1.2366805368893252e-06
5.701684085510689,0.02226548178621832,5.157578220001281e-06,0.02227063936443832,0.35634274236802677,1.3601292722388997e-06
5.726687085885736,0.02210026844651477,5.635826371029405e-06,0.0221059042728858,0.35579993890016537,1.4950630217576844e-06
5.7516900862607825,0.021936887170653625,6.154798943219593e-06,0.021943041969596844,0.35525987242993606,1.6424635263347849e-06
5.77669308663583,0.021775310970554594,6.717610163272786e-06,0.021782028580717868,0.35472255907277306,1.8033879511934814e-06
5.8016960870108765,0.02161551335326423,7.327579928160619e-06,0.02162284093319239,0.3541880173469465,1.9789738977553362e-06
5.826699087385923,0.021457468310095328,7.98824458746081e-06,0.02146545655468279,0.35365626831358776,2.1704446808094512e-06
5.8517020877609704,0.02130115030604339,8.703368061972601e-06,0.021309853674105362,0.3531273357227434,2.3791148794764163e-06
5.876705088136017,0.02114653426947185,9.476953290204815e-06,0.021156011222762054,0.352601246165507,2.6063961702698956e-06
5.9017080885110635,0.02099359558205841,1.0313253992332105e-05,0.02100390883605074,0.3520780292322565,2.8538034503236552e-06
5.926711088886111,0.02084231006899501,1.1216786739098294e-05,0.02085352685573411,0.35155771767700345,3.1229612585650255e-06
5.9517140892611575,0.020692653989434023,1.2192343310913095e-05,0.020704846332744935,0.35104034758783104,3.4156105022749996e-06
5.976717089636205,0.020544604027173702,1.3245003330039855e-05,0.02055784903050374,0.3505259585633749,3.733615496076979e-06
6.0017200900112515,0.020398137281576082,1.4380147146309458e-05,0.020412517428722392,0.350014593895266,4.078971319937418e-06
6.026723090386298,0.020253231258710622,1.5603468954227216e-05,0.020268834727664848,0.34950630075642614,4.453811502240903e-06
6.0517260907613455,0.020109863862717348,1.6920990116663368e-05,0.02012678485283401,0.3490011303950688,4.860416033414749e-06
6.076729091136392,0.019968013387383184,1.833907266754625e-05,0.01998635246005073,0.34849913833422264,5.301219714923628e-06
6.1017320915114395,0.01982765850792549,1.9864432963113093e-05,0.019847522940888606,0.348000384576554,5.778820847729379e-06
6.126735091886486,0.019688778272977093,2.15041554483231e-05,0.019710282428425416,0.3475049338142231,6.295990263512521e-06
6.151738092261533,0.019551352096767064,2.32657065020169e-05,0.019574617803269082,0.3470128556434634,6.855680701080088e-06
6.17674109263658,0.01941535975149187,2.515694832131502e-05,0.019440516699813185,0.3465242247835262,7.461036529434369e-06
6.2017440930116265,0.019280781359871612,2.71861528026074e-05,0.019307967512674218,0.3460391212995833,8.115403817950635e-06
6.226747093386673,0.01914759738788623,2.9362015373302116e-05,0.01917695940325953,0.3455576308291289,8.822340753005866e-06
6.2517500937617205,0.01901578863768668,3.169366872528742e-05,0.019047482306411966,0.34507984481136494,9.585628399213772e-06
6.276753094136767,0.018885336240676384,3.41906963978372e-05,0.018919526937074223,0.3446058607190025,1.0409281802155366e-05
6.301756094511814,0.018756221650758152,3.6863146154466875e-05,0.01879308479691262,0.3441357822918469,1.1297561428147245e-05
6.326759094886861,0.01862842663774221,3.972154309504048e-05,0.01866814818083725,0.34366971977148014,1.2254984935161408e-05
6.351762095261908,0.01850193328091087,4.2776902441264706e-05,0.018544710183352135,0.34320779013628694,1.3286339267503906e-05
6.376765095636955,0.018376723962735597,4.604074193059615e-05,0.018422764704666195,0.34275011733600885,1.4396693065274139e-05
6.401768096012002,0.01825278136274246,4.952509375055015e-05,0.01830230645649301,0.3422968325249467,1.5591409377962807e-05
6.426771096387048,0.01813008845152182,5.324251594247001e-05,0.01818333096746429,0.3418480742928634,1.6876158669811416e-05
6.451774096762096,0.018008628484878542,5.720610320099266e-05,0.018065834588079536,0.34140398889257323,1.825693210274515e-05
6.476777097137142,0.017888384998118893,6.142949699277767e-05,0.017949814495111672,0.34096473046313686,1.9740055080814507e-05
6.5017800975121895,0.017769341800470486,6.592689491555958e-05,0.017835268695386045,0.34053046124751185,2.1332201038138927e-05
6.526783097887236,0.017651482969631812,7.071305921626194e-05,0.017722196028848072,0.34010135180344386,2.3040405450341066e-05
6.551786098262283,0.017534792846447825,7.580332438481799e-05,0.017610596170832642,0.33967758120631436,2.48720800474052e-05
6.57678909863733,0.017419256029708334,8.1213603738474e-05,0.017500469633446807,0.3392593372425976,2.683502720378293e-05
6.601792099012377,0.017304857371066008,8.696039490976111e-05,0.01739181776597577,0.33884681659251564,2.893745447942038e-05
6.626795099387423,0.01719158197007073,9.306078415001828e-05,0.017284642754220748,0.33844022500041626,3.118798928319437e-05
6.651798099762471,0.01707941516931739,9.953244935935708e-05,0.01717894761867675,0.3380397774313446,3.359569362802763e-05
6.676801100137517,0.01696834254970414,0.00010639366175331807,0.01707473621145746,0.3376456982122193,3.6170078944718676e-05
6.701804100512564,0.016858349925798176,0.0001136632860761918,0.016972013211874366,0.3372582211559757,3.892112091927509e-05
6.726807100887611,0.016749423341306358,0.00012136077927108358,0.01687078412057744,0.33687758966699205,4.185927431628664e-05
6.751810101262658,0.016641549064647924,0.00012950618751733436,0.016771055252165257,0.3365040568260709,4.499548774863544e-05
6.776813101637705,0.01653471358462667,0.0001381201415468759,0.016672833726173546,0.33613788545321677,4.8341218351617945e-05
6.801816102012752,0.016428903606200078,0.0001472238501525103,0.016576127456352587,0.33577934814641996,5.1908446317356464e-05
6.826819102387798,0.01632410604634288,0.00015683909180302165,0.0164809451381459,0.3354287272946367,5.5709689243232425e-05
6.851822102762846,0.01622030803000269,0.00016698820428240774,0.016387296234285097,0.33508631506314457,5.975801624596972e-05
6.876825103137892,0.01611749688614538,0.00017769407227344146,0.01629519095841882,0.3347524133494487,6.406706179096862e-05
6.90182810351294,0.01601566014388787,0.00018898011280920967,0.01620464025669708,0.3344273337079208,6.865103918453949e-05
6.926831103887986,0.01591478552871618,0.0002008702585202435,0.01611565578723642,0.3341113972413717,7.352475367482067e-05
6.951834104263033,0.015814860958786616,0.00021338893860940085,0.016028249897396016,0.3338049344577879,7.870361510542015e-05
6.97683710463808,0.015715874541307958,0.00022656105749172567,0.015942435598799685,0.3335082850905036,8.420365006417944e-05
7.001840105013127,0.015617814569002677,0.000240411971042168,0.015858226540044845,0.333221797880135,9.004151346796422e-05
7.026843105388173,0.015520669516645158,0.00025496746040025653,0.015775636977045416,0.33294583031667224,9.623449952303687e-05
7.051846105763221,0.015424428037675107,0.0002702537032875729,0.01569468174096268,0.332680748340208,0.00010280055199937169
7.076849106138267,0.015329078960884184,0.00028629724280121113,0.015615376203685395,0.33242692599887835,0.00010975827375626687
7.101852106513314,0.015234611287174096,0.0003031249536542809,0.015537736240828376,0.3321847450627064,0.00011712693545578559
7.126855106888361,0.01514101418638445,0.00032076400584290084,0.015461778192227351,0.331954594592168,0.00012492648339993358
7.151858107263408,0.015048276994188587,0.00033924182572806855,0.015387518819916655,0.3317368704604437,0.00013317754642708452
7.176861107638455,0.014956389209055728,0.00035858605453021816,0.015314975263585946,0.3315319748284846,0.00014190144180299276
7.201864108013502,0.01486534048927787,0.0003788245042441506,0.01524416499352202,0.3313403155721955,0.00015112018004179216
7.226867108388548,0.014775120650059854,0.0003999851109924033,0.015175105761052257,0.33116230566123633,0.00016085646859271687
7.251870108763596,0.014685719660671004,0.000422095885845851,0.015107815546516854,0.33099836248915115,0.00017113371432885
7.276873109138642,0.014597127641656986,0.00044518486315149125,0.015042312504808477,0.3308489071547626,0.00018197602477507558
7.30187610951369,0.014509334862110266,0.00046928004641885686,0.014978614908529123,0.33071436369500856,0.00019340820801355313
7.326879109888736,0.014422331736997935,0.0004944093518282442,0.01491674108882618,0.3305951582696569,0.00020545577120645347
7.351882110263783,0.014336108824545401,0.0005206005494360283,0.014856709373981428,0.3304917182986017,0.00021814491767744676
7.37688511063883,0.014250656823674669,0.0005478812021645176,0.014798538025839187,0.3304044715527253,0.00023150254249544664
7.401888111013877,0.014165966571495922,0.0005762786026762127,0.014742245174172134,0.33033384519960474,0.00024555622650646914
7.426891111388923,0.014082029040851094,0.0006058197082448018,0.014687848749095896,0.3302802648056423,0.00026033422876211914
7.451894111763971,0.013998835337908263,0.000636531073747702,0.014635366411655965,0.3302441532965077,0.00027586547729616866
7.476897112139017,0.013916376699805635,0.0006684387829174416,0.014584815482723076,0.3302259298780951,0.00029217955820398016
7.501900112514064,0.013834644492343944,0.0007015683780015578,0.014536212870345502,0.3302260089205169,0.00030930670298311727
7.526903112889111,0.013753630207726145,0.0007359447879928485,0.014489574995718993,0.3302447988079714,0.0003272777740973642
7.551906113264158,0.013673325462343322,0.0007715922556038248,0.014444917717947146,0.33028270075764304,0.00034612424873058627
7.576909113639205,0.013593721994605679,0.0008085342631708681,0.014402256257776547,0.33034010761110194,0.00036587820070135927
7.601912114014252,0.013514811662817636,0.0008467934576848508,0.014361605120502486,0.330417402601977,0.0003865722805140495
7.626915114389298,0.013436586443095935,0.000886391575155878,0.014322978018251813,0.3305149581039721,0.0004082396935271204
7.651918114764346,0.01335903842732983,0.0009273493645300607,0.014286387791859891,0.33063313436357356,0.00043091417622472363
7.676921115139392,0.013282159821182343,0.0009696865113860013,0.014251846332568345,0.330772278222066,0.00045462997058322665
7.70192411551444,0.013205942942131668,0.0010134215616477325,0.0142193645037794,0.330932721831717,0.0004794217965301377
7.726927115889486,0.013130380217551803,0.001058571845559125,0.01418895206311093,0.3311147813712156,0.0005053248224988812
7.751930116264533,0.013055464182831504,0.0011051534021723896,0.014160617585003895,0.33131875576564757,0.0005323746340891456
7.77693311663958,0.012981187479530691,0.0011531809046098581,0.014134368384140549,0.33154492541646013,0.0005606072008488752
7.801936117014627,0.012907542853573492,0.0012026675863640191,0.014110210439937512,0.3317935509470088,0.0005900588412005615
7.826939117389673,0.012834523153477023,0.0012536251689054929,0.014088148322382517,0.33206487196938406,0.0006207661855411754
7.851942117764721,0.012762121328615159,0.001306063790872282,0.014068185119487441,0.33235910587828693,0.0006527661375518396
7.876945118139767,0.012690330427516489,0.0013599919391162425,0.014050322366632732,0.33267644667775575,0.0006860958337602386
7.901948118514814,0.012619143596195679,0.0014154163818841554,0.014034559978079834,0.3330170638465411,0.0007207926014056788
7.926951118889861,0.012548554076517511,0.001472342104410962,0.014020896180928473,0.3333811012478805,0.0007568939146636204
7.951954119264908,0.012478555204592887,0.001530772247201783,0.01400932745179467,0.3337686760893382,0.000794437349293461
7.976957119639955,0.012409140409205996,0.0015907080472770852,0.013999848456483081,0.3341798779382492,0.0008334605357802401
8.001960120015001,0.012340303210272099,0.0016521487826517503,0.013992451992923849,0.33461476779813687,0.0008740011110477051
8.026963120390048,0.01227203721732509,0.0017150917203140868,0.013987128937639176,0.3350733772512673,0.00091609666882697
8.051966120765094,0.012204336128034354,0.0017795320679644766,0.01398386819599883,0.33555570767225384,0.0009597847087714562
8.076969121140142,0.012137193726750086,0.00184546292976611,0.013982656656516197,0.33606172951734026,0.0010051025844153576
8.101972121515189,0.012070603883076623,0.0019128752663511968,0.01398347914942782,0.3365913816936689,0.0010520874500788958
8.126975121890235,0.012004560550473062,0.0019817578593161918,0.013986318409789254,0.3371445710124852,0.0011007762068297592
8.151978122265282,0.011939057764880573,0.0020520972804280277,0.0139911550453086,0.33772117172984173,0.001151205447615715
8.17698112264033,0.011874089643375928,0.0021238778657507017,0.01399796750912663,0.33832102517795304,0.001203411401688763
8.201984123015377,0.011809650382850539,0.002197081694887822,0.014006732077738362,0.33894393948991064,0.0012574298784463677
8.226987123390423,0.011745734258714571,0.0022716885755214977,0.014017422834236069,0.3395896894200103,0.0013132962108198863
8.25199012376547,0.011682335623625462,0.0023476760334118947,0.014030011657037357,0.34025801626146396,0.0013710451983447076
8.276993124140517,0.011619448906240499,0.0024250193080043764,0.014044468214244875,0.34094862786278357,0.0014307110500504166
8.301996124515563,0.011557068609992746,0.0025036913537730336,0.01406075996376578,0.34166119874361955,0.0014923273273128727
8.32699912489061,0.011495189311889953,0.0025836628474100606,0.014078852159300013,0.3423953703103409,0.0015559268868129627
8.352002125265658,0.011433805661335913,0.0026649022009503243,0.014098707862286237,0.34315075117113514,0.0016215418237492704
8.377005125640704,0.011372912378973778,0.002747375580899767,0.014120287959873546,0.34392691754991117,0.001689203415453995
8.402008126015751,0.01131250425555087,0.0028310469334145985,0.014143551188965469,0.34472341379779764,0.0017589420655627825
8.427011126390799,0.011252576150804564,0.0029158780155560636,0.014168454166360627,0.34553975300054707,0.001830787248890024
8.452014126765844,0.011193122992368758,0.003001828432623128,0.014194951424991886,0.34637541767969965,0.0019047674571616411
8.477017127140892,0.011134139774700501,0.003088855681542238,0.01422299545624274,0.34722986058491107,0.0019809101457570273
8.502020127515939,0.01107562155802641,0.0031769152002700325,0.014252536758296443,0.3481025055744315,0.002059241681610984
8.527023127890985,0.011017563467308351,0.003265960423141611,0.014283523890449963,0.3489927485803254,0.002139787292425251
8.552026128266032,0.010959960691228092,0.0033559428420733063,0.014315903533301397,0.3498999586546554,0.002222571017337099
8.57702912864108,0.010902808481190495,0.003446812073505493,0.014349620554695987,0.35082347909251205,0.0023076156591898857
8.602032129016125,0.01084610215034482,0.0035385159309479345,0.014384618081292754,0.3517626286274688,0.0023949427385474686
8.627035129391173,0.010789837072623806,0.003631000502967073,0.01442083757559088,0.3527167026947643,0.0024845724495905115
8.65203812976622,0.010734008681800179,0.0037242102364322066,0.014458218918232384,0.3536849747572745,0.0025765236180283883
8.677041130141268,0.01067861247056018,0.0038180880248157574,0.014496700495375938,0.35466669768913506,0.0026708136611557397
8.702044130516313,0.010623643989593787,0.003912575301321347,0.014536219290915135,0.35566110521169736,0.0027674585501771187
8.72704713089136,0.010569098846701284,0.0040076121365930995,0.014576710983294383,0.356667413376372,0.002866472774917429
8.752050131266408,0.01051497270591586,0.004103137340739841,0.0146181100466557,0.35768482208880464,0.0029678693110292646
8.777053131641454,0.010461261286641875,0.004199088569389484,0.014660349856031358,0.3587125166687655,0.0030716595898016034
8.802056132016501,0.010407960362808501,0.004295402433471236,0.014703362796279738,0.3597496694400946,0.003177853470666785
8.827059132391549,0.010355065762038417,0.004392014612406972,0.014747080374445389,0.36079544134503744,0.003286459216494928
8.852062132766594,0.010302573364831267,0.004488859970378275,0.01479143333520954,0.3618489835773342,0.003397483471756985
8.877065133141642,0.010250479103761527,0.0045858726753218605,0.014836351779083387,0.3629094392284735,0.0035109312436289327
8.90206813351669,0.010198778962690587,0.004682986320293884,0.01488176528298447,0.36397594494160057,0.003626805886100754
8.927071133891735,0.010147468975992675,0.004780134046833168,0.014927603022825843,0.3650476325676741,0.003745109087144944
8.952074134266782,0.010096545227794362,0.004877248669944074,0.014973793897738435,0.36612363081858845,0.003865840858989723
8.97707713464183,0.01004600385122744,0.004974262804312338,0.01502026665553978,0.36720306691212323,0.0039889995315325315
9.002080135016877,0.009995841027694819,0.0050711089913615,0.015066950019056318,0.3682850682037476,0.004114581748919893
9.027083135391923,0.00994605298614922,0.005167719826753311,0.015113772812902531,0.3693687638004835,0.0042425824693095695
9.05208613576697,0.009896636002384425,0.005264028087933284,0.015160664090317709,0.3704532861522288,0.004372994967821224
9.077089136142018,0.009847586398338838,0.005359966861321762,0.0152075532596606,0.3715377726161451,0.004505810842671587
9.102092136517063,0.009798900541411061,0.005455469668752258,0.015254370210163319,0.3726213669899348,0.004641020024480448
9.12709513689211,0.009750574843787291,0.005550470592761488,0.015301045436548779,0.37370322101005443,0.004778610788723637
9.152098137267158,0.009702605761780341,0.00564490440034016,0.015347510162120503,0.3747824958111462,0.0049185697712992955
9.177101137642204,0.00965498979517995,0.005738706664760021,0.015393696459939972,0.37585836334320655,0.005060881987164333
9.202104138017251,0.009607723486614268,0.00583181388510053,0.015439537371714798,0.37693000774325297,0.005205530851988161
9.227107138392299,0.009560803420922245,0.005924163603108091,0.015484967024030336,0.3779966266584924,0.005352498206761526
9.252110138767344,0.009514226224536721,0.006015694517032133,0.015529920741568854,0.37905743251824314,0.005501764345289455
9.277113139142392,0.009467988564877997,0.006106346592094897,0.015574335156972895,0.3801116537521055,0.005653308044488377
9.30211613951744,0.009422087149757718,0.0061960611672658705,0.015618148317023588,0.3811585359521183,0.0058071065973990185
9.327119139892485,0.009376518726792835,0.0062847810580275235,0.015661299784820358,0.3821973429768868,0.005963135848818967
9.352122140267532,0.009331280082829446,0.0063724506548356145,0.01570373073766506,0.38322735799589935,0.006121370233450857
9.37712514064258,0.009286368043376389,0.006459016016995314,0.015745384060371702,0.38424788447249053,0.006281782816454955
9.402128141017625,0.009241779472048302,0.0065444249616936215,0.015786204433741922,0.38525824708413725,0.006444345336288477
9.427131141392673,0.009197511270018046,0.006628627147948477,0.015826138417966523,0.3862577925790018,0.006609028249707427
9.45213414176772,0.009153560375478294,0.006711574155255882,0.015865134530734175,0.3872458905678542,0.00677580077880104
9.477137142142768,0.009109923763112081,0.006793219556738273,0.015903143319850356,0.388221934250724,0.006944630959924004
9.502140142517813,0.009066598443572186,0.006873518986619532,0.01594011743019172,0.38918534107783737,0.007115485694386617
9.52714314289286,0.00902358146296914,0.006952430201875089,0.015976011664844227,0.39013555334459976,0.007288330800759276
9.552146143267908,0.008980869902367747,0.007029913137928783,0.01601078304029653,0.39107203872057605,0.007463131068643855
9.577149143642954,0.008938460877291885,0.0071059299582919575,0.016044390835583844,0.3919942907126131,0.007639850313762052
9.602152144018001,0.008896351537237512,0.007180445098063904,0.016076796635301416,0.3929018290624274,0.00781845143420812
9.627155144393049,0.008854539065193649,0.007253425301236685,0.016107964366430333,0.3937942000791526,0.00799889646771167
9.652158144768094,0.00881302067717126,0.007324839651771284,0.016137860328942544,0.39467097690751557,0.008181146649755456
9.677161145143142,0.0087717936217398,0.00739465959843553,0.01616645322017533,0.3955317597324581,0.008365162472392171
9.70216414551819,0.008730855179571388,0.007462858973417591,0.01619371415298898,0.3963761759211824,0.00855090374360433
9.727167145893235,0.008690202662992356,0.007529414004751891,0.016219616667744248,0.39720388010373736,0.008738329647052309
9.752170146268282,0.00864983341554212,0.007594303322616582,0.016244136738158704,0.39801455419340026,0.00892739880205646
9.77717314664333,0.008609744811539206,0.007657507959583544,0.016267252771122752,0.39880790734823784,0.009118069323660962
9.802176147018377,0.008569934255654285,0.00771901134492306,0.016288945600577344,0.39958367587535304,0.009310298882629714
9.827179147393423,0.008530399182490118,0.00777879929308548,0.016309198475575597,0.4003416230794359,0.009504044765226972
9.85218214776847,0.008491137056168241,0.007836859986501679,0.01632799704266992,0.4010815390573455,0.009699263932639037
9.877185148143518,0.008452145369922334,0.007893183952862443,0.016345329322784777,0.40180324044054766,0.009895913079896753
9.902188148518563,0.008413421645698076,0.00794776403705442,0.016361185682752494,0.4025065700873258,0.01009394869416324
9.92719114889361,0.008374963433759406,0.008000595367946423,0.01637555880170583,0.4031913967267667,0.010293327112255553
9.952194149268658,0.008336768312301093,0.008051675320235,0.016388443632536092,0.403857614556597,0.010494004577274035
9.977197149643704,0.008298833887067453,0.008101003471572157,0.01639983735863961,0.4045051427970224,0.010695937294218808
10.002200150018751,0.008261157790977115,0.008148581555210617,0.01640973934618773,0.4051339252027748,0.010899081484478315
10.027203150393799,0.008223737683753783,0.008194413408413367,0.016418151092167148,0.4057439295356368,0.01110339343908076
10.052206150768844,0.008186571251562781,0.00823850491688429,0.016425076168447073,0.40633514699975243,0.011308829570606015
10.077209151143892,0.008149656206653368,0.008280863955485314,0.01643052016213868,0.4069075916420805,0.011515346463661718
10.10221215151894,0.008112990287006681,0.008321500325512734,0.016434490612519413,0.40746129972037537,0.011722900923833952
10.127215151893985,0.008076571255989207,0.008360425688811481,0.016436996944800688,0.4079963290411087,0.011931450025030267
10.152218152269032,0.008040396902011679,0.008397653499010569,0.016438050401022246,0.4085127582697648,0.012140951155139362
10.17722115264408,0.008004465038193322,0.008433198930166261,0.016437663968359585,0.40901068621595277,0.0123513620599389
10.202224153019126,0.007968773502031333,0.008467078803101467,0.016435852305132802,0.4094902310957869,0.012562640885190535
10.227227153394173,0.007933320155075491,0.008499311509730507,0.016432631664805998,0.4099515297739829,0.012774746216868004
10.25223015376922,0.007898102882607859,0.008529916935657716,0.016428019818265575,0.41039473698811085,0.01298763711947141
10.277233154144268,0.007863119593327417,0.008558916381336644,0.01642203597466406,0.41082002455742994,0.013201273172388377
10.302236154519314,0.007828368219039587,0.008586332482073428,0.016414700701113016,0.4112275805787107,0.013415614504269424
10.327239154894361,0.007793846714350557,0.00861218912715393,0.016406035841504487,0.41161760861142155,0.01363062182539231
10.352242155269408,0.007759553056366295,0.00863651137836885,0.016396064434735146,0.41199032685462245,0.013846256457996644
10.377245155644454,0.007725485244396206,0.008659325388204913,0.01638481063260112,0.4123459673178722,0.014062480364577329
10.402248156019501,0.00769164129966132,0.008680658317962954,0.016372299617624275,0.4126847749884055,0.014279256174131645
10.427251156394549,0.007658019265006953,0.008700538256055629,0.01635855752106258,0.41300700699679,0.014496547206361125
10.452254156769595,0.007624617204619751,0.008718994136728624,0.016343611341348374,0.41331293178321343,0.014714317493836077
10.477257157144642,0.007591433203749037,0.008736055659439525,0.016327488863188563,0.41360282826649264,0.01493253180213611
10.50226015751969,0.007558465368432406,0.008751753209118154,0.01631021857755056,0.41387698501782716,0.015151155647985762
10.527263157894735,0.007525711825225483,0.008766117777521313,0.016291829602746798,0.4141356994412522,0.015370155315410236
10.552266158269783,0.007493170720935746,0.008779180885883288,0.016272351606819033,0.41437927696266785,0.015589497869940948
10.57726915864483,0.007460840222360408,0.008790974509051613,0.01625181473141202,0.4146080302292445,0.015809151170905547
10.602272159019877,0.00742871851602821,0.008801531001285244,0.016230249517313455,0.41482227832091934,0.016029083881842036
10.627275159394923,0.007396803807945127,0.008810883023879695,0.016207686831824823,0.4150223459756163,0.016249265479080365
10.65227815976997,0.007365094323343864,0.008819063474770803,0.016184157798114666,0.41520856282972746,0.016469666258539278
10.677281160145018,0.0073335883064371285,0.008826105420255788,0.016159693726692917,0.41538126267530645,0.01669025734078934
10.702284160520064,0.007302284020174568,0.008832042028957189,0.01613432604913176,0.415540782735328,0.016911010674436983
10.727287160895111,0.007271179746003334,0.00883690650814209,0.016108086254145424,0.4156874629582726,0.017131899037886877
10.752290161270158,0.007240273783632222,0.008840732042495945,0.016081005826128168,0.4158216453331957,0.017352896039542653
10.777293161645204,0.00720956445079931,0.0088435517354374,0.01605311618623671,0.41594367322634546,0.017573976116508693
10.802296162020252,0.0071790500830430076,0.008845398553047596,0.016024448636090604,0.4160538907402888,0.017795114531857285
10.827299162395299,0.007148729033476538,0.008846305270674853,0.01599503430415139,0.4161526420964096,0.018016287370527163
10.852302162770345,0.007118599672565723,0.00884630442226334,0.015964904094829063,0.4162402710415399,0.018237471533921197
10.877305163145392,0.0070886603879100184,0.008845428252442271,0.01593408864035229,0.4163171202793855,0.018458644733271648
10.90230816352044,0.007058909584026815,0.00884370867140051,0.015902618255427325,0.41638353092731045,0.018679785481842202
10.927311163895485,0.007029345682138851,0.008841177212560268,0.01587052289469912,0.41643984199894296,0.018900873086036857
10.952314164270533,0.006999967119964766,0.008837864993052683,0.01583783211301745,0.4164863899129715,0.019121887635485568
10.97731716464558,0.0069707723515127044,0.008833802676987853,0.015804575028500557,0.41652350802840415,0.019342809992176437
11.002320165020626,0.006941759846876923,0.008829020441501948,0.01577078028837887,0.4165515262064714,0.01956362177870442
11.027323165395673,0.0069129280920373504,0.00882354794555481,0.01573647603759216,0.41657077039926116,0.019784305365705485
11.05232616577072,0.006884275588662066,0.008817414301442655,0.01570168989010472,0.41658156226508875,0.020004843858544424
11.077329166145768,0.00685580085391263,0.008810648048982293,0.015666448902894925,0.41658421881051894,0.020225221083323943
11.102332166520814,0.006827502420252236,0.008803277132315747,0.015630779552567982,0.4165790520588755,0.020445421572280954
11.127335166895861,0.006799378835256598,0.008795328879277012,0.01559470771453361,0.41656636874499603,0.020665430548635035
11.152338167270909,0.006771428661427611,0.008786829983256379,0.015558258644683989,0.41654647003591544,0.020885233910952067
11.177341167645954,0.006743650476009644,0.008777806487491848,0.015521456963501493,0.41651965127709184,0.021104818217084896
11.202344168021002,0.006716042870808473,0.008768283771711911,0.015484326642520384,0.4164862017637204,0.02132417066775064
11.227347168396049,0.006688604452012822,0.00875828654104939,0.015446890993062212,0.4164464045366216,0.021543279089802272
11.252350168771095,0.006661333840018432,0.008747838817141853,0.015409172657160285,0.4164005362021289,0.0217621319192505
11.277353169146142,0.0066342296692546345,0.008736963931330723,0.015371193600585357,0.4163488667753525,0.021980718184089344
11.30235616952119,0.00660729058801341,0.008725684519868155,0.015332975107881563,0.41629165954614084,0.022199027486976667
11.327359169896235,0.006580515258280852,0.008714022521038438,0.01529453777931929,0.41622917096702483,0.022417049987818904
11.352362170271283,0.0065539023555710105,0.008701999174098739,0.01525590152966975,0.41616165056238263,0.02263477638630658
11.37736517064633,0.00652745056876212,0.00868963501994265,0.015217085588704769,0.4160893408580348,0.022852197904444732
11.402368171021378,0.006501158599935081,0.008676949903389113,0.015178108503324194,0.41601247733044344,0.02306930626912041
11.427371171396423,0.00647502516421427,0.008663962976998882,0.015138988141213151,0.4159312883746683,0.0232860936947464
11.45237417177147,0.0064490489896105365,0.008650692706320625,0.015099741695931162,0.4158459952902069,0.023502552866018326
11.477377172146518,0.0064232288168664334,0.008637156876469296,0.01506038569333573,0.415756812283832,0.023718676920819456
11.502380172521564,0.006397563399303606,0.00862337259994012,0.015020935999243727,0.4156639464885262,0.023934459433305532
11.527383172896611,0.006372051502672285,0.008609356325562725,0.01498140782823501,0.41556759799760357,0.02414989439719925
11.552386173271659,0.0063466919050029205,0.008595123848501522,0.014941815753504444,0.4154679599131049,0.024364976209321564
11.577389173646704,0.006321483396459836,0.00858069032121014,0.014902173717669977,0.41536521840755375,0.02457969965338507
11.602392174021752,0.006296424779196939,0.008566070265249895,0.014862495044446835,0.415259552798159,0.024794059884072125
11.6273951743968,0.006271514867215417,0.00855127758388458,0.014822792451099999,0.41515113563256145,0.02500805241141799
11.652398174771845,0.006246752486223421,0.008536325575366446,0.014783078061589867,0.4150401327852277,0.025221673085517683
11.677401175146892,0.006222136473497635,0.008521226946830971,0.014743363420328606,0.4149267035636089,0.02543491808157263
11.70240417552194,0.006197665677746819,0.008505993828721064,0.014703659506467882,0.41481100082319733,0.025647783885291202
11.727407175896985,0.006173338958977175,0.008490637789664303,0.014663976748641477,0.41469317109063253,0.025860267278655702
11.752410176272033,0.006149155188359567,0.008475169851730125,0.014624325040089693,0.41457335469402756,0.026072365326066087
11.77741317664708,0.006125113248098589,0.008459600505997195,0.014584713754095785,0.4144516858997121,0.026284075360868887
11.802416177022126,0.006101212031303379,0.008443939728364538,0.014545151759667918,0.4143282930546096,0.02649539497227856
11.827419177397173,0.00607745044186022,0.008428196995543492,0.014505647437403712,0.4142032987334973,0.026706321992696423
11.85242217777222,0.006053827394306875,0.008412381301171081,0.014466208695477956,0.4140768198904211,0.026916854485430807
11.877425178147268,0.00603034181370861,0.00839650117198884,0.01442684298569745,0.41394896801357073,0.02712699073282108
11.902428178522314,0.0060069926355359165,0.008380564684034694,0.01438755731957061,0.4138198492829485,0.027336729224766244
11.927431178897361,0.005983778805543871,0.00836457947879895,0.014348358284342822,0.4136895647301982,0.02754606864765802
11.952434179272409,0.005960699279653144,0.008348552779298999,0.014309252058952143,0.4135582103999916,0.02775500787371674
11.977437179647454,0.005937753023832593,0.008332491406030597,0.01427024442986319,0.4134258775124029,0.027963545950727715
12.002440180022502,0.005914939013983434,0.008316401792757106,0.014231340806740541,0.41329265262573506,0.02817168209217442
12.02744318039755,0.005892256235824989,0.008300290002101274,0.014192546237926262,0.413158617799294,0.028379415667763867
12.052446180772595,0.005869703684781946,0.008284161740907323,0.01415386542568927,0.4130238507556409,0.02858674619433905
12.077449181147642,0.005847280365873118,0.008268022375344282,0.0141153027412174,0.4128884250418836,0.0287936733271723
12.10245218152269,0.005824985293601719,0.008251876945724457,0.014076862239326176,0.4127524101896044,0.029000196851632513
12.127455181897735,0.005802817491847068,0.008235730181013869,0.014038547672860937,0.41261587187304827,0.029206316675219234
12.152458182272783,0.005780775993757746,0.008219586513014217,0.014000362506771964,0.41247887206523204,0.02941203281995539
12.17746118264783,0.0057588598416461806,0.008203450090198697,0.013962309931844878,0.41234146919166315,0.029617345415130166
12.202464183022878,0.005737068086884607,0.008187324791186423,0.01392439287807103,0.4122037182813864,0.02982225469038346
12.227467183397923,0.005715399789802419,0.008171214237842726,0.013886614027645145,0.4120656711151079,0.03002676096912247
12.25247018377297,0.0056938540195848675,0.008155121807994825,0.013848975827579692,0.4119273763701713,0.030230864662261082
12.277473184148018,0.005672429854173101,0.008139050647754574,0.013811480501927674,0.41178887976219103,0.030434566262272176
12.302476184523064,0.005651126380165506,0.008123003683441972,0.013774130063607478,0.41165022418317004,0.030637866337543136
12.327479184898111,0.005629942692720356,0.008106983633105086,0.013736926325825441,0.4115114498359578,0.030840765527024454
12.352482185273159,0.005608877895459726,0.008090993017633753,0.013699870913093479,0.411372594364925,0.03104326453516117
12.377485185648204,0.005587931100374672,0.00807503417146611,0.013662965271840782,0.41123369298275547,0.031245364127097202
12.402488186023252,0.005567101427731632,0.0080591092528885,0.013626210680620133,0.41109477859327653,0.031447065124142304
12.4274911863983,0.005546388005980068,0.00804322025393072,0.013589608259910789,0.4109558819102689,0.031648368399491374
12.452494186773345,0.005525789971661288,0.008027369009859855,0.013553158981521143,0.41081703157221583,0.031849274874186255
12.477497187148392,0.005505306469318458,0.008011557208277075,0.013516863677595532,0.41067825425296933,0.032049785513309975
12.50250018752344,0.005484936651407792,0.00799578639782287,0.013480723049230661,0.410539574768326,0.03224990132240339
12.527503187898485,0.005464679678210864,0.007980057996497108,0.013444737674707972,0.4104010161785214,0.03244962334409482
12.552506188273533,0.005444534717748076,0.00796437329960115,0.013408908017349227,0.4102625998866662,0.03264895265493295
12.57750918864858,0.00542450094569323,0.00794873348731,0.013373234433003228,0.41012434573315654,0.032847890362413604
12.602512189023626,0.005404577545289192,0.007933139631883112,0.013337717177172304,0.4099862720861075,0.03304643760219141
12.627515189398673,0.005384763707264649,0.007917592704523033,0.013302356411787682,0.40984839592786476,0.03324459553546738
12.652518189773721,0.005365058629751931,0.007902093581891511,0.013267152211643443,0.4097107329376609,0.03344236534654356
12.677521190148768,0.005345461518205877,0.007886643052293155,0.013232104570499031,0.4095732975704909,0.03363974824053658
12.702524190523814,0.005325971585323739,0.007871241821536942,0.01319721340686068,0.4094361031322873,0.03383674544124173
12.727527190898861,0.005306588050966105,0.007855890518486223,0.013162478569452327,0.4092991618514849,0.034033358189139745
12.752530191273909,0.00528731014207884,0.007840589700308001,0.013127899842386841,0.4091624849470662,0.034229587739538464
12.777533191648955,0.005268137092615999,0.007825339857432365,0.013093476950048364,0.4090260826931866,0.03442543536084228
12.802536192024002,0.005249068143463721,0.007810141418233079,0.013059209561696799,0.4088899644804812,0.03462090233294203
12.82753919239905,0.005230102542365101,0.007794994753440297,0.013025097295805397,0.4087541388741582,0.03481598994571854
12.852542192774095,0.005211239543845992,0.007779900180296364,0.012991139724142356,0.40861861366898505,0.03501069949765329
12.877545193149142,0.005192478409141743,0.007764857966465567,0.01295733637560731,0.40848339594127747,0.03520503229454005
12.90254819352419,0.00517381840612488,0.007749868333708628,0.012923686739833507,0.40834849209800117,0.03539898964829106
12.927551193899236,0.005155258809233663,0.007734931461332523,0.012890190270566187,0.40821390792309636,0.03559257287583252
12.952554194274283,0.005136798899401562,0.007720047489426099,0.012856846388827661,0.4080796486211361,0.03578578329808361
12.97755719464933,0.005118437963987608,0.007705216521891714,0.012823654485879321,0.40794571885842895,0.0359786222390137
13.002560195024378,0.005100175296707612,0.007690438629282894,0.012790613925990506,0.4078121228016752,0.03617109102477316
13.027563195399424,0.005082010197566245,0.007675713851457798,0.012757724049024043,0.4076788641542847,0.03636319098289264
13.052566195774471,0.005063941972789956,0.0076610422000579605,0.012724984172847916,0.40754594619046314,0.03655492344154667
13.077569196149518,0.005045969934760735,0.007646423660821549,0.012692393595582285,0.40741337178717185,0.03674628972887697
13.102572196524564,0.005028093401950686,0.007631858195740048,0.012659951597690735,0.4072811434540634,0.0369372911723718
13.127575196899611,0.005010311698857417,0.007617345745067004,0.012627657443924422,0.40714926336149376,0.03712792909829739
13.152578197274659,0.0049926241559402245,0.007602886229187155,0.012595510385127379,0.4070177333667084,0.03731820483117768
13.177581197649705,0.004975030109557069,0.007588479550353948,0.012563509659911017,0.40688655503829796,0.037508119693319346
13.202584198024752,0.0049575289019023186,0.007574125594303135,0.012531654496205453,0.406755729679015,0.03769767500437862
13.2275871983998,0.004940119880945267,0.007559824231749846,0.012499944112695113,0.40662525834704216,0.037886872080967
13.252590198774845,0.004922802400369405,0.007545575319776182,0.012468377720145586,0.40649514187579666,0.03807571223629301
13.277593199149893,0.0049055758195124255,0.00753137870311609,0.012436954522628515,0.40636538089235513,0.03826419677983749
13.30259619952494,0.004888439503306974,0.0075172342153439695,0.012405673718650943,0.40623597583457877,0.038452327017059584
13.327599199899986,0.004871392822222118,0.007503141679973144,0.012374534502195262,0.40610692696701484,0.03864010424913156
13.352602200275033,0.004854435152205523,0.007489100911470023,0.012343536063675546,0.40597823439564873,0.03882752977269988
13.37760520065008,0.0048375658746263464,0.007475111716189519,0.012312677590815866,0.4058498980815765,0.03901460487967071
13.402608201025126,0.004820784376218812,0.00746117389323697,0.012281958269455783,0.40572191785366546,0.03920133085701785
13.427611201400174,0.004804090049026467,0.007447287235261538,0.012251377284288005,0.40559429342026654,0.03938770898661147
13.452614201775221,0.004787482290347131,0.007433451529185807,0.012220933819532938,0.40546702438003995,0.0395737405450657
13.477617202150268,0.004770960502678487,0.0074196665568760185,0.012190627059554506,0.4053401102319512,0.03975942680360391
13.502620202525314,0.004754524093664348,0.007405932095757136,0.012160456189421485,0.4052135503844936,0.03994476902793995
13.527623202900362,0.004738172476041552,0.007392247919376689,0.012130420395418241,0.40508734416418835,0.04012976847817415
13.552626203275409,0.004721905067587516,0.00737861379792112,0.012100518865508635,0.40496149082341243,0.040314426408702836
13.577629203650455,0.004705721291068398,0.007365029498688109,0.012070750789756508,0.4048359895476003,0.04049874406814016
13.602632204025502,0.004689620574187897,0.007351494786518155,0.012041115360706053,0.40471083946186354,0.04068272269925137
13.62763520440055,0.0046736023495366555,0.007338009424188489,0.012011611773725145,0.4045860396370702,0.040866363538896146
13.652638204775595,0.004657666054542268,0.007324573172772178,0.011982239227314445,0.404461589095422,0.04104966781798162
13.677641205150643,0.004641811131419882,0.0073111857919651085,0.01195299692338499,0.40433748681556775,0.04123263676142383
13.70264420552569,0.004626037027123398,0.00729784704038336,0.011923884067506758,0.4042137317372847,0.041415271588116975
13.727647205900736,0.004610343193297236,0.007284556675833298,0.011894899869130535,0.40409032276576334,0.04159757351090979
13.752650206275783,0.004594729086228675,0.007271314455556557,0.011866043541785231,0.40396725877552264,0.04177954373658843
13.77765320665083,0.004579194166800768,0.007258120136451962,0.01183731430325273,0.4038445386139866,0.04196118346586504
13.802656207025878,0.004563737900445799,0.007244973475276247,0.011808711375722047,0.4037221611047466,0.042142493893371734
13.827659207400924,0.004548359757099299,0.0072318742288253295,0.011780233985924628,0.4036001250505356,0.0423234762076593
13.852662207775971,0.004533059211154598,0.007218822154097755,0.011751881365252353,0.4034784292359357,0.04250413159120026
13.877665208151019,0.004517835741417912,0.007205817008441827,0.011723652749859738,0.40335707242984165,0.042684461220395715
13.902668208526064,0.004502688831063961,0.007192858549687794,0.011695547380751755,0.4032360533876996,0.04286446626558575
13.927671208901112,0.0044876179675921,0.007179946536266388,0.011667564503858488,0.4031153708535392,0.04304414789106305
13.952674209276159,0.004472622642782971,0.007167080727314898,0.011639703370097869,0.4029950235618169,0.04322350725508912
13.977677209651205,0.004457702352655654,0.007154260882771879,0.011611963235427533,0.40287501023908534,0.043402545509913196
14.002680210026252,0.004442856597425318,0.007141486763461487,0.011584343360886803,0.4027553296055046,0.04358126380179338
14.0276832104013,0.004428084881461375,0.00712875813116839,0.011556843012629766,0.402635980376208,0.0437596632710196
14.052686210776345,0.004413386713246108,0.007116074748704104,0.011529461461950212,0.4025169612625349,0.04393774505193856
14.077689211151393,0.004398761605333778,0.007103436379965506,0.011502197985299285,0.402398270973143,0.044115510272980114
14.10269221152644,0.004384209074310222,0.007090842789986309,0.01147505186429653,0.4022799082150097,0.04429296005668503
14.127695211901486,0.004369728640752894,0.007078293744982088,0.011448022385734983,0.402161871694333,0.04447009551973397
14.152698212276533,0.004355319829191384,0.007065789012389513,0.011421108841580898,0.40204416011734045,0.04464691777297761
14.17770121265158,0.00434098216806839,0.007053328360900315,0.011394310528968705,0.40192677219101525,0.04482342792146746
14.202704213026626,0.00432671518970113,0.007040911560490503,0.011367626750191633,0.4018097066237461,0.044999627064487714
14.227707213401674,0.004312518430243204,0.007028538382445289,0.011341056812688493,0.40169296212590816,0.04517551629558768
14.252710213776721,0.004298391429646897,0.007016208599380142,0.011314600029027039,0.40157653741038213,0.04535109670261469
14.277713214151769,0.004284333731625905,0.007003921985258358,0.011288255716884264,0.40146043119301644,0.045526369367747656
14.302716214526814,0.00427034488361849,0.006991678315405497,0.011262023199023988,0.4013446421930378,0.0457013353675309
14.327719214901862,0.004256424436751054,0.006979477366520996,0.011235901803272049,0.4012291691334161,0.04587599577290843
14.35272221527691,0.00424257194580214,0.00696731891668726,0.0112098908624894,0.4011140107411872,0.04605035164925831
14.377725215651955,0.004228786969166822,0.006955202745376491,0.011183989714543313,0.4009991657477376,0.04622440405642739
14.402728216027002,0.004215069068821513,0.006943128633455478,0.011158197702276992,0.4008846328890551,0.04639815404876612
14.42773121640205,0.004201417810289169,0.006931096363188589,0.011132514173477758,0.4007704109059491,0.046571602675163415
14.452734216777095,0.004187832762604886,0.0069191057182391436,0.01110693848084403,0.4006564985442426,0.046744750979081616
14.477737217152143,0.004174313498281889,0.006907156483669341,0.011081469981951229,0.40054289455493974,0.046917599998591526
14.50274021752719,0.004160859593277896,0.00689524844593892,0.011056108039216816,0.4004295976943705,0.0470901507664073
14.527743217902236,0.004147470626961871,0.006883381392902682,0.011030852019864552,0.4003166067243157,0.04726240430992139
14.552746218277283,0.0041341461820811444,0.006871555113807,0.011005701295888144,0.4002039204121139,0.0474343616512394
14.57774921865233,0.004120885844728906,0.006859769399285461,0.010980655244014367,0.4000915375307519,0.04760602380721477
14.602752219027378,0.0041076892043120615,0.006848024041353708,0.01095571324566577,0.399979456858941,0.04777739178948346
14.627755219402424,0.004094555853519446,0.006836318833403609,0.010930874686923055,0.3998676771811802,0.04794846660449836
14.652758219777471,0.004081485388290392,0.006824653570196817,0.010906138958487209,0.39975619728780787,0.04811924925356373
14.677761220152519,0.0040684774077836584,0.006813028047857816,0.010881505455641476,0.39964501597504315,0.04828974073286923
14.702764220527564,0.004055531514346694,0.006801442063866502,0.010856973578213195,0.39953413204501825,0.048459942033523974
14.727767220902612,0.004042647313485244,0.006789895417050375,0.010832542730535619,0.3994235443058025,0.04862985414159036
14.75277022127766,0.004029824413833298,0.006778387907576394,0.010808212321409692,0.3993132515714188,0.04879947803811755
14.777773221652705,0.004017062427123375,0.006766919336942536,0.010783981764065911,0.39920325266185436,0.04896881469917496
14.802776222027752,0.004004360968157123,0.006755489507969117,0.01075985047612624,0.39909354640306516,0.04913786509588539
14.8277792224028,0.00399171965477626,0.0067440982247899016,0.010735817879566161,0.3989841316269754,0.049306630194457975
14.852782222777845,0.003979138107833824,0.006732745292843043,0.010711883400676867,0.3988750071714728,0.049475110956220876
14.877785223152893,0.003966615951165741,0.006721430518861879,0.01068804647002762,0.3987661718803996,0.04964330833765388
14.90278822352794,0.003954152811562718,0.006710153710865622,0.01066430652242834,0.3986576246035403,0.04981122329042056
14.927791223902986,0.003941748318742425,0.006698914678149953,0.010640662996892378,0.3985493641966065,0.04997885676140034
14.952794224278033,0.003929402105321993,0.006687713231277548,0.01061711533659954,0.39844138952121844,0.05014620969272036
14.97779722465308,0.003917113806790816,0.006676549182068564,0.01059366298885938,0.39833369944488517,0.05031328302178692
15.002800225028126,0.003904883061483651,0.0066654223435910894,0.01057030540507474,0.3982262928409817,0.050480077681316876
15.027803225403174,0.0038927095105539835,0.006654332530151573,0.010547042040705557,0.39811916858872526,0.05064659459936874
15.052806225778221,0.003880592797947742,0.006643279557285257,0.010523872355233,0.3980123255731493,0.05081283469937345
15.077809226153269,0.0038685325703772273,0.006632263241746624,0.010500795812123851,0.3979057626850767,0.050978798900165025
15.102812226528314,0.003856528477295388,0.006621283401499838,0.010477811878795226,0.3977994788210917,0.05114448811601091
15.127815226903362,0.003844580170870326,0.006610339855709245,0.010454920026579571,0.3976934728835103,0.051309903256642156
15.15281822727841,0.0038326873059601144,0.00659943242472988,0.010432119730689995,0.39758774378035106,0.05147504522728321
15.177821227653455,0.0038208495400878684,0.0065885609300980405,0.010409410470185908,0.3974822904253041,0.05163991492868164
15.202824228028502,0.0038090665334170773,0.006577725194521878,0.010386791727938955,0.39737711173769985,0.051804513257137565
15.22782722840355,0.0037973379487272418,0.006566925041872077,0.010364262990599319,0.3972722066424777,0.05196884110453278
15.252830228778596,0.0037856634513897137,0.006556160297172559,0.010341823748562273,0.3971675740701537,0.05213289935835973
15.277833229153643,0.003774042709343852,0.0065454307865912605,0.010319473495935112,0.39706321295678826,0.05229668890175026
15.30283622952869,0.0037624753930733975,0.006534736337430978,0.010297211730504376,0.39695912224395374,0.05246021061350407
15.327839229903736,0.0037509611755831194,0.006524076778120274,0.010275037953703393,0.39685530087870147,0.052623465368116955
15.352842230278783,0.003739499732375704,0.006513451938204445,0.010252951670580148,0.39675174781352923,0.052786454035808936
15.377845230653831,0.003728090741428886,0.0065028616483365715,0.010230952389765458,0.39664846200634785,0.05294917748255194
15.402848231028878,0.0037167338831728433,0.006492305740268633,0.010209039623441477,0.39654544242044854,0.053111636570097494
15.427851231403924,0.003705428840467799,0.006481784046842692,0.01018721288731049,0.39644268802446975,0.053273832156004
15.452854231778971,0.0036941752985819,0.0064712964019821555,0.010165471700564055,0.39634019779236457,0.053435765093663996
15.477857232154019,0.0036829729451692997,0.006460842640683116,0.010143815585852416,0.3962379707033672,0.05359743623233096
15.502860232529065,0.0036718214702484886,0.006450422599005759,0.010122244069254247,0.39613600574196084,0.05375884641714609
15.527863232904112,0.0036607205661808493,0.006440036114065842,0.010100756680246691,0.3960343018978447,0.05391999648916482
15.55286623327916,0.003649669927649437,0.006429683024026265,0.010079352951675702,0.39593285816590124,0.05408088728538305
15.577869233654205,0.0036386692516379936,0.006419363168088699,0.010058032419726692,0.39583167354616405,0.054241519638763266
15.602872234029252,0.003627718237410165,0.006409076386485297,0.010036794623895463,0.3957307470437856,0.05440189437826041
15.6278752344043,0.003616816586488954,0.006398822520470486,0.010015639106959441,0.39563007766900465,0.0545620123288475
15.652878234779346,0.0036059640026363795,0.00638860141231282,0.0099945654149492,0.3955296644371149,0.05472187431154112
15.677881235154393,0.0035951601918333483,0.0063784129052869174,0.009973573097120266,0.3954295063684329,0.05488148114342671
15.70288423552944,0.0035844048622597543,0.006368256843665473,0.009952661705925226,0.3953296024882665,0.05504083363768354
15.727887235904486,0.003573697724274751,0.006358133072711335,0.009931830796986087,0.39522995182688336,0.055199932603609614
15.752890236279534,0.003563038490397271,0.006348041438669669,0.00991107992906694,0.39513055341948017,0.055358778846646355
15.777893236654581,0.003552426875286718,0.006337981788760177,0.009890408664046895,0.395031406306151,0.055517373168403
15.802896237029627,0.0035418625957238754,0.006327953971169408,0.009869816566893282,0.39493250953185727,0.055675716366680915
15.827899237404674,0.0035313453705920076,0.00631795783504312,0.009849303205635127,0.3948338621463965,0.05583380923549769
15.852902237779722,0.0035208749208581512,0.006307993230478731,0.009828868151336882,0.3947354632043722,0.055991652565110975
15.877905238154769,0.0035104509695546254,0.006298060008517831,0.009808510978072456,0.3946373117651639,0.056149247142042225
15.902908238529815,0.003500073241760692,0.006288158021138764,0.009788231262899455,0.39453940689289685,0.05630659374910018
15.927911238904862,0.0034897414645844492,0.006278287121249276,0.009768028585833725,0.39444174765641243,0.05646369316540425
15.95291423927991,0.003479455367144878,0.006268447162679247,0.009747902529824125,0.39434433312923867,0.05662054616640759
15.977917239654955,0.003469214680554095,0.0062586380001734675,0.009727852680727563,0.39424716238956065,0.056777153523920106
16.002920240030004,0.003459019137899774,0.006248859489384502,0.009707878627284276,0.3941502345201918,0.05693351600613128
16.027923240405052,0.003448868474227758,0.00623911148686561,0.009687979961093367,0.39405354860854486,0.05708963437763266
16.0529262407801,0.0034387624265248447,0.0062293938500637275,0.009668156276588572,0.39395710374660275,0.057245509399440425
16.077929241155147,0.0034287007337017446,0.006219706437312529,0.009648407171014273,0.3938608990308906,0.05740114182901756
16.10293224153019,0.0034186831365762274,0.006210049107825541,0.009628732244401767,0.39376493356244735,0.05755653242029595
16.127935241905238,0.003408709377856417,0.006200421721689316,0.009609131099545733,0.3936692064467975,0.05771168192369839
16.152938242280285,0.0033987792021242854,0.0061908241398566915,0.009589603341980977,0.39357371679392333,0.05786659108616016
16.177941242655333,0.003388892355819291,0.006181256224140085,0.009570148579959376,0.39347846371823725,0.05802126065115072
16.20294424303038,0.0033790485872221927,0.006171717837204869,0.009550766424427062,0.3933834463385544,0.0581756913586951
16.227947243405428,0.0033692476464390326,0.006162208842562796,0.00953145648900183,0.3932886637780652,0.05832988394539512
16.25295024378047,0.003359489285385273,0.006152729104565494,0.009512218389950767,0.3931941151643084,0.05848383914445047
16.27795324415552,0.003349773257770092,0.00614327848839801,0.009493051746168102,0.39309979962914415,0.05863755768567969
16.302956244530566,0.003340099319080855,0.006133856860072426,0.009473956179153281,0.39300571630872744,0.05879104029554085
16.327959244905614,0.003330467226567722,0.006124464086421524,0.009454931312989245,0.39291186434348135,0.058944287697152174
16.35296224528066,0.003320876739228422,0.006115100035092517,0.00943597677432094,0.39281824287807143,0.05909730061031249
16.37796524565571,0.0033113276177931766,0.006105764574540822,0.009417092192333998,0.3927248510613785,0.05925007975152153
16.402968246030756,0.003301819624709778,0.0060964575740239104,0.00939827719873369,0.39263168804647386,0.059402625834000015
16.4279712464058,0.0032923525241288143,0.006087178903595204,0.00937953142772402,0.39253875299059293,0.05955493956770967
16.452974246780848,0.0032829260818890414,0.006077928434098019,0.00936085451598706,0.3924460450551098,0.05970702165937309
16.477977247155895,0.003273540065502906,0.006068706037159581,0.009342246102662488,0.39235356340551225,0.059858872812493295
16.502980247530942,0.00326419424414221,0.006059511585185087,0.009323705829327298,0.392261307211376,0.06001049372737337
16.52798324790599,0.003254888388623919,0.006050344951351816,0.009305233339975735,0.3921692756463403,0.06016188510113577
16.552986248281037,0.00324562227139611,0.006041206009603303,0.009286828280999413,0.39207746788808295,0.0603130476277416
16.57798924865608,0.0032363956665240634,0.006032094634643557,0.009268490301167621,0.39198588311829546,0.06046398199800966
16.60299224903113,0.0032272083496764866,0.006023010701931335,0.009250219051607821,0.3918945205226589,0.06061468889963547
16.627995249406176,0.003218060098111882,0.006013954087674471,0.009232014185786354,0.3918033792908197,0.06076516901720994
16.652998249781223,0.003208950690665046,0.006004924668824251,0.009213875359489298,0.39171245861636517,0.06091542303223814
16.67800125015627,0.003199879907733698,0.005995922323069839,0.009195802230803537,0.39162175769680013,0.06106545162315775
16.70300425053132,0.003190847531265252,0.0059869469288327554,0.009177794460098008,0.39153127573352275,0.06121525546535748
16.728007250906362,0.0031818533447437046,0.0059779983652614044,0.009159851710005109,0.39144101193180114,0.061364835231195285
16.75301025128141,0.003172897133176662,0.005969076512225647,0.00914197364540231,0.3913509655007502,0.06151419159001655
16.778013251656457,0.0031639786830824955,0.005960181250311428,0.009124159933393924,0.39126113565330783,0.06166332520817193
16.803016252031505,0.0031550977824776187,0.00595131246081545,0.009106410243293069,0.39117152160621255,0.06181223674903527
16.828019252406552,0.0031462542208638877,0.005942470025739889,0.009088724246603777,0.3910821225799801,0.06196092687302131
16.8530222527816,0.0031374477892161298,0.005933653827787164,0.009071101617003294,0.39099293779888106,0.06210939623760323
16.878025253156647,0.003128678279969791,0.0059248637503547495,0.009053542030324541,0.39090396649091796,0.06225764549733013
16.90302825353169,0.0031199454870087123,0.005916099677530036,0.009036045164538748,0.3908152078878033,0.06240567530384427
16.928031253906738,0.0031112492056530024,0.005907361494085229,0.009018610699738232,0.39072666122493677,0.0625534863058984
16.953034254281786,0.003102589232647062,0.00589864908547231,0.009001238318119373,0.39063832574138385,0.06270107914937265
16.978037254656833,0.003093965366147697,0.005889962337818022,0.008983927703965718,0.3905502006798532,0.06284845447729155
17.00304025503188,0.003085377405712361,0.005881301137918912,0.008966678543631272,0.3904622852866755,0.06299561292984086
17.028043255406928,0.0030768251522875043,0.005872665373236411,0.008949490525523915,0.39037457881178134,0.06314255514438422
17.05304625578197,0.0030683084081970457,0.005864054931891966,0.008932363340089011,0.3902870805086802,0.06328928175547967
17.07804925615702,0.0030598269771309407,0.005855469702662198,0.008915296679793138,0.39019978963443885,0.06343579339489623
17.103052256532067,0.0030513806641338783,0.005846909574974124,0.008898290239108002,0.39011270544966026,0.06358209069163008
17.128055256907114,0.003042969275594074,0.005838374438900402,0.008881343714494476,0.39002582721846263,0.0637281742719208
17.15305825728216,0.003034592619232171,0.005829864185154629,0.0088644568043868,0.3899391542084586,0.0638740447592675
17.17806125765721,0.003026250504090259,0.005821378705086679,0.008847629209176937,0.3898526856907345,0.06401970277444474
17.203064258032253,0.0030179427405209857,0.005812917890678071,0.008830860631199058,0.3897664209398299,0.06416514893551838
17.2280672584073,0.0030096691401767773,0.005804481634537393,0.008814150774714171,0.3896803592337168,0.06431038385786139
17.253070258782348,0.0030014295159991678,0.005796069829895758,0.008797499345894926,0.3895944998537799,0.06445540815416938
17.278073259157395,0.0029932236822082232,0.005787682370602293,0.008780906052810516,0.3895088420847962,0.06460022243447613
17.303076259532443,0.0029850514542920704,0.005779319151119682,0.008764370605411752,0.389423385214915,0.06474482730616903
17.32807925990749,0.0029769126489965227,0.005770980066519734,0.008747892715516258,0.3893381285356381,0.0648892233740043
17.353082260282537,0.0029688070843148107,0.005762665012478999,0.00873147209679381,0.3892530713418002,0.06503341124012223
17.37808526065758,0.0029607345794774036,0.005754373885274412,0.008715108464751816,0.38916821293154924,0.06517739150406218
17.40308826103263,0.002952694954941927,0.0057461065817789835,0.00869880153672091,0.38908355260632677,0.06532116476277766
17.428091261407676,0.0029446880323831894,0.005737862999457527,0.008682551031840716,0.3889990896708492,0.065464731610651
17.453094261782724,0.0029367136346832847,0.005729643036362413,0.008666356671045698,0.38891482343308814,0.06560809263950823
17.47809726215777,0.0029287715859218017,0.00572144659112937,0.008650218177051172,0.3888307532042514,0.06575124843863367
17.50310026253282,0.0029208617113661204,0.005713273562973322,0.008634135274339443,0.3887468782987647,0.06589419959478447
17.528103262907862,0.0029129838374618005,0.0057051238516842495,0.008618107689146049,0.38866319803425203,0.06603694669220501
17.55310626328291,0.0029051377918230623,0.005696997357623097,0.008602135149446159,0.3885797117315178,0.06617949031264134
17.578109263657957,0.002897323403223356,0.0056888939817177145,0.00858621738494107,0.3884964187145277,0.06632183103535523
17.603112264033005,0.002889540501586019,0.005680813625458832,0.00857035412704485,0.388413318310391,0.06646396943713843
17.628115264408052,0.0028817889179750247,0.005672756190896062,0.008554545108871086,0.3883304098493416,0.06660590609232665
17.6531182647831,0.00287406848458581,0.005664721580633949,0.00853879006521976,0.3882476926647207,0.06674764157281349
17.678121265158147,0.002866379034736198,0.005656709697828039,0.008523088732564237,0.3881651660929579,0.06688917644806422
17.70312426553319,0.0028587204028574,0.00564872044618099,0.00850744084903839,0.38808282947355427,0.06703051128512956
17.72812726590824,0.0028510924244851007,0.005640753729938716,0.008491846154423817,0.38800068214906386,0.06717164664865936
17.753130266283286,0.0028434949362506324,0.005632809453886563,0.008476304390137196,0.38791872346507655,0.06731258310091602
17.778133266658333,0.002835927775872226,0.005624887523345507,0.008460815299217734,0.3878369527702003,0.06745332120178797
17.80313626703338,0.002828390782146346,0.005616987844168404,0.00844537862631475,0.38775536941604394,0.06759386150880306
17.828139267408428,0.002820883794939102,0.005609110322736253,0.008429994117675355,0.3876739727571998,0.06773420457714178
17.853142267783472,0.0028134066551777494,0.005601254865954502,0.00841466152113225,0.3875927621512267,0.06787435095965039
17.87814526815852,0.002805959204842252,0.005593421381249373,0.008399380586091625,0.38751173695863267,0.06801430120685407
17.903148268533567,0.0027985412869569446,0.005585609776564236,0.00838415106352118,0.38743089654285845,0.06815405586696982
17.928151268908614,0.0027911527455822542,0.0055778199603559965,0.008368972705938251,0.3873502402702603,0.06829361548591933
17.95315426928366,0.002783793425806507,0.0055700518415915225,0.00835384526739803,0.38726976751009373,0.06843298060734188
17.97815726965871,0.002776463173737806,0.005562305329744093,0.008338768503481898,0.3871894776344964,0.0685721517726069
18.003160270033757,0.00276916183649599,0.00555458033478989,0.00832374217128588,0.3871093700184723,0.06871112952082675
18.0281632704088,0.0027618892622046595,0.005546876767204505,0.008308766029409165,0.38702944403987494,0.0688499143888691
18.053166270783848,0.0027546452999832748,0.005539194537959477,0.008293839837942752,0.3869496990793913,0.06898850691136951
18.078169271158895,0.0027474297999393396,0.005531533558518876,0.008278963358458215,0.3868701345205258,0.06912690762074367
18.103172271533943,0.0027402426131606407,0.0055238937408358885,0.008264136353996528,0.38679074974958433,0.0692651170471997
18.12817527190899,0.0027330835917075643,0.005516274997349452,0.008249358589057017,0.38671154415565806,0.06940313571875042
18.153178272284038,0.002725952588605487,0.005508677240980905,0.008234629829586393,0.38663251713060776,0.06954096416122535
18.17818127265908,0.00271884945783723,0.005501100385130678,0.008219949842967908,0.38655366806904856,0.06967860289828276
18.20318427303413,0.002711774054335581,0.005493544343674989,0.00820531839801057,0.38647499636833377,0.06981605245142168
18.228187273409176,0.0027047262339758944,0.005486009030962594,0.008190735264938489,0.3863965014285397,0.06995331333999363
18.253190273784224,0.0026977058535687473,0.005478494361811543,0.00817620021538029,0.3863181826524503,0.0700903860812145
18.27819327415927,0.002690712770852666,0.005471000251505973,0.00816171302235864,0.38624003944554197,0.07022727119017617
18.30319627453432,0.0026837468444869225,0.005463526615792925,0.008147273460279847,0.3861620712159681,0.0703639691798582
18.328199274909363,0.0026768079340443894,0.005456073370879185,0.008132881304923574,0.3860842773745444,0.07050048056113924
18.35320227528441,0.002669895900004462,0.00544864043342815,0.008118536333432612,0.38600665733473377,0.07063680584280868
18.378205275659457,0.0026630106037460488,0.005441227720556729,0.008104238324302777,0.38592921051263124,0.07077294553157783
18.403208276034505,0.002656151907540619,0.005433835149832256,0.008089987057372874,0.38585193632694975,0.07090890013209132
18.428211276409552,0.0026493196745453135,0.005426462639269436,0.008075782313814749,0.38577483419900493,0.07104467014693834
18.4532142767846,0.0026425137687961222,0.005419110107327317,0.008061623876123438,0.385697903552701,0.07118025607666373
18.478217277159647,0.0026357340552011182,0.005411777472906278,0.008047511528107397,0.38562114381451584,0.07131565841977906
18.50322027753469,0.0026289803995337537,0.0054044646553450554,0.00803344505487881,0.3855445544134872,0.07145087767277368
18.52822327790974,0.002622252668426215,0.005397171574417775,0.008019424242843989,0.3854681347811978,0.07158591433012562
18.553226278284786,0.0026155507293628404,0.005389898150331026,0.008005448879693866,0.3853918843517618,0.0717207688843124
18.578229278659833,0.0026088744506735976,0.005382644303720952,0.00799151875439455,0.3853158025618103,0.07185544182582185
18.60323227903488,0.0026022237015276093,0.005375409955650356,0.007977633657177966,0.38523988885047744,0.07198993364316277
18.628235279409928,0.002595598351926748,0.005368195027605845,0.007963793379532593,0.38516414265938653,0.07212424482287562
18.653238279784972,0.0025889982726992862,0.005360999441494987,0.007949997714194273,0.3850885634326364,0.07225837584954305
18.67824128016002,0.002582423335493591,0.005353823119643492,0.007936246455137084,0.38501315061678754,0.0723923272058004
18.703244280535067,0.002575873412771896,0.0053466659847924165,0.007922539397564312,0.3849379036608482,0.0725260993723461
18.728247280910114,0.0025693483778041065,0.0053395279600953974,0.007908876337899504,0.3848628220162617,0.07265969282795202
18.753250281285162,0.002562848104661675,0.005332408969115894,0.007895257073777568,0.38478790513689204,0.0727931080494738
18.77825328166021,0.0025563724682115246,0.005325308935824463,0.007881681404035987,0.38471315247901133,0.07292634551186099
18.803256282035253,0.0025499213441100245,0.005318227784596053,0.007868149128706078,0.38463856350128595,0.07305940568816723
18.8282592824103,0.0025434946087970205,0.005311165440207315,0.007854660049004335,0.38456413766476355,0.07319228904956036
18.853262282785348,0.0025370921394899234,0.005304121827833943,0.007841213967323866,0.3844898744328603,0.0733249960653324
18.878265283160395,0.0025307138141778406,0.005297096873048033,0.007827810687225873,0.38441577327134757,0.07345752720290945
18.903268283535443,0.0025243595116157627,0.005290090501815454,0.007814450013431217,0.3843418336483389,0.07358988292786166
18.92827128391049,0.0025180291113188046,0.005283102640493254,0.007801131751812059,0.3842680550342775,0.07372206370391296
18.953274284285538,0.0025117224935564913,0.005276133215827081,0.0077878557093835725,0.38419443690192334,0.07385406999295085
18.97827728466058,0.0025054395393471,0.005269182154948613,0.007774621694295713,0.38412097872634043,0.07398590225503608
19.00328028503563,0.0024991801304520417,0.0052622493853730305,0.007761429515825072,0.3840476799848845,0.0741175609484123
19.028283285410676,0.0024929441493703056,0.005255334834996488,0.007748278984366794,0.38397454015718996,0.07424904652951556
19.053286285785724,0.0024867314793329417,0.005248438432093623,0.0077351699114265645,0.38390155872515824,0.07438035945298378
19.07828928616077,0.0024805420042975936,0.005241560105315067,0.007722102109612661,0.38382873517294497,0.07451150017166631
19.10329228653582,0.0024743756089430813,0.005234699783684988,0.00770907539262807,0.3837560689869476,0.0746424691366332
19.128295286910863,0.00246823217866403,0.005227857396598656,0.007696089575262686,0.38368355965579376,0.07477326679718446
19.15329828728591,0.002462111599565541,0.005221032873820006,0.007683144473385547,0.38361120667032866,0.07490389360085951
19.178301287660958,0.002456013758457918,0.005214226145479252,0.00767023990393717,0.3835390095236033,0.07503434999344614
19.203304288036005,0.0024499385428514322,0.005207437142070488,0.0076573756849219205,0.38346696771086264,0.07516463641898975
19.228307288411052,0.0024438858409511328,0.005200665794449333,0.007644551635400466,0.3833950807295334,0.07529475331980243
19.2533102887861,0.0024378555416517066,0.005193912033830576,0.007631767575482283,0.3833233480792126,0.0754247011364719
19.278313289161147,0.002431847534532376,0.005187175791785851,0.007619023326318227,0.3832517692616558,0.07555448030787054
19.30331628953619,0.002425861709851847,0.005180457000241325,0.007606318710093172,0.3831803437807652,0.07568409127116422
19.32831928991124,0.0024198979585432967,0.005173755591475403,0.0075936535500186995,0.38310907114257864,0.07581353446182124
19.353322290286286,0.002413956172209404,0.005167071498116456,0.00758102767032586,0.3830379508552574,0.07594281031362092
19.378325290661333,0.002408036243117427,0.005160404653140561,0.007568440896257988,0.38296698242907534,0.07607191925866251
19.40332829103638,0.0024021380641943164,0.005153754989869261,0.0075558930540635776,0.38289616537640736,0.07620086172737375
19.42833129141143,0.0023962615290218756,0.005147122441967344,0.00754338397098922,0.3828254992117182,0.07632963814851952
19.453334291786472,0.002390406531831961,0.005140506943440634,0.007530913475272596,0.3827549834515512,0.07645824894921036
19.47833729216152,0.0023845729675017204,0.005133908428633803,0.007518481396135524,0.3826846176145171,0.07658669455491104
19.503340292536567,0.0023787607315488768,0.005127326832228201,0.007506087563777078,0.38261440122128326,0.07671497538944894
19.528343292911615,0.0023729697201270495,0.0051207620892397,0.007493731809366749,0.38254433379456243,0.07684309187502243
19.553346293286662,0.002367199830021115,0.005114214135016552,0.007481413965037667,0.38247441485910183,0.07697104443220927
19.57834929366171,0.0023614509586426086,0.005107682905237274,0.007469133863879882,0.3824046439416726,0.07709883347997486
19.603352294036757,0.0023557230040251636,0.005101168335908531,0.007456891339933694,0.3823350205710589,0.07722645943568045
19.6283552944118,0.0023500158648199912,0.0050946703633630575,0.007444686228183049,0.3822655442780468,0.07735392271509134
19.653358294786848,0.002344329440291393,0.005088188924257574,0.0074325183645489665,0.3821962145954143,0.07748122373238506
19.678361295161896,0.0023386636303123227,0.005081723955570735,0.007420387585883058,0.38212703105792056,0.07760836290015934
19.703364295536943,0.0023330183353599742,0.005075275394601083,0.007408293729961058,0.38205799320229505,0.07773534062944018
19.72836729591199,0.002327393456511411,0.005068843178965024,0.007396236635476435,0.38198910056722746,0.07786215732968987
19.753370296287038,0.002321788895439234,0.0050624272465948136,0.007384216142034048,0.38192035269335756,0.07798881340881486
19.77837329666208,0.002316204554407284,0.0050560275357365595,0.007372232090143843,0.38185174912326414,0.0781153092731736
19.80337629703713,0.00231064033626638,0.005049643984948243,0.0073602843212146225,0.3817832894014557,0.0782416453275845
19.828379297412177,0.0023050961444500946,0.005043276533097754,0.007348372677547848,0.38171497307435953,0.07836782197533351
19.853382297787224,0.0022995718829705637,0.005036925119360934,0.007336497002331497,0.38164679969031207,0.078493839618182
19.87838529816227,0.0022940674564143333,0.005030589683219643,0.007324657139633976,0.3815787687995486,0.07861969865637436
19.90338829853732,0.002288582769938239,0.005024270164459841,0.00731285293439808,0.38151087995419347,0.07874539948864565
19.928391298912363,0.0022831177292653186,0.00501796650316967,0.007301084232434989,0.3814431327082501,0.07887094251222916
19.95339429928741,0.0022776722406807615,0.005011678639737572,0.007289350880418334,0.38137552661759094,0.07899632812286402
19.978397299662458,0.002272246211027894,0.005005406514850402,0.007277652725878296,0.3813080612399482,0.07912155671480253
20.003400300037505,0.0022668395477041916,0.004999150069491569,0.00726598961719576,0.38124073613490345,0.07924662868081778
20.028403300412553,0.0022614521586573296,0.004992909244939177,0.007254361403596506,0.3811735508638784,0.07937154441221088
20.0534063007876,0.0022560839523812653,0.004986683982764198,0.0072427679351454635,0.3811065049901253,0.07949630429881842
20.078409301162647,0.0022507348379123505,0.004980474224828639,0.007231209062740989,0.3810395980787172,0.07962090872901972
20.10341230153769,0.0022454047248254808,0.004974279913283739,0.0072196846381092205,0.38097282969653834,0.07974535808974408
20.12841530191274,0.002240093523230271,0.004968100990568169,0.00720819451379844,0.3809061994122752,0.07986965276647802
20.153418302287786,0.0022348011437672674,0.004961937399406249,0.007196738543173516,0.3808397067964068,0.0799937931432724
20.178421302662834,0.002229527497604189,0.0049557890828061816,0.0071853165804103706,0.3807733514211953,0.08011777960274959
20.20342430303788,0.002224272496432198,0.004949655984058291,0.007173928480490489,0.380707132860677,0.08024161252611049
20.22842730341293,0.0022190360524622066,0.004943538046733283,0.00716257409919549,0.38064105069065307,0.08036529229314164
20.253430303787972,0.0022138180784212055,0.0049374352146805125,0.007151253293101718,0.3805751044886802,0.08048881928222211
20.27843330416302,0.0022086184875486302,0.004931347432026263,0.0071399659195748935,0.3805092938340619,0.08061219387033054
20.303436304538067,0.0022034371935927568,0.004925274643172049,0.007128711836764806,0.3804436183078392,0.08073541643305199
20.328439304913115,0.002198274110807121,0.004919216792792917,0.007117490903600037,0.3803780774927816,0.08085848734458478
20.353442305288162,0.0021931291539469717,0.004913173825835765,0.007106302979782737,0.38031267097337856,0.08098140697774737
20.37844530566321,0.0021880022382657553,0.004907145687517682,0.007095147925783437,0.3802473983358302,0.0811041757039851
20.403448306038253,0.0021828932795116217,0.004901132323324282,0.0070840256028359035,0.3801822591680388,0.08122679389337692
20.4284513064133,0.002177802193923964,0.0048951336790080706,0.007072935872932035,0.3801172530595999,0.0813492619146421
20.45345430678835,0.002172728898229987,0.004889149700586805,0.007061878598816792,0.38005237960179356,0.0814715801351469
20.478457307163396,0.002167673309641302,0.004883180334341885,0.007050853643983187,0.37998763838757593,0.0815937489209111
20.503460307538443,0.002162635345850548,0.004877225526816733,0.007039860872667281,0.3799230290115704,0.08171576863661469
20.52846330791349,0.0021576149250280403,0.00487128522481521,0.00702890014984325,0.3798585510700592,0.0818376396456043
20.553466308288538,0.0021526119658184526,0.004865359375400024,0.007017971341218477,0.3797942041609752,0.08195936230989974
20.578469308663582,0.002147626387337517,0.004859447925891161,0.007007074313228678,0.3797299878838927,0.08208093699020044
20.60347230903863,0.002142658109168753,0.00485355082386432,0.006996208933033073,0.3796659018400199,0.08220236404589193
20.628475309413677,0.002137707051360231,0.004847668017149371,0.006985375068509602,0.3796019456321901,0.08232364383505207
20.653478309788724,0.0021327731344213505,0.004841799453828807,0.006974572588250157,0.37953811886485345,0.0824447767144575
20.67848131016377,0.002127856279319652,0.004835945082236224,0.006963801361555876,0.37947442114406893,0.08256576303958993
20.70348431053882,0.0021229564074776506,0.0048301048509548005,0.006953061258432451,0.379410852077496,0.08268660316464232
20.728487310913863,0.0021180734407696983,0.004824278708815796,0.006942352149585495,0.3793474112743865,0.0828072974425252
20.75349031128891,0.002113207301518867,0.004818466604897053,0.00693167390641592,0.37928409834557647,0.08292784622487283
20.778493311663958,0.002108357912493862,0.004812668488521513,0.006921026401015376,0.37922091290347854,0.08304824986204927
20.803496312039005,0.002103525196905957,0.00480688430925575,0.006910409506161707,0.37915785456207335,0.08316850870315458
20.828499312414053,0.002098709078405954,0.0048011140169085,0.006899823095314454,0.37909492293690206,0.08328862309603084
20.8535023127891,0.0020939094810811664,0.004795357561529214,0.00688926704261038,0.3790321176450583,0.08340859338726825
20.878505313164148,0.002089126329452431,0.004789614893406615,0.006878741222859046,0.37896943830518026,0.08352841992221104
20.90350831353919,0.0020843595484711366,0.004783885963067272,0.006868245511538408,0.37890688453744326,0.08364810304496349
20.92851131391424,0.0020796090635162834,0.004778170721274167,0.006857779784790451,0.3788444559635515,0.0837676430983959
20.953514314289286,0.002074874800391559,0.004772469119025298,0.006847343919416857,0.37878215220673056,0.08388704042415038
20.978517314664334,0.0020701566853224464,0.004766781107552271,0.006836937792874718,0.3787199728917201,0.08400629536264677
21.00352031503938,0.002065454644953345,0.0047611066383189135,0.006826561283272258,0.37865791764476575,0.08412540825308848
21.02852331541443,0.0020607686063447215,0.004755445663019889,0.00681621426936461,0.37859598609361167,0.08424437943346824
21.053526315789473,0.0020560984969702823,0.00474979813357933,0.006805896630549613,0.37853417786749344,0.08436320924057387
21.07852931616452,0.0020514442447141634,0.004744164002149477,0.0067956082468636405,0.37847249259713,0.08448189800999403
21.103532316539567,0.0020468057778681515,0.004738543221109326,0.006785348998977477,0.37841092991471664,0.08460044607612384
21.128535316914615,0.002042183025128917,0.004732935743063286,0.006775118768192203,0.37834948945391744,0.08471885377217057
21.153538317289662,0.002037575915595279,0.00472734152083985,0.006764917436435129,0.3782881708498581,0.08483712143015928
21.17854131766471,0.002032984378765481,0.00472176050749027,0.006754744886255751,0.3782269737391185,0.08495524938093839
21.203544318039757,0.002028408344534498,0.004716192656287241,0.006744601000821739,0.37816589775972537,0.0850732379541852
21.2285473184148,0.002023847743191359,0.004710637920723605,0.006734485663914965,0.3781049425511454,0.08519108747841143
21.25355031878985,0.002019302505416491,0.004705096254511046,0.006724398759927537,0.37804410775427777,0.08530879828096881
21.278553319164896,0.0020147725622790863,0.004699567611578811,0.006714340173857898,0.37798339301144723,0.08542637068805432
21.303556319539943,0.0020102578452344906,0.004694051946072433,0.006704309791306924,0.377922797966397,0.08554380502471583
21.32855931991499,0.002005758286121605,0.0046885492123524605,0.006694307498474066,0.3778623222642817,0.08566110161485734
21.353562320290038,0.0020012738171603186,0.004683059364993199,0.006684333182153517,0.37780196555166007,0.08577826078124443
21.378565320665082,0.001996804370948954,0.004677582358781463,0.006674386729730418,0.3777417274764888,0.08589528284550953
21.40356832104013,0.0019923498804617326,0.004672118148715333,0.006664468029177065,0.3776816076881147,0.08601216812815729
21.428571321415177,0.0019879102790462655,0.0046666666900029245,0.0066545769690491904,0.37762160583726856,0.08612891694856976
21.453574321790224,0.001983485500421057,0.004661227938061163,0.00664471343848222,0.3775617215760578,0.08624552962501171
21.478577322165272,0.001979075478673033,0.004655801848514568,0.006634877327187601,0.37750195455796004,0.08636200647463575
21.50358032254032,0.0019746801482550843,0.004650388377194049,0.0066250685254491334,0.3774423044378163,0.08647834781348758
21.528583322915363,0.0019702994439836337,0.0046449874801357035,0.006615286924119337,0.37738277087182404,0.08659455395651107
21.55358632329041,0.0019659333010362146,0.004639599113579627,0.0066055324146158416,0.3773233535175307,0.08671062521755349
21.578589323665458,0.001961581654949078,0.004634223233968735,0.006595804888917813,0.3772640520338273,0.08682656190937042
21.603592324040505,0.001957244441614812,0.004628859797947586,0.006586104239562398,0.3772048660809413,0.08694236434363098
21.628595324415553,0.0019529215972799768,0.004623508762361217,0.006576430359641194,0.37714579532043047,0.08705803283092271
21.6535983247906,0.0019486130585427675,0.004618170084253985,0.006566783142796753,0.37708683941517623,0.08717356768075671
21.678601325165648,0.001944318762350685,0.00461284372086842,0.0065571624832191045,0.3770279980293773,0.08728896920157247
21.70360432554069,0.0019400386459982328,0.00460752962964408,0.006547568275642313,0.37696927082854315,0.08740423770074293
21.72860732591574,0.0019357726471246227,0.0046022277682164206,0.006538000415341043,0.3769106574794875,0.08751937348457933
21.753610326290787,0.0019315207037115096,0.004596938094415668,0.006528458798127178,0.37685215765032226,0.08763437685833608
21.778613326665834,0.0019272827540807334,0.0045916605662657,0.0065189433203464335,0.37679377101045086,0.08774924812621566
21.80361632704088,0.001923058736892083,0.004586395141982938,0.006509453878875021,0.37673549723056227,0.08786398759137344
21.82861932741593,0.0019188485911410778,0.004581141779975241,0.006499990371116319,0.37667733598262465,0.08797859555592243
21.853622327790973,0.0019146522561567633,0.004575900438840815,0.006490552694997579,0.37661928693987906,0.0880930723209381
21.87862532816602,0.0019104696715995264,0.004570671077367121,0.006481140748966647,0.37656134977683325,0.08820741818646317
21.903628328541068,0.0019063007774589263,0.004565453654529795,0.0064717544319887205,0.37650352416925575,0.08832163345151223
21.928631328916115,0.001902145514051542,0.004560248129491579,0.006462393643543121,0.37644580979416953,0.08843571841407645
21.953634329291162,0.0018980038220188363,0.004555054461601254,0.00645305828362009,0.376388206329846,0.08854967337112833
21.97863732966621,0.0018938756423250353,0.004549872610392578,0.006443748252717613,0.37633071345579905,0.08866349861862625
22.003640330041254,0.0018897609162550253,0.004544702535583241,0.006434463451838266,0.37627333085277903,0.0887771944515191
22.0286433304163,0.0018856595854122634,0.004539544197073817,0.00642520378248608,0.37621605820276677,0.08889076116375093
22.05364633079135,0.0018815715917167076,0.004534397554946727,0.006415969146663435,0.37615889518896745,0.0890041990482654
22.078649331166396,0.0018774968774027615,0.004529262569465215,0.006406759446867976,0.376101841495805,0.08911750839701038
22.103652331541443,0.001873435385017229,0.004524139201072317,0.0063975745860895454,0.37604489680891623,0.08923068950094248
22.12865533191649,0.001869387057417294,0.0045190274103898516,0.006388414467807146,0.37598806081514485,0.08934374265003149
22.15365833229154,0.0018653518377685088,0.004513927158217409,0.006379278995985917,0.3759313332025356,0.08945666813326483
22.178661332666582,0.001861329669542798,0.004508838405531348,0.006370168075074146,0.37587471366032865,0.089569466238652
22.20366433304163,0.0018573204965164792,0.0045037611134838024,0.006361081610000281,0.3758182018789541,0.08968213725322904
22.228667333416677,0.0018533242627683006,0.004498695243401691,0.006352019506169992,0.3757617975500256,0.08979468146306283
22.253670333791725,0.0018493409126774886,0.0044936407567857375,0.006342981669463226,0.3757055003663355,0.08990709915325544
22.278673334166772,0.0018453703909218123,0.004488597615309493,0.006333968006231305,0.3756493100218485,0.09001939060794857
22.30367633454182,0.0018414126424756642,0.004483565780818368,0.006324978423294033,0.37559322621169666,0.09013155611032776
22.328679334916863,0.001837467612608153,0.004478545215328674,0.006316012827936827,0.3755372486321734,0.09024359594262668
22.35368233529191,0.00183353524688121,0.004473535881026659,0.006307071127907868,0.37548137698072825,0.09035551038613149
22.378685335666958,0.001829615491147714,0.004468537740267567,0.006298153231415281,0.37542561095596105,0.09046729972118495
22.403688336042006,0.0018257082915496255,0.00446355075557469,0.006289259047124315,0.37536995025761677,0.0905789642271907
22.428691336417053,0.0018218135945161364,0.004458574889638434,0.00628038848415457,0.37531439458657995,0.09069050418261744
22.4536943367921,0.0018179313467618348,0.004453610105315386,0.0062715414520772205,0.3752589436448693,0.0908019198650031
22.478697337167148,0.0018140614952848809,0.0044486563656273926,0.006262717860912273,0.3752035971356323,0.09091321155095898
22.503700337542192,0.0018102039873652013,0.0044437136337606405,0.006253917621125842,0.3751483547631399,0.09102437951617384
22.52870333791724,0.001806358770562688,0.0044387818730647404,0.006245140643627429,0.3750932162327811,0.09113542403541809
22.553706338292287,0.0018025257927154212,0.004433861047051831,0.006236386839767252,0.3750381812510578,0.09124634538254776
22.578709338667334,0.0017987050019378987,0.00442895111939567,0.006227656121333569,0.37498324952557954,0.0913571438305086
22.60371233904238,0.0017948963466192787,0.004424052053930745,0.006218948400550024,0.3749284207650581,0.09146781965134008
22.62871533941743,0.0017910997754216383,0.004419163814651381,0.00621026359007302,0.3748736946793025,0.09157837311617947
22.653718339792473,0.0017873152372782435,0.004414286365710869,0.006201601602989112,0.37481907097921374,0.09168880449526574
22.67872134016752,0.0017835426813918305,0.0044094196714205705,0.006192962352812401,0.37476454937677955,0.0917991140579436
22.703724340542568,0.0017797820572329035,0.00440456369624907,0.006184345753481974,0.3747101295850698,0.09190930207266734
22.728727340917615,0.0017760333145380404,0.004399718404821293,0.0061757517193593335,0.3746558113182304,0.09201936880700488
22.753730341292663,0.0017722964033082152,0.004394883761917654,0.006167180165225869,0.37460159429147943,0.09212931452764157
22.77873334166771,0.0017685712738071296,0.004390059732473202,0.006158631006280332,0.3745474782211013,0.09223913950038408
22.803736342042757,0.0017648578765595588,0.004385246281576775,0.006150104158136334,0.37449346282444207,0.0923488439901643
22.8287393424178,0.0017611561623497073,0.004380443374470152,0.00614159953681986,0.3744395478199044,0.09245842826104313
22.85374234279285,0.0017574660822195804,0.004375650976547223,0.0061331170587668035,0.37438573292694266,0.09256789257621435
22.878745343167896,0.001753787587467363,0.004370869053353155,0.006124656640820517,0.37433201786605796,0.09267723719800833
22.903748343542944,0.0017501206296458157,0.004366097570583563,0.006116218200229379,0.3742784023587934,0.09278646238789585
22.92875134391799,0.0017464651605606767,0.004361336494083697,0.006107801654644374,0.374224886127729,0.0928955684064919
22.95375434429304,0.001742821132269079,0.004356585789847622,0.006099406922116701,0.37417146889647696,0.09300455551355928
22.978757344668082,0.0017391884970779812,0.004351845424017406,0.0060910339210953875,0.3741181503896771,0.09311342396801243
23.00376034504313,0.001735567207542601,0.004347115362882323,0.006082682570424923,0.3740649303329916,0.09322217402792113
23.028763345418177,0.0017319572164648726,0.004342395572878048,0.006074352789342921,0.3740118084531007,0.09333080595051403
23.053766345793225,0.0017283584768919044,0.004337686020585865,0.0060660444974777695,0.37395878447769776,0.09343931999218244
23.078769346168272,0.0017247709421144544,0.004332986672731879,0.006057757614846334,0.37390585813548444,0.0935477164084839
23.10377234654332,0.001721194565665414,0.004328297496186232,0.006049492061851645,0.37385302915616636,0.09365599545414582
23.128775346918363,0.0017176293013183032,0.004323618457962323,0.006041247759280626,0.37380029727044833,0.09376415738306904
23.15377834729341,0.0017140751030857754,0.004318949525216034,0.0060330246283018096,0.37374766221002953,0.09387220244833143
23.17878134766846,0.0017105319252181382,0.004314290665244966,0.006024822590463105,0.37369512370759905,0.09398013090219141
23.203784348043506,0.001706999722201877,0.0043096418454876715,0.006016641567689549,0.3736426814968315,0.09408794299609154
23.228787348418553,0.0017034784487581964,0.004305003033522897,0.006008481482281093,0.3735903353123823,0.09419563898066194
23.2537903487936,0.0016999680598415684,0.004300374197068828,0.006000342256910396,0.37353808488988294,0.0943032191057239
23.278793349168648,0.0016964685106382901,0.004295755303982345,0.005992223814620635,0.37348592996593705,0.09441068362029327
23.303796349543692,0.0016929797565650563,0.004291146322258272,0.005984126078823328,0.37343387027811537,0.09451803277258394
23.32879934991874,0.0016895017532675357,0.004286547220028642,0.0059760489732961775,0.3733819055649516,0.09462526681001136
23.353802350293787,0.0016860344566189656,0.004281957965561962,0.0059679924221809275,0.3733300355659379,0.09473238597919582
23.378805350668834,0.0016825778227187499,0.004277378527262485,0.005959956349981235,0.37327826002152065,0.09483939052596595
23.40380835104388,0.0016791318078910689,0.004272808873669479,0.005951940681560548,0.37322657867309583,0.09494628069536207
23.42881135141893,0.0016756963686835008,0.004268248973456514,0.005943945342140015,0.37317499126300474,0.09505305673163957
23.453814351793973,0.0016722714618656526,0.004263698795430739,0.005935970257296392,0.37312349753452984,0.09515971887827224
23.47881735216902,0.0016688570444277962,0.004259158308532178,0.005928015352959974,0.3730720972318903,0.09526626737795567
23.503820352544068,0.0016654530735795243,0.004254627481833016,0.00592008055541254,0.3730207901002378,0.09537270247261045
23.528823352919115,0.0016620595067484043,0.004250106284536902,0.005912165791285306,0.3729695758856521,0.09547902440338557
23.553826353294163,0.0016586763015786511,0.00424559468597825,0.005904270987556901,0.3729184543351373,0.09558523341066161
23.57882935366921,0.0016553034159298013,0.004241092655621544,0.0058963960715513455,0.37286742519661686,0.09569132973405407
23.603832354044254,0.0016519408078754063,0.004236600163060651,0.0058885409709360575,0.37281648821893015,0.09579731361241658
23.6288353544193,0.0016485884357017233,0.0042321171780181355,0.005880705613719859,0.37276564315182786,0.09590318528384417
23.65383835479435,0.0016452462579064264,0.004227643670344579,0.005872889928251006,0.372714889745968,0.09600894498567639
23.678841355169396,0.0016419142331973212,0.0042231796100179065,0.005865093843215228,0.3726642277529118,0.09611459295450057
23.703844355544444,0.0016385923204910676,0.004218724967142711,0.005857317287633779,0.3726136569251197,0.096220129426155
23.72884735591949,0.0016352804789119145,0.004214279711949589,0.005849560190861504,0.3725631770159471,0.09632555463573206
23.75385035629454,0.0016319786677904424,0.004209843814794477,0.00584182248258492,0.3725127877796402,0.09643086881758137
23.778853356669583,0.0016286868466623154,0.004205417246157994,0.005834104092820309,0.37246248897133244,0.0965360722053129
23.80385635704463,0.0016254049752670397,0.0042009999766447785,0.005826404951911818,0.37241228034704016,0.09664116503180017
23.828859357419677,0.0016221330135467345,0.004196591976982851,0.005818724990529585,0.3723621616636586,0.0967461475291832
23.853862357794725,0.001618870921644909,0.004192193218022958,0.005811064139667867,0.37231213267895813,0.09685101992887166
23.878865358169772,0.0016156186599052482,0.00418780367073793,0.0058034223306431786,0.37226219315158005,0.09695578246154794
23.90386835854482,0.0016123761888704074,0.004183423306222047,0.005795799495092455,0.37221234284103283,0.09706043535717021
23.928871358919864,0.0016091434692808175,0.004179052095690404,0.005788195564971222,0.37216258150768844,0.09716497884497537
23.95387435929491,0.0016059204620734934,0.004174690010478275,0.005780610472551769,0.37211290891277804,0.09726941315348216
23.97887735966996,0.0016027071283808566,0.004170337022040491,0.005773044150421347,0.37206332481838833,0.09737373851049408
24.003880360045006,0.0015995034295295627,0.004165993101950816,0.005765496531480378,0.3720138289874577,0.09747795514310241
24.028883360420053,0.0015963093270393363,0.004161658221901329,0.005757967548940666,0.3719644211837726,0.09758206327768917
24.0538863607951,0.0015931247826218185,0.00415733235370181,0.005750457136323628,0.3719151011719634,0.09768606313993008
24.078889361170148,0.001589949758179416,0.004153015469279125,0.005742965227458541,0.3718658687175008,0.09778995495479746
24.103892361545192,0.0015867842158041648,0.004148707540676621,0.0057354917564807865,0.37181672358669215,0.09789373894656318
24.12889536192024,0.0015836281177765959,0.004144408540053526,0.005728036657830122,0.3717676655466776,0.09799741533880159
24.153898362295287,0.0015804814265646136,0.004140118439684343,0.005720599866248956,0.3717186943654264,0.09810098435439232
24.178901362670334,0.0015773441048223798,0.004135837211958256,0.005713181316780636,0.3716698098117333,0.09820444621552327
24.203904363045382,0.0015742161153892047,0.004131564829378542,0.005705780944767747,0.3716210116552148,0.09830780114369338
24.22890736342043,0.0015710974212884462,0.004127301264561978,0.0056983986858504245,0.3715722996663054,0.09841104935971551
24.253910363795473,0.0015679879857264196,0.0041230464902382545,0.005691034475964674,0.37152367361625416,0.09851419108371927
24.27891336417052,0.001564887772091308,0.0041188004792493986,0.005683688251340706,0.37147513327712106,0.09861722653515385
24.303916364545568,0.0015617967439520894,0.004114563204549192,0.005676359948501282,0.3714266784217732,0.0987201559327908
24.328919364920615,0.0015587148650574641,0.004110334639202602,0.005669049504260066,0.3713783088238815,0.09882297949472683
24.353922365295663,0.0015556420993347907,0.004106114756385204,0.005661756855719994,0.371330024257917,0.09892569743838656
24.37892536567071,0.0015525784108890333,0.00410190352938262,0.005654481940271653,0.3712818244991472,0.09902830998052528
24.403928366045758,0.0015495237640017103,0.004097700931589952,0.0056472246955916626,0.3712337093236328,0.09913081733723175
24.4289313664208,0.0015464781231298561,0.004093506936511224,0.00563998505964108,0.3711856785082241,0.09923321972393086
24.45393436679585,0.0015434414529049841,0.004089321517758819,0.005632762970663803,0.37113773183055726,0.09933551735538639
24.478937367170897,0.0015404137181320634,0.004085144649052936,0.0056255583671849995,0.3710898690690515,0.0994377104457037
24.503940367545944,0.0015373948837884958,0.00408097630422103,0.005618371188009526,0.3710420900029048,0.09953979920833239
24.52894336792099,0.0015343849150231056,0.004076816457197271,0.005611201372220377,0.37099439441209103,0.09964178385606905
24.55394636829604,0.0015313837771551318,0.004072665082021999,0.005604048859177131,0.3709467820773566,0.09974366460105982
24.578949368671083,0.0015283914356732302,0.004068522152841185,0.0055969135885144145,0.37089925278021657,0.09984544165480312
24.60395236904613,0.0015254078562344803,0.0040643876439058904,0.005589795500140371,0.3708518063029518,0.09994711522815226
24.628955369421178,0.0015224330046634009,0.0040602615295717405,0.005582694534235141,0.3708044424286053,0.10004868553131806
24.653958369796225,0.0015194668469509717,0.004056143784298387,0.005575610631249359,0.37075716094097894,0.10015015277387142
24.678961370171272,0.0015165093492536597,0.0040520343826489875,0.0055685437319026474,0.3707099616246302,0.10025151716474598
24.70396437054632,0.0015135604778924556,0.004047933299289676,0.005561493777182131,0.37066284426486884,0.10035277891224068
24.728967370921364,0.0015106201993519137,0.004043840508989046,0.0055544607083409595,0.3706158086477536,0.10045393822402225
24.75397037129641,0.0015076884802792002,0.004039755986617632,0.005547444466896832,0.370568854560089,0.10055499530712794
24.77897337167146,0.0015047652874831466,0.004035679707147395,0.005540444994630541,0.37052198178942175,0.10065595036796789
24.803976372046506,0.0015018505879333117,0.0040316116456512105,0.005533462233584523,0.37047519012403807,0.10075680361232771
24.828979372421554,0.0014989443487590478,0.004027551777302364,0.005526496126061412,0.37042847935296014,0.10085755524537104
24.8539823727966,0.0014960465372485735,0.0040235000773740405,0.005519546614622614,0.37038184926594286,0.10095820547164204
24.87898537317165,0.0014931571208480537,0.004019456521238827,0.005512613642086881,0.3703352996534708,0.10105875449506785
24.903988373546692,0.0014902760671606857,0.00401542108436821,0.005505697151528896,0.3702888303067549,0.10115920251896106
24.92899137392174,0.0014874033439457885,0.004011393742332083,0.005498797086277872,0.3702424410177297,0.10125954974602228
24.953994374296787,0.0014845389191179058,0.004007374470798252,0.005491913389916158,0.37019613157904957,0.10135979637834243
24.978997374671835,0.0014816827607459055,0.004003363245531945,0.00548504600627785,0.3701499017840862,0.10145994261740533
25.004000375046882,0.0014788348370520915,0.003999360042395323,0.005478194879447415,0.370103751426925,0.10155998866409005
25.02900337542193,0.001475995116411321,0.003995364837347,0.005471359953758321,0.3700576803023623,0.10165993471867335
25.054006375796973,0.001473163567350125,0.003991377606441562,0.005464541173791687,0.37001168820590247,0.10175978098083206
25.07900937617202,0.0014703401585458343,0.003987398325829082,0.005457738484374916,0.3699657749337544,0.10185952764964555
25.104012376547068,0.001467524858825719,0.003983426971754651,0.00545095183058037,0.36991994028282865,0.10195917492359802
25.129015376922116,0.0014647176371661223,0.003979463520557903,0.005444181157724026,0.3698741840507346,0.10205872300058089
25.154018377297163,0.0014619184626916092,0.0039755079486725456,0.005437426411364155,0.3698285060357772,0.10215817207789522
25.17902137767221,0.0014591273046741162,0.003971560232625892,0.005430687537300008,0.3697829060369543,0.102257522352254
25.204024378047254,0.0014563441325321082,0.003967620349038399,0.005423964481570507,0.36973738385395316,0.10235677401978444
25.229027378422302,0.0014535689158297403,0.0039636882746232,0.00541725719045294,0.369691939287148,0.10245592727603045
25.25403037879735,0.0014508016242760274,0.003959763986185653,0.00541056561046168,0.3696465721375967,0.10255498231595479
25.279033379172397,0.0014480422277240155,0.00395584746062288,0.005403889688346895,0.3696012822070382,0.10265393933394143
25.304036379547444,0.0014452906961699625,0.003951938674923318,0.005397229371093281,0.3695560692978893,0.10275279852379786
25.32903937992249,0.0014425469997525215,0.003948037606166261,0.0053905846059187825,0.36951093321324174,0.10285156007875733
25.35404238029754,0.0014398111087519307,0.00394414423152142,0.0053839553402733505,0.3694658737568597,0.10295022419148116
25.379045380672583,0.001437082993589209,0.003940258528248473,0.005377341521837682,0.36942089073317647,0.10304879105406092
25.40404838104763,0.001434362624825356,0.003936380473696622,0.005370743098521978,0.3693759839472918,0.1031472608580208
25.429051381422678,0.0014316499731605581,0.003932510045304154,0.005364160018464712,0.3693311532049691,0.10324563379431968
25.454054381797725,0.0014289450094334,0.003928647220598007,0.0053575922300314075,0.36928639831263266,0.10334391005335351
25.479057382172773,0.0014262477046200804,0.003924791977193329,0.00535103968181341,0.3692417190773646,0.10344208982495741
25.50406038254782,0.0014235580298336333,0.0039209442927930485,0.0053445023226266816,0.3691971153069021,0.10354017329840791
25.529063382922864,0.001420875956323155,0.003917104145187445,0.005337980101510599,0.369152586809635,0.10363816066242512
25.55406638329791,0.0014182014554730356,0.00391327151225372,0.005331472967726755,0.3691081333946027,0.103736052105175
25.57906938367296,0.0014155344988021957,0.003909446371955574,0.00532498087075777,0.36906375487149135,0.1038338478142714
25.604072384048006,0.0014128750579633282,0.0039056287023427855,0.005318503760306114,0.3690194510506313,0.10393154797677824
25.629075384423054,0.0014102231047421452,0.003901818481550785,0.00531204158629293,0.3689752217429942,0.10402915277921176
25.6540783847981,0.0014075786110566296,0.0038980156878002446,0.005305594298856874,0.36893106676019055,0.10412666240754256
25.67908138517315,0.0014049415489562917,0.0038942202993966593,0.0052991618483529505,0.3688869859144667,0.10422407704719773
25.704084385548192,0.0014023118906214297,0.0038904322947299354,0.005292744185351365,0.3688429790187025,0.104321396883063
25.72908738592324,0.001399689608362398,0.0038866516522739793,0.005286341260636377,0.3687990458864081,0.10441862209948485
25.754090386298287,0.0013970746746188758,0.0038828783505862915,0.005279953025205167,0.36875518633172194,0.10451575288027258
25.779093386673335,0.001394467061959146,0.00387911236830756,0.005273579430266706,0.36871140016940757,0.10461278940870039
25.804096387048382,0.0013918667430793724,0.0038753536841612582,0.0052672204272406304,0.3686676872148512,0.10470973186750948
25.82909938742343,0.0013892736908028877,0.003871602276953243,0.00526087596775613,0.36862404728405945,0.10480658043891009
25.854102387798473,0.001386687878079482,0.003867858125571357,0.005254546003650839,0.368580480193656,0.10490333530458357
25.87910538817352,0.0013841092779846972,0.0038641212089850336,0.005248230486969731,0.36853698576087973,0.10499999664568445
25.90410838854857,0.0013815378637191272,0.0038603915062449,0.0052419293699640275,0.3684935638035816,0.10509656464284242
25.929111388923616,0.0013789736086077208,0.0038566689964823903,0.005235642605090111,0.36845021414022233,0.1051930394761644
25.954114389298663,0.0013764164860990901,0.0038529536589093525,0.005229370145008442,0.36840693658986995,0.10528942132523651
25.97911738967371,0.001373866469764823,0.0038492454728176633,0.005223111942582487,0.368363730972197,0.10538571036912614
26.004120390048758,0.0013713235332988005,0.003845544417578843,0.005216867950877643,0.3683205971074781,0.10548190678638389
26.029123390423802,0.0013687876505165191,0.0038418504726436724,0.005210638123160191,0.3682775348165876,0.10557801075504557
26.05412639079885,0.0013662587953544142,0.003838163617541814,0.005204422412896228,0.36823454392099697,0.1056740224526342
26.079129391173897,0.001363736941869194,0.003834483831881432,0.005198220773750626,0.3681916242427721,0.10576994205616197
26.104132391548944,0.0013612220642371705,0.0038308110953488173,0.005192033159585988,0.36814877560457104,0.10586576974213216
26.12913539192399,0.0013587141367536015,0.0038271453877080147,0.005185859524461616,0.36810599782964165,0.10596150568654114
26.15413839229904,0.0013562131338320316,0.003823486688800449,0.005179699822632481,0.36806329074181887,0.10605715006488028
26.179141392674083,0.0013537190300036417,0.003819834978544558,0.0051735540085482,0.3680206541655225,0.10615270305213789
26.20414439304913,0.001351231799916597,0.0038161902369354215,0.0051674220368520185,0.36797808792575454,0.10624816482280115
26.229147393424178,0.001348751418335407,0.0038125524440444,0.005161303862379807,0.36793559184809704,0.10634353555085799
26.254150393799225,0.0013462778601402825,0.00380892158001877,0.0051551994401590525,0.36789316575870956,0.10643881540979902
26.279153394174273,0.0013438111003265015,0.0038052976250813613,0.005149108725407863,0.3678508094843267,0.10653400457261943
26.30415639454932,0.0013413511140037758,0.0038016805595302004,0.005143031673533976,0.36780852285225585,0.10662910321182084
26.329159394924364,0.0013388978763956233,0.0037980703637381518,0.005136968240133775,0.3677663056903749,0.1067241114994132
26.35416239529941,0.0013364513628387452,0.003794467018152563,0.005130918380991308,0.3677241578271295,0.1068190296069167
26.37916539567446,0.0013340115487824051,0.003790870503294912,0.005124882052077317,0.3676820790915313,0.1069138577053635
26.404168396049506,0.0013315784097878132,0.003787280799760457,0.00511885920954827,0.36764006931315496,0.10700859596529974
26.429171396424554,0.001329151921527515,0.0037836978882178868,0.005112849809745402,0.36759812832213645,0.10710324455678724
26.4541743967996,0.0013267320597847825,0.0037801217494089724,0.005106853809193755,0.36755625594917024,0.10719780364940543
26.47917739717465,0.0013243188004530106,0.003776552364148225,0.005100871164601235,0.36751445202550737,0.10729227341225311
26.504180397549693,0.0013219121195351157,0.00377298971332255,0.005094901832857665,0.36747271638295287,0.10738665401395033
26.52918339792474,0.00131951199314294,0.003769433777890906,0.005088945771033846,0.3674310488538638,0.10748094562264011
26.554186398299787,0.0013171183974966588,0.003765884538883969,0.005083002936380627,0.3673894492711465,0.10757514840599032
26.579189398674835,0.0013147313089241909,0.003762341977403791,0.005077073286327982,0.367347917468255,0.10766926253119541
26.604192399049882,0.0013123507038606138,0.0037588060746234666,0.00507115677848408,0.3673064532791882,0.10776328816497822
26.62919539942493,0.0013099765588475817,0.0037552768117867993,0.005065253370634381,0.3672650565384879,0.10785722547359175
26.654198399799974,0.0013076088505327486,0.00375175417020797,0.005059363020740719,0.36722372708123646,0.10795107462282089
26.67920140017502,0.0013052475556691921,0.003748238131271206,0.005053485686940398,0.3671824647430548,0.10804483577798425
26.70420440055007,0.001302892651114845,0.003744728676430454,0.005047621327545299,0.36714126936010005,0.10813850910393584
26.729207400925116,0.0013005441138319266,0.003741225787209055,0.005041769901040981,0.3671001407690633,0.10823209476506682
26.754210401300163,0.0012982019208863803,0.003737729445199418,0.005035931366085798,0.3670590788071675,0.10832559292530725
26.77921340167521,0.0012958660494473133,0.0037342396320627,0.005030105681510013,0.3670180833121654,0.10841900374812781
26.804216402050255,0.0012935364767864407,0.0037307563295284826,0.005024292806314923,0.3669771541223371,0.10851232739654149
26.829219402425302,0.0012912131802775312,0.0037272795193944545,0.0050184926996719855,0.36693629107648834,0.10860556403310535
26.85422240280035,0.0012888961373958593,0.0037238091835260956,0.005012705320921955,0.3668954940139479,0.10869871381992217
26.879225403175397,0.0012865853257176586,0.0037203453038563597,0.0050069306295740185,0.3668547627745658,0.10879177691864214
26.904228403550444,0.0012842807229195795,0.0037168878623853622,0.005001168585304942,0.36681409719871105,0.10888475349046457
26.929231403925492,0.0012819823067781503,0.0037134368411800675,0.004995419147958218,0.3667734971272695,0.10897764369613956
26.95423440430054,0.0012796900551692405,0.0037099922223739804,0.004989682277543221,0.366732962401642,0.10907044769596966
26.979237404675583,0.0012774039460675293,0.0037065539881668357,0.004983957934234365,0.3666924928637419,0.1091631656498115
27.00424040505063,0.0012751239575459759,0.003703122120824293,0.004978246078370269,0.3666520883559935,0.10925579771707755
27.029243405425678,0.0012728500677752943,0.0036996966026776315,0.004972546670452925,0.3666117487213294,0.10934834405673761
27.054246405800725,0.0012705822550234311,0.003696277416123447,0.004966859671146878,0.3665714738031889,0.10944080482732058
27.079249406175773,0.0012683204976550449,0.0036928645436233496,0.004961185041278395,0.3665312634455158,0.10953318018691599
27.10425240655082,0.0012660647741309912,0.0036894579677036647,0.004955522741834656,0.36649111749275626,0.10962547029317571
27.129255406925864,0.00126381506300781,0.003686057670955135,0.004949872733962945,0.36645103578985716,0.10971767530331547
27.15425840730091,0.001261571342937215,0.0036826636360326216,0.004944234978969836,0.36641101818226335,0.10980979537411659
27.17926140767596,0.0012593335926655877,0.003679275845654812,0.004938609438320399,0.36637106451591656,0.10990183066192744
27.204264408051007,0.0012571017910334747,0.0036758942826039254,0.0049329960736374,0.3663311746372526,0.10999378132266513
27.229267408426054,0.0012548759169750874,0.0036725189297254217,0.004927394846700509,0.36629134839320004,0.11008564751181707
27.2542704088011,0.0012526559495178034,0.00366914976992771,0.004921805719445513,0.36625158563117766,0.11017742938444253
27.27927340917615,0.0012504418677816741,0.003665786786181862,0.004916228653963536,0.3662118861990929,0.11026912709517421
27.304276409551193,0.0012482336509789342,0.0036624299615213235,0.004910663612500258,0.36617224994533953,0.11036074079821982
27.32927940992624,0.00124603127841351,0.0036590792790416296,0.00490511055745514,0.3661326767187963,0.11045227064736368
27.354282410301288,0.0012438347294805403,0.003655734721900121,0.0048995694513806615,0.36609316636882416,0.11054371679596815
27.379285410676335,0.0012416439836658894,0.0036523962733156635,0.004894040256981553,0.36605371874526516,0.1106350793969753
27.404288411051382,0.0012394590205456715,0.003649063916568363,0.004888522937114035,0.36601433369844005,0.11072635860290833
27.42929141142643,0.0012372798197857722,0.003645737634999291,0.004883017454785064,0.3659750110791464,0.11081755456587321
27.454294411801474,0.0012351063611413776,0.003642417412010205,0.004877523773151583,0.36593575073865675,0.11090866743756009
27.47929741217652,0.0012329386244565015,0.003639103231063271,0.004872041855519772,0.365896552528717,0.11099969736924493
27.50430041255157,0.0012307765896635212,0.0036357950756807918,0.004866571665344313,0.3658574163015441,0.11109064451179092
27.529303412926616,0.0012286202367827103,0.003632492929444932,0.004861113166227642,0.3658183419098243,0.11118150901564998
27.554306413301664,0.0012264695459217796,0.0036291967759974463,0.0048556663219192255,0.36577932920671147,0.1112722910308643
27.57930941367671,0.0012243244972754152,0.0036259065990394117,0.004850231096314827,0.36574037804582504,0.11136299070706783
27.60431241405176,0.0012221850711248263,0.0036226223823309558,0.004844807453455782,0.3657014882812482,0.11145360819348771
27.629315414426802,0.001220051247837289,0.003619344109690991,0.00483939535752828,0.3656626597675262,0.11154414363894574
27.65431841480185,0.0012179230078656971,0.0036160717649969492,0.004833994772862647,0.36562389235966425,0.11163459719185996
27.679321415176897,0.0012158003317481144,0.003612805332184516,0.004828605663932631,0.365585185913126,0.11172496900024596
27.704324415551945,0.00121368320010733,0.0036095447952473702,0.0048232279953547,0.36554654028383154,0.11181525921171842
27.729327415926992,0.0012115715936504151,0.0036062901382369196,0.004817861731887335,0.3655079553281556,0.11190546797349252
27.75433041630204,0.001209465493168285,0.0036030413452620438,0.004812506838430329,0.3654694309029258,0.1119955954323854
27.779333416677083,0.001207364879535261,0.003599798400488833,0.004807163280024094,0.36543096686542087,0.1120856417348176
27.80433641705213,0.001205269733708636,0.003596561288140332,0.004801831021848968,0.365392563073369,0.11217560702681448
27.829339417427178,0.0012031800367282445,0.0035933299924962845,0.004796510029224529,0.3653542193849456,0.11226549145400763
27.854342417802226,0.001201095769716032,0.003590104497892878,0.00479120026760891,0.36531593565877224,0.1123552951616363
27.879345418177273,0.0011990169138756295,0.0035868847887224917,0.004785901702598121,0.3652777117539143,0.11244501829454877
27.90434841855232,0.0011969434504919298,0.0035836708494334435,0.0047806142999253735,0.36523954752987964,0.11253466099720383
27.929351418927364,0.0011948753609306655,0.0035804626645297402,0.004775338025460406,0.3652014428466163,0.11262422341367206
27.954354419302412,0.001192812626637991,0.0035772602185708286,0.00477007284520882,0.36516339756451166,0.11271370568763739
27.97935741967746,0.0011907552291400662,0.0035740634961713477,0.004764818725311414,0.36512541154438977,0.11280310796239829
28.004360420052507,0.001188703150042643,0.003570872482000882,0.004759575632043525,0.36508748464751034,0.11289243038086925
28.029363420427554,0.001186656371030654,0.003567687160783717,0.0047543435318143715,0.36504961673556663,0.11298167308558217
28.0543664208026,0.0011846148738678041,0.003564507517298595,0.004749122391166399,0.365011807670684,0.11307083621868767
28.07936942117765,0.0011825786403961635,0.003561333536378473,0.004743912176774637,0.36497405731541804,0.11315991992195648
28.104372421552693,0.0011805476525357651,0.0035581652029102817,0.004738712855446046,0.364936365532753,0.11324892433678076
28.12937542192774,0.0011785218922842017,0.003555002501834683,0.0047335243941188845,0.3648987321861,0.11333784960417552
28.154378422302788,0.001176501341716229,0.003551845418145836,0.004728346759862065,0.36486115713929573,0.11342669586477985
28.179381422677835,0.0011744859829833675,0.003548693936891158,0.004723179919874526,0.36482364025660013,0.11351546325885836
28.204384423052883,0.0011724757983135085,0.0035455480431710843,0.004718023841484593,0.36478618140269536,0.11360415192630245
28.22938742342793,0.0011704707700105233,0.00354240772213884,0.004712878492149363,0.3647487804426839,0.11369276200663163
28.254390423802974,0.0011684708804538728,0.0035392729590002035,0.004707743839454076,0.3647114372420869,0.11378129363899486
28.27939342417802,0.0011664761120982205,0.00353614373901327,0.00470261985111149,0.3646741516668426,0.11386974696217189
28.30439642455307,0.0011644864474730477,0.0035330200474882295,0.004697506494961277,0.3646369235833047,0.11395812211457447
28.329399424928116,0.0011625018691822718,0.0035299018697871284,0.0046924037389694,0.36459975285824076,0.11404641923424776
28.354402425303164,0.0011605223599038645,0.0035267891913236455,0.00468731155122751,0.3645626393588307,0.11413463845887153
28.37940542567821,0.0011585479023894752,0.0035236819975628633,0.004682229899952339,0.36452558295266485,0.11422277992576153
28.404408426053255,0.0011565784794640552,0.0035205802740210417,0.004677158753485097,0.3644885835077429,0.11431084377187069
28.429411426428302,0.001154614074025482,0.0035174840062653927,0.004672098080290874,0.3644516408924717,0.11439883013379049
28.45441442680335,0.0011526546690441915,0.003514393179913857,0.0046670478489580485,0.3644147549756643,0.11448673914775215
28.479417427178397,0.0011507002475628066,0.003511307780634882,0.004662008028197689,0.364377925626538,0.11457457094962793
28.504420427553445,0.0011487507926957708,0.003508227794147198,0.004656978586842969,0.36434115271471285,0.1146623256749324
28.529423427928492,0.0011468062876289838,0.0035051532062196013,0.004651959493848585,0.3643044361102102,0.11475000345882366
28.55442642830354,0.0011448667156194385,0.0035020840026707308,0.004646950718290169,0.3642677756834509,0.11483760443610463
28.579429428678583,0.0011429320599948608,0.0034990201693688543,0.004641952229363715,0.36423117130525434,0.11492512874122425
28.60443242905363,0.0011410023041533515,0.003495961692231648,0.004636963996385,0.3641946228468361,0.11501257650827877
28.62943542942868,0.0011390774315630295,0.0034929085572259827,0.004631985988789012,0.36415813017980714,0.11509994787101295
28.654438429803726,0.001137157425761679,0.0034898607503677094,0.004627018176129388,0.36412169317617193,0.11518724296282126
28.679441430178773,0.001135242270356396,0.0034868182577214445,0.004622060528077841,0.364085311708327,0.11527446191674919
28.70444443055382,0.0011333319490232398,0.003483781065400358,0.004617113014423598,0.3640489856490593,0.11536160486549435
28.729447430928865,0.0011314264455068838,0.003480749159565963,0.0046121756050728465,0.36401271487154524,0.11544867194140777
28.754450431303912,0.0011295257436202703,0.0034777225264279034,0.0046072482700481735,0.3639764992493484,0.1155356632764951
28.77945343167896,0.0011276298272442674,0.0034747011522437477,0.004602330979488015,0.36394033865641867,0.11562257900241776
28.804456432054007,0.0011257386803273264,0.0034716850233187787,0.004597423703646105,0.3639042329670906,0.11570941925049417
28.829459432429054,0.0011238522868851422,0.0034686741260057876,0.004592526412890929,0.3638681820560819,0.11579618415170094
28.8544624328041,0.0011219706310003155,0.003465668446704868,0.0045876390777051836,0.3638321857984918,0.11588287383667403
28.87946543317915,0.0011200936968220178,0.003462667971863211,0.004582761668685229,0.3637962440698,0.11596948843570999
28.904468433554193,0.001118221468565656,0.0034596726879749027,0.004577894156540559,0.36376035674586477,0.11605602807876705
28.92947143392924,0.0011163539305125423,0.003456682581580718,0.00457303651209326,0.36372452370292185,0.11614249289546638
28.954474434304288,0.0011144910670095626,0.0034536976392679232,0.004568188706277486,0.36368874481758307,0.11622888301509318
28.979477434679335,0.0011126328624688506,0.003450717847670074,0.004563350710138925,0.36365301996683447,0.11631519856659787
29.004480435054383,0.001110779301367459,0.003447743193466815,0.004558522494834274,0.3636173490280352,0.11640143967859727
29.02948343542943,0.0011089303682470383,0.003444773663383682,0.00455370403163072,0.36358173187891635,0.1164876064793757
29.054486435804474,0.0011070860477135117,0.003441809244191905,0.004548895291905417,0.3635461683975789,0.11657369909688614
29.07948943617952,0.0011052463244367566,0.00343884992270821,0.004544096247144967,0.3635106584624928,0.11665971765875142
29.10449243655457,0.001103411183150285,0.0034358956857946255,0.004539306868944911,0.36347520195249544,0.1167456622922653
29.129495436929616,0.0011015806086509276,0.0034329465203582882,0.004534527129009216,0.3634397987467904,0.11683153312439358
29.154498437304664,0.0010997545857985187,0.003430002413351247,0.004529756999149766,0.36340444872494576,0.11691733028177531
29.17950143767971,0.0010979330995155821,0.003427063351770274,0.004524996451285856,0.36336915176689283,0.11700305389072384
29.20450443805476,0.0010961161347870214,0.00342412932265667,0.004520245457443691,0.3633339077529252,0.11708870407722795
29.229507438429803,0.0010943036766598098,0.0034212003130960774,0.004515503989755887,0.36329871656369656,0.11717428096695295
29.25451043880485,0.0010924957102426821,0.0034182763102182856,0.004510772020460968,0.3632635780802202,0.11725978468524188
29.279513439179897,0.0010906922207058296,0.003415357301197048,0.0045060495219028775,0.36322849218386694,0.11734521535711646
29.304516439554945,0.0010888931932805958,0.0034124432732498926,0.004501336466530489,0.3631934587563643,0.1174305731072783
29.329519439929992,0.0010870986132591736,0.0034095342136379325,0.004496632826897106,0.3631584776797948,0.1175158580601099
29.35452244030504,0.001085308465994305,0.0034066301096656844,0.004491938575659989,0.36312354883659503,0.11760107033967587
29.379525440680084,0.001083522736898983,0.003403730948680883,0.004487253685579866,0.3630886721095539,0.11768621006972388
29.40452844105513,0.0010817414114461523,0.0034008367180742936,0.004482578129520446,0.36305384738181146,0.11777127737368584
29.42953144143018,0.0010799644751684158,0.0033979474052795344,0.00447791188044795,0.3630190745368578,0.11785627237467888
29.454534441805226,0.0010781919136577409,0.0033950629977728924,0.0044732549114306335,0.3629843534585313,0.1179411951955065
29.479537442180273,0.0010764237125651661,0.003392183483073141,0.004468607195638307,0.3629496840310178,0.11802604595865956
29.50454044255532,0.0010746598576005112,0.003389308848741363,0.004463968706341874,0.36291506613884905,0.11811082478631743
29.529543442930365,0.0010729003345320899,0.003386439082380769,0.004459339416912859,0.3628804996669014,0.11819553180034896
29.554546443305412,0.0010711451291864195,0.0033835741716365195,0.004454719300822939,0.36284598450039457,0.1182801671223136
29.57954944368046,0.0010693942274479392,0.0033807141041955497,0.004450108331643489,0.36281152052489035,0.11836473087346237
29.604552444055507,0.0010676476152587237,0.0033778588677863906,0.0044455064830451144,0.36277710762629145,0.118449223174739
29.629555444430554,0.001065905278618202,0.0033750084501789944,0.0044409137287971965,0.3627427456908399,0.11853364414678086
29.654558444805602,0.0010641672035828777,0.003372162839184561,0.0044363300427674385,0.3627084346051163,0.11861799390992009
29.67956144518065,0.0010624333762660476,0.0033693220226553616,0.004431755398921409,0.36267417425603804,0.11870227258418457
29.704564445555693,0.0010607037828375273,0.0033664859884845696,0.004427189771322097,0.36263996453085834,0.11878648028929895
29.72956744593074,0.001058978409523372,0.0033636547246060837,0.004422633134129455,0.3626058053171649,0.1188706171446857
29.754570446305788,0.0010572572426056058,0.003360828218994362,0.004418085461599968,0.36257169650287885,0.11895468326946612
29.779573446680836,0.0010555402684219468,0.003358006459664248,0.004413546728086195,0.36253763797625305,0.11903867878246131
29.804576447055883,0.0010538274733655367,0.003355189434670803,0.00440901690803634,0.36250362962587157,0.11912260380219322
29.82957944743093,0.001052118843884671,0.003352377132109137,0.004404495975993808,0.3624696713406476,0.11920645844688565
29.854582447805974,0.0010504143664825313,0.0033495695401142412,0.004399983906596773,0.3624357630098233,0.11929024283446522
29.87958544818102,0.001048714027716918,0.0033467666468608203,0.0043954806745777385,0.3624019045229673,0.11937395708256242
29.90458844855607,0.0010470178141999862,0.0033439684405631278,0.004390986254763114,0.3623680957699746,0.11945760130851252
29.929591448931117,0.0010453257125979814,0.0033411749094747994,0.004386500622072781,0.3623343366410649,0.11954117562935664
29.954594449306164,0.0010436377096309781,0.003338386041888691,0.004382023751519669,0.36230062702678123,0.11962468016184269
29.97959744968121,0.0010419537920726188,0.0033356018261367117,0.004377555618209331,0.36226696681798926,0.11970811502242634
30.004600450056255,0.0010402739467498558,0.003332822250589665,0.0043730961973395205,0.3622333559058755,0.119791480327272
30.029603450431303,0.001038598160542691,0.0033300473036570817,0.004368645464199773,0.36219979418194675,0.11987477619225387
30.05460645080635,0.0010369264203839235,0.003327276973787065,0.004364203394170988,0.36216628153802827,0.11995800273295674
30.079609451181398,0.0010352587132588919,0.0033245112494661258,0.004359769962725017,0.3621328178662633,0.12004116006467712
30.104612451556445,0.001033595026205222,0.003321750119219025,0.004355345145424247,0.36209940305911126,0.12012424830242406
30.129615451931492,0.0010319353463125757,0.003318993571608613,0.004350928917921189,0.362066037009347,0.12020726756092023
30.15461845230654,0.001030279660722399,0.0033162415952356747,0.004346521255958073,0.36203271961005945,0.1202902179546028
30.179621452681584,0.0010286279566276738,0.003313494178738771,0.004342122135366445,0.3619994507546506,0.12037309959762436
30.20462445305663,0.0010269802212726708,0.00331075131079408,0.004337731532066751,0.3619662303368343,0.12045591260385397
30.22962745343168,0.0010253364419527018,0.0033080129801152454,0.004333349422067947,0.36193305825063493,0.12053865708687794
30.254630453806726,0.001023696606013876,0.0033052791754532196,0.0043289757814670956,0.36189993439038665,0.12062133316000093
30.279633454181774,0.0010220607008528558,0.00330254988559611,0.004324610586448965,0.36186685865073187,0.12070394093624676
30.30463645455682,0.0010204287139166152,0.0032998250993690257,0.004320253813285641,0.3618338309266204,0.1207864805283594
30.329639454931865,0.0010188006327021986,0.0032971048056339254,0.004315905438336124,0.3618008511133084,0.12086895204880387
30.354642455306912,0.0010171764447564813,0.003294388993289464,0.004311565438045945,0.36176791910635664,0.12095135560976716
30.37964545568196,0.0010155561376759316,0.003291677651270844,0.004307233788946776,0.36173503480163033,0.12103369132315918
30.404648456057007,0.0010139396991063736,0.0032889707685496636,0.004302910467656037,0.3617021980952973,0.1211159593006136
30.429651456432055,0.0010123271167427523,0.003286268334133768,0.004298595450876521,0.3616694088838271,0.1211981596534888
30.454654456807102,0.001010718378328899,0.0032835703370671,0.004294288715395999,0.36163666706399006,0.12128029249286883
30.47965745718215,0.0010091134716572988,0.003280876766429552,0.004289990238086851,0.36160397253285603,0.12136235792956418
30.504660457557193,0.0010075123845688584,0.00327818761133682,0.004285699995905678,0.3615713251877933,0.12144435607411279
30.52966345793224,0.0010059151049526757,0.003275502860940253,0.004281417965892929,0.3615387249264675,0.12152628703678094
30.55466645830729,0.0010043216207458118,0.0032728225044267134,0.004277144125172525,0.3615061716468407,0.12160815092756404
30.579669458682336,0.0010027319199330626,0.003270146531018426,0.004272878450951489,0.36147366524717,0.12168994785618761
30.604672459057383,0.001001145990546733,0.0032674749299728377,0.004268620920519571,0.361441205626007,0.12177167793210815
30.62967545943243,0.0009995638206664094,0.0032648076905824703,0.0042643715112488795,0.36140879268219606,0.12185334126451398
30.654678459807474,0.000997985398418739,0.0032621448021747804,0.004260130200593519,0.3613764263148739,0.12193493796232614
30.679681460182522,0.0009964107119772038,0.0032594862541120147,0.0042558969660892185,0.3613441064234678,0.12201646813419927
30.70468446055757,0.0009948397495619025,0.0032568320357910705,0.004251671785352973,0.36131183290769553,0.12209793188852246
30.729687460932617,0.0009932724994393268,0.003254182136643353,0.00424745463608268,0.3612796056675633,0.12217932933342011
30.754690461307664,0.0009917089499221444,0.003251536546134636,0.00424324549605678,0.3612474246033654,0.12226066057675283
30.77969346168271,0.0009901490893689806,0.0032488952537649217,0.004239044343133902,0.3612152896156829,0.12234192572611827
30.80469646205776,0.0009885929061842012,0.0032462582490683026,0.004234851155252504,0.36118320060538256,0.12242312488885193
30.829699462432803,0.0009870403888176985,0.003243625521612823,0.0042306659104305215,0.3611511574736161,0.12250425817202809
30.85470246280785,0.0009854915257646738,0.0032409970610003387,0.004226488586765012,0.36111916012181866,0.12258532568246065
30.879705463182898,0.0009839463055654283,0.0032383728568663862,0.004222319162431815,0.3610872084517085,0.1226663275267039
30.904708463557945,0.000982404716805148,0.003235752898880041,0.004218157615685189,0.3610553023652851,0.12274726381105341
30.929711463932993,0.0009808667481136946,0.0032331371767437837,0.004214003924857478,0.36102344176482914,0.12282813464154689
30.95471446430804,0.0009793323881653949,0.003230525680193366,0.004209858068358761,0.36099162655290057,0.12290894012396499
30.979717464683084,0.0009778016256788331,0.003227918398997676,0.004205720024676509,0.36095985663233826,0.1229896803638321
31.00472046505813,0.0009762744494166424,0.0032253153229586024,0.004201589772375245,0.3609281319062587,0.12307035546641726
31.02972346543318,0.0009747508481852994,0.003222716441910906,0.004197467290096206,0.360896452278055,0.12315096553673494
31.054726465808226,0.0009732308108349194,0.003220121745722083,0.004193352556557003,0.36086481765139605,0.12323151067954581
31.079729466183274,0.0009717143262590526,0.0032175312242922363,0.004189245550551289,0.3608332279302255,0.12331199099935766
31.10473246655832,0.000970201383394479,0.0032149448675539427,0.004185146250948422,0.3608016830187606,0.12339240660042612
31.129735466933365,0.0009686919712210086,0.0032123626654721234,0.004181054636693132,0.3607701828214915,0.12347275758675551
31.154738467308412,0.000967186078761282,0.003209784608043913,0.0041769706868051955,0.36073872724318007,0.12355304406209967
31.17974146768346,0.000965683695080567,0.003207210685298533,0.0041728943803791,0.360707316188859,0.12363326612996273
31.204744468058507,0.0009641848092865629,0.00320464088729716,0.004168825696583723,0.36067594956383087,0.1237134238935999
31.229747468433555,0.0009626894105292029,0.0032020752041327996,0.004164764614662002,0.3606446272736672,0.12379351745601833
31.254750468808602,0.0009611974880004576,0.0031995136259301594,0.004160711113930617,0.36061334922420735,0.1238735469199778
31.27975346918365,0.0009597090309341385,0.003196956142845521,0.004156665173779659,0.3605821153215577,0.12395351238799164
31.304756469558694,0.0009582240286057042,0.0031944027450666146,0.0041526267736723185,0.3605509254720908,0.1240334139623274
31.32975946993374,0.0009567424703320694,0.003191853422812494,0.004148595893144563,0.36051977958244413,0.1241132517450077
31.35476247030879,0.0009552643454714099,0.0031893081663334107,0.004144572511804821,0.3604886775595195,0.12419302583781103
31.379765470683836,0.0009537896434229719,0.0031867669659106897,0.004140556609333662,0.36045761931048176,0.12427273634227244
31.404768471058883,0.0009523183536268845,0.0031842298118566078,0.004136548165483492,0.36042660474275817,0.12435238335968442
31.42977147143393,0.0009508504655639676,0.003181696694514267,0.004132547160078235,0.36039563376403744,0.12443196699109757
31.454774471808975,0.0009493859687555459,0.003179167604257476,0.0041285535730130225,0.36036470628226863,0.12451148733732147
31.479777472184022,0.0009479248527632596,0.0031766425314906236,0.004124567384253883,0.36033382220566024,0.12459094449892538
31.50478047255907,0.0009464671071888817,0.0031741214666485616,0.004120588573837443,0.3603029814426796,0.12467033857623903
31.529783472934117,0.0009450127216741302,0.003171604400196482,0.004116617121870612,0.3602721839020515,0.12474966966935337
31.554786473309164,0.0009435616859004852,0.0031690913226297968,0.0041126530085302815,0.3602414294927578,0.12482893787812131
31.57978947368421,0.0009421139895890055,0.003166582224474019,0.0041086962140630245,0.36021071812403593,0.12490814330215852
31.604792474059256,0.0009406696225001485,0.0031640770962846434,0.0041047467187847915,0.3601800497053786,0.12498728604084412
31.629795474434303,0.0009392285744335848,0.0031615759286470267,0.0041008045030806115,0.36014942414653245,0.1250663661933215
31.65479847480935,0.0009377908352280226,0.0031590787121762724,0.004096869547404295,0.36011884135749733,0.12514538385849905
31.679801475184398,0.0009363563947610267,0.003156585437517111,0.004092941832278138,0.36008830124852553,0.12522433913505077
31.704804475559445,0.0009349252429488398,0.0031540960953437835,0.004089021338292623,0.3600578037301206,0.12530323212141722
31.729807475934493,0.0009334973697462057,0.0031516106763599264,0.004085108046106132,0.36002734871303665,0.12538206291580614
31.75481047630954,0.0009320727651461938,0.003149129171298455,0.004081201936444649,0.3599969361082776,0.12546083161619317
31.779813476684584,0.000930651419180024,0.0031466515709214484,0.004077302990101473,0.35996656582709613,0.12553953832032264
31.80481647705963,0.0009292333219168886,0.0031441778660200336,0.004073411187936922,0.35993623778099265,0.12561818312570824
31.82981947743468,0.0009278184634637846,0.0031417080474142748,0.004069526510878059,0.35990595188171487,0.1256967661296338
31.854822477809726,0.0009264068339653373,0.003139242105953056,0.004065648939918394,0.35987570804125657,0.12577528742915395
31.879825478184774,0.0009249984236036296,0.003136780032513971,0.0040617784561176005,0.3598455061718569,0.1258537471210949
31.90482847855982,0.0009235932225980306,0.0031343218180032084,0.004057915040601239,0.3598153461859995,0.12593214530205513
31.929831478934865,0.0009221912212050281,0.0031318674533554417,0.00405405867456047,0.35978522799641155,0.12601048206840607
31.954834479309913,0.0009207924097180569,0.0031294169295337164,0.004050209339251773,0.3597551515160632,0.1260887575162929
31.97983747968496,0.0009193967784673324,0.0031269702375293397,0.004046367015996672,0.3597251166581663,0.12616697174163516
32.004840480060004,0.0009180043178196835,0.003124527368361771,0.004042531686181455,0.35969512333617404,0.1262451248401275
32.02984348043505,0.0009166150181783852,0.0031220883130785096,0.004038703331256895,0.3596651714637795,0.1263232169072404
32.0548464808101,0.0009152288699829945,0.0031196530627549874,0.004034881932737982,0.35963526095491577,0.12640124803822086
32.07984948118514,0.0009138458637091858,0.0031172216084944613,0.004031067472203647,0.3596053917237539,0.12647921832809303
32.104852481560194,0.0009124659898685862,0.0031147939414278994,0.004027259931296485,0.359575563684703,0.12655712787165904
32.12985548193524,0.0009110892390086142,0.003112370052713881,0.004023459291722495,0.35954577675240923,0.12663497676349952
32.15485848231029,0.0009097156017123167,0.0031099499335384816,0.004019665535250798,0.3595160308417546,0.1267127650979745
32.17986148268533,0.0009083450685982087,0.0031075335751151716,0.00401587864371338,0.3594863258678566,0.12679049296922384
32.204864483060376,0.0009069776303201122,0.0031051209686847074,0.004012098599004819,0.3594566617460672,0.12686816047116817
32.22986748343543,0.0009056132775669982,0.0031027121055150243,0.004008325383082023,0.35942703839197204,0.1269457676975094
32.25487048381047,0.0009042520010628275,0.003100306976901137,0.004004558977963964,0.3593974557213894,0.12702331474173142
32.27987348418552,0.0009028937915663919,0.0030979055741650265,0.0040007993657314184,0.3593679136503701,0.1271008016971009
32.304876484560566,0.0009015386398711603,0.0030955078886555423,0.003997046528526702,0.35933841209519574,0.12717822865666775
32.32987948493561,0.0009001865368051194,0.0030931139117482956,0.003993300448553415,0.35930895097237864,0.127255595713266
32.35488248531066,0.0008988374732306199,0.003090723634845555,0.003989561108076175,0.3592795301986608,0.12733290295951438
32.379885485685705,0.0008974914400442238,0.003088337049376148,0.003985828489420372,0.35925014969101304,0.1274101504878169
32.404888486060756,0.0008961484281765469,0.0030859541467953525,0.0039821025749718995,0.35922080936663425,0.12748733839036366
32.4298914864358,0.0008948084285921106,0.0030835749185847998,0.003978383347176911,0.3591915091429507,0.12756446675913144
32.45489448681085,0.0008934714322891853,0.0030811993562523694,0.0039746707885415546,0.35916224893761517,0.12764153568588438
32.479897487185895,0.0008921374302996446,0.0030788274513320916,0.003970964881631736,0.35913302866850616,0.12771854526217452
32.50490048756094,0.000890806413688809,0.0030764591953840446,0.003967265609072854,0.35910384825372726,0.1277954955793427
32.52990348793599,0.0008894783735553004,0.0030740945799942526,0.003963572953549553,0.359074707611606,0.12787238672851897
32.55490648831103,0.0008881533010308924,0.003071733596774592,0.003959886897805485,0.35904560666069374,0.12794921880062332
32.579909488686084,0.0008868311872803612,0.003069376237362686,0.003956207424643047,0.3590165453197643,0.1280259918863664
32.60491248906113,0.0008855120235013398,0.0030670224934218095,0.003952534516923149,0.35898752350781327,0.12810270607625002
32.62991548943618,0.0008841958009241698,0.003064672356640789,0.003948868157564959,0.3589585411440577,0.12817936146056794
32.65491848981122,0.000882882510811758,0.0030623258187339073,0.0039452083295456655,0.35892959814793485,0.12825595812940632
32.67992149018627,0.0008815721444594284,0.0030599828714408025,0.003941555015900231,0.35890069443910166,0.1283324961726446
32.70492449056132,0.00088026469319478,0.003057643506526373,0.003937908199721153,0.35887182993743405,0.128408975679956
32.72992749093636,0.000878960148377544,0.003055307715780683,0.003934267864158228,0.3588430045630259,0.12848539674080797
32.75493049131141,0.0008776585013994379,0.003052975491018862,0.0039306339924183,0.35881421823618875,0.12856175944446324
32.77993349168646,0.0008763597436840277,0.003050646824081014,0.003927006567765042,0.3587854708774506,0.12863806387998003
32.80493649206151,0.0008750638666865823,0.0030483217068321177,0.0039233855735187,0.35875676240755555,0.12871431013621296
32.82993949243655,0.0008737708618939371,0.003046000131161936,0.003919770993055873,0.35872809274746276,0.12879049830181347
32.854942492811595,0.000872480720824351,0.003043682088984918,0.003916162809809269,0.35869946181834594,0.1288666284652306
32.879945493186646,0.0008711934350273677,0.0030413675722401083,0.003912561007267476,0.3586708695415925,0.1289427007147115
32.90494849356169,0.0008699089960836801,0.0030390565728910515,0.003908965568974731,0.3586423158388028,0.12901871513830207
32.92995149393674,0.000868627395604989,0.0030367490829256993,0.0039053764785306885,0.35861380063178977,0.12909467182384762
32.954954494311785,0.000867348625233869,0.00303444509435632,0.003901793719590189,0.3585853238425775,0.1291705708589934
32.97995749468683,0.0008660726766436298,0.0030321445992194033,0.003898217275863033,0.3585568853934013,0.12924641233118525
33.00496049506188,0.0008647995415381823,0.0030298475895755702,0.0038946471311137524,0.3585284852067064,0.12932219632767025
33.029963495436924,0.0008635292116519044,0.003027554057509483,0.0038910832691613872,0.35850012320514757,0.12939792293549718
33.054966495811975,0.0008622616787495038,0.0030252639951297497,0.0038875256738792534,0.35847179931158824,0.1294735922415173
33.07996949618702,0.0008609969346258881,0.0030229773945688408,0.003883974329194729,0.3584435134490999,0.1295492043323848
33.10497249656207,0.0008597349711060297,0.003020694247982991,0.0038804292190890207,0.35841526554096137,0.1296247592945575
33.129975496937114,0.0008584757800448352,0.003018414547552117,0.003876890327596952,0.3583870555106581,0.12970025721429734
33.15497849731216,0.000857219353327012,0.0030161382854797226,0.0038733576388067345,0.35835888328188137,0.1297756981776711
33.17998149768721,0.000855965682866939,0.0030138654539928118,0.0038698311368597508,0.3583307487785278,0.1298510822705509
33.20498449806225,0.0008547147606085373,0.0030115960453418033,0.0038663108059503407,0.3583026519246985,0.12992640957861473
33.2299874984373,0.0008534665785251382,0.0030093300518004356,0.003862796630325574,0.35827459264469835,0.13000168018734723
33.25499049881235,0.0008522211286193574,0.0030070674656656874,0.0038592885942850446,0.35824657086303563,0.13007689418204005
33.2799934991874,0.0008509784029229644,0.003004808279257683,0.003855786682180647,0.3582185865044209,0.1301520516477926
33.30499649956244,0.0008497383934967567,0.003002552484919611,0.003852290878416368,0.35819063949376656,0.13022715266951246
33.329999499937486,0.0008485010924304322,0.0030003000750176345,0.0038488011674480665,0.3581627297561862,0.13030219733191617
33.35500250031254,0.0008472664918424628,0.002998051041940805,0.0038453175337832676,0.3581348572169938,0.13037718571952966
33.38000550068758,0.0008460345838799705,0.00299580537810098,0.0038418399619809503,0.3581070218017031,0.1304521179166888
33.40500850106263,0.0008448053607186,0.0029935630759327335,0.0038383684366513336,0.3580792234360272,0.13052699400754006
33.430011501437676,0.000843578814562397,0.0029913241278932733,0.00383490294245567,0.3580514620458772,0.130601814076041
33.45501450181272,0.0008423549376436829,0.0029890885264623568,0.0038314434641060395,0.3580237375573624,0.13067657820596087
33.48001750218777,0.0008411337222229317,0.0029868562641422037,0.0038279899863651354,0.357996049896789,0.13075128648088127
33.505020502562814,0.0008399151605886496,0.0029846273334574176,0.0038245424940460673,0.3579683989906598,0.13082593898419645
33.530023502937865,0.000838699245057251,0.0029824017269548964,0.0038211009720121474,0.35794078476567326,0.13090053579911418
33.55502650331291,0.0008374859679729388,0.0029801794372037553,0.003817665405176694,0.3579132071487231,0.13097507700865602
33.58002950368796,0.0008362753217075829,0.002977960456795238,0.003814235778502821,0.3578856660668976,0.13104956269565815
33.605032504063004,0.0008350672986606015,0.0029757447783426393,0.003810812077003241,0.35785816144747873,0.1311239929427717
33.63003550443805,0.0008338618912588406,0.002973532394481221,0.003807394285740062,0.35783069321794186,0.13119836783246336
33.6550385048131,0.0008326590919564556,0.00297132329786813,0.003803982389824586,0.35780326130595486,0.13127268744701606
33.68004150518814,0.0008314588932347942,0.0029691174811823182,0.0038005763744171123,0.35777586563937736,0.13134695186852932
33.705044505563194,0.0008302612876022775,0.0029669149371244602,0.003797176224726738,0.3577485061462607,0.13142116117891994
33.73004750593824,0.0008290662675942845,0.002964715658416875,0.0037937819260111597,0.3577211827548465,0.1314953154599224
33.75505050631329,0.0008278738257730335,0.0029625196378034427,0.0037903934635764762,0.3576938953935665,0.13156941479308962
33.78005350668833,0.0008266839547274696,0.002960326868049528,0.003787010822776998,0.35766664399104203,0.1316434592597932
33.80505650706338,0.0008254966470731473,0.0029581373419418993,0.0037836339890150467,0.357639428476083,0.13171744894122425
33.83005950743843,0.0008243118954521154,0.0029559510522886466,0.003780262947740762,0.35761224877768744,0.13179138391839376
33.85506250781347,0.0008231296925328059,0.00295376799191911,0.003776897684451916,0.357585104825041,0.13186526427213313
33.88006550818852,0.0008219500310099169,0.002951588153683794,0.003773538184693711,0.35755799654751635,0.1319390900830948
33.905068508563566,0.000820772903604303,0.002949411530454294,0.003770184434058597,0.3575309238746722,0.13201286143175262
33.93007150893861,0.0008195983030628611,0.0029472381151232157,0.003766836418186077,0.3575038867362532,0.13208657839840254
33.95507450931366,0.0008184262221584185,0.0029450679006040995,0.003763494122762518,0.3574768850621888,0.13216024106316313
33.980077509688705,0.0008172566536896236,0.002942900879831344,0.003760157533520968,0.3574499187825931,0.13223384950597586
34.005080510063756,0.0008160895904808332,0.0029407370457601267,0.0037568266362409597,0.3574229878277638,0.13230740380660597
34.0300835104388,0.0008149250253820039,0.0029385763913663317,0.0037535014167483357,0.35739609212818235,0.1323809040446427
34.05508651081385,0.0008137629512685812,0.0029364189096464685,0.0037501818609150498,0.35736923161451223,0.13245435029950003
34.080089511188895,0.0008126033610413923,0.0029342645936176015,0.003746867954658994,0.35734240621759933,0.13252774265041697
34.10509251156394,0.0008114462476265362,0.0029321134363172706,0.0037435596839438066,0.3573156158684708,0.13260108117645827
34.13009551193899,0.0008102916039752761,0.002929965430803419,0.003740257034778695,0.3572888604983348,0.13267436595651488
34.155098512314034,0.0008091394230639329,0.0029278205701543177,0.0037369599932182505,0.3572621400385797,0.1327475970693043
34.180101512689085,0.000807989697893777,0.002925678847468489,0.003733668545362266,0.35723545442077337,0.1328207745933714
34.20510451306413,0.0008068424214909241,0.0029235402558646373,0.0037303826773555614,0.3572088035766629,0.13289389860708858
34.23010751343918,0.0008056975869062263,0.0029214047884815694,0.003727102375387796,0.3571821874381739,0.13296696918865655
34.25511051381422,0.0008045551872151705,0.0029192724384781267,0.0037238276256932974,0.35715560593740975,0.13303998641610465
34.28011351418927,0.0008034152155177708,0.002917143199033108,0.003720558414550879,0.35712905900665126,0.13311295036729145
34.30511651456432,0.0008022776649384654,0.0029150170633451987,0.003717294728283664,0.35710254657835583,0.13318586111990527
34.33011951493936,0.0008011425286260138,0.0029128940246328995,0.003714036553258913,0.3570760685851573,0.1332587187514645
34.35512251531441,0.0008000097997533915,0.00291077407613445,0.0037107838758878415,0.35704962495986475,0.13333152333931833
34.38012551568946,0.0007988794715176903,0.0029086572111077635,0.0037075366826254536,0.3570232156354626,0.13340427496064705
34.4051285160645,0.0007977515371400129,0.002906543422830349,0.003704294959970362,0.35699684054510944,0.1334769736924627
34.43013151643955,0.0007966259898653734,0.002904432704599243,0.003701058694464616,0.35697049962213795,0.13354961961160947
34.455134516814596,0.0007955028229625964,0.00290232504973094,0.0036978278726935367,0.35694419280005407,0.1336222127947641
34.48013751718965,0.0007943820297242141,0.00290022045156132,0.003694602481285534,0.35691792001253636,0.13369475331843664
34.50514051756469,0.0007932636034663691,0.0028981189034455778,0.003691382506911947,0.3568916811934357,0.13376724125897058
34.53014351793974,0.000792147537528712,0.0028960203987581546,0.0036881679362868666,0.35686547627677456,0.13383967669254362
34.555146518314785,0.000791033825274305,0.002893924930892669,0.003684958756166974,0.3568393051967465,0.133912059695168
34.58014951868983,0.0007899224600895203,0.0028918324932618437,0.0036817549533513638,0.3568131678877155,0.13398439034269102
34.60515251906488,0.0007888134353839437,0.002889743079297441,0.0036785565146813847,0.35678706428421564,0.13405666871079558
34.630155519439924,0.0007877067445902778,0.0028876566824501937,0.0036753634270404716,0.35676099432095043,0.13412889487500046
34.655158519814975,0.0007866023811642417,0.002885573296189732,0.0036721756773539734,0.356734957932792,0.13420106891066105
34.68016152019002,0.0007855003385844778,0.0028834929140045206,0.0036689932525889985,0.356708955054781,0.13427319089296963
34.70516452056507,0.0007844006103524523,0.002881415529401788,0.0036658161397542404,0.3566829856221259,0.13434526089695595
34.730167520940114,0.0007833031899923624,0.002879341135907462,0.0036626443258998245,0.3566570495702022,0.1344172789974876
34.75517052131516,0.0007822080710510383,0.002877269727066098,0.003659477798117136,0.35663114683455227,0.13448924526927056
34.78017352169021,0.0007811152470978498,0.002875201296440814,0.003656316543538664,0.35660527735088454,0.13456115978684965
34.80517652206525,0.0007800247117246124,0.002873135837613227,0.003653160549337839,0.3565794410550731,0.13463302262460897
34.830179522440304,0.0007789364585454913,0.0028710733441833797,0.0036500098027288713,0.3565536378831571,0.13470483385677237
34.85518252281535,0.0007778504811969107,0.0028690138097696837,0.0036468642909665942,0.35652786777134016,0.1347765935574039
34.8801855231904,0.0007767667733374578,0.0028669572280088443,0.003643724001346302,0.3565021306559901,0.13484830180040833
34.90518852356544,0.0007756853286477926,0.002864903592555801,0.0036405889212035936,0.3564764264736382,0.13491995865953146
34.930191523940486,0.0007746061408305548,0.0028628528970836608,0.0036374590379142156,0.3564507551609785,0.13499156420836078
34.95519452431554,0.0007735292036102716,0.002860805135283631,0.003634334338893903,0.35642511665486776,0.13506311852032576
34.98019752469058,0.0007724545107332679,0.0028587603008649594,0.0036312148115982272,0.3563995108923244,0.13513462166869833
35.00520052506563,0.0007713820559675737,0.0028567183875548635,0.003628100443522437,0.35637393781052856,0.1352060737265934
35.030203525440676,0.000770311833102836,0.002854679389098473,0.0036249912222013087,0.35634839734682094,0.13527747476696925
35.05520652581572,0.0007692438359502267,0.00285264329925876,0.0036218871352089867,0.3563228894387029,0.135348824862628
35.08020952619077,0.0007681780583423537,0.0028506101118164783,0.003618788170158832,0.3562974140238353,0.13542012408621606
35.105212526565815,0.0007671144941331737,0.0028485798205701023,0.003615694314703276,0.3562719710400388,0.13549137251022453
35.130215526940866,0.0007660531371979002,0.002846552419335759,0.003612605556533659,0.35624656042529257,0.1355625702069897
35.15521852731591,0.0007649939814329193,0.0028445279019471688,0.003609521883380088,0.35622118211773407,0.13563371724869341
35.18022152769096,0.000763937020755698,0.002842506262255581,0.003606443283011279,0.3561958360556589,0.13570481370736365
35.205224528066005,0.0007628822491047,0.002840487494129714,0.003603369743234414,0.35617052217751977,0.1357758596548748
35.23022752844105,0.000761829660439297,0.002838471591455691,0.0036003012518949877,0.35614524042192613,0.13584685516294817
35.2552305288161,0.0007607792487396826,0.0028364585481369777,0.0035972377968766602,0.35611999072764394,0.13591780030315248
35.28023352919114,0.0007597310080067873,0.002834448358094324,0.0035941793661011115,0.3560947730335948,0.13598869514690415
35.305236529566194,0.0007586849322621904,0.0028324410152657004,0.003591125947527891,0.3560695872788558,0.1360595397654679
35.33023952994124,0.0007576410155480382,0.002830436513606238,0.0035880775291542762,0.35604443340265873,0.136130334229957
35.35524253031629,0.0007565992519269556,0.0028284348470881656,0.003585034099015121,0.3560193113443898,0.1362010786113339
35.38024553069133,0.0007555596354819644,0.0028264360097007544,0.003581995645182719,0.355994221043589,0.13627177298041046
35.40524853106638,0.0007545221603163977,0.002824439995450252,0.0035789621557666498,0.35596916243994975,0.13634241740784853
35.43025153144143,0.0007534868205538167,0.0028224467983598255,0.003575933618913642,0.35594413547331827,0.13641301196416028
35.45525453181647,0.0007524536103379281,0.0028204564124695024,0.0035729100228074307,0.35591914008369324,0.13648355671970863
35.48025753219152,0.0007514225238325003,0.0028184688318361093,0.0035698913556686095,0.35589417621122516,0.13655405174470775
35.50526053256657,0.0007503935552212821,0.0028164840505332145,0.0035668776057544965,0.35586924379621604,0.13662449710922336
35.53026353294161,0.0007493666987079195,0.002814502062651067,0.0035638687613589867,0.3558443427791188,0.13669489288317327
35.55526653331666,0.0007483419485158744,0.00281252286229654,0.0035608648108124146,0.35581947310053674,0.1367652391363277
35.580269533691705,0.0007473192988883442,0.002810546443593072,0.003557865742481416,0.3557946347012233,0.13683553593830974
35.605272534066756,0.0007462987440881798,0.002808572800680607,0.0035548715447687868,0.35576982752208136,0.13690578335859577
35.6302755344418,0.0007452802783978064,0.0028066019277155387,0.0035518822061133453,0.35574505150416286,0.13697598146651577
35.65527853481685,0.0007442638961191416,0.002804633818870652,0.0035488977149897936,0.35572030658866827,0.13704613033125396
35.680281535191895,0.0007432495915735179,0.0028026684683350647,0.0035459180599085828,0.3556955927169462,0.13711623002184894
35.70528453556694,0.0007422373591016013,0.0028007058703141724,0.0035429432294157735,0.35567090983049293,0.13718628060719432
35.73028753594199,0.0007412271930633138,0.002798746019029588,0.003539973212092902,0.3556462578709518,0.137256282156039
35.755290536317034,0.0007402190878377544,0.002796788908719091,0.0035370079965568453,0.355621636780113,0.13732623473698752
35.780293536692085,0.0007392130378231206,0.0027948345336365633,0.0035340475714596836,0.35559704649991297,0.1373961384185007
35.80529653706713,0.0007382090374366312,0.0027928828880519397,0.003531091925488571,0.3555724869724338,0.13746599326889578
35.83029953744218,0.000737207081114448,0.0027909339662511475,0.003528141047365595,0.35554795813990303,0.13753579935634697
35.855302537817224,0.0007362071633115998,0.002788987762536054,0.003525194925847654,0.3555234599446931,0.13760555674888575
35.88030553819227,0.0007352092785019047,0.002787044271224408,0.003522253549726313,0.3554989923293207,0.13767526551440143
35.90530853856732,0.0007342134211778936,0.0027851034866497857,0.003519316907827679,0.35547455523644655,0.13774492572064143
35.93031153894236,0.0007332195858507364,0.0027831654031615373,0.003516384989012274,0.35545014860887514,0.13781453743521158
35.95531453931741,0.0007322277670501628,0.002781230015124729,0.003513457782174892,0.35542577238955364,0.13788410072557675
35.98031753969246,0.0007312379593243906,0.0027792973169200917,0.0035105352762444825,0.3554014265215722,0.13795361565906103
36.00532054006751,0.0007302501572400475,0.0027773673029439627,0.00350761746018401,0.35537711094816277,0.13802308230284827
36.03032354044255,0.0007292643553820996,0.0027754399676082364,0.003504704322990336,0.3553528256126993,0.13809250072398235
36.055326540817596,0.000728280548353775,0.0027735153053403063,0.0035017958536940814,0.35532857045869704,0.13816187098936766
36.08032954119265,0.0007272987307764907,0.0027715933105830117,0.0034988920413595026,0.3553043454298119,0.13823119316576948
36.10533254156769,0.0007263188972897795,0.0027696739777945878,0.0034959928750843672,0.35528015046984035,0.13830046731981424
36.13033554194274,0.0007253410425512156,0.0027677573014486074,0.003493098343999823,0.3552559855227187,0.1383696935179901
36.155338542317786,0.0007243651612363436,0.002765843276033933,0.0034902084372702767,0.355231850532523,0.1384388718266472
36.18034154269283,0.0007233912480386045,0.0027639318960546596,0.003487323144093264,0.35520774544346817,0.138508002311998
36.20534454306788,0.0007224192976692636,0.0027620231560300627,0.0034844424536993263,0.35518367019990793,0.1385770850401179
36.230347543442925,0.0007214493048573401,0.0027601170504945502,0.0034815663553518904,0.35515962474633417,0.1386461200769453
36.255350543817976,0.0007204812643495338,0.002758213573997604,0.003478694838347138,0.3551356090273766,0.13871510748828222
36.28035354419302,0.0007195151709101557,0.002756312721103734,0.0034758278920138897,0.35511162298780236,0.13878404733979452
36.30535654456807,0.0007185510193210557,0.0027544144863924204,0.003472965505713476,0.35508766657251545,0.13885293969701243
36.330359544943114,0.0007175888043815536,0.0027525188644580683,0.0034701076688396218,0.35506373972655647,0.13892178462533075
36.35536254531816,0.0007166285209083671,0.002750625849909951,0.0034672543708183182,0.35503984239510217,0.13899058219000937
36.38036554569321,0.0007156701637355437,0.002748735437372162,0.0034644056011077055,0.35501597452346473,0.1390593324561736
36.40536854606825,0.000714713727714391,0.0027468476214835644,0.0034615613491979554,0.3549921360570919,0.13912803548881444
36.430371546443304,0.0007137592077134063,0.002744962396897738,0.0034587216046111442,0.3549683269415661,0.1391966913527891
36.45537454681835,0.0007128065986182095,0.00274307975828293,0.0034558863569011397,0.3549445471226042,0.1392653001128212
36.4803775471934,0.0007118558953314729,0.0027411997003220054,0.0034530555956534784,0.3549207965460571,0.1393338618335014
36.50538054756844,0.0007109070927728543,0.0027393222177123965,0.0034502293104852508,0.35489707515790936,0.13940237657928745
36.53038354794349,0.0007099601858789288,0.0027374473051660513,0.0034474074910449803,0.3548733829042785,0.13947084441450472
36.55538654831854,0.0007090151696031203,0.0027355749574093867,0.0034445901270125073,0.3548497197314151,0.13953926540334663
36.58038954869358,0.000708072038915636,0.0027337051691832385,0.0034417772080988745,0.3548260855857019,0.13960763960987485
36.60539254906863,0.0007071307888033982,0.002731837935242809,0.0034389687240462073,0.3548024804136537,0.13967596709801977
36.630395549443676,0.000706191414269978,0.0027299732503576228,0.0034361646646276006,0.3547789041619167,0.13974424793158077
36.65539854981872,0.0007052539103355288,0.0027281111093114744,0.0034333650196470035,0.35475535677726855,0.13981248217422668
36.68040155019377,0.0007043182720367205,0.0027262515069023797,0.0034305697789391004,0.35473183820661724,0.1398806698894961
36.705404550568815,0.0007033844944266746,0.0027243944379425314,0.003427778932369206,0.3547083483970015,0.13994881114079769
36.730407550943866,0.0007024525725748969,0.002722539897258244,0.003424992469833141,0.3546848872955896,0.14001690599141065
36.75541055131891,0.0007015225015672146,0.0027206878796899145,0.0034222103812571293,0.3546614548496797,0.14008495450448488
36.78041355169396,0.0007005942765057094,0.0027188383800919647,0.0034194326565976743,0.3546380510066989,0.1401529567430416
36.805416552069005,0.0006996678925086553,0.0027169913933328027,0.003416659285841458,0.35461467571420313,0.1402209127699734
36.83041955244405,0.0006987433447104521,0.0027151469142947682,0.00341389025900522,0.35459132891987666,0.14028882264804485
36.8554225528191,0.000697820628261563,0.0027133049378740897,0.0034111255661356528,0.35456801057153164,0.1403566864398927
36.880425553194144,0.0006968997383284512,0.0027114654589808374,0.0034083651973092887,0.3545447206171079,0.14042450420802627
36.905428553569195,0.0006959806700935149,0.0027096284725388717,0.0034056091426323864,0.35452145900467236,0.14049227601482775
36.93043155394424,0.0006950634187550264,0.0027077939734858033,0.0034028573922408297,0.35449822568241884,0.1405600019225526
36.95543455431929,0.0006941479795270676,0.00270596195677294,0.0034001099363000077,0.3544750205986674,0.14062768199332995
36.98043755469433,0.0006932343476394693,0.002704132417365247,0.0033973667650047164,0.3544518437018643,0.14069531628916276
37.00544055506938,0.0006923225183377475,0.0027023053502412946,0.003394627868579042,0.35442869494058127,0.14076290487192833
37.03044355544443,0.0006914124868830416,0.002700480750393215,0.0033918932372762564,0.3544055742635153,0.14083044780337858
37.05544655581947,0.0006905042485520547,0.0026986586128266584,0.003389162861378713,0.3543824816194885,0.14089794514514034
37.08044955619452,0.00068959779863699,0.0026968389325607444,0.0033864367311977344,0.35435941695744716,0.1409653969587158
37.10545255656957,0.0006886931324454914,0.002695021704628018,0.0033837148370735094,0.3543363802264617,0.1410328033054827
37.13045555694461,0.000687790245300582,0.002693206924074404,0.003380997169374986,0.35431337137572644,0.14110016424669483
37.15545855731966,0.0006868891325406032,0.002691394585959162,0.003378283718499765,0.354290390354559,0.14116747984348227
37.180461557694706,0.0006859897895191563,0.0026895846853548433,0.0033755744748739996,0.35426743711239994,0.14123475015685166
37.20546455806976,0.0006850922116050403,0.002687777217347242,0.0033728694289522822,0.3542445115988124,0.14130197524768667
37.2304675584448,0.0006841963941821947,0.0026859721770353556,0.0033701685712175505,0.3542216137634818,0.14136915517674825
37.25547055881985,0.0006833023326496375,0.0026841695595313368,0.0033674718921809744,0.35419874355621545,0.14143629000467497
37.280473559194895,0.0006824100224214087,0.0026823693599604516,0.0033647793823818606,0.35417590092694207,0.14150337979198335
37.30547655956994,0.0006815194589265099,0.0026805715734610353,0.003362091032387545,0.3541530858257116,0.14157042459906818
37.33047955994499,0.0006806306376088453,0.0026787761951844458,0.003359406832793291,0.3541302982026947,0.14163742448620292
37.355482560320034,0.000679743553927166,0.002676983220295025,0.0033567267742221907,0.35410753800818245,0.14170437951353987
37.380485560695085,0.0006788582033550084,0.00267519264397005,0.003354050847325058,0.35408480519258584,0.14177128974111064
37.40548856107013,0.0006779745813806402,0.0026734044613996957,0.003351379042780336,0.3540620997064357,0.1418381552288264
37.43049156144518,0.0006770926835069995,0.002671618667786985,0.0033487113512939847,0.35403942150038203,0.14190497603647825
37.455494561820224,0.0006762125052516403,0.002669835258347753,0.0033460477635993933,0.3540167705251939,0.14197175222373748
37.48049756219527,0.0006753340421466736,0.0026680542283105983,0.003343388270457272,0.3539941467317589,0.1420384838501559
37.50550056257032,0.0006744572897387117,0.002666275572916843,0.0033407328626555545,0.3539715500710828,0.14210517097516628
37.53050356294536,0.000673582243588812,0.002664499287420492,0.0033380815310093044,0.3539489804942893,0.14217181365808243
37.555506563320414,0.0006727088992724195,0.002662725367088187,0.0033354342663606063,0.3539264379526197,0.14223841195809975
37.58050956369546,0.0006718372523793127,0.0026609538071991675,0.00333279105957848,0.3539039223974323,0.1423049659342954
37.6055125640705,0.0006709672985135462,0.002659184603045228,0.003330151901558774,0.35388143378020237,0.14237147564562871
37.63051556444555,0.0006700990332933962,0.0026574177499306753,0.0033275167832240715,0.35385897205252154,0.14243794115094144
37.655518564820596,0.0006692324523513058,0.002655653243172289,0.003324885695523595,0.3538365371660976,0.14250436250895804
37.68052156519565,0.0006683675513338281,0.0026538910780992777,0.0033222586294331057,0.35381412907275406,0.14257073977828608
37.70552456557069,0.0006675043259015744,0.00265213125005324,0.0033196355759548147,0.35379174772442995,0.14263707301741646
37.73052756594574,0.0006666427717291569,0.0026503737543881224,0.0033170165261172794,0.35376939307317923,0.14270336228472383
37.755530566320786,0.0006657828845051371,0.002648618586470178,0.003314401470975315,0.3537470650711707,0.14276960763846674
37.78053356669583,0.0006649246599319693,0.0026468657416779265,0.0033117904016098957,0.3537247636706875,0.14283580913678812
37.80553656707088,0.0006640680937259488,0.002645115215402113,0.003309183309128062,0.3537024888241268,0.14290196683771544
37.830539567445925,0.0006632131816171587,0.00264336700304567,0.0033065801846628284,0.3536802404839996,0.14296808079916107
37.855542567820976,0.0006623599193494139,0.0026416211000236714,0.0033039810193730853,0.35365801860293,0.14303415107892267
37.88054556819602,0.0006615083026802122,0.0026398775017633003,0.0033013858044435122,0.3536358231336553,0.1431001777346833
37.90554856857107,0.0006606583273806777,0.002638136203703802,0.0032987945310844796,0.35361365402902556,0.14316616082401196
37.930551568946115,0.0006598099892355113,0.0026363972012964487,0.00329620719053196,0.35359151124200294,0.14323210040436365
37.95555456932116,0.0006589632840429365,0.0026346604900044984,0.003293623774047435,0.3535693947256619,0.1432979965330799
37.98055756969621,0.0006581182076146477,0.002632926065303154,0.0032910442729178016,0.3535473044331883,0.14336384926738888
38.00556057007125,0.0006572747557757599,0.0026311939226795274,0.0032884686784552873,0.3535252403178797,0.14342965866440577
38.030563570446304,0.0006564329243647549,0.002629464057632597,0.0032858969819973514,0.35350320233314425,0.14349542478113314
38.05556657082135,0.0006555927092334317,0.002627736465673171,0.003283329174906603,0.35348119043250115,0.1435611476744611
38.0805695711964,0.0006547541062468541,0.0026260111423238464,0.0032807652485707006,0.35345920456957974,0.1436268274011677
38.10557257157144,0.0006539171112833015,0.0026242880831189737,0.0032782051944022753,0.35343724469811943,0.1436924640179191
38.13057557194649,0.0006530817202342165,0.0026225672836046143,0.0032756490038388306,0.35341531077196947,0.1437580575812701
38.15557857232154,0.0006522479290041548,0.0026208487393385043,0.003273096668342659,0.3533934027450883,0.1438236081476642
38.18058157269658,0.0006514157335107365,0.002619132445890018,0.0032705481794007545,0.35337152057154353,0.14388911577343394
38.20558457307163,0.0006505851296845944,0.0026174183988401257,0.00326800352852472,0.35334966420551145,0.1439545805148013
38.23058757344668,0.000649756113469325,0.002615706593781359,0.003265462707250684,0.3533278336012768,0.1440200024278779
38.25559057382172,0.0006489286808214389,0.0026139970263177716,0.0032629257071392108,0.35330602871323236,0.14408538156866527
38.28059357419677,0.0006481028277103113,0.002612289692064902,0.0032603925197752133,0.35328424949587867,0.14415071799305518
38.305596574571815,0.0006472785501181336,0.0026105845866497375,0.003257863136767871,0.3532624959038238,0.14421601175682994
38.330599574946866,0.0006464558440398633,0.0026088817057106726,0.003255337549750536,0.35324076789178294,0.14428126291566265
38.35560257532191,0.0006456347054831768,0.0026071810448974777,0.0032528157503806544,0.353219065414578,0.1443464715251175
38.38060557569696,0.0006448151304684196,0.0026054825998712565,0.003250297730339676,0.3531973884271374,0.1444116376406501
38.405608576072005,0.0006439971150285594,0.0026037863663044137,0.0032477834813329732,0.35317573688449583,0.1444767613176076
38.43061157644705,0.0006431806552091367,0.0026020923398806153,0.003245272995089752,0.35315411074179387,0.14454184261122918
38.4556145768221,0.0006423657470682178,0.0026004005162947514,0.0032427662633629692,0.35313250995427753,0.14460688157664625
38.480617577197144,0.0006415523866763479,0.002598710891252904,0.003240263277929252,0.35311093447729824,0.14467187826888264
38.505620577572195,0.0006407405701165021,0.0025970234604723056,0.0032377640305888077,0.3530893842663122,0.14473683274285506
38.53062357794724,0.0006399302934840396,0.0025953382196813066,0.003235268513165346,0.35306785927688034,0.14480174505337318
38.55562657832229,0.000639121552886656,0.0025936551646193362,0.0032327767175059923,0.35304635946466795,0.14486661525514008
38.580629578697334,0.0006383143444443373,0.002591974291036871,0.0032302886354812085,0.3530248847854442,0.14493144340275238
38.60563257907238,0.0006375086642893122,0.002590295594695394,0.003227804258984706,0.3530034351950821,0.14499622955070066
38.63063557944743,0.0006367045085660067,0.0025886190713673616,0.0032253235799333682,0.3529820106495581,0.14506097375336963
38.65563857982247,0.000635901873430998,0.0025869447168361697,0.0032228465902671677,0.3529606111049515,0.14512567606503837
38.68064158019752,0.0006351007550529678,0.0025852725268961144,0.0032203732819490825,0.3529392365174448,0.1451903365398808
38.70564458057257,0.000634301149612658,0.002583602497352361,0.003217903646965019,0.35291788684332265,0.14525495523196574
38.73064758094761,0.0006335030533028231,0.0025819346240209054,0.0032154376773237286,0.3528965620389721,0.14531953219525726
38.75565058132266,0.0006327064623281865,0.002580268902728541,0.0032129753650567273,0.352875262060882,0.14538406748361496
38.780653581697706,0.0006319113729053954,0.002578605329312824,0.0032105167022182194,0.3528539868656429,0.14544856115079421
38.80565658207276,0.0006311177812629745,0.0025769438996220374,0.003208061680885012,0.3528327364099466,0.14551301325044655
38.8306595824478,0.0006303256836412831,0.002575284609515159,0.003205610293156442,0.3528115106505859,0.14557742383611968
38.85566258282285,0.0006295350762924687,0.0025736274548618233,0.0032031625311542923,0.35279030954445445,0.14564179296125804
38.880665583197896,0.0006287459554804247,0.002571972431542291,0.003200718387022716,0.35276913304854607,0.14570612067920283
38.90566858357294,0.0006279583174807442,0.002570319535447412,0.0031982778529281563,0.3527479811199549,0.14577040704319244
38.93067158394799,0.0006271721585806773,0.0025686687624785916,0.003195840921059269,0.352726853715875,0.14583465210636265
38.955674584323035,0.0006263874750790875,0.0025670201085477608,0.0031934075836268483,0.35270575079359967,0.14589885592174684
38.980677584698086,0.000625604263286407,0.0025653735695773355,0.0031909778328637426,0.3526846723105218,0.14596301854227636
39.00568058507313,0.0006248225195245947,0.00256372914150019,0.003188551661024785,0.3526636182241331,0.1460271400207807
39.03068358544818,0.0006240422401270919,0.002562086820259617,0.003186129060386709,0.35264258849202396,0.14609122040998787
39.055686585823224,0.0006232634214387801,0.0025604466018093004,0.0031837100232480807,0.3526215830718832,0.14615525976252444
39.08068958619827,0.0006224860598159378,0.0025588084821132773,0.0031812945419292154,0.35260060192149767,0.14621925813091607
39.10569258657332,0.0006217101516261974,0.0025571724571459066,0.003178882608772104,0.35257964499875216,0.1462832155675876
39.13069558694836,0.0006209356932485044,0.0025555385228918375,0.003176474216140342,0.35255871226162905,0.1463471321248633
39.155698587323414,0.0006201626810730728,0.002553906675345973,0.003174069356419046,0.35253780366820775,0.14641100785496722
39.18070158769846,0.0006193911115013453,0.002552276910513443,0.0031716680220147883,0.35251691917666483,0.14647484281002335
39.20570458807351,0.0006186209809459497,0.0025506492244095633,0.003169270205355513,0.3524960587452735,0.14653863704205602
39.23070758844855,0.0006178522858306591,0.002549023613059813,0.003166875898890472,0.35247522233240347,0.14660239060298993
39.2557105888236,0.0006170850225903475,0.002547400072499794,0.0031644850950901414,0.3524544098965205,0.14666610354465065
39.28071358919865,0.0006163191876709512,0.0025457785987752016,0.003162097786446153,0.3524336213961863,0.14672977591876468
39.30571658957369,0.0006155547775294267,0.002544159187941795,0.003159713965471222,0.3524128567900579,0.1467934077769598
39.33071958994874,0.0006147917886337092,0.0025425418360653616,0.0031573336246990707,0.35239211603688814,0.1468569991707653
39.355722590323786,0.0006140302174626725,0.002540926539221686,0.003154956756684359,0.35237139909552434,0.1469205501516122
39.38072559069883,0.0006132700605060881,0.0025393132934965206,0.0031525833540026085,0.35235070592490897,0.1469840607708336
39.40572859107388,0.0006125113142645843,0.0025377020949855496,0.003150213409250134,0.35233003648407885,0.14704753107966476
39.430731591448925,0.0006117539752496073,0.0025360929397943628,0.00314784691504397,0.352309390732165,0.14711096112924352
39.455734591823976,0.0006109980399833792,0.0025344858240384195,0.0031454838640217987,0.3522887686283924,0.14717435097061043
39.48073759219902,0.0006102435049988599,0.0025328807438430205,0.0031431242488418804,0.35226817013207984,0.14723770065470904
39.50574059257407,0.0006094903668397056,0.002531277695343275,0.0031407680621829805,0.3522475952026392,0.14730101023238618
39.530743592949115,0.0006087386220602312,0.002529676674684071,0.003138415296744302,0.3522270437995758,0.14736427975439212
39.55574659332416,0.0006079882672253688,0.002528077678020043,0.003136065945245412,0.35220651588248775,0.1474275092713809
39.58074959369921,0.0006072392989106302,0.002526480701515541,0.0031337200004261712,0.35218601141106565,0.14749069883391053
39.605752594074254,0.0006064917137020668,0.0025248857413446043,0.003131377455046671,0.35216553034509257,0.14755384849244318
39.630755594449305,0.0006057455081962307,0.0025232927936909228,0.0031290383018871535,0.3521450726444436,0.14761695829734559
39.65575859482435,0.0006050006790001371,0.002521701854747815,0.003126702533747952,0.35212463826908563,0.1476800282988891
39.6807615951994,0.0006042572227312238,0.00252011292071819,0.0031243701434494143,0.35210422717907713,0.14774305854725006
39.70576459557444,0.000603515136017315,0.002518525987814526,0.0031220411238318414,0.3520838393345678,0.14780604909250994
39.73076759594949,0.0006027744154965811,0.002516941052258831,0.003119715467755412,0.35206347469579846,0.14786899998465566
39.75577059632454,0.0006020350578175018,0.0025153581102826178,0.0031173931681001193,0.35204313322310055,0.14793191127357985
39.78077359669958,0.0006012970596388279,0.0025137771581268766,0.0031150742177657046,0.35202281487689624,0.14799478300908095
39.80577659707463,0.0006005604176295433,0.002512198192042038,0.003112758609671581,0.35200251961769763,0.14805761524086358
39.83077959744968,0.0005998251284688281,0.0025106212082879505,0.0031104463367567785,0.35198224740610706,0.1481204080185387
39.85578259782472,0.0005990911888460201,0.0025090462031338466,0.0031081373919798665,0.3519619982028166,0.1481831613916239
39.88078559819977,0.0005983585954605785,0.0025074731728583145,0.003105831768318893,0.35194177196860765,0.1482458754095436
39.905788598574816,0.0005976273450220464,0.0025059021137492704,0.0031035294587713168,0.351921568664351,0.14830855012162925
39.93079159894987,0.0005968974342500136,0.0025043330221039255,0.003101230456353939,0.3519013882510061,0.14837118557711967
39.95579459932491,0.0005961688598740806,0.0025027658942287623,0.003098934754102843,0.3518812306896215,0.14843378182516115
39.98079759969996,0.0005954416186338209,0.0025012007264395,0.0030966423450733208,0.351861095941334,0.1484963389148078
40.005800600075005,0.0005947157072787456,0.00249963751506107,0.0030943532223398156,0.35184098396736874,0.14855885689502168
40.03080360045005,0.0005939911225682661,0.002498076256427585,0.003092067378995851,0.3518208947290386,0.14862133581467313
40.0558066008251,0.0005932678612716586,0.00249651694688231,0.003089784808153968,0.3518008281877444,0.1486837757225409
40.080809601200144,0.000592545920168028,0.0024949595827776353,0.0030875055029456634,0.3517807843049743,0.14874617666731246
40.105812601575195,0.0005918252960462715,0.002493404160475047,0.0030852294565213187,0.35176076304230364,0.14880853869758418
40.13081560195024,0.000591105985705044,0.002491850676345099,0.0030829566620501434,0.3517407643613949,0.14887086186186152
40.15581860232529,0.0005903879859527211,0.0024902991267673844,0.0030806871127201053,0.35172078822399705,0.1489331462085594
40.180821602700334,0.0005896712936073653,0.0024887495081305083,0.0030784208017378737,0.35170083459194584,0.14899539178600227
40.20582460307538,0.000588955905496689,0.0024872018168320587,0.0030761577223287475,0.3516809034271629,0.14905759864242438
40.23082760345043,0.0005882418184580206,0.002485656049278578,0.0030738978677365986,0.35166099469165607,0.14911976682597008
40.25583060382547,0.0005875290293382699,0.002484112201885539,0.0030716412312238087,0.35164110834751894,0.14918189638469395
40.280833604200524,0.0005868175349938915,0.002482570271077311,0.0030693878060712027,0.3516212443569305,0.14924398736656108
40.30583660457557,0.0005861073322908524,0.002481030253287139,0.0030671375855779916,0.35160140268215506,0.1493060398194472
40.33083960495061,0.0005853984181045958,0.00247949214495711,0.0030648905630617056,0.3515815832855419,0.14936805379113907
40.35584260532566,0.0005846907893200066,0.0024779559425381296,0.003062646731858136,0.35156178612952516,0.14943002932933455
40.380845605700706,0.0005839844428313796,0.002476421642489894,0.003060406085321274,0.3515420111766235,0.14949196648164284
40.40584860607576,0.000583279375542382,0.002474889241280861,0.0030581686168232427,0.35152225838943973,0.1495538652955848
40.4308516064508,0.0005825755843660225,0.0024733587353882253,0.003055934319754248,0.3515025277306611,0.14961572581859303
40.45585460682585,0.000581873066224615,0.00247183012129789,0.003053703187522505,0.3514828191630583,0.14967754809801223
40.480857607200896,0.0005811718180497471,0.002470303395504441,0.003051475213554188,0.35146313264948575,0.1497393321810993
40.50586060757594,0.0005804718367822451,0.002468778554511118,0.003049250391293363,0.3514434681528814,0.1498010781150236
40.53086360795099,0.0005797731193721411,0.0024672555948297885,0.0030470287142019296,0.351423825636266,0.14986278594686722
40.555866608326035,0.0005790756627786402,0.002465734512980925,0.003044810175759565,0.3514042050627435,0.14992445572362506
40.580869608701086,0.0005783794639700869,0.002464215305493572,0.0030425947694636586,0.3513846063955003,0.1499860874922052
40.60587260907613,0.0005776845199239324,0.002462697968905325,0.0030403824888292578,0.3513650295978054,0.15004768129942903
40.63087560945118,0.0005769908276267012,0.002461182499762301,0.003038173327389002,0.3513454746330098,0.15010923719203143
40.655878609826225,0.0005762983840739599,0.0024596688946191144,0.0030359672786930744,0.3513259414645467,0.15017075521666104
40.68088161020127,0.0005756071862702827,0.002458157150038849,0.0030337643363091316,0.3513064300559308,0.15023223541988054
40.70588461057632,0.0005749172312292205,0.0024566472625930326,0.003031564493822253,0.3512869403707585,0.15029367784816672
40.73088761095136,0.0005742285159732684,0.002455139228861613,0.0030293677448348815,0.3512674723727074,0.15035508254791072
40.755890611326414,0.0005735410375338326,0.0024536330454329293,0.003027174082966762,0.3512480260255361,0.15041644956541833
40.78089361170146,0.0005728547929512001,0.002452128708903688,0.003024983501854888,0.3512286012930842,0.1504777789469101
40.8058966120765,0.0005721697792745049,0.0024506262158789367,0.0030227959951534414,0.3512091981392717,0.15053907073852166
40.83089961245155,0.0005714859935616978,0.0024491255629720374,0.003020611556533735,0.3511898165280992,0.1506003249863038
40.8559026128266,0.0005708034328795145,0.002447626746804645,0.00301843017968416,0.35117045642364725,0.15066154173622273
40.88090561320165,0.000570122094303443,0.0024461297640066765,0.0030162518583101193,0.35115111779007635,0.15072272103416035
40.90590861357669,0.0005694419749176945,0.0024446346112162905,0.003014076586133985,0.35113180059162685,0.1507838629259143
40.93091161395174,0.0005687630718151697,0.0024431412850798584,0.003011904356895028,0.3511125047926185,0.15084496745719844
40.95591461432679,0.0005680853820974297,0.0024416497822519426,0.003009735164349372,0.3510932303574503,0.1509060346736427
40.98091761470183,0.0005674089028746641,0.002440160099395269,0.0030075690022699332,0.35107397725060047,0.15096706462079354
41.00592061507688,0.0005667336312656598,0.002438672233180703,0.0030054058644463626,0.3510547454366257,0.15102805734411415
41.030923615451925,0.0005660595643977718,0.0024371861802872244,0.0030032457446849963,0.35103553488016154,0.15108901288898444
41.055926615826976,0.0005653866994068912,0.0024357019374019037,0.0030010886368087948,0.351016345545922,0.1511499313007015
41.08092961620202,0.0005647150334374157,0.0024342195012198773,0.0029989345346572932,0.35099717739869907,0.15121081262447966
41.10593261657707,0.0005640445636422185,0.0024327388684443198,0.0029967834320865382,0.35097803040336273,0.1512716569054507
41.130935616952115,0.000563375287182619,0.0024312600357864252,0.002994635322969044,0.3509589045248608,0.15133246418866403
41.15593861732716,0.000562707201228352,0.0024297829999653784,0.0029924902011937305,0.3509397997282186,0.15139323451908704
41.18094161770221,0.0005620403029575379,0.002428307757708331,0.0029903480606658693,0.35092071597853863,0.15145396794160512
41.205944618077254,0.000561374589556654,0.002426834305750381,0.002988208895307035,0.3509016532410007,0.15151466450102188
41.230947618452305,0.0005607100582205029,0.002425362640834542,0.002986072699055045,0.3508826114808613,0.15157532424205952
41.25595061882735,0.0005600467061521845,0.002423892759711727,0.0029839394658639114,0.3508635906634537,0.1516359472093588
41.2809536192024,0.0005593845305630659,0.002422424659140718,0.002981809189703784,0.3508445907541876,0.15169653344747938
41.305956619577444,0.0005587235286727524,0.0024209583358881463,0.0029796818645608986,0.35082561171854904,0.15175708300089996
41.33095961995249,0.000558063697709058,0.002419493786728466,0.0029775574844375235,0.35080665352209983,0.15181759591401855
41.35596262032754,0.0005574050349079761,0.002418031008443932,0.002975436043351908,0.35078771613047793,0.15187807223115257
41.38096562070258,0.0005567475375136519,0.0024165699978245777,0.0029733175353382295,0.3507687995093968,0.15193851199653904
41.40596862107763,0.0005560912027783516,0.0024151107516681867,0.0029712019544465384,0.3507499036246452,0.1519989152543349
41.43097162145268,0.0005554360279624355,0.002413653266780276,0.0029690892947427114,0.35073102844208726,0.15205928204861704
41.45597462182772,0.000554782010334328,0.0024121975399740664,0.002966979550308394,0.35071217392766196,0.15211961242338265
41.48097762220277,0.00055412914717049,0.0024107435680704634,0.0029648727152409536,0.35069334004738323,0.1521799064225493
41.505980622577816,0.0005534774357553903,0.0024092913478980333,0.0029627687836534236,0.3506745267673394,0.15224016408995514
41.53098362295287,0.0005528268733814775,0.0024078408762929784,0.002960667749674456,0.3506557340536934,0.1523003854693592
41.55598662332791,0.0005521774573491513,0.002406392150099116,0.0029585696074482673,0.35063696187268206,0.15236057060444141
41.58098962370296,0.0005515291849667353,0.0024049451661678546,0.00295647435113459,0.3506182101906165,0.15242071953880298
41.605992624078006,0.0005508820535504488,0.0024034999213581715,0.0029543819749086203,0.35059947897388133,0.15248083231596637
41.63099562445305,0.0005502360604243787,0.0024020564125365896,0.002952292472960968,0.3505807681889349,0.1525409089793757
41.6559986248281,0.0005495912029204516,0.0024006146365771544,0.002950205839497606,0.3505620778023089,0.1526009495723968
41.681001625203145,0.000548947478378408,0.0023991745903614134,0.002948122068739821,0.35054340778060816,0.15266095413831746
41.706004625578196,0.0005483048841457727,0.0023977362707783903,0.002946041154924163,0.3505247580905104,0.15272092272034754
41.73100762595324,0.0005476634175778284,0.0023962996747245668,0.0029439630923023953,0.35050612869876635,0.15278085536161923
41.75601062632829,0.0005470230760375887,0.0023948647991038556,0.0029418878751414444,0.3504875195721989,0.15284075210518727
41.781013626703334,0.0005463838568957709,0.002393431640827583,0.002939815497723354,0.35046893067770374,0.152900612994029
41.80601662707838,0.0005457457575307687,0.0023920001968144623,0.002937745954345231,0.35045036198224844,0.15296043807104465
41.83101962745343,0.0005451087753286253,0.002390570463990574,0.0029356792393191995,0.3504318134528727,0.15302022737905754
41.85602262782847,0.0005444729076830073,0.0023891424392893453,0.0029336153469723524,0.35041328505668795,0.1530799809608142
41.881025628203524,0.0005438381519951769,0.002387716119651524,0.002931554271646701,0.35039477676087727,0.1531396988589846
41.90602862857857,0.0005432045056739669,0.002386291502025161,0.002929496007699128,0.3503762885326949,0.15319938111616221
41.93103162895361,0.0005425719661357526,0.0023848685833655855,0.002927440549501338,0.35035782033946655,0.15325902777486441
41.95603462932866,0.0005419405308044264,0.0023834473606353834,0.0029253878914398098,0.35033937214858885,0.15331863887753253
41.98103762970371,0.000541310197111372,0.00238202783080438,0.002923338027915752,0.3503209439275291,0.15337821446653194
42.00604063007876,0.0005406809624954367,0.0023806099908496104,0.002921290953345047,0.3503025356438254,0.15343775458415246
42.0310436304538,0.0005400528244029074,0.0023791938377553078,0.0029192466621582153,0.35028414726508617,0.15349725927260832
42.05604663082885,0.0005394257802874827,0.0023777793685128726,0.0029172051488003553,0.35026577875899007,0.15355672857403854
42.081049631203896,0.0005387998276102487,0.0023763665801208593,0.002915166407731108,0.3502474300932858,0.1536161625305069
42.10605263157894,0.0005381749638396526,0.0023749554695849493,0.0029131304334246017,0.350229101235792,0.15367556118400227
42.13105563195399,0.0005375511864514766,0.002373546033917932,0.0029110972203694086,0.3502107921543969,0.15373492457643878
42.156058632329035,0.0005369284929288139,0.0023721382701396856,0.0029090667630684995,0.35019250281705816,0.15379425274965589
42.181061632704086,0.0005363068807620414,0.0023707321752771517,0.002907039056039193,0.35017423319180285,0.15385354574541868
42.20606463307913,0.000535686347448796,0.002369327746364319,0.002905014093813115,0.3501559832467269,0.15391280360541795
42.23106763345418,0.0005350668904939487,0.0023679249804421988,0.0029029918709361476,0.35013775294999555,0.15397202637127047
42.256070633829225,0.0005344485074095797,0.002366523874558807,0.0029009723819683865,0.3501195422698424,0.15403121408451909
42.28107363420427,0.000533831195714953,0.0023651244257691414,0.0028989556214840946,0.35010135117456975,0.15409036678663293
42.30607663457932,0.0005332149529364921,0.002363726631135162,0.002896941584071654,0.3500831796325482,0.1541494845190076
42.331079634954364,0.0005325997766077552,0.00236233048772577,0.002894930264333525,0.35006502761221653,0.15420856732296526
42.356082635329415,0.0005319856642694097,0.002360935992616788,0.002892921656886198,0.35004689508208164,0.154267615239755
42.38108563570446,0.0005313726134692089,0.00235954314289094,0.002890915756360149,0.3500287820107181,0.15432662831055274
42.40608863607951,0.0005307606217619664,0.002358151935637827,0.0028889125573997934,0.35001068836676796,0.15438560657646166
42.43109163645455,0.0005301496867095324,0.0023567623679539144,0.0028869120546634467,0.34999261411894106,0.15444455007851216
42.4560946368296,0.0005295398058807692,0.0023553744369425034,0.0028849142428232725,0.3499745592360143,0.1545034588576622
42.48109763720465,0.0005289309768515265,0.002353988139713717,0.002882919116565244,0.34995652368683156,0.1545623329547974
42.50610063757969,0.0005283231972046184,0.002352603473384478,0.002880926670589096,0.34993850744030375,0.15462117241073114
42.53110363795474,0.0005277164645297986,0.0023512204350784865,0.002878936899608285,0.3499205104654085,0.1546799772662049
42.55610663832979,0.0005271107764237368,0.0023498390219262055,0.0028769497983499423,0.34990253273119004,0.15473874756188818
42.58110963870483,0.0005265061304899948,0.0023484592310648346,0.0028749653615548296,0.3498845742067587,0.15479748333837898
42.60611263907988,0.0005259025243390024,0.0023470810596382947,0.002872983583977297,0.34986663486129127,0.15485618463620374
42.631115639454926,0.0005252999555880349,0.002345704504797209,0.0028710044603852437,0.34984871466403045,0.15491485149581752
42.65611863982998,0.0005246984218611882,0.0023443295636988775,0.0028690279855600655,0.3498308135842847,0.15497348395760432
42.68112164020502,0.0005240979207893569,0.0023429562335072645,0.0028670541542966214,0.34981293159142823,0.15503208206187707
42.70612464058007,0.0005234984500102092,0.0023415845113929747,0.0028650829614031838,0.3497950686549006,0.1550906458488779
42.731127640955116,0.0005229000071681653,0.002340214394533235,0.0028631144017014004,0.3497772247442068,0.15514917535877829
42.75613064133016,0.0005223025899143734,0.0023388458801118753,0.002861148470026249,0.34975939982891696,0.1552076706316792
42.78113364170521,0.0005217061959066864,0.0023374789653193085,0.002859185161225995,0.349741593878666,0.15526613170761128
42.806136642080254,0.0005211108228096402,0.002336113647352513,0.0028572244701621534,0.3497238068631538,0.155324558626535
42.831139642455305,0.0005205164682944289,0.002334749923415011,0.0028552663917094396,0.3497060387521447,0.15538295142834085
42.85614264283035,0.0005199231300388845,0.0023333877907168515,0.002853310920755736,0.34968828951546754,0.15544131015284945
42.8811456432054,0.0005193308057274516,0.0023320272464745903,0.0028513580522020418,0.3496705591230154,0.1554996348398118
42.906148643580444,0.0005187394930511669,0.0023306682879112714,0.0028494077809624384,0.34965284754474557,0.1555579255289093
42.93115164395549,0.0005181491897076352,0.0023293109122564082,0.0028474601019640436,0.3496351547506791,0.15561618225975404
42.95615464433054,0.000517559893401008,0.0023279551167459636,0.0028455150101469717,0.3496174807109008,0.15567440507188898
42.98115764470558,0.000516971601841961,0.0023266008986223326,0.0028435725004642936,0.34959982539555917,0.15573259400478795
43.006160645080634,0.0005163843127476711,0.0023252482551343236,0.0028416325678819947,0.349582188774866,0.15579074909785598
43.03116364545568,0.0005157980238417957,0.0023238971835371387,0.0028396952073789345,0.3495645708190965,0.15584887039042936
43.05616664583072,0.0005152127328544489,0.002322547681092355,0.002837760413946804,0.34954697149858865,0.15590695792177584
43.08116964620577,0.0005146284375221808,0.0023211997450679083,0.002835828182590089,0.34952939078374373,0.1559650117310948
43.106172646580816,0.0005140451355879552,0.002319853372738073,0.002833898508326028,0.34951182864502545,0.15602303185751737
43.13117564695587,0.0005134628248011281,0.002318508561383441,0.002831971386184569,0.3494942850529601,0.1560810183401066
43.15617864733091,0.0005128815029174253,0.002317165308290911,0.0028300468112083363,0.34947675997813665,0.1561389712178576
43.18118164770596,0.0005123011676989213,0.0023158236107536615,0.0028281247784525828,0.34945925339120604,0.15619689052969785
43.206184648081006,0.000511721816914018,0.0023144834660711387,0.0028262052829851566,0.3494417652628814,0.15625477631448706
43.23118764845605,0.0005111434483374223,0.0023131448715490366,0.002824288319886459,0.3494242955639378,0.1563126286110176
43.2561906488311,0.0005105660597501258,0.002311807824499276,0.002822373884249402,0.34940684426521196,0.15637044745801454
43.281193649206145,0.000509989648939383,0.002310472322239993,0.002820461971179376,0.34938941133760226,0.15642823289413577
43.306196649581196,0.0005094142136986898,0.002309138362095514,0.0028185525757942038,0.34937199675206854,0.15648598495797228
43.33119964995624,0.0005088397518277634,0.0023078059413963433,0.0028166456932241066,0.3493546004796318,0.15654370368804815
43.35620265033129,0.0005082662611325199,0.0023064750574791413,0.0028147413186116613,0.3493372224913742,0.1566013891228209
43.381205650706335,0.0005076937394250545,0.00230514570768671,0.002812839447111765,0.3493198627584389,0.1566590413006814
43.40620865108138,0.0005071221845236201,0.002303817889367973,0.002810940073891593,0.3493025212520296,0.15671666025995426
43.43121165145643,0.0005065515942526064,0.0023024915998779588,0.002809043194130565,0.34928519794341095,0.15677424603889786
43.45621465183147,0.0005059819664425196,0.0023011668365777835,0.0028071488030203032,0.34926789280390785,0.15683179867570451
43.481217652206524,0.0005054132989299614,0.0022998435968346323,0.0028052568957645935,0.3492506058049055,0.15688931820850063
43.50622065258157,0.0005048455895576092,0.002298521878021744,0.002803367467579353,0.3492333369178494,0.15694680467534686
43.53122365295661,0.0005042788361741942,0.0022972016775183904,0.0028014805136925844,0.3492160861142448,0.15700425811423824
43.55622665333166,0.0005037130366344823,0.002295882992709862,0.0027995960293443443,0.349198853365657,0.1570616785631044
43.58122965370671,0.0005031481887992537,0.0022945658209874505,0.002797714009786704,0.34918163864371077,0.15711906605980966
43.60623265408176,0.0005025842905352819,0.002293250159748429,0.002795834450283711,0.34916444192009055,0.15717642064215315
43.6312356544568,0.0005020213397153143,0.0022919360063960383,0.002793957346111353,0.34914726316654005,0.15723374234786902
43.65623865483185,0.0005014593342180517,0.002290623358339466,0.002792082692557518,0.34913010235486214,0.15729103121462662
43.6812416552069,0.0005008982719281286,0.0022893122129938343,0.002790210484921963,0.3491129594569189,0.15734828728003047
43.70624465558194,0.0005003381507360933,0.002288002567780178,0.002788340718516271,0.3490958344446311,0.15740551058162067
43.73124765595699,0.0004997789685383876,0.0022866944201254302,0.002786473388663818,0.3490787272899784,0.15746270115687283
43.756250656332035,0.0004992207232373278,0.0022853877674624073,0.0027846084906997352,0.349061637964999,0.15751985904319832
43.78125365670709,0.0004986634127410841,0.0022840826072297866,0.002782746019970871,0.3490445664417895,0.15757698427794442
43.80625665708213,0.0004981070349636624,0.002282778936872097,0.0027808859718357593,0.3490275126925047,0.1576340768983944
43.83125965745718,0.000497551587824883,0.0022814767538396944,0.0027790283416645775,0.34901047668935775,0.15769113694176776
43.856262657832225,0.0004969970692503626,0.002280176055588752,0.0027771731248391147,0.34899345840461954,0.15774816444522025
43.88126565820727,0.0004964434771714943,0.0022788768395812396,0.002775320316752734,0.34897645781061887,0.15780515944584414
43.90626865858232,0.0004958908095254282,0.0022775791032849076,0.0027734699128103358,0.34895947487974227,0.15786212198066835
43.931271658957364,0.0004953390642550528,0.0022762828441732726,0.0027716219084283253,0.3489425095844337,0.15791905208665843
43.956274659332415,0.0004947882393089749,0.002274988059725599,0.002769776299034574,0.34892556189719454,0.157975949800717
43.98127765970746,0.0004942383326415018,0.0022736947474268827,0.0027679330800683844,0.3489086317905834,0.1580328151596836
44.0062806600825,0.0004936893422126212,0.002272402904767837,0.002766092246980458,0.3488917192372159,0.158089648200335
44.031283660457554,0.0004931412659879822,0.002271112529244872,0.002764253795232854,0.34887482420976457,0.15814644895938534
44.0562866608326,0.0004925941019388778,0.0022698236183600843,0.002762417720298962,0.3488579466809589,0.15820321747348615
44.08128966120765,0.0004920478480422246,0.0022685361696212353,0.00276058401766346,0.34884108662358476,0.15825995377922666
44.10629266158269,0.0004915025022805453,0.0022672501805417393,0.0027587526828222846,0.3488242440104846,0.1583166579131338
44.13129566195774,0.0004909580626419489,0.002265965648640645,0.002756923711282594,0.34880741881455735,0.1583733299116724
44.15629866233279,0.0004904145271201134,0.0022646825714426203,0.0027550970985627337,0.3487906110087578,0.15842996981124538
44.18130166270783,0.0004898718937142662,0.002263400946477937,0.0027532728401922033,0.3487738205660971,0.15848657764819377
44.20630466308288,0.0004893301604291662,0.002262120771282453,0.0027514509317116192,0.34875704745964214,0.158543153458797
44.231307663457926,0.0004887893252750859,0.0022608420433976005,0.0027496313686726863,0.3487402916625157,0.15859969727927287
44.25631066383298,0.000488249386267792,0.0022595647603703643,0.0027478141466381564,0.3487235531478959,0.15865620914577785
44.28131366420802,0.00048771034142852855,0.0022582889197532725,0.002745999261181801,0.34870683188901647,0.1587126890944071
44.30631666458307,0.0004871721887839974,0.0022570145191043757,0.002744186707888373,0.34869012785916664,0.15876913716119473
44.331319664958116,0.0004866349263663416,0.0022557415559872358,0.0027423764823535776,0.34867344103169057,0.15882555338211374
44.35632266533316,0.0004860985522131262,0.0022544700279709057,0.002740568580184032,0.3486567713799875,0.15888193779307636
44.38132566570821,0.00048556306436732066,0.0022531999326299173,0.002738762996997238,0.3486401188775117,0.1589382904299341
44.406328666083255,0.0004850284608772819,0.0022519312675442662,0.002736959728421548,0.3486234834977719,0.1589946113284779
44.431331666458306,0.0004844947397967348,0.0022506640302993944,0.0027351587700961293,0.3486068652143318,0.15905090052443824
44.45633466683335,0.00048396189918475653,0.002249398218486176,0.0027333601176709322,0.34859026400080934,0.1591071580534853
44.4813376672084,0.00048342993710575666,0.0022481338297009007,0.0027315637668066575,0.34857367983087684,0.15916338395122911
44.506340667583444,0.00048289885162946193,0.0022468708615452624,0.0027297697131747245,0.34855711267826084,0.15921957825321964
44.53134366795849,0.0004823686408308966,0.0022456093116263384,0.002727977952457235,0.34854056251674187,0.15927574099494698
44.55634666833354,0.0004818393027903663,0.002244349177556578,0.0027261884803469446,0.3485240293201544,0.15933187221184147
44.58134966870858,0.0004813108355934406,0.0022430904569537883,0.002724401292547229,0.3485075130623867,0.1593879719392738
44.606352669083634,0.00048078323733093494,0.0022418331474411152,0.0027226163847720503,0.3484910137173806,0.15944404021255518
44.63135566945868,0.0004802565060988944,0.0022405772466470328,0.002720833752745927,0.3484745312591316,0.15950007706693742
44.65635866983372,0.0004797306399985756,0.0022393227522053247,0.0027190533922039004,0.34845806566168824,0.15955608253761314
44.68136167020877,0.00047920563713642984,0.0022380696617550714,0.0027172752988915013,0.3484416168991526,0.1596120566597159
44.70636467058382,0.00047868149562408665,0.002236817972940636,0.0027154994685647227,0.3484251849456796,0.1596679994683202
44.73136767095887,0.000478158213578336,0.002235567683411647,0.0027137258969899833,0.34840876977547736,0.15972391099844177
44.75637067133391,0.0004776357891211123,0.0022343187908229864,0.0027119545799440987,0.3483923713628066,0.1597797912850376
44.78137367170896,0.0004771142203794759,0.002233071292834772,0.002710185513214248,0.34837598968198075,0.1598356403630062
44.806376672084006,0.00047659350548559846,0.0022318251871123462,0.002708418692597945,0.3483596247073659,0.15989145826718754
44.83137967245905,0.0004760736425767449,0.0022305804713262586,0.0027066541139030035,0.3483432764133804,0.1599472450323633
44.8563826728341,0.00047555462979525625,0.0022293371431522523,0.0027048917729475086,0.34832694477449505,0.16000300069325704
44.881385673209145,0.00047503646528853494,0.0022280952002712504,0.0027031316655597853,0.3483106297652326,0.16005872528453421
44.906388673584196,0.00047451914720902634,0.0022268546403693404,0.0027013737875783666,0.34829433136016785,0.1601144188408024
44.93139167395924,0.00047400267371420346,0.002225615461137761,0.0026996181348519646,0.3482780495339276,0.16017008139661135
44.95639467433429,0.0004734870429665498,0.0022243776602728863,0.002697864703239436,0.3482617842611903,0.16022571298645316
44.981397674709335,0.00047297225313354407,0.002223141235476213,0.002696113488609757,0.34824553551668597,0.16028131364476236
45.00640067508438,0.0004724583023876423,0.002221906184454344,0.0026943644868419863,0.3482293032751962,0.16033688340591618
45.03140367545943,0.00047194518890626306,0.0022206725049189776,0.0026926176938252408,0.34821308751155383,0.16039242230423448
45.056406675834474,0.00047143291087177084,0.002219440194586891,0.0026908731054586616,0.348196888200643,0.16044793037397997
45.081409676209525,0.00047092146647145956,0.002218209251179925,0.0026891307176513846,0.3481807053173989,0.1605034076493584
45.10641267658457,0.00047041085389753714,0.002216979672424974,0.002687390526322511,0.3481645388368077,0.16055885416451854
45.13141567695961,0.00046990107134710926,0.002215751456053968,0.0026856525274010774,0.3481483887339064,0.16061426995355246
45.15641867733466,0.0004693921170221629,0.0022145245998038614,0.0026839167168260245,0.3481322549837826,0.16066965505049555
45.18142167770971,0.00046888398912955194,0.002213299101416617,0.002682183090546169,0.34811613756157456,0.16072500948932666
45.20642467808476,0.0004683766858809795,0.0022120749586391937,0.0026804516445201733,0.348100036442471,0.16078033330396832
45.2314276784598,0.00046787020549298385,0.002210852169223532,0.0026787223747165158,0.34808395160171085,0.1608356265282867
45.25643067883485,0.00046736454618692154,0.0022096307309265404,0.002676995277113462,0.34806788301458336,0.16089088919609187
45.2814336792099,0.00046685970618895266,0.002208410641510082,0.002675270347699035,0.34805183065642775,0.16094612134113787
45.30643667958494,0.0004663556837300247,0.00220719189874096,0.0026735475824709847,0.3480357945026331,0.16100132299712283
45.33143967995999,0.00046585247704585724,0.0022059745003909044,0.0026718269774367617,0.3480197745286385,0.16105649419768917
45.356442680335036,0.0004653500843769266,0.0022047584442365597,0.0026701085286134863,0.34800377070993255,0.16111163497642353
45.38144568071009,0.00046484850396845027,0.0022035437280594683,0.0026683922320279185,0.3479877830220534,0.16116674536685716
45.40644868108513,0.0004643477340703719,0.0022023303496460614,0.0026666780837164335,0.34797181144058875,0.1612218254024658
45.43145168146018,0.0004638477729373456,0.002201118306787641,0.0026649660797249865,0.3479558559411755,0.16127687511666997
45.456454681835226,0.0004633486188287213,0.00219990759728037,0.0026632562161090917,0.3479399164994998,0.16133189454283495
45.48145768221027,0.00046285027000852894,0.0021986982189252566,0.0026615484889337855,0.3479239930912967,0.16138688371427107
45.50646068258532,0.00046235272474546364,0.0021974901695281423,0.002659842894273606,0.3479080856923503,0.16144184266423373
45.531463682960364,0.0004618559813128712,0.002196283446899688,0.0026581394282125595,0.34789219427849366,0.16149677142592342
45.556466683335415,0.000461360037988732,0.0021950780488553608,0.002656438086844093,0.34787631882560816,0.1615516700324861
45.58146968371046,0.00046086489305564735,0.0021938739732154217,0.002654738866271069,0.34786045930962406,0.16160653851701304
45.60647268408551,0.0004603705448008235,0.0021926712178049106,0.0026530417626057343,0.34784461570651987,0.16166137691254118
45.631475684460554,0.00045987699151605786,0.002191469780453635,0.0026513467719696928,0.3478287879923225,0.16171618525205303
45.6564786848356,0.0004593842314977231,0.0021902696589961566,0.0026496538904938797,0.347812976143107,0.16177096356847698
45.68148168521065,0.00045889226304675335,0.002189070851271777,0.0026479631143185305,0.34779718013499666,0.16182571189468734
45.70648468558569,0.00045840108446862935,0.0021878733551245265,0.002646274439593156,0.3477813999441624,0.16188043026350438
45.731487685960744,0.00045791069407336347,0.00218667716840315,0.0026445878624765137,0.34776563554682327,0.1619351187076946
45.75649068633579,0.00045742109017548596,0.002185482288961095,0.002642903379136581,0.34774988691924597,0.1619897772599707
45.78149368671083,0.00045693227109402945,0.0021842887146564976,0.002641220985750527,0.3477341540377446,0.16204440595299185
45.80649668708588,0.0004564442351525152,0.0021830964433521703,0.0026395406785046857,0.3477184368786811,0.1620990048193637
45.831499687460926,0.0004559569806789389,0.0021819054729155904,0.0026378624535945295,0.3477027354184643,0.16215357389163845
45.85650268783598,0.0004554705060057555,0.0021807158012188844,0.00263618630722464,0.3476870496335506,0.16220811320231515
45.88150568821102,0.000454984809469866,0.0021795274261388192,0.0026345122356086852,0.3476713795004435,0.1622626227838396
45.90650868858607,0.00045449988941260213,0.0021783403455567854,0.0026328402349693877,0.3476557249956934,0.16231710266860466
45.931511688961116,0.00045401574417971345,0.0021771545573587886,0.002631170301538502,0.3476400860958975,0.16237155288895022
45.95651468933616,0.00045353237212135194,0.0021759700594354333,0.0026295024315567852,0.34762446277770004,0.1624259734771634
45.98151768971121,0.0004530497715920587,0.0021747868496819122,0.002627836621273971,0.34760885501779154,0.1624803644654786
46.006520690086255,0.00045256794095075017,0.002173604925997995,0.002626172866948745,0.3475932627929094,0.16253472588607767
46.031523690461306,0.0004520868785607032,0.002172424286288013,0.0026245111648487162,0.34757768607983724,0.16258905777109006
46.05652669083635,0.0004516065827895425,0.002171244928460849,0.0026228515112503917,0.347562124855405,0.1626433601525928
46.0815296912114,0.0004511270520092253,0.002170066850429924,0.0026211939024391494,0.3475465790964888,0.1626976330626107
46.106532691586445,0.0004506482845960288,0.002168890050113186,0.0026195383347092146,0.3475310487800109,0.16275187653311649
46.13153569196149,0.00045017027893053596,0.0021677145254330944,0.0026178848043636304,0.34751553388293943,0.16280609059603088
46.15653869233654,0.00044969303339762134,0.0021665402743166126,0.002616233307714234,0.34750003438228844,0.16286027528322272
46.18154169271158,0.0004492165463864384,0.0021653672946951932,0.0026145838410816316,0.3474845502551176,0.16291443062650904
46.206544693086634,0.00044874081629040494,0.0021641955845047647,0.00261293640079517,0.34746908147853234,0.16296855665765525
46.23154769346168,0.00044826584150719053,0.002163025141685722,0.0026112909831929126,0.3474536280296834,0.16302265340837516
46.25655069383672,0.0004477916204387022,0.0021618559641829126,0.0026096475846216147,0.34743818988576697,0.16307672091033118
46.28155369421177,0.00044731815149107114,0.0021606880499456245,0.002608006201436696,0.34742276702402464,0.1631307591951344
46.30655669458682,0.00044684543307464,0.002159521396927577,0.002606366830002217,0.34740735942174306,0.1631847682943446
46.33155969496187,0.0004463734636039483,0.0021583560030869033,0.002604729466690852,0.3473919670562539,0.1632387482394706
46.35656269533691,0.0004459022414977206,0.0021571918663861444,0.002603094107883865,0.3473765899049337,0.16329269906197008
46.38156569571196,0.000445431765178852,0.002156028984792234,0.002601460749971086,0.3473612279452041,0.16334662079324994
46.40656869608701,0.0004449620330743959,0.002154867356276486,0.002599829389350882,0.3473458811545311,0.1634005134646662
46.43157169646205,0.00044449304361555,0.0021537069788145867,0.002598200022430137,0.3473305495104256,0.16345437710752428
46.4565746968371,0.00044402479523764337,0.002152547850386577,0.0025965726456242204,0.34731523299044276,0.16350821175307906
46.481577697212145,0.0004435572863801246,0.002151389968976847,0.002594947255356972,0.34729993157218225,0.1635620174325349
46.5065806975872,0.00044309051548654694,0.00215023333257412,0.0025933238480606666,0.34728464523328806,0.16361579417704591
46.53158369796224,0.00044262448100455674,0.002149077939171442,0.002591702420175999,0.34726937395144825,0.16366954201771586
46.55658669833729,0.00044215918138587975,0.0021479237867661704,0.0025900829681520503,0.34725411770439485,0.16372326098559847
46.581589698712335,0.0004416946150863088,0.0021467708733599634,0.002588465488446272,0.34723887646990403,0.16377695111169738
46.60659269908738,0.0004412307805656905,0.0021456191969587662,0.002586849977524457,0.34722365022579565,0.1638306124269664
46.63159569946243,0.0004407676762879129,0.0021444687555728006,0.0025852364318607133,0.3472084389499334,0.16388424496230947
46.656598699837474,0.0004403053007208926,0.002143319547216555,0.0025836248479374473,0.3471932426202245,0.16393784874858083
46.681601700212525,0.00043984365233656187,0.00214217156990877,0.002582015222245332,0.3471780612146198,0.1639914238165852
46.70660470058757,0.00043938272961085675,0.0021410248216724294,0.0025804075512832862,0.3471628947111134,0.16404497019707776
46.73160770096261,0.00043892253102370316,0.002139879300534749,0.0025788018315584522,0.34714774308774277,0.16409848792076429
46.756610701337664,0.0004384630550590057,0.002138735004527162,0.0025771980595861678,0.3471326063225886,0.16415197701830136
46.78161370171271,0.00043800430020463446,0.0021375919316853126,0.002575596231889947,0.3471174843937746,0.16420543752029634
46.80661670208776,0.0004375462649524128,0.0021364500800490406,0.0025739963450014535,0.34710237727946763,0.16425886945730753
46.8316197024628,0.000437088947798105,0.002135309447662373,0.002572398395460478,0.34708728495787716,0.16431227285984426
46.85662270283785,0.0004366323472414032,0.0021341700325735106,0.002570802379814914,0.34707220740725564,0.16436564775836707
46.8816257032129,0.0004361764617859168,0.002133031832834819,0.0025692082946207357,0.3470571446058981,0.16441899418328768
46.90662870358794,0.000435721289939158,0.002131894846502815,0.002567616136441973,0.3470420965321421,0.1644723121649692
46.93163170396299,0.00043526683021253117,0.002130759071638159,0.00256602590185069,0.3470270631643677,0.16452560173372618
46.956634704338036,0.00043481308112132037,0.00212962450630564,0.00256443758742696,0.3470120444809974,0.16457886291982476
46.98163770471309,0.0004343600411846765,0.002128491148574167,0.0025628511897588437,0.3469970404604957,0.16463209575348275
47.00664070508813,0.00043390770892560635,0.00212735899651676,0.0025612667054423664,0.3469820510813695,0.16468530026486966
47.03164370546318,0.00043345608287095964,0.0021262280482105323,0.002559684131081492,0.34696707632216756,0.16473847648410697
47.056646705838226,0.00043300516155141746,0.0021250983017366888,0.002558103463288106,0.34695211616148075,0.16479162444126805
47.08164970621327,0.00043255494350148016,0.0021239697551805065,0.0025565246986819865,0.34693717057794154,0.1648447441663784
47.10665270658832,0.0004321054272594554,0.002122842406631329,0.0025549478338907847,0.34692223955022444,0.16489783568941568
47.131655706963365,0.00043165661136744673,0.0021217162541825553,0.002553372865550002,0.34690732305704525,0.1649508990403098
47.156658707338416,0.00043120849437134105,0.002120591295931626,0.0025517997903029667,0.34689242107716156,0.16500393424894308
47.18166170771346,0.00043076107482079755,0.0021194675299800163,0.002550228604800814,0.3468775335893723,0.1650569413451503
47.2066647080885,0.00043031435126923527,0.0021183449544332224,0.0025486593057024577,0.3468626605725176,0.16510992035871888
47.231667708463554,0.0004298683222738219,0.0021172235674007532,0.002547091889674575,0.3468478020054791,0.16516287131938887
47.2566707088386,0.0004294229863954625,0.0021161033669961173,0.0025455263533915797,0.3468329578671793,0.16521579425685307
47.28167370921365,0.00042897834219878634,0.0021149843513368146,0.0025439626935356008,0.3468181281365819,0.16526868920075724
47.30667670958869,0.00042853438825213747,0.002113866518544325,0.0025424009067964624,0.34680331279269144,0.16532155618070007
47.331679709963744,0.00042809112312756133,0.0021127498667440963,0.0025408409898716577,0.3467885118145532,0.16537439522623334
47.35668271033879,0.0004276485454007947,0.0021116343940655374,0.0025392829394663323,0.3467737251812535,0.16542720636686203
47.38168571071383,0.00042720665365125304,0.0021105200986420033,0.0025377267522932565,0.3467589528719188,0.16547998963204436
47.40668871108888,0.00042676544646201976,0.002109406978610788,0.002536172425072808,0.34674419486571656,0.16553274505119198
47.43169171146393,0.0004263249224198352,0.002108295032113114,0.002534619954532949,0.34672945114185433,0.16558547265366996
47.45669471183898,0.0004258850801150842,0.002107184257294119,0.002533069337409203,0.34671472167958023,0.165638172468797
47.48169771221402,0.0004254459181417863,0.0021060746523028496,0.0025315205704446357,0.3467000064581825,0.1656908445258454
47.50670071258907,0.000425007435097583,0.002104966215292248,0.002529973650389831,0.34668530545698956,0.1657434888540413
47.53170371296412,0.0004245696295837275,0.0021038589444191433,0.002528428574002871,0.3466706186553698,0.16579610548256468
47.55670671333916,0.00042413250020507346,0.0021027528378442404,0.002526885338049314,0.3466559460327316,0.16584869444054948
47.58170971371421,0.0004236960455700635,0.0021016478937321103,0.002525343939302174,0.34664128756852314,0.1659012557570837
47.606712714089255,0.00042326026429071877,0.00210054411025118,0.0025238043745418985,0.3466266432422324,0.1659537894612095
47.631715714464306,0.0004228251549826267,0.0020994414855737224,0.002522266640556349,0.3466120130333871,0.1660062955819233
47.65671871483935,0.00042239071626493194,0.002098340017875846,0.002520730734140778,0.3465973969215544,0.16605877414817585
47.6817217152144,0.00042195694676032327,0.002097239705337484,0.002519196652097807,0.34658279488634086,0.1661112251888724
47.706724715589445,0.00042152384509502427,0.0020961405461423868,0.002517664391237411,0.34656820690739254,0.16616364873287262
47.73172771596449,0.00042109140989878165,0.002095042538478109,0.0025161339483768907,0.3465536329643947,0.16621604480899094
47.75673071633954,0.0004206596398048544,0.0020939456805360015,0.002514605320340856,0.34653907303707177,0.1662684134459965
47.781733716714584,0.00042022853345000403,0.002092849970511201,0.002513078503961205,0.3465245271051874,0.16632075467261317
47.806736717089635,0.00041979808947448184,0.0020917554066026186,0.0025115534960771005,0.34650999514854397,0.16637306851751987
47.83173971746468,0.00041936830652202037,0.0020906619870129334,0.0025100302935349536,0.3464954771469829,0.16642535500935046
47.85674271783972,0.0004189391832398213,0.00208956970994858,0.0025085088931884013,0.3464809730803846,0.1664776141766939
47.88174571821477,0.0004185107182785448,0.0020884785736197376,0.0025069892918982823,0.34646648292866783,0.16652984604809443
47.90674871858982,0.0004180829102923001,0.002087388576240324,0.002505471486532624,0.34645200667179016,0.16658205065205148
47.93175171896487,0.0004176557579386336,0.0020862997160279824,0.002503955473966616,0.3464375442897476,0.16663422801701994
47.95675471933991,0.0004172292598785191,0.002085211991204074,0.0025024412510825933,0.34642309576257474,0.16668637817141016
47.98175771971496,0.000416803414776347,0.0020841253999936667,0.0025009288147700135,0.34640866107034435,0.16673850114358807
48.00676072009001,0.0004163782212999142,0.0020830399406255268,0.0024994181619254407,0.3463942401931675,0.16679059696187526
48.03176372046505,0.00041595367812041295,0.0020819556113321077,0.0024979092894525205,0.3463798331111934,0.16684266565454908
48.0567667208401,0.0004155297839124211,0.0020808724103495413,0.0024964021942619624,0.3463654398046094,0.16689470724984276
48.081769721215146,0.00041510653735389206,0.0020797903359176294,0.0024948968732715214,0.3463510602536406,0.16694672177594544
48.1067727215902,0.00041468393712614323,0.002078709386279833,0.002493393323405976,0.34633669443855025,0.16699870926100233
48.13177572196524,0.00041426198191384735,0.002077629559683262,0.0024918915415971096,0.34632234233963927,0.1670506697331147
48.15677872234029,0.00041384067040502057,0.002076550854378667,0.0024903915247836876,0.34630800393724614,0.1671026032203401
48.181781722715336,0.000413420001291014,0.0020754732686204314,0.0024888932699114455,0.3462936792117472,0.16715450975069238
48.20678472309038,0.00041299997326650194,0.0020743968006665574,0.0024873967739330594,0.34627936814355614,0.16720638935214177
48.23178772346543,0.00041258058502947285,0.0020733214487786604,0.0024859020338081333,0.3462650707131241,0.16725824205261502
48.256790723840474,0.0004121618352812189,0.0020722472112219598,0.002484409046503179,0.3462507869009397,0.16731006787999542
48.281793724215525,0.0004117437227263256,0.0020711740862652665,0.002482917808991592,0.34623651668752853,0.16736186686212295
48.30679672459057,0.0004113262460726627,0.002070102072180977,0.0024814283182536395,0.3462222600534535,0.16741363902679435
48.33179972496561,0.0004109094040313728,0.002069031167245062,0.0024799405712764345,0.3462080169793147,0.1674653844017632
48.356802725340664,0.00041049319531686273,0.0020679613697370575,0.00247845456505392,0.34619378744574897,0.16751710301474007
48.38180572571571,0.0004100776186467931,0.0020668926779400577,0.0024769702965868508,0.34617957143343026,0.1675687948933925
48.40680872609076,0.00040966267274206814,0.002065825090140702,0.00247548776288277,0.34616536892306915,0.16762046006534514
48.4318117264658,0.00040924835632682636,0.002064758604629169,0.0024740069609559953,0.346151179895413,0.16767209855817988
48.456814726840854,0.0004088346681284304,0.0020636932196991657,0.002472527887827596,0.34613700433124595,0.16772371039943593
48.4818177272159,0.00040842160687745764,0.00206262893364792,0.0024710505405253777,0.34612284221138845,0.16777529561660978
48.50682072759094,0.00040800917130768996,0.0020615657447761696,0.0024695749160838594,0.34610869351669743,0.1678268542371555
48.53182372796599,0.00040759736015610415,0.0020605036513881535,0.0024681010115442576,0.34609455822806645,0.16787838628848462
48.556826728341036,0.0004071861721628628,0.0020594426517916054,0.0024666288239544682,0.34608043632642504,0.16792989179796639
48.58182972871609,0.0004067756060713039,0.0020583827442977403,0.002465158350369044,0.3460663277927391,0.1679813707929278
48.60683272909113,0.0004063656606279318,0.00205732392722125,0.002463689587849182,0.34605223260801055,0.16803282330065358
48.63183572946618,0.0004059563345824071,0.0020562661988802913,0.0024622225334626985,0.3460381507532775,0.16808424934838645
48.656838729841226,0.0004055476266875379,0.002055209557596478,0.0024607571842840156,0.3460240822096137,0.16813564896332703
48.68184173021627,0.00040513953569926934,0.002054154001694872,0.0024592935373941413,0.3460100269581292,0.1681870221726341
48.70684473059132,0.00040473206037667484,0.002053099529503974,0.002457831589880649,0.34599598497996936,0.1682383690034246
48.731847730966365,0.0004043251994819467,0.0020520461393557163,0.002456371338837663,0.34598195625631545,0.16828968948277365
48.756850731341416,0.00040391895178038597,0.0020509938295854516,0.0024549127813658375,0.3459679407683844,0.1683409836377148
48.78185373171646,0.0004035133160403941,0.002049942598531946,0.0024534559145723404,0.3459539384974285,0.16839225149523993
48.80685673209151,0.00040310829103346247,0.0020488924445373697,0.0024520007355708323,0.34593994942473555,0.1684434930822995
48.831859732466555,0.00040270387553416434,0.0020478433659472882,0.0024505472414814524,0.3459259735316288,0.1684947084258025
48.8568627328416,0.0004023000683201444,0.0020467953611106537,0.002449095429430798,0.34591201079946654,0.16854589755261665
48.88186573321665,0.0004018968681721103,0.002045748428379796,0.0024476452965519063,0.3458980612096424,0.1685970604895684
48.90686873359169,0.00040149427387382327,0.002044702566110415,0.0024461968399842383,0.3458841247435851,0.16864819726344307
48.931871733966744,0.00040109228421208857,0.002043657772661571,0.0024447500568736593,0.3458702013827583,0.1686993079009849
48.95687473434179,0.00040069089797674726,0.0020426140463956767,0.002443304944372424,0.34585629110866073,0.1687503924288971
48.98187773471683,0.00040029011396066586,0.0020415713856784885,0.0024418614996391543,0.34584239390282584,0.16880145087384207
49.00688073509188,0.00039988993095972815,0.0020405297888790976,0.002440419719838826,0.3458285097468219,0.16885248326244132
49.03188373546693,0.00039949034777282623,0.002039489254369922,0.0024389796021427484,0.3458146386222518,0.16890348962127558
49.05688673584198,0.00039909136320185056,0.002038449780526698,0.0024375411437285483,0.3458007805107532,0.16895446997688504
49.08188973621702,0.0003986929760516822,0.002037411365728471,0.0024361043417801534,0.34578693539399813,0.16900542435576926
49.10689273659207,0.00039829518513018257,0.0020363740083575886,0.0024346691934877714,0.3457731032536931,0.16905635278438733
49.13189573696712,0.000397897989248186,0.0020353377067996907,0.0024332356960478766,0.345759284071579,0.1691072552891579
49.15689873734216,0.0003975013872194894,0.002034302459443702,0.002431803846663191,0.3457454778294311,0.16915813189645934
49.18190173771721,0.0003971053778608443,0.002033268264681822,0.002430373642542666,0.34573168450905867,0.16920898263262976
49.206904738092256,0.00039670995999194794,0.00203223512090952,0.002428945080901468,0.3457179040923052,0.1692598075239671
49.23190773846731,0.00039631513243543393,0.002031203026525524,0.002427518158960958,0.34570413656104826,0.16931060659672925
49.25691073884235,0.00039592089401686425,0.002030171979931813,0.0024260928739486772,0.3456903818971993,0.16936137987713407
49.2819137392174,0.0003955272435647198,0.002029141979533609,0.002424669223098329,0.34567664008270377,0.16941212739135955
49.306916739592445,0.0003951341799103926,0.002028113023739369,0.002423247203649762,0.3456629110995408,0.1694628491655438
49.33191973996749,0.0003947417018881758,0.002027085110960777,0.002421826812848953,0.34564919492972324,0.16951354522578518
49.35692274034254,0.0003943498083352562,0.0020260582396127345,0.002420408047947991,0.3456354915552977,0.16956421559814244
49.381925740717584,0.0003939584980917054,0.0020250324081133543,0.0024189909062050595,0.3456218009583443,0.16961486030863465
49.406928741092635,0.00039356777000047055,0.0020240076148839497,0.0024175753848844203,0.34560812312097666,0.16966547938324145
49.43193174146768,0.0003931776229073668,0.0020229838583490298,0.0024161614812563967,0.34559445802534167,0.16971607284790297
49.45693474184272,0.000392788055661068,0.0020219611369362888,0.002414749192597357,0.3455808056536197,0.16976664072852005
49.481937742217774,0.00039239906711309826,0.002020939449076599,0.0024133385161896974,0.34556716598802445,0.16981718305095422
49.50694074259282,0.0003920106561178244,0.002019918793204003,0.0024119294493218273,0.34555353901080255,0.16986769984102784
49.53194374296787,0.00039162282153244586,0.0020188991677557036,0.0024105219892881493,0.34553992470423384,0.16991819112452416
49.55694674334291,0.00039123556221698806,0.0020178805711720603,0.0024091161333890483,0.34552632305063136,0.16996865692718735
49.58194974371796,0.0003908488770342928,0.0020168630018965756,0.0024077118789308685,0.3455127340323408,0.1700190972747227
49.60695274409301,0.0003904627648500105,0.0020158464583758928,0.002406309223225903,0.3454991576317409,0.1700695121927965
49.63195574446805,0.0003900772245325915,0.002014830939059783,0.0024049081635923748,0.3454855938312431,0.1701199017070364
49.6569587448431,0.0003896922549532781,0.0020138164424011408,0.002403508697354419,0.3454720426132916,0.1701702658430312
49.681961745218146,0.0003893078549860962,0.0020128029668559752,0.0024021108218420717,0.34545850396036326,0.1702206046263311
49.7069647455932,0.00038892402350784695,0.0020117905108834014,0.0024007145343912482,0.34544497785496747,0.17027091808244776
49.73196774596824,0.0003885407593980989,0.0020107790729456333,0.002399319832343732,0.3454314642796461,0.17032120623685432
49.75697074634329,0.00038815806153917907,0.002009768651507976,0.002397926713047155,0.34541796321697343,0.17037146911498552
49.781973746718336,0.0003877759288161657,0.0020087592450388175,0.0023965351738549833,0.3454044746495561,0.17042170674223775
49.80697674709338,0.0003873943601168797,0.0020077508520096217,0.0023951452121265013,0.34539099856003297,0.1704719191439692
49.83197974746843,0.00038701335433187603,0.00200674347089492,0.002393756825226796,0.34537753493107515,0.1705221063454998
49.856982747843475,0.000386632910354437,0.002005737100172304,0.002392370010526741,0.34536408374538574,0.17057226837211142
49.881985748218526,0.00038625302708056276,0.002004731738322417,0.00239098476540298,0.34535064498570006,0.17062240524904793
49.90698874859357,0.0003858737034089645,0.0020037273838289485,0.002389601087237913,0.3453372186347853,0.17067251700151517
49.93199174896861,0.00038549493824105544,0.0020027240351786235,0.0023882189734196787,0.3453238046754404,0.1707226036546812
49.956994749343664,0.0003851167304809432,0.0020017216908611974,0.0023868384213421405,0.34531040309049627,0.1707726652336762
49.98199774971871,0.000384739079035423,0.0020007203493694475,0.0023854594284048705,0.3452970138628157,0.1708227017635927
50.00700075009376,0.0003843619828139676,0.0019997200091991653,0.002384081992013133,0.34528363697529274,0.17087271326948553
50.0320037504688,0.00038398544072872136,0.0019987206688491495,0.0023827061095778707,0.34527027241085345,0.17092269977637195
50.057006750843854,0.0003836094516944913,0.0019977223268211972,0.0023813317785156885,0.3452569201524552,0.17097266130923175
50.0820097512189,0.0003832340146287399,0.0019967249816200986,0.0023799589962488384,0.34524358018308676,0.17102259789300728
50.10701275159394,0.0003828591284515768,0.0019957286317536277,0.0023785877602052045,0.3452302524857685,0.17107250955260353
50.13201575196899,0.00038248479208575126,0.001994733275732535,0.0023772180678182865,0.34521693704355183,0.17112239631288828
50.15701875234404,0.0003821110044566446,0.0019937389120705416,0.0023758499165271864,0.3452036338395196,0.17117225819869203
50.18202175271909,0.0003817377644922622,0.0019927455392843296,0.0023744833037765917,0.3451903428567856,0.17122209523480822
50.20702475309413,0.00038136507112322595,0.001991753155893537,0.002373118227016763,0.3451770640784951,0.17127190744599316
50.23202775346918,0.0003809929232827666,0.0019907617604207474,0.002371754683703514,0.34516379748782383,0.17132169485696627
50.25703075384423,0.0003806213199067161,0.001989771351391487,0.002370392671298203,0.3451505430679789,0.17137145749241003
50.28203375421927,0.00038025025993350007,0.001988781927334213,0.002369032187267713,0.34513730080219823,0.1714211953769701
50.30703675459432,0.0003798797423041297,0.001987793486780308,0.002367673229084438,0.34512407067375034,0.17147090853525535
50.332039754969365,0.00037950976596219524,0.001986806028264074,0.0023663157942262693,0.3451108526659347,0.171520596991838
50.357042755344416,0.0003791403298538574,0.0019858195503227225,0.00236495988017658,0.3450976467620813,0.17157026077125367
50.38204575571946,0.00037877143292784074,0.00198483405149637,0.0023636054844242108,0.3450844529455508,0.1716198998980014
50.407048756094504,0.0003784030741354254,0.0019838495303280295,0.002362252604463455,0.34507127119973435,0.1716695143965438
50.432051756469555,0.00037803525243043987,0.001982865985363602,0.0023609012377940417,0.3450581015080535,0.17171910429130707
50.4570547568446,0.0003776679667692544,0.0019818834151518715,0.002359551381921126,0.3450449438539603,0.1717686696066811
50.48205775721965,0.00037730121611077204,0.001980901818244498,0.00235820303435527,0.345031798220937,0.17181821036701952
50.507060757594694,0.0003769349994164227,0.001979921193196008,0.002356856192612431,0.34501866459249614,0.1718677265966398
50.532063757969745,0.00037656931565015504,0.0019789415385637896,0.0023555108542139447,0.34500554295218044,0.17191721831982326
50.55706675834479,0.0003762041637784293,0.0019779628529080846,0.002354167016686514,0.3449924332835627,0.17196668556081526
50.58206975871983,0.00037583954277021,0.001976985134791982,0.002352824677562192,0.34497933557024585,0.17201612834382513
50.60707275909488,0.0003754754515969586,0.0019760083827814086,0.0023514838343783673,0.3449662497958626,0.17206554669302634
50.63207575946993,0.0003751118892326267,0.001975032595445126,0.002350144484677753,0.34495317594407565,0.17211494063255656
50.65707875984498,0.0003747488546536477,0.001974057771354721,0.0023488066260083686,0.34494011399857755,0.17216431018651765
50.68208176022002,0.00037438634683893126,0.001973083909084599,0.00234747025592353,0.3449270639430907,0.17221365537897584
50.70708476059507,0.0003740243647698544,0.0019721110072119753,0.0023461353719818295,0.3449140257613669,0.17226297623396175
50.73208776097012,0.00037366290743025553,0.0019711390643168737,0.002344801971747129,0.34490099943718794,0.17231227277547043
50.75709076134516,0.00037330197380642686,0.001970168078982113,0.00234347005278854,0.34488798495436496,0.17236154502746145
50.78209376172021,0.0003729415628871072,0.001969198049793304,0.002342139612680411,0.3448749822967385,0.17241079301385906
50.807096762095256,0.00037258167366347546,0.0019682289753388425,0.002340810649002318,0.3448619914481788,0.1724600167585521
50.83209976247031,0.0003722223051291425,0.001967260854209899,0.002339483159339042,0.3448490123925852,0.1725092162853942
50.85710276284535,0.0003718634562801454,0.001966293685000419,0.002338157141280564,0.3448360451138865,0.17255839161820377
50.8821057632204,0.00037150512611493935,0.001965327466307106,0.0023368325924220455,0.3448230895960406,0.17260754278076412
50.907108763595446,0.00037114731363439146,0.001964362196729426,0.0023355095103638175,0.34481014582303465,0.17265666979682348
50.93211176397049,0.00037079001784177305,0.0019633978748695912,0.002334187892711364,0.3447972137788848,0.17270577269009513
50.95711476434554,0.0003704332377427535,0.0019624344993325583,0.002332867737075312,0.3447842934476363,0.1727548514842574
50.982117764720584,0.00037007697234539284,0.001961472068726022,0.002331549041071415,0.3447713848133633,0.1728039062029538
51.007120765095635,0.0003697212206601347,0.0019605105816604047,0.0023302318023205393,0.3447584878601689,0.17285293686979308
51.03212376547068,0.00036936598169980014,0.0019595500367488544,0.0023289160184486544,0.344745602572185,0.17290194350834923
51.05712676584572,0.00036901125447957997,0.001958590432607234,0.002327601687086814,0.34473272893357226,0.17295092614216162
51.082129766220774,0.00036865703801702837,0.0019576317678541163,0.0023262888058711447,0.3447198669285201,0.17299988479473508
51.10713276659582,0.00036830333133205625,0.001956674041110779,0.0023249773724428355,0.34470701654124636,0.17304881948953987
51.13213576697087,0.00036795013344692406,0.001955717251001195,0.0023236673844481194,0.3446941777559977,0.17309773025001188
51.15713876734591,0.0003675974433862354,0.0019547613961520285,0.0023223588395382636,0.3446813505570491,0.17314661709955256
51.182141767720964,0.0003672452601769298,0.0019538064751926255,0.0023210517353695554,0.34466853492870414,0.17319548006152913
51.20714476809601,0.0003668935828482767,0.0019528524867550114,0.002319746069603288,0.3446557308552946,0.1732443191592745
51.23214776847105,0.0003665424104318681,0.00195189942947388,0.0023184418399057483,0.34464293832118076,0.17329313441608746
51.2571507688461,0.0003661917419616122,0.0019509473019865898,0.002317139043948202,0.3446301573107509,0.1733419258552327
51.282153769221146,0.00036584157647372693,0.0019499961029331573,0.0023158376794068843,0.34461738780842166,0.17339069349994082
51.3071567695962,0.0003654919130067328,0.001949045830956249,0.0023145377439629817,0.3446046297986378,0.1734394373734085
51.33215976997124,0.00036514275060144693,0.001948096484701177,0.002313239235302624,0.3445918832658721,0.17348815749879848
51.35716277034629,0.000364794088300976,0.0019471480628158906,0.0023119421511168664,0.34457914819462515,0.17353685389923973
51.382165770721336,0.00036444592515071,0.0019462005639509714,0.0023106464891016814,0.3445664245694259,0.17358552659782733
51.40716877109638,0.0003640982601983154,0.0019452539867596257,0.0023093522469579413,0.3445537123748306,0.1736341756176228
51.43217177147143,0.0003637510924937288,0.001944308329897679,0.0023080594223914078,0.3445410115954239,0.17368280098165387
51.457174771846475,0.00036340442108915053,0.0019433635920235693,0.00230676801311272,0.34452832221581764,0.1737314027129148
51.482177772221526,0.0003630582450390381,0.0019424197717983409,0.002305478016837379,0.34451564422065173,0.1737799808343663
51.50718077259657,0.0003627125634000996,0.0019414768678856383,0.002304189431285738,0.3445029775945935,0.1738285353689356
51.532183772971614,0.0003623673752312876,0.0019405348789516986,0.002302902254182986,0.3444903223223379,0.17387706633951666
51.557186773346665,0.00036202267959379236,0.0019395938036653466,0.002301616483259139,0.34447767838860727,0.17392557376897003
51.58218977372171,0.0003616784755510358,0.0019386536406979888,0.0023003321162490247,0.34446504577815157,0.173974057680123
51.60719277409676,0.0003613347621686648,0.0019377143887236053,0.00229904915089227,0.344452424475748,0.17402251809576974
51.6321957744718,0.00036099153851454536,0.0019367760464187454,0.0022977675849332906,0.3444398144662009,0.17407095503867123
51.657198774846854,0.0003606488036587556,0.0019358386124625206,0.002296487416121276,0.3444272157343423,0.17411936853155546
51.6822017752219,0.0003603065566735802,0.0019349020855365987,0.002295208642210179,0.3444146282650311,0.17416775859711736
51.70720477559694,0.0003599647966335033,0.001933966464325197,0.0022939312609587003,0.3444020520431532,0.17421612525801897
51.73220777597199,0.00035962352261520295,0.0019330317475150763,0.0022926552701302795,0.3443894870536219,0.17426446853688946
51.75721077634704,0.00035928273369754477,0.001932097933795536,0.0022913806674930808,0.34437693328137725,0.17431278845632517
51.78221377672209,0.0003589424289615751,0.0019311650218584058,0.0022901074508199807,0.3443643907113863,0.17436108503888972
51.80721677709713,0.00035860260749051587,0.0019302330103980422,0.002288835617888558,0.34435185932864304,0.17440935830711407
51.83221977747218,0.00035826326836975724,0.0019293018981113195,0.002287565166481077,0.34433933911816833,0.17445760828349657
51.85722277784723,0.00035792441068685266,0.0019283716836976264,0.002286296094384479,0.3443268300650096,0.17450583499050296
51.88222577822227,0.00035758603353151157,0.0019274423658588579,0.0022850283993903694,0.344314332154241,0.17455403845056652
51.90722877859732,0.0003572481359955941,0.0019265139432994103,0.0022837620792950045,0.3443018453709636,0.1746022186860882
51.932231778972366,0.00035691071717310475,0.0019255864147261757,0.00228249713189928,0.3442893697003047,0.1746503757194364
51.95723477934742,0.0003565737761601861,0.001924659778848534,0.00228123355500872,0.3442769051274184,0.17469850957294739
51.98223777972246,0.0003562373120551131,0.0019237340343783496,0.0022799713464334626,0.344264451637485,0.1747466202689251
52.00724078009751,0.0003559013239582868,0.001922809180029963,0.0022787105039882498,0.3442520092157114,0.17479470782964135
52.032243780472555,0.00035556581097222857,0.001921885214520187,0.0022774510254924153,0.3442395778473309,0.17484277227733577
52.0572467808476,0.00035523077220157357,0.001920962136568298,0.0022761929087698717,0.3442271575176028,0.17489081363421602
52.08224978122265,0.00035489620675306535,0.0019200399448960328,0.002274936151649098,0.34421474821181286,0.17493883192245774
52.107252781597694,0.00035456211373555,0.0019191186382275822,0.002273680751963132,0.34420234991527304,0.17498682716420458
52.132255781972745,0.0003542284922599695,0.001918198215289583,0.0022724267075495525,0.3441899626133212,0.1750347993815684
52.15725878234779,0.0003538953414393564,0.001917278674811115,0.0022711740162504714,0.3441775862913214,0.17508274859662923
52.18226178272283,0.0003535626603888277,0.0019163600155236934,0.002269922675912521,0.34416522093466373,0.17513067483143535
52.207264783097884,0.0003532304482255789,0.001915442236161263,0.0022686726843868417,0.3441528665287641,0.17517857810800336
52.23226778347293,0.00035289870406887865,0.0019145253354601933,0.002267424039529072,0.34414052305906434,0.1752264584483182
52.25727078384798,0.00035256742704006203,0.001913609312159272,0.002266176739199334,0.34412819051103216,0.1752743158743333
52.28227378422302,0.00035223661626252573,0.0019126941649997,0.002264930781262226,0.344115868870161,0.1753221504079705
52.30727678459807,0.00035190627086172116,0.0019117798927250835,0.0022636861635868047,0.3441035581219699,0.17536996207112032
52.33227978497312,0.00035157638996514994,0.0019108664940814316,0.0022624428840465815,0.3440912582520038,0.17541775088564182
52.35728278534816,0.00035124697270235686,0.0019099539678171476,0.0022612009405195044,0.34407896924583303,0.17546551687336273
52.38228578572321,0.00035091801820492507,0.0019090423126830243,0.0022599603308879495,0.3440666910890535,0.17551326005607956
52.407288786098256,0.00035058952560646986,0.0019081315274322398,0.0022587210530387097,0.34405442376728657,0.17556098045555757
52.43229178647331,0.00035026149404263323,0.0019072216108203487,0.002257483104862982,0.34404216726617914,0.17560867809353092
52.45729478684835,0.0003499339226510781,0.0019063125616052795,0.0022562464842563576,0.3440299215714034,0.17565635299170262
52.4822977872234,0.00034960681057148247,0.001905404378547327,0.0022550111891188095,0.3440176866686568,0.17570400517174473
52.507300787598446,0.0003492801569455342,0.0019044970604091475,0.0022537772173546818,0.3440054625436621,0.17575163465529828
52.53230378797349,0.0003489539609169249,0.0019035906059557532,0.002252544566872678,0.34399324918216734,0.17579924146397344
52.55730678834854,0.0003486282216313445,0.0019026850139545052,0.00225131323558585,0.34398104656994566,0.17584682561934953
52.582309788723585,0.0003483029382364758,0.0019017802831751112,0.002250083221411587,0.3439688546927951,0.175894387142975
52.607312789098636,0.00034797810988198885,0.0019008764123896156,0.0022488545222716047,0.343956673536539,0.17594192605636771
52.63231578947368,0.0003476537357195353,0.001899973400372398,0.002247627136091933,0.3439445030870256,0.1759894423810147
52.65731878984872,0.00034732981490274273,0.0018990712459001646,0.0022464010608029073,0.34393234333012795,0.17603693613837246
52.682321790223774,0.0003470063465872093,0.0018981699477519439,0.002245176294339153,0.34392019425174414,0.17608440734986697
52.70732479059882,0.00034668332993049853,0.0018972695047090823,0.002243952834639581,0.343908055837797,0.17613185603689363
52.73232779097387,0.0003463607640921332,0.0018963699155552364,0.0022427306796473697,0.34389592807423397,0.17617928222081747
52.75733079134891,0.00034603864823359024,0.001895471179076369,0.0022415098273099593,0.3438838109470274,0.17622668592297305
52.782333791723964,0.00034571698151829544,0.0018945732940607433,0.0022402902755790386,0.3438717044421743,0.1762740671646647
52.80733679209901,0.00034539576311161765,0.0018936762592989178,0.0022390720224105356,0.3438596085456962,0.1763214259671664
52.83233979247405,0.0003450749921808637,0.0018927800735837393,0.002237855065764603,0.34384752324363904,0.17636876235172197
52.8573427928491,0.0003447546678952724,0.0018918847357103398,0.0022366394036056124,0.3438354485220735,0.1764160763395451
52.88234579322415,0.00034443478942601025,0.0018909902444761296,0.00223542503390214,0.3438233843670945,0.17646336795181927
52.9073487935992,0.0003441153559461649,0.0018900965986807922,0.002234211954626957,0.34381133076482145,0.17651063720969803
52.93235179397424,0.0003437963666307407,0.0018892037971262794,0.00223300016375702,0.34379928770139806,0.17655788413430493
52.95735479434929,0.0003434778206566526,0.0018883118386168044,0.002231789659273457,0.3437872551629923,0.17660510874673355
52.98235779472434,0.00034315971720272174,0.0018874207219588396,0.0022305804391615615,0.34377523313579644,0.17665231106804763
53.00736079509938,0.0003428420554496693,0.0018865304459611074,0.002229372501410777,0.34376322160602674,0.17669949111928107
53.03236379547443,0.0003425248345801117,0.0018856410094345777,0.0022281658440146896,0.34375122055992374,0.17674664892143807
53.057366795849475,0.0003422080537785553,0.0018847524111924618,0.002226960464971017,0.343739229983752,0.17679378449549307
53.082369796224526,0.000341891712231391,0.0018838646500502062,0.0022257563622815973,0.34372724986380004,0.1768408978623909
53.10737279659957,0.0003415758091268891,0.0018829777248254896,0.0022245535339523786,0.3437152801863804,0.17688798904304678
53.132375796974614,0.0003412603436551942,0.0018820916343382148,0.002223351977993409,0.3437033209378295,0.1769350580583464
53.157378797349665,0.0003409453150083198,0.001881206377410505,0.002222151692418825,0.3436913721045076,0.17698210492914598
53.18238179772471,0.00034063072238014347,0.0018803219528667,0.0022209526752468432,0.3436794336727988,0.17702912967627232
53.20738479809976,0.000340316564966401,0.001879438359533347,0.002219754924499748,0.3436675056291109,0.17707613232052286
53.232387798474804,0.0003400028419646823,0.0018785555962392002,0.0022185584382038827,0.34365558795987544,0.17712311288266566
53.257390798849855,0.000339689552574425,0.0018776736618152114,0.0022173632143896362,0.3436436806515475,0.17717007138343963
53.2823937992249,0.0003393766959969109,0.0018767925550945285,0.0022161692510914393,0.34363178369060593,0.17721700784355437
53.30739679959994,0.0003390642714352593,0.001875912274912487,0.002214976546347746,0.343619897063553,0.17726392228369042
53.33239979997499,0.00033875227809442276,0.001875032820106607,0.0022137850982010296,0.34360802075691455,0.1773108147244992
53.35740280035004,0.00033844071518118236,0.0018741541895165882,0.0022125949046977707,0.34359615475723976,0.17735768518660305
53.38240580072509,0.00033812958190414174,0.001873276381984303,0.002211405963888445,0.34358429905110127,0.17740453369059542
53.40740880110013,0.0003378188774737228,0.0018723993963537934,0.002210218273827516,0.343572453625095,0.1774513602570407
53.43241180147518,0.0003375086011021604,0.0018715232314712644,0.002209031832573425,0.3435606184658402,0.17749816490647452
53.45741480185023,0.0003371987520034974,0.0018706478861850804,0.002207846638188578,0.3435487935599794,0.17754494765940365
53.48241780222527,0.0003368893293935797,0.0018697733593457588,0.0022066626887393384,0.3435369788941783,0.17759170853630607
53.50742080260032,0.0003365803324900512,0.0018688996498059652,0.0022054799822960164,0.3435251744551256,0.17763844755763109
53.532423802975366,0.0003362717605123492,0.0018680267564205096,0.002204298516932859,0.34351338022953326,0.17768516474379928
53.55742680335042,0.0003359636126816988,0.0018671546780463398,0.0022031182907280384,0.3435015962041361,0.1777318601152027
53.58242980372546,0.0003356558882211087,0.0018662834135425377,0.0022019393017636466,0.3434898223656923,0.1777785336922048
53.607432804100505,0.000335348586355366,0.001865412961770313,0.0022007615481256793,0.34347805870098247,0.17782518549514056
53.632435804475556,0.0003350417063110311,0.0018645433215929994,0.0021995850279040306,0.3434663051968104,0.1778718155443165
53.6574388048506,0.0003347352473164332,0.0018636744918760495,0.0021984097391924825,0.3434545618400026,0.1779184238600107
53.68244180522565,0.00033442920860166504,0.0018628064714870287,0.0021972356800886938,0.3434428286174086,0.17796501046247298
53.707444805600694,0.0003341235893985788,0.0018619392592956127,0.0021960628486941917,0.3434311055159004,0.17801157537192483
53.732447805975745,0.0003338183889407803,0.0018610728541735794,0.00219489124311436,0.3434193925223728,0.17805811860855952
53.75745080635079,0.00033351360646362494,0.0018602072549948067,0.0021937208614584316,0.34340768962374313,0.1781046401925421
53.78245380672583,0.0003332092412042127,0.0018593424606352664,0.002192551701839479,0.34339599680695154,0.17815114014400954
53.807456807100884,0.00033290529240138315,0.001858478469973019,0.002191383762374402,0.3433843140589606,0.17819761848307072
53.83245980747593,0.000332601759295711,0.0018576152818882104,0.0021902170411839212,0.3433726413667552,0.17824407522980645
53.85746280785098,0.0003322986411295012,0.0018567528952630652,0.0021890515363925662,0.343360978717343,0.17829051040426966
53.88246580822602,0.00033199593714678424,0.0018558913089818832,0.0021878872461286673,0.3433493260977538,0.17833692402648524
53.907468808601074,0.00033169364659331116,0.0018550305219310335,0.002186724168524345,0.34333768349503996,0.17838331611645028
53.93247180897612,0.00033139176871654983,0.0018541705329989512,0.002185562301715501,0.3433260508962759,0.17842968669413403
53.95747480935116,0.0003310903027656788,0.001853311341076131,0.0021844016438418096,0.3433144282885584,0.17847603577947802
53.98247780972621,0.0003307892479915837,0.0018524529450551232,0.002183242193046707,0.34330281565900655,0.17852236339239602
54.00748081010126,0.00033048860364685243,0.0018515953438305295,0.0021820839474773817,0.34329121299476145,0.17856866955277412
54.03248381047631,0.0003301883689857701,0.0018507385362989967,0.002180926905284767,0.3432796202829865,0.17861495428047083
54.05748681085135,0.00032988854326431485,0.001849882521359214,0.002179771064623529,0.34326803751086676,0.17866121759531708
54.0824898112264,0.000329589125740153,0.0018490272979119063,0.002178616423652059,0.3432564646656098,0.17870745951711633
54.107492811601446,0.0003292901156726346,0.001848172864859831,0.002177462980532466,0.3432449017344448,0.17875368006564454
54.13249581197649,0.0003289915123227886,0.0018473192211077723,0.002176310733430561,0.343233348704623,0.17879987926065025
54.15749881235154,0.0003286933149533185,0.0018464663655625368,0.0021751596805158553,0.3432218055634175,0.1788460571218547
54.182501812726585,0.00032839552282859795,0.00184561429713295,0.002174009819961548,0.34321027229812334,0.17889221366895172
54.207504813101636,0.00032809813521466583,0.0018447630147298488,0.0021728611499445146,0.34319874889605706,0.178938348921608
54.23250781347668,0.00032780115137922194,0.0018439125172660803,0.0021717136686453023,0.34318723534455714,0.17898446289946296
54.257510813851724,0.00032750457059162256,0.001843062803656495,0.0021705673742481177,0.34317573163098375,0.17903055562212886
54.282513814226775,0.0003272083921228757,0.0018422138728179424,0.0021694222649408183,0.3431642377427186,0.1790766271091909
54.30751681460182,0.00032691261524563694,0.0018413657236692668,0.002168278338914904,0.343152753667165,0.17912267738020712
54.33251981497687,0.0003266172392342046,0.001840518355131303,0.0021671355943655075,0.34314127939174793,0.1791687064547087
54.35752281535191,0.00032632226336451594,0.0018396717661268713,0.0021659940294913873,0.34312981490391375,0.1792147143521997
54.382525815726964,0.0003260276869141416,0.0018388259555807724,0.002164853642494914,0.3431183601911303,0.17926070109215744
54.40752881610201,0.0003257335091622825,0.0018379809224197841,0.0021637144315820667,0.34310691524088677,0.17930666669403225
54.43253181647705,0.00032543972938976453,0.001837136665572656,0.0021625763949624207,0.3430954800406939,0.1793526111772477
54.4575348168521,0.00032514634687903424,0.0018362931839701043,0.0021614395308491383,0.34308405457808355,0.17939853456120064
54.48253781722715,0.00032485336091415485,0.0018354504765448092,0.002160303837458964,0.34307263884060896,0.1794444368652611
54.5075408176022,0.0003245607707808016,0.0018346085422314084,0.0021591693130122097,0.3430612328158446,0.17949031810877256
54.53254381797724,0.00032426857576625754,0.001833767379966494,0.0021580359557327516,0.343049836491386,0.17953617831105181
54.55754681835229,0.00032397677515940885,0.001832926988688607,0.002156903763848016,0.34303844985484994,0.17958201749138916
54.58254981872734,0.00032368536825074114,0.0018320873673382339,0.002155772735588975,0.3430270728938743,0.1796278356690483
54.60755281910238,0.00032339435433233454,0.001831248514857801,0.0021546428691901357,0.3430157055961179,0.17967363286326654
54.63255581947743,0.0003231037326978594,0.001830410430191671,0.0021535141628895305,0.34300434794926066,0.17971940909325473
54.657558819852476,0.0003228135026425729,0.0018295731122861382,0.0021523866149287113,0.34299299994100346,0.17976516437819734
54.68256182022753,0.0003225236634633134,0.001828736560089424,0.0021512602235527374,0.342981661559068,0.17981089873725256
54.70756482060257,0.0003222342144584973,0.001827900772551673,0.0021501349870101704,0.34297033279119693,0.17985661218955226
54.732567820977614,0.00032194515492811436,0.001827065748624947,0.0021490109035530616,0.34295901362515363,0.17990230475420213
54.757570821352665,0.0003216564841737233,0.0018262314872632233,0.0021478879714369467,0.34294770404872243,0.17994797645028168
54.78257382172771,0.0003213682014984479,0.001825397987422388,0.002146766188920836,0.34293640404970827,0.17999362729684423
54.80757682210276,0.00032108030620697266,0.0018245652480602323,0.002145645554267205,0.3429251136159367,0.1800392573129171
54.832579822477804,0.00032079279760553866,0.001823733268136449,0.0021445260657419877,0.3429138327352541,0.18008486651750147
54.857582822852855,0.0003205056750019392,0.001822902046612627,0.0021434077216145662,0.3429025613955273,0.18013045492957264
54.8825858232279,0.0003202189377055161,0.0018220715824522479,0.002142290520157764,0.3428912995846439,0.1801760225680799
54.90758882360294,0.0003199325850271547,0.0018212418746206807,0.0021411744596478354,0.34288004729051175,0.1802215694519467
54.932591823977994,0.0003196466162792805,0.0018204129220851784,0.002140059538364459,0.3428688045010593,0.18026709560007062
54.95759482435304,0.00031936103077585506,0.0018195847238148737,0.0021389457545907286,0.3428575712042354,0.18031260103132343
54.98259782472809,0.00031907582783237106,0.001818757278780774,0.002137833106613145,0.3428463473880094,0.18035808576455117
55.00760082510313,0.0003187910067658491,0.0018179305859557576,0.0021367215927216065,0.3428351330403708,0.18040354981857415
55.03260382547818,0.000318506566894833,0.0018171046443145695,0.0021356112112094023,0.3428239281493295,0.18044899321218705
55.05760682585323,0.0003182225075393863,0.0018162794528338176,0.0021345019603732037,0.3428127327029158,0.18049441596415888
55.08260982622827,0.00031793882802108755,0.0018154550104919668,0.0021333938385130545,0.34280154668917995,0.1805398180932332
55.10761282660332,0.0003176555276630265,0.0018146313162693366,0.002132286843932363,0.34279037009619245,0.18058519961812794
55.132615826978366,0.00031737260578980077,0.0018138083691480963,0.0021311809749378972,0.3427792029120441,0.1806305605575356
55.15761882735342,0.00031709006172751027,0.0018129861681122606,0.0021300762298397708,0.3427680451248455,0.18067590093012328
55.18262182772846,0.00031680789480375497,0.0018121647121476859,0.0021289726069514407,0.3427568967227276,0.18072122075453265
55.20762482810351,0.0003165261043476293,0.001811344000242065,0.002127870104589694,0.3427457576938411,0.1807665200493801
55.232627828478556,0.0003162446896897195,0.0018105240313849244,0.002126768721074644,0.34273462802635674,0.18081179883325665
55.2576308288536,0.0003159636501620987,0.0018097048045676192,0.002125668454729718,0.34272350770846527,0.1808570571247282
55.28263382922865,0.00031568298509832324,0.0018088863187833292,0.0021245693038816522,0.34271239672837717,0.18090229494233534
55.307636829603695,0.00031540269383342913,0.0018080685730270552,0.0021234712668604843,0.3427012950743229,0.18094751230459358
55.332639829978746,0.0003151227757039274,0.0018072515662956139,0.0021223743419995413,0.3426902027345526,0.18099270922999328
55.35764283035379,0.0003148432300478009,0.001806435297587635,0.002121278527635436,0.34267911969733617,0.18103788573699975
55.38264583072883,0.0003145640562044996,0.0018056197659035561,0.0021201838221080556,0.3426680459509632,0.18108304184405333
55.407648831103884,0.00031428525351493726,0.001804804970245619,0.002119090223760556,0.3426569814837431,0.18112817756956934
55.43265183147893,0.0003140068213214877,0.0018039909096178664,0.002117997730939354,0.3426459262840047,0.18117329293193818
55.45765483185398,0.00031372875896798003,0.0018031775830261358,0.0021169063419941157,0.3426348803400966,0.1812183879495254
55.48265783222902,0.000313451065799696,0.001802364989478058,0.002115816055277754,0.3426238436403868,0.1812634626406717
55.507660832604074,0.000313173741163365,0.001801553127983051,0.0021147268691464162,0.3426128161732628,0.18130851702369297
55.53266383297912,0.000312896784407161,0.0018007419975523177,0.0021136387819594787,0.3426017979271317,0.18135355111688037
55.55766683335416,0.00031262019488069833,0.0017999315971988397,0.002112551792079538,0.3425907888904199,0.18139856493850035
55.58266983372921,0.000312343971935028,0.0017991219259373755,0.0021114658978724035,0.3425797890515732,0.18144355850679475
55.60767283410426,0.0003120681149226339,0.0017983129827844554,0.0021103810977070895,0.34256879839905685,0.18148853183998073
55.63267583447931,0.0003117926231974289,0.0017975047667583776,0.0021092973899558064,0.3425578169213552,0.18153348495625096
55.65767883485435,0.00031151749611475136,0.0017966972768792048,0.002108214772993956,0.34254684460697193,0.1815784178737735
55.6826818352294,0.00031124273303136086,0.0017958905121687584,0.0021071332452001195,0.3425358814444301,0.18162333061069197
55.70768483560445,0.0003109683333054349,0.001795084471650618,0.002106052804956053,0.34252492742227175,0.18166822318512557
55.73268783597949,0.000310694296296565,0.0017942791543501138,0.002104973450646679,0.3425139825290581,0.1817130956151691
55.75769083635454,0.00031042062136575274,0.0017934745592943246,0.0021038951806600773,0.3425030467533696,0.18175794791889302
55.782693836729585,0.00031014730787540647,0.0017926706855120739,0.0021028179933874802,0.34249212008380553,0.18180278011434345
55.807696837104636,0.0003098743551893371,0.0017918675320339249,0.002101741887223262,0.3424812025089844,0.1818475922195423
55.83269983747968,0.0003096017626727551,0.0017910650978921784,0.0021006668605649337,0.34247029401754353,0.18189238425248722
55.857702837854724,0.0003093295296922658,0.0017902633821208671,0.0020995929118131328,0.34245939459813934,0.18193715623115167
55.882705838229775,0.00030905765561586667,0.0017894623837557526,0.0020985200393716192,0.342448504239447,0.18198190817348506
55.90770883860482,0.00030878613981294315,0.0017886621018343212,0.0020974482416472643,0.34243762293016067,0.18202664009741265
55.93271183897987,0.0003085149816542651,0.0017878625353957807,0.002096377517050046,0.34242675065899325,0.1820713520208357
55.957714839354914,0.0003082441805119831,0.0017870636834810562,0.0020953078639930393,0.3424158874146764,0.18211604396163136
55.982717839729965,0.00030797373575962506,0.0017862655451327855,0.0020942392808924104,0.3424050331859606,0.18216071593765296
56.00772084010501,0.0003077036467720922,0.0017854681193953165,0.0020931717661674086,0.3423941879616151,0.18220536796672984
56.03272384048005,0.0003074339129256557,0.0017846714053147022,0.002092105318240358,0.3423833517304275,0.18225000006666747
56.0577268408551,0.0003071645335979531,0.0017838754019386983,0.0020910399355366515,0.34237252448120437,0.18229461225524754
56.08272984123015,0.00030689550816798475,0.0017830801083167586,0.0020899756164847435,0.34236170620277073,0.18233920455022787
56.1077328416052,0.00030662683601610975,0.0017822855235000302,0.00208891235951614,0.3423508968839701,0.18238377696934263
56.13273584198024,0.00030635851652404333,0.0017814916465413522,0.0020878501630653954,0.34234009651366465,0.1824283295303022
56.15773884235529,0.0003060905490748523,0.0017806984764952493,0.0020867890255701015,0.3423293050807349,0.18247286225079334
56.18274184273034,0.0003058229330529521,0.0017799060124179303,0.0020857289454708824,0.3423185225740798,0.18251737514847918
56.20774484310538,0.0003055556678441031,0.0017791142533672825,0.0020846699212113858,0.3423077489826168,0.1825618682409993
56.23274784348043,0.00030528875283540694,0.001778323198402869,0.002083611951238276,0.34229698429528155,0.18260634154596972
56.257750843855476,0.0003050221874153035,0.0017775328465859251,0.0020825550340012287,0.3422862285010282,0.18265079508098295
56.28275384423053,0.00030475597097356666,0.0017767431969793537,0.0020814991679529203,0.3422754815888291,0.1826952288636081
56.30775684460557,0.00030449010290130145,0.0017759542486477228,0.002080444351549024,0.3422647435476748,0.1827396429113908
56.332759844980615,0.00030422458259094014,0.0017751660006572606,0.0020793905832482006,0.342254014366574,0.1827840372418534
56.357762845355666,0.000303959409436239,0.001774378452075852,0.0020783378615120912,0.34224329403455384,0.18282841187249488
56.38276584573071,0.000303694582832275,0.0017735916019730369,0.002077286184805312,0.3422325825406593,0.1828727668207909
56.40776884610576,0.00030343010217544176,0.0017728054494200029,0.0020762355515954447,0.34222187987395364,0.18291710210419393
56.432771846480804,0.0003031659668634468,0.0017720199934895852,0.002075185960353032,0.34221118602351797,0.1829614177401332
56.457774846855855,0.00030290217629530764,0.0017712352332562604,0.002074137409551568,0.34220050097845167,0.18300571374601482
56.4827778472309,0.00030263872987134873,0.0017704511677961447,0.0020730898976674935,0.3421898247278719,0.1830499901392217
56.50778084760594,0.0003023756269931976,0.0017696677961869891,0.0020720434231801866,0.34217915726091386,0.1830942469371138
56.532783847980994,0.0003021128670637818,0.0017688851175081757,0.0020709979845719576,0.34216849856673065,0.1831384841570279
56.55778684835604,0.00030185044948732577,0.0017681031308407155,0.002069953580328041,0.3421578486344932,0.1831827018162779
56.58278984873109,0.0003015883736693466,0.001767321835267243,0.0020689102089365896,0.3421472074533904,0.18322689993215469
56.60779284910613,0.0003013266390166516,0.0017665412298720142,0.0020678678688886656,0.34213657501262873,0.1832710785219262
56.632795849481184,0.00030106524493733413,0.0017657613137409013,0.0020668265586782355,0.34212595130143264,0.18331523760283758
56.65779884985623,0.0003008041908407712,0.0017649820859613912,0.0020657862768021624,0.34211533630904406,0.18335937719211104
56.68280185023127,0.0003005434761376192,0.00176420354562258,0.002064747021760199,0.34210473002472286,0.18340349730694608
56.70780485060632,0.00030028310023981085,0.0017634256918151708,0.0020637087920549815,0.34209413243774645,0.18344759796451943
56.73280785098137,0.0003000230625605525,0.0017626485236314697,0.0020626715861920223,0.3420835435374098,0.18349167918198506
56.75781085135642,0.00029976336251431976,0.0017618720401653815,0.0020616354026797012,0.3420729633130255,0.1835357409764743
56.78281385173146,0.0002995039995168553,0.001761096240512408,0.002060600240029263,0.3420623917539238,0.1835797833650958
56.807816852106505,0.0002992449729851646,0.0017603211237696426,0.002059566096754807,0.3420518288494522,0.18362380636493572
56.832819852481556,0.0002989862823375133,0.0017595466890357675,0.002058532971373281,0.34204127458897593,0.18366780999305757
56.8578228528566,0.0002987279269934237,0.0017587729354110514,0.002057500862404475,0.34203072896187753,0.18371179426650236
56.88282585323165,0.0002984699063736715,0.0017579998619973434,0.002056469768371015,0.3420201919575569,0.18375575920228865
56.907828853606695,0.0002982122199002828,0.0017572274678980724,0.002055439687798355,0.3420096635654314,0.1837997048174125
56.932831853981746,0.00029795486699653025,0.0017564557522182413,0.0020544106192147715,0.3419991437749356,0.1838436311288477
56.95783485435679,0.0002976978470869307,0.0017556847140644254,0.002053382561151356,0.34198863257552164,0.18388753815354553
56.982837854731834,0.00029744115959724125,0.001754914352544767,0.002052355512142008,0.34197812995665844,0.18393142590843506
57.007840855106885,0.00029718480395445626,0.0017541446667689738,0.00205132947072343,0.3419676359078326,0.18397529441042304
57.03284385548193,0.00029692877958680447,0.0017533756558483148,0.002050304435435119,0.3419571504185476,0.18401914367639396
57.05784685585698,0.0002966730859237451,0.001752607318895616,0.0020492804048193613,0.34194667347832425,0.18406297372321018
57.08284985623202,0.00029641772239596574,0.001751839655025259,0.002048257377421225,0.3419362050767005,0.18410678456771182
57.107852856607074,0.00029616268843537776,0.0017510726633531747,0.0020472353517885524,0.34192574520323105,0.1841505762267169
57.13285585698212,0.00029590798347511475,0.0017503063429968435,0.002046214326471958,0.3419152938474881,0.18419434871702137
57.15785885735716,0.000295653606949528,0.0017495406930752883,0.0020451943000248164,0.3419048509990606,0.18423810205539912
57.18286185773221,0.0002953995582941841,0.0017487757127090738,0.0020441752710032577,0.3418944166475545,0.18428183625860206
57.20786485810726,0.0002951458369458617,0.0017480114010203019,0.0020431572379661636,0.34188399078259274,0.18432555134336007
57.23286785848231,0.0002948924423425482,0.0017472477571326083,0.0020421401994751565,0.3418735733938152,0.18436924732638116
57.25787085885735,0.00029463937392343694,0.00174648478017116,0.002041124154094597,0.34186316447087844,0.1844129242243514
57.2828738592324,0.00029438663112892364,0.001745722469262651,0.0020401091003915744,0.3418527640034561,0.1844565820539351
57.30787685960745,0.0002941342134006039,0.0017449608235352997,0.0020390950369359034,0.3418423719812385,0.1845002208317746
57.33287985998249,0.0002938821201812696,0.0017441998421188448,0.0020380819623001143,0.3418319883939328,0.18454384057449055
57.35788286035754,0.0002936303509149059,0.0017434395241445425,0.0020370698750594484,0.3418216132312628,0.1845874412986819
57.382885860732586,0.0002933789050466886,0.0017426798687451635,0.002036058773791852,0.341811246482969,0.18463102302092585
57.40788886110764,0.0002931277820229806,0.0017419208750549889,0.0020350486570779695,0.3418008881388087,0.18467458575777793
57.43289186148268,0.00029287698129132914,0.0017411625422098077,0.002034039523501137,0.3417905381885557,0.18471812952577202
57.457894861857724,0.0002926265023004625,0.0017404048693469131,0.0020330313716473754,0.34178019662200043,0.18476165434142047
57.482897862232775,0.00029237634450028714,0.0017396478556050987,0.0020320242001053857,0.34176986342895,0.18480516022121407
57.50790086260782,0.0002921265073418849,0.0017388915001246568,0.0020310180074665416,0.3417595385992279,0.18484864718162203
57.53290386298287,0.00029187699027750946,0.0017381358020473734,0.002030012792324883,0.3417492221226742,0.18489211523909216
57.557906863357914,0.0002916277927605838,0.0017373807605165262,0.00202900855327711,0.34173891398914535,0.1849355644100508
57.582909863732965,0.00029137891424569696,0.0017366263746768805,0.0020280052889225775,0.34172861418851436,0.18497899471090287
57.60791286410801,0.00029113035418860126,0.0017358726436746865,0.0020270029978632876,0.34171832271067054,0.18502240615803198
57.63291586448305,0.000290882112046209,0.0017351195666576763,0.002026001678703885,0.34170803954551965,0.18506579876780033
57.657918864858104,0.0002906341872765898,0.0017343671427750597,0.0020250013300516494,0.3416977646829838,0.1851091725565489
57.68292186523315,0.0002903865793389677,0.0017336153711775219,0.0020240019505164894,0.34168749811300114,0.1851525275405974
57.7079248656082,0.0002901392876937176,0.00173286425101722,0.0020230035387109376,0.34167723982552645,0.18519586373624433
57.73292786598324,0.00028989231180236326,0.0017321137814477802,0.0020220060932501435,0.34166698981053045,0.18523918115976695
57.75793086635829,0.0002896456511275735,0.0017313639616242935,0.002021009612751867,0.3416567480580003,0.18528247982742146
57.78293386673334,0.00028939930513316003,0.0017306147907033141,0.0020200140958364743,0.34164651455793915,0.18532575975544288
57.80793686710838,0.0002891532732840737,0.001729866267842855,0.002019019541126929,0.3416362893003664,0.1853690209600452
57.83293986748343,0.00028890755504640237,0.001729118392202385,0.0020180259472487873,0.34162607227531744,0.1854122634574214
57.857942867858476,0.0002886621498873676,0.0017283711629428264,0.002017033312830194,0.34161586347284384,0.1854554872637434
57.88294586823353,0.00028841705727532187,0.0017276245792265507,0.0020160416365018726,0.34160566288301314,0.1854986923951622
57.90794886860857,0.0002881722766797458,0.001726878640217377,0.002015050916897123,0.341595470495909,0.18554187886780787
57.932951868983615,0.00028792780757124484,0.0017261333450805667,0.0020140611526518115,0.34158528630163076,0.18558504669778958
57.957954869358666,0.000287683649421547,0.0017253886929828224,0.0020130723424043695,0.3415751102902941,0.18562819590119567
57.98295786973371,0.0002874398017034999,0.0017246446830922841,0.002012084484795784,0.34156494245203034,0.18567132649409362
58.00796087010876,0.0002871962638910672,0.0017239013145785255,0.0020110975784695924,0.34155478277698675,0.1857144384925302
58.032963870483805,0.0002869530354593269,0.0017231585866125517,0.0020101116220718786,0.34154463125532647,0.18575753191253133
58.057966870858856,0.0002867101158844675,0.001722416498366796,0.0020091266142512635,0.3415344878772284,0.18580060677010232
58.0829698712339,0.00028646750464378595,0.0017216750490151164,0.0020081425536589022,0.3415243526328873,0.18584366308122777
58.10797287160894,0.00028622520121568434,0.001720934237732793,0.0020071594389484775,0.34151422551251354,0.18588670086187162
58.132975871983994,0.000285983205079667,0.0017201940636965246,0.0020061772687761915,0.3415041065063334,0.18592972012797723
58.15797887235904,0.00028574151571633856,0.0017194545260844258,0.0020051960418007646,0.34149399560458865,0.1859727208954674
58.18298187273409,0.0002855001326074,0.001718715624076024,0.002004215756683424,0.34148389279753694,0.18601570318024438
58.20798487310913,0.00028525905523564673,0.0017179773568522566,0.002003236412087903,0.3414737980754513,0.1860586669981899
58.232987873484184,0.0002850182830849653,0.001717239723595467,0.002002258006680432,0.34146371142862053,0.18610161236516531
58.25799087385923,0.0002847778156403312,0.0017165027234894031,0.002001280539129734,0.34145363284734886,0.18614453929701144
58.28299387423427,0.0002845376523878055,0.001715766355719213,0.0020003040081070186,0.3414435623219563,0.1861874478095488
58.30799687460932,0.0002842977928145324,0.0017150306194714424,0.0019993284122859748,0.34143349984277793,0.18623033791857752
58.33299987498437,0.0002840582364087365,0.001714295513934032,0.0019983537503427684,0.3414234454001647,0.18627320963987737
58.35800287535942,0.00028381898265972,0.001713561038296314,0.0019973800209560338,0.34141339898448286,0.1863160629892079
58.38300587573446,0.0002835800310578602,0.0017128271917490091,0.0019964072228068693,0.341403360586114,0.1863588979823083
58.40800887610951,0.0002833413810946063,0.001712093973484224,0.00199543535457883,0.3413933301954551,0.18640171463489774
58.43301187648456,0.00028310303226247724,0.0017113613826954482,0.0019944644149579253,0.3413833078029186,0.186444512962675
58.4580148768596,0.0002828649840550585,0.0017106294185775508,0.0019934944026326093,0.34137329339893213,0.1864872929813188
58.48301787723465,0.0002826272359669999,0.0017098980803267778,0.001992525316293778,0.3413632869739387,0.18653005470648779
58.508020877609695,0.00028238978749401257,0.0017091673671407494,0.001991557154634762,0.34135328851839647,0.18657279815382044
58.533023877984746,0.0002821526381328665,0.001708437278218456,0.0019905899163513226,0.34134329802277885,0.18661552333893527
58.55802687835979,0.0002819157873813875,0.0017077078127602575,0.001989623600141645,0.3413333154775745,0.18665823027743075
58.583029878734834,0.00028167923473845514,0.0017069789699678771,0.001988658204706332,0.34132334087328725,0.18670091898488536
58.608032879109885,0.0002814429797039995,0.0017062507490444017,0.001987693728748401,0.34131337420043595,0.18674358947685765
58.63303587948493,0.0002812070217789989,0.0017055231491942767,0.001986730170973276,0.34130341544955467,0.18678624176888625
58.65803887985998,0.0002809713604654771,0.0017047961696233043,0.0019857675300887813,0.3412934646111924,0.18682887587648997
58.683041880235024,0.00028073599526650083,0.0017040698095386404,0.0019848058048051414,0.34128352167591347,0.1868714918151677
58.708044880610075,0.00028050092568617695,0.0017033440681487907,0.0019838449938349677,0.3412735866342968,0.1869140896003986
58.73304788098512,0.00028026615122965016,0.00170261894466361,0.00198288509589326,0.3412636594769367,0.18695666924764195
58.75805088136016,0.0002800316714030998,0.0017018944382942967,0.0019819261096973963,0.34125374019444216,0.18699923077233743
58.78305388173521,0.000279797485713738,0.0017011705482533918,0.00198096803396713,0.3412438287774372,0.18704177418990492
58.80805688211026,0.0002795635936698066,0.0017004472737547757,0.001980010867424582,0.34123392521656065,0.18708429951574462
58.83305988248531,0.00027932999478057474,0.0016997246140136647,0.0019790546087942395,0.34122402950246633,0.18712680676523719
58.85806288286035,0.00027909668855633624,0.001699002568246609,0.0019780992568029453,0.3412141416258228,0.18716929595374354
58.8830658832354,0.00027886367450840694,0.0016982811356714895,0.0019771448101798964,0.34120426157731354,0.18721176709660514
58.90806888361045,0.00027863095214912244,0.0016975603155075147,0.0019761912676566373,0.34119438934763663,0.18725422020914384
58.93307188398549,0.00027839852099183524,0.001696840106975218,0.001975238627967053,0.3411845249275049,0.18729665530666204
58.95807488436054,0.00027816638055091217,0.0016961205092964554,0.0019742868898473677,0.34117466830764615,0.1873390724044426
58.983077884735586,0.0002779345303417323,0.0016954015216944023,0.0019733360520361345,0.3411648194788026,0.18738147151774903
59.00808088511064,0.00027770296988068385,0.0016946831433935503,0.001972386113274234,0.34115497843173126,0.18742385266182535
59.03308388548568,0.0002774716986851621,0.0016939653736197055,0.0019714370723048673,0.3411451451572036,0.18746621585189624
59.058086885860725,0.00027724071627356655,0.0016932482115999843,0.001970488927873551,0.341135319646006,0.18750856110316705
59.083089886235776,0.0002770100221652985,0.0016925316565628119,0.00196954167872811,0.34112550188893914,0.1875508884308238
59.10809288661082,0.00027677961588075894,0.0016918157077379194,0.0019685953236186784,0.34111569187681845,0.18759319785003323
59.13309588698587,0.0002765494969413453,0.0016911003643563394,0.0019676498612976848,0.34110588960047356,0.1876354893759429
59.158098887360914,0.0002763196648694497,0.0016903856256504058,0.0019667052905198556,0.34109609505074884,0.18767776302368108
59.183101887735965,0.00027609011918845603,0.0016896714908537492,0.001965761610042205,0.3410863082185031,0.1877200188083569
59.20810488811101,0.00027586085942273773,0.0016889579592012944,0.001964818818624032,0.34107652909460956,0.18776225674506034
59.23310788848605,0.00027563188509765503,0.0016882450299292588,0.001963876915026914,0.3410667576699558,0.18780447684886226
59.258110888861104,0.0002754031957395527,0.001687532702275148,0.0019629358980147006,0.3410569939354437,0.18784667913481445
59.28311388923615,0.0002751747908757578,0.001686820975477755,0.0019619957663535126,0.34104723788198965,0.18788886361794965
59.3081168896112,0.0002749466700345766,0.0016861098487771548,0.0019610565188117315,0.34103748950052426,0.1879310303132816
59.33311988998624,0.00027471883274529305,0.0016853993214147051,0.0019601181541599984,0.3410277487819924,0.18797317923580498
59.358122890361294,0.00027449127853816543,0.0016846893926330407,0.0019591806711712063,0.34101801571735324,0.18801531040049563
59.38312589073634,0.0002742640069444246,0.0016839800616760725,0.001958244068620497,0.3410082902975801,0.18805742382231036
59.40812889111138,0.00027403701749627123,0.001683271327788984,0.0019573083452852553,0.34099857251366084,0.1880995195161872
59.43313189148643,0.0002738103097268735,0.0016825631902182287,0.001956373499945102,0.3409888623565969,0.18814159749704523
59.45813489186148,0.0002735838831703649,0.001681855648211528,0.0019554395313818927,0.34097915981740434,0.18818365777978477
59.48313789223653,0.00027335773736184124,0.001681148701017868,0.0019545064383797092,0.3409694648871132,0.18822570037928732
59.50814089261157,0.0002731318718373591,0.001680442347887497,0.001953574219724856,0.3409597775567676,0.18826772531041558
59.533143892986615,0.00027290628613393274,0.0016797365880719228,0.0019526428742058556,0.34095009781742575,0.1883097325880136
59.558146893361666,0.000272680979789532,0.0016790314208239097,0.0019517124006134417,0.3409404256601597,0.18835172222690666
59.58314989373671,0.0002724559523430801,0.0016783268453974772,0.0019507827977405573,0.34093076107605585,0.18839369424190142
59.60815289411176,0.000272231203334451,0.0016776228610478955,0.0019498540643823465,0.34092110405621434,0.18843564864778586
59.633155894486805,0.0002720067323044672,0.0016769194670316844,0.0019489261993361517,0.3409114545917494,0.1884775854593294
59.658158894861856,0.0002717825387948973,0.0016762166626066095,0.0019479992014015068,0.34090181267378894,0.18851950469128287
59.6831618952369,0.00027155862234845384,0.0016755144470316811,0.001947073069380135,0.3408921782934751,0.18856140635837854
59.708164895611944,0.00027133498250879077,0.00167481281956715,0.0019461478020759407,0.34088255144196367,0.18860329047533017
59.733167895986995,0.0002711116188205012,0.001674111779474505,0.0019452233982950062,0.34087293211042435,0.1886451570568331
59.75817089636204,0.00027088853082911504,0.0016734113260164721,0.0019442998568455871,0.3408633202900407,0.18868700611756414
59.78317389673709,0.00027066571808109677,0.00167271145845701,0.0019433771765381069,0.34085371597200986,0.1887288376721817
59.80817689711213,0.00027044318012384324,0.0016720121760613088,0.0019424553561851522,0.3408441191475431,0.18877065173532584
59.833179897487184,0.00027022091650568097,0.0016713134780957858,0.001941534394601467,0.34083452980786505,0.18881244832161825
59.85818289786223,0.00026999892677586447,0.001670615363828085,0.0019406142906039493,0.34082494794421425,0.18885422744566224
59.88318589823727,0.00026977721048457315,0.0016699178325270728,0.0019396950430116459,0.34081537354784297,0.1888959891220429
59.90818889861232,0.0002695557671829098,0.0016692208834628364,0.0019387766506457462,0.34080580661001697,0.18893773336532702
59.93319189898737,0.000269334596422898,0.0016685245159066817,0.0019378591123295798,0.3407962471220157,0.18897946019006312
59.95819489936242,0.0002691136977574797,0.0016678287291311288,0.0019369424268886085,0.3407866950751323,0.1890211696107816
59.98319789973746,0.00026889307074051336,0.001667133522409912,0.0019360265931504255,0.3407771504606735,0.18906286164199462
60.008200900112506,0.00026867271492677123,0.0016664388950179754,0.0019351116099447466,0.34076761326995925,0.1891045362981962
60.03320390048756,0.00026845262987193746,0.0016657448462314706,0.001934197476103408,0.3407580834943234,0.1891461935938623
60.0582069008626,0.00026823281513260587,0.0016650513753277553,0.0019332841904603612,0.3407485611251132,0.18918783354345073
60.08320990123765,0.0002680132702662772,0.0016643584815853897,0.0019323717518516669,0.34073904615368933,0.18922945616140127
60.108212901612696,0.00026779399483135765,0.0016636661642841352,0.0019314601591154928,0.34072953857142585,0.18927106146213568
60.13321590198775,0.00026757498838715605,0.0016629744227049494,0.0019305494110921054,0.3407200383697103,0.18931264946005774
60.15821890236279,0.00026735625049388215,0.001662283256129987,0.0019296395066238693,0.34071054553994373,0.18935422016955325
60.183221902737834,0.0002671377807126438,0.0016615926638425948,0.0019287304445552386,0.3407010600735403,0.18939577360499008
60.208224903112885,0.0002669195786054452,0.0016609026451273098,0.001927822223732755,0.3406915819619277,0.1894373097807182
60.23322790348793,0.0002667016437351846,0.0016602131992698578,0.0019269148430050423,0.34068211119654696,0.18947882871106972
60.25823090386298,0.00026648397566565225,0.0016595243255571488,0.0019260083012228011,0.3406726477688522,0.18952033041035887
60.283233904238024,0.0002662665739615278,0.0016588360232772776,0.0019251025972388054,0.34066319167031095,0.1895618148928821
60.308236904613075,0.00026604943818837857,0.001658148291719518,0.0019241977299078966,0.340653742892404,0.18960328217291805
60.33323990498812,0.00026583256791265714,0.0016574611301743228,0.00192329369808698,0.3406443014266253,0.1896447322647276
60.35824290536316,0.00026561596270169936,0.0016567745379333202,0.0019223905006350195,0.3406348672644819,0.18968616518255396
60.383245905738214,0.0002653996221237217,0.0016560885142893117,0.0019214881364130335,0.34062544039749415,0.18972758094062256
60.40824890611326,0.0002651835457478201,0.0016554030585362698,0.00192058660428409,0.3406160208171955,0.1897689795531412
60.43325190648831,0.00026496773314396656,0.001654718169969335,0.0019196859031133016,0.3406066085151324,0.1898103610343001
60.45825490686335,0.0002647521838830081,0.0016540338478848145,0.0019187860317678225,0.34059720348286454,0.18985172539827178
60.483257907238404,0.0002645368975366639,0.0016533500915801784,0.0019178869891168424,0.34058780571196456,0.1898930726592112
60.50826090761345,0.0002643218736775237,0.0016526669003540584,0.001916988774031582,0.3405784151940181,0.18993440283125582
60.53326390798849,0.0002641071118790451,0.0016519842735062448,0.0019160913853852898,0.34056903192062404,0.18997571592852552
60.55826690836354,0.0002638926117155519,0.0016513022103376842,0.001915194822053236,0.34055965588339393,0.19001701196512275
60.583269908738586,0.00026367837276223204,0.001650620710150478,0.00191429908291271,0.3405502870739525,0.1900582909551324
60.60827290911364,0.0002634643945951349,0.0016499397722478774,0.0019134041668430123,0.3405409254839372,0.19009955291262204
60.63327590948868,0.0002632506767911701,0.0016492593959342853,0.0019125100727254555,0.34053157110499876,0.19014079785164173
60.658278909863725,0.00026303721892810463,0.0016485795805152496,0.0019116167994433543,0.3405222239288003,0.19018202578622423
60.683281910238776,0.000262824020584561,0.0016479003252974635,0.0019107243458820246,0.3405128839470182,0.1902232367303849
60.70828491061382,0.0002626110813400154,0.0016472216295887621,0.0019098327109287774,0.34050355115134145,0.19026443069812182
60.73328791098887,0.0002623984007747953,0.0016465434926981207,0.001908941893472916,0.340494225533472,0.19030560770341576
60.758290911363915,0.0002621859784700777,0.0016458659139356516,0.0019080518924057292,0.3404849070851243,0.19034676776023018
60.783293911738966,0.00026197381400788663,0.0016451888926126022,0.001907162706620489,0.340475595798026,0.1903879108825114
60.80829691211401,0.0002617619069710917,0.0016445124280413538,0.0019062743350124454,0.3404662916639171,0.19042903708418843
60.83329991248905,0.0002615502569434054,0.0016438365195354165,0.001905386776478822,0.34045699467455054,0.1904701463791732
60.858302912864104,0.00026133886350938147,0.0016431611664094294,0.0019045000299188109,0.34044770482169173,0.19051123878136045
60.88330591323915,0.00026112772625441283,0.0016424863679791579,0.0019036140942335707,0.34043842209711894,0.19055231430462774
60.9083089136142,0.0002609168447647293,0.00164181212356149,0.0019027289683262191,0.340429146492623,0.19059337296283563
60.93331191398924,0.000260706218627396,0.0016411384324744357,0.0019018446511018317,0.34041987800000745,0.19063441476982754
60.958314914364294,0.0002604958474303108,0.001640465294037123,0.0019009611414674337,0.3404106166110882,0.1906754397394299
60.98331791473934,0.0002602857307622028,0.0016397927075697976,0.0019000784383320004,0.3404013623176938,0.1907164478854521
61.00832091511438,0.0002600758682126299,0.0016391206723938188,0.0018991965406064486,0.3403921151116654,0.1907574392216866
61.03332391548943,0.00025986625937197706,0.0016384491878316577,0.0018983154472036348,0.34038287498485675,0.1907984137619088
61.05832691586448,0.00025965690383145443,0.0016377782532068965,0.001897435157038351,0.34037364192913394,0.19083937151987732
61.08332991623953,0.0002594478011830948,0.0016371078678442234,0.0018965556690273182,0.34036441593637556,0.19088031250933377
61.10833291661457,0.00025923895101975233,0.0016364380310694329,0.0018956769820891852,0.34035519699847266,0.1909212367440029
61.133335916989616,0.0002590303529351,0.0016357687422094216,0.0018947990951445216,0.3403459851073287,0.19096214423759267
61.15833891736467,0.0002588220065236277,0.0016351000005921873,0.001893922007115815,0.34033678025485953,0.19100303500379417
61.18334191773971,0.0002586139113806408,0.0016344318055468267,0.0018930457169274676,0.34032758243299344,0.19104390905628174
61.20834491811476,0.00025840606710225754,0.0016337641564035316,0.0018921702235057893,0.34031839163367095,0.19108476640871294
61.233347918489805,0.00025819847328540735,0.0016330970524935891,0.0018912955257789966,0.34030920784884505,0.1911256070747286
61.258350918864856,0.00025799112952782884,0.001632430493149377,0.001890421622677206,0.34030003107048085,0.1911664310679528
61.2833539192399,0.000257784035428068,0.0016317644777043637,0.0018895485131324315,0.34029086129055586,0.19120723840199305
61.308356919614944,0.00025757719058547594,0.0016310990054931034,0.0018886761960785793,0.3402816985010599,0.1912480290904401
61.333359919989995,0.0002573705946002072,0.0016304340758512366,0.0018878046704514438,0.3402725426939948,0.19128880314686816
61.35836292036504,0.000257164247073218,0.0016297696881154866,0.0018869339351887046,0.34026339386137483,0.19132956058483475
61.38336592074009,0.0002569581476062637,0.0016291058416236565,0.00188606398922992,0.34025425199522635,0.1913703014178809
61.408368921115134,0.00025675229580189764,0.0016284425357146293,0.0018851948315165268,0.34024511708758787,0.19141102565953105
61.433371921490185,0.0002565466912634684,0.0016277797697283626,0.001884326460991831,0.34023598913051,0.19145173332329318
61.45837492186523,0.00025634133359511875,0.00162711754300589,0.0018834588766010088,0.34022686811605557,0.1914924244226587
61.48337792224027,0.0002561362224017831,0.0016264558548893153,0.0018825920772910984,0.3402177540362995,0.1915330989711026
61.50838092261532,0.00025593135728918575,0.0016257947047218127,0.0018817260620109983,0.3402086468833286,0.19157375698208345
61.53338392299037,0.0002557267378638393,0.0016251340918476244,0.0018808608297114639,0.3401995466492419,0.19161439846904338
61.55838692336542,0.0002555223637330424,0.0016244740156120569,0.0018799963793450993,0.3401904533261504,0.19165502344540816
61.58338992374046,0.00025531823450487796,0.0016238144753614814,0.0018791327098663594,0.34018136690617706,0.1916956319245872
61.60839292411551,0.0002551143497882113,0.0016231554704433286,0.00187826982023154,0.34017228738145694,0.19173622391997355
61.63339592449056,0.0002549107091926884,0.0016224970002060896,0.001877407709398778,0.3401632147441369,0.191776799444944
61.6583989248656,0.0002547073123287338,0.0016218390639993112,0.0018765463763280449,0.3401541489863758,0.19181735851285905
61.68340192524065,0.0002545041588075489,0.0016211816611735948,0.0018756858199811437,0.3401450901003445,0.19185790113706294
61.708404925615696,0.00025430124824111003,0.0016205247910805953,0.0018748260393217052,0.3401360380782255,0.1918984273308837
61.73340792599075,0.00025409858024216656,0.001619868453073017,0.0018739670333151835,0.3401269929122135,0.19193893710763313
61.75841092636579,0.00025389615442423933,0.001619212646504613,0.0018731088009288524,0.3401179545945147,0.1919794304806069
61.783413926740835,0.0002536939704016183,0.001618557370730182,0.0018722513411318004,0.34010892311734736,0.1920199074630845
61.808416927115886,0.0002534920277893612,0.001617902625105567,0.0018713946528949282,0.34009989847294136,0.19206036806832935
61.83341992749093,0.00025329032620329147,0.0016172484089876532,0.0018705387351909447,0.3400908806535386,0.19210081230958873
61.85842292786598,0.0002530888652599963,0.0016165947217343648,0.0018696835869943611,0.3400818696513925,0.19214124020009388
61.883425928241024,0.00025288764457682527,0.0016159415627046646,0.00186882920728149,0.34007286545876825,0.19218165175305996
61.908428928616075,0.00025268666377188784,0.00161528893125855,0.0018679755950304377,0.34006386806794275,0.19222204698168618
61.93343192899112,0.00025248592246405235,0.0016146368267570528,0.0018671227492211052,0.3400548774712048,0.1922624258991557
61.95843492936616,0.00025228542027294355,0.0016139852485622358,0.0018662706688351792,0.3400458936608544,0.19230278851863575
61.983437929741214,0.00025208515681894095,0.0016133341960371907,0.0018654193528561316,0.34003691662920377,0.19234313485327761
62.00844093011626,0.00025188513172317743,0.0016126836685460375,0.0018645688002692149,0.3400279463685762,0.19238346491621666
62.03344393049131,0.0002516853446075368,0.0016120336654539204,0.001863719010061457,0.340018982871307,0.19242377872057237
62.05844693086635,0.00025148579509465263,0.0016113841861270075,0.00186286998122166,0.3400100261297428,0.19246407627944837
62.083449931241404,0.000251286482807906,0.0016107352299324868,0.0018620217127403927,0.34000107613624186,0.19250435760593246
62.10845293161645,0.000251087407371424,0.001610086796238567,0.001861174203609991,0.33999213288317404,0.1925446227130966
62.13345593199149,0.00025088856841007774,0.0016094388844144721,0.00186032745282455,0.3399831963629205,0.192584871613997
62.15845893236654,0.0002506899655494808,0.001608791493830442,0.0018594814593799228,0.33997426656787416,0.19262510432167415
62.18346193274159,0.00025049159841598754,0.0016081446238577295,0.0018586362222737171,0.3399653434904392,0.19266532084915267
62.20846493311664,0.0002502934666366908,0.0016074982738685972,0.001857791740505288,0.33995642712303137,0.1927055212094416
62.23346793349168,0.00025009556983942075,0.001606852443236318,0.0018569480130757388,0.3399475174580778,0.19274570541553424
62.258470933866725,0.00024989790765274307,0.0016062071313351703,0.0018561050389879134,0.3399386144880169,0.19278587348040827
62.283473934241776,0.0002497004797059567,0.001605562337540438,0.0018552628172463946,0.3399297182052987,0.1928260254170257
62.30847693461682,0.00024950328562909285,0.0016049180612284072,0.0018544213468575,0.3399208286023844,0.19286616123833294
62.33347993499187,0.0002493063250529124,0.0016042743017763653,0.0018535806268292778,0.33991194567174665,0.19290628095726087
62.358482935366915,0.00024910959760890514,0.0016036310585625982,0.0018527406561715033,0.3399030694058693,0.1929463845867247
62.383485935741966,0.0002489131029292872,0.001602988330966388,0.0018519014338956752,0.33989419979724755,0.19298647213962422
62.40848893611701,0.00024871684064699983,0.0016023461183680128,0.0018510629590150127,0.33988533683838795,0.19302654362884364
62.433491936492054,0.00024852081039570764,0.001601704420148742,0.0018502252305444497,0.3398764805218082,0.19306659906725174
62.458494936867105,0.00024832501180979645,0.0016010632356908362,0.0018493882475006326,0.3398676308400372,0.19310663846770182
62.48349793724215,0.0002481294445243722,0.0016004225643775456,0.0018485520089019177,0.3398587877856152,0.19314666184303173
62.5085009376172,0.000247934108175259,0.0015997824055931059,0.0018477165137683648,0.33984995135109347,0.19318666920606392
62.53350393799224,0.00024773900239899736,0.0015991427587227387,0.001846881761121736,0.3398411215290347,0.1932266605696055
62.558506938367294,0.00024754412683284234,0.0015985036231526476,0.00184604774998549,0.33983229831201245,0.19326663594644816
62.58350993874234,0.00024734948111476235,0.0015978649982700177,0.00184521447938478,0.3398234816926115,0.19330659534936825
62.60851293911738,0.0002471550648834371,0.0015972268834630126,0.0018443819483464497,0.33981467166342777,0.1933465387911269
62.63351593949243,0.0002469608777782559,0.001596589278120773,0.001843550155899029,0.3398058682170683,0.19338646628446987
62.65851893986748,0.0002467669194393163,0.001595952181633415,0.0018427191010727314,0.3397970713461511,0.19342637784212766
62.68352194024253,0.000246573189507422,0.001595315593392027,0.0018418887828994491,0.33978828104330533,0.19346627347681558
62.70852494061757,0.00024637968762408166,0.0015946795127886695,0.0018410592004127512,0.33977949730117096,0.19350615320123368
62.733527940992616,0.0002461864134315068,0.0015940439392163712,0.001840230352647878,0.3397707201123992,0.19354601702806687
62.75853094136767,0.00024599336657261044,0.0015934088720691286,0.0018394022386417391,0.33976194946965227,0.1935858649699849
62.78353394174271,0.00024580054669100525,0.0015927743107419037,0.001838574857432909,0.339753185365603,0.19362569703964227
62.80853694211776,0.00024560795343100207,0.0015921402546306214,0.0018377482080616234,0.33974442779293557,0.19366551324967854
62.833539942492806,0.0002454155864376083,0.0015915067031321687,0.001836922289569777,0.33973567674434474,0.193705313612718
62.85854294286786,0.000245223445356526,0.0015908736556443917,0.0018360971010009178,0.3397269322125365,0.19374509814137003
62.8835459432429,0.0002450315298341505,0.0015902411115660945,0.001835272641400245,0.3397181941902274,0.19378486684822885
62.908548943617944,0.0002448398395175687,0.0015896090702970367,0.0018344489098146054,0.33970946267014507,0.1938246197458737
62.933551943992995,0.0002446483740545574,0.0015889775312379322,0.0018336259052924896,0.3397007376450279,0.19386435684686887
62.95855494436804,0.00024445713309358184,0.0015883464937904465,0.0018328036268840282,0.3396920191076251,0.19390407816376357
62.98355794474309,0.0002442661162837939,0.0015877159573571952,0.0018319820736409892,0.3396833070506966,0.19394378370909218
63.008560945118134,0.00024407532327503053,0.0015870859213417427,0.0018311612446167732,0.33967460146701334,0.1939834734953741
63.033563945493185,0.00024388475371781224,0.0015864563851485988,0.001830341138866411,0.33966590234935673,0.1940231475351138
63.05856694586823,0.0002436944072633416,0.0015858273481832183,0.0018295217554465599,0.3396572096905191,0.1940628058408009
63.08356994624327,0.00024350428356350107,0.0015851988098519987,0.0018287030934154998,0.33964852348330343,0.19410244842491023
63.108572946618324,0.00024331438227085208,0.001584570769562278,0.00182788515183313,0.33963984372052347,0.19414207529990168
63.13357594699337,0.00024312470303863333,0.0015839432267223332,0.0018270679297609665,0.3396311703950035,0.1941816864782204
63.15857894736842,0.00024293524552075884,0.0015833161807413778,0.0018262514262621366,0.3396225034995787,0.19422128197229674
63.18358194774346,0.00024274600937181684,0.0015826896310295615,0.0018254356404013782,0.3396138430270946,0.1942608617945463
63.20858494811851,0.00024255699424706754,0.001582063576997966,0.0018246205712450336,0.33960518897040753,0.1943004259573699
63.23358794849356,0.0002423681998024422,0.0015814380180586053,0.0018238062178610474,0.3395965413223844,0.19433997447315374
63.2585909488686,0.0002421796256945414,0.001580812953624423,0.0018229925793189644,0.33958790007590267,0.19437950735426923
63.28359394924365,0.00024199127158063344,0.0015801883831092897,0.001822179654689923,0.33957926522385035,0.19441902461307317
63.308596949618696,0.00024180313711865255,0.0015795643059280033,0.0018213674430466557,0.339570636759126,0.19445852626190768
63.33359994999375,0.00024161522196719775,0.0015789407214962842,0.001820555943463482,0.33956201467463876,0.19449801231310032
63.35860295036879,0.0002414275257855311,0.0015783176292307765,0.0018197451550163077,0.3395533989633082,0.194537482778964
63.383605950743835,0.000241240048233576,0.001577695028549044,0.00181893507678262,0.33954478961806434,0.19457693767179704
63.408608951118886,0.00024105278897191567,0.0015770729188695693,0.001818125707841485,0.33953618663184776,0.1946163770038833
63.43361195149393,0.00024086574766179206,0.0015764512996117518,0.001817317047273544,0.3395275899976094,0.19465580078749198
63.45861495186898,0.00024067892396510392,0.001575830170195906,0.00181650909416101,0.3395189997083106,0.19469520903487791
63.483617952244025,0.00024049231754440527,0.0015752095300432597,0.0018157018475876648,0.3395104157569233,0.19473460175828133
63.508620952619076,0.00024030592806290402,0.001574589378575952,0.001814895306638856,0.33950183813642965,0.1947739789699281
63.53362395299412,0.0002401197551844604,0.001573969715217032,0.0018140894704014923,0.3394932668398221,0.19481334068202957
63.55862695336916,0.00023993379857358541,0.0015733505393904562,0.0018132843379640416,0.3394847018601037,0.19485268690678273
63.583629953744214,0.00023974805789543912,0.001572731850521087,0.0018124799084165261,0.3394761431902875,0.19489201765637018
63.60863295411926,0.0002395625328158297,0.001572113648034692,0.0018116761808505218,0.33946759082339717,0.1949313329429601
63.63363595449431,0.0002393772230012115,0.0015714959313579404,0.001810873154359152,0.33945904475246647,0.19497063277870638
63.65863895486935,0.0002391921281186836,0.0015708786999184027,0.0018100708280370864,0.3394505049705395,0.19500991717574856
63.683641955244404,0.0002390072478359884,0.001570261953144548,0.0018092692009805363,0.3394419714706707,0.19504918614621186
63.70864495561945,0.00023882258182151016,0.001569645690465743,0.001808468272287253,0.3394334442459245,0.19508843970220727
63.73364795599449,0.00023863812974427313,0.0015690299113122494,0.0018076680410565225,0.33942492328937574,0.19512767785583146
63.75865095636954,0.0002384538912739406,0.0015684146151152226,0.0018068685063891631,0.3394164085941094,0.19516690061916694
63.78365395674459,0.0002382698660808133,0.0015677998013067108,0.0018060696673875241,0.3394079001532207,0.19520610800428195
63.80865695711964,0.00023808605383582752,0.001567185469319651,0.0018052715231554786,0.3393993979598149,0.19524530002323057
63.83365995749468,0.0002379024542105544,0.00156657161858787,0.0018044740727984245,0.33939090200700744,0.19528447668805268
63.858662957869726,0.00023771906687719763,0.0015659582485460807,0.0018036773154232783,0.339382412287924,0.19532363801077407
63.88366595824478,0.00023753589150859238,0.0015653453586298805,0.0018028812501384728,0.3393739287957001,0.19536278400340637
63.90866895861982,0.00023735292777820398,0.001564732948275751,0.001802085876053955,0.3393654515234817,0.1954019146779471
63.93367195899487,0.00023717017536012617,0.0015641210169210543,0.0018012911922811806,0.3393569804644244,0.19544103004637975
63.958674959369915,0.00023698763392907986,0.0015635095640040336,0.0018004971979331136,0.33934851561169427,0.1954801301206737
63.983677959744966,0.00023680530316041163,0.0015628985889638088,0.0017997038921242204,0.33934005695846714,0.19551921491278432
64.00868096012002,0.0002366231827300922,0.001562288091240377,0.0017989112739704692,0.3393316044979289,0.19555828443465295
64.03368396049507,0.0002364412723147152,0.0015616780702746096,0.001798119342589325,0.3393231582232754,0.19559733869820695
64.0586869608701,0.0002362595715914954,0.0015610685255082516,0.001797328097099747,0.3393147181277126,0.1956363777153597
64.08368996124516,0.00023607808023826753,0.001560459456383918,0.0017965375366221854,0.33930628420445624,0.1956754014980107
64.1086929616202,0.0002358967979334848,0.0015598508623450944,0.0017957476602785793,0.3392978564467322,0.1957144100580454
64.13369596199526,0.00023571572435621743,0.0015592427428361337,0.0017949584671923511,0.3392894348477761,0.1957534034073355
64.1586989623703,0.0002355348591861515,0.0015586350973022557,0.0017941699564884071,0.33928101940083344,0.19579238155773865
64.18370196274535,0.0002353542021035869,0.0015580279251895435,0.0017933821272931303,0.3392726100991598,0.1958313445210988
64.2087049631204,0.0002351737527894366,0.0015574212259449438,0.0017925949787343804,0.33926420693602044,0.19587029230924594
64.23370796349543,0.0002349935109252249,0.0015568149990162644,0.0017918085099414892,0.33925580990469056,0.19590922493399626
64.25871096387048,0.00023481347619308602,0.001556209243852172,0.001791022720045258,0.3392474189984551,0.19594814240715225
64.28371396424554,0.00023463364827576276,0.0015556039599021914,0.0017902376081779543,0.3392390342106089,0.19598704474050252
64.30871696462059,0.00023445402685660514,0.0015549991466167039,0.001789453173473309,0.3392306555344566,0.196025931945822
64.33371996499562,0.0002342746116195692,0.0015543948034469448,0.001788669415066514,0.33922228296331247,0.19606480403487178
64.35872296537067,0.00023409540224921484,0.0015537909298450015,0.0017878863320942163,0.3392139164905007,0.19610366101939938
64.38372596574573,0.00023391639843070542,0.001553187525263814,0.0017871039236945193,0.33920555610935516,0.19614250291113858
64.40872896612076,0.0002337375998498059,0.0015525845891571706,0.0017863221890069764,0.3391972018132194,0.1961813297218094
64.43373196649581,0.0002335590061928811,0.0015519821209797075,0.0017855411271725887,0.33918885359544676,0.19622014146311836
64.45873496687086,0.0002333806171468952,0.0015513801201869077,0.001784760737333803,0.3391805114494001,0.19625893814675827
64.48373796724592,0.00023320243239940966,0.0015507785862350985,0.0017839810186345082,0.3391721753684522,0.19629771978440833
64.50874096762095,0.00023302445163858213,0.0015501775185814497,0.0017832019702200318,0.3391638453459852,0.19633648638773418
64.533743967996,0.00023284667455316483,0.0015495769166839726,0.0017824235912371374,0.3391555213753911,0.19637523796838793
64.55874696837105,0.0002326691008325037,0.001548976780001518,0.0017816458808340217,0.3391472034500715,0.1964139745380081
64.58374996874609,0.0002324917301665366,0.0015483771079937755,0.0017808688381603121,0.3391388915634374,0.1964526961082197
64.60875296912114,0.0002323145622457919,0.0015477779001212696,0.0017800924623670616,0.3391305857089096,0.19649140269063425
64.63375596949619,0.00023213759676138758,0.0015471791558453606,0.0017793167526067482,0.3391222858799182,0.1965300942968498
64.65875896987123,0.00023196083340502972,0.0015465808746282423,0.001778541708033272,0.3391139920699033,0.1965687709384509
64.68376197024628,0.0002317842718690106,0.001545983055932939,0.0017777673278019496,0.33910570427231407,0.19660743262700875
64.70876497062133,0.0002316079118462082,0.0015453856992233052,0.0017769936110695133,0.3390974224806093,0.19664607937408105
64.73376797099638,0.0002314317530300844,0.001544788803964024,0.0017762205569941086,0.33908914668825746,0.19668471119121214
64.75877097137142,0.00023125579511468385,0.0015441923696206063,0.00177544816473529,0.33908087688873634,0.19672332808993295
64.78377397174647,0.00023108003779463213,0.0015435963956593854,0.0017746764334540175,0.33907261307553316,0.19676193008176113
64.80877697212152,0.00023090448076513523,0.0015430008815475206,0.0017739053623126559,0.33906435524214473,0.19680051717820093
64.83377997249656,0.00023072912372197772,0.0015424058267529924,0.0017731349504749702,0.33905610338207715,0.19683908939074332
64.85878297287161,0.0002305539663615214,0.001541811230744601,0.0017723651971061224,0.33904785748884597,0.196877646730866
64.88378597324666,0.00023037900838070413,0.0015412170929919667,0.0017715961013726707,0.3390396175559761,0.19691618921003334
64.90878897362171,0.00023020424947703868,0.0015406234129655256,0.0017708276624425643,0.33903138357700197,0.19695471683969648
64.93379197399675,0.00023002968934861124,0.001540030190136531,0.0017700598794851423,0.33902315554546714,0.19699322963129334
64.9587949743718,0.00022985532769407977,0.0015394374239770484,0.0017692927516711281,0.33901493345492456,0.19703172759624865
64.98379797474685,0.00022968116421267346,0.0015388451139599572,0.0017685262781726306,0.3390067172989367,0.19707021074597392
65.00880097512189,0.00022950719860419095,0.001538253259558948,0.0017677604581631389,0.33899850707107515,0.19710867909186747
65.03380397549694,0.00022933343056899885,0.0015376618602485192,0.001766995290817518,0.3389903027649208,0.19714713264531455
65.05880697587199,0.00022915985980803105,0.0015370709155039782,0.0017662307753120092,0.33898210437406384,0.19718557141768722
65.08380997624704,0.00022898648602278686,0.0015364804248014386,0.0017654669108242255,0.33897391189210385,0.1972239954203444
65.10881297662208,0.00022881330891533016,0.001535890387617819,0.0017647036965331491,0.33896572531264935,0.197262404664632
65.13381597699713,0.00022864032818828767,0.0015353008034308397,0.0017639411316191275,0.3389575446293183,0.1973007991618828
65.15881897737218,0.0002284675435448481,0.0015347116717190246,0.0017631792152638726,0.33894936983573787,0.1973391789234166
65.18382197774721,0.00022829495468876086,0.0015341229919616968,0.0017624179466504577,0.33894120092554436,0.19737754396054005
65.20882497812227,0.00022812256132433414,0.0015335347636389772,0.0017616573249633113,0.33893303789238316,0.19741589428454695
65.23382797849732,0.00022795036315643454,0.001532946986231785,0.0017608973493882195,0.33892488072990895,0.19745422990671802
65.25883097887237,0.00022777835989048543,0.0015323596592218345,0.0017601380191123199,0.3389167294317855,0.19749255083832098
65.2838339792474,0.00022760655123246553,0.0015317727820916341,0.0017593793333240996,0.3389085839916857,0.19753085709061063
65.30883697962246,0.00022743493688890765,0.0015311863543244842,0.0017586212912133919,0.33890044440329165,0.19756914867482891
65.3338399799975,0.00022726351656689777,0.0015306003754044762,0.001757863891971374,0.33889231066029424,0.1976074256022048
65.35884298037254,0.00022709228997407367,0.0015300148448164918,0.0017571071347905656,0.3388841827563937,0.1976456878839543
65.3838459807476,0.00022692125681862322,0.0015294297620461997,0.0017563510188648229,0.33887606068529935,0.19768393553128072
65.40884898112265,0.00022675041680928396,0.001528845126580055,0.001755595543389339,0.3388679444407293,0.1977221685553744
65.4338519814977,0.00022657976965534122,0.0015282609379052988,0.00175484070756064,0.33885983401641095,0.19776038696741283
65.45885498187273,0.0002264093150666272,0.0015276771955099547,0.0017540865105765819,0.33885172940608055,0.19779859077856077
65.48385798224778,0.00022623905275351934,0.001527093898882828,0.0017533329516363472,0.3388436306034834,0.19783677999997018
65.50886098262283,0.00022606898242693972,0.001526511047513505,0.0017525800299404448,0.3388355376023736,0.19787495464278018
65.53386398299787,0.00022589910379835335,0.0015259286408923513,0.0017518277446907046,0.3388274503965146,0.19791311471811718
65.55886698337292,0.0002257294165797669,0.001525346678510509,0.0017510760950902758,0.3388193689796784,0.1979512602370949
65.58386998374797,0.00022555992048372794,0.0015247651598598968,0.0017503250803436246,0.3388112933456462,0.19798939121081424
65.60887298412302,0.00022539061522332333,0.0015241840844332076,0.001749574699656531,0.33880322348820785,0.19802750765036353
65.63387598449806,0.00022522150051217823,0.001523603451723908,0.0017488249522360862,0.3387951594011624,0.19806560956681832
65.65887898487311,0.00022505257606445444,0.0015230232612262352,0.0017480758372906897,0.3387871010783175,0.19810369697124158
65.68388198524816,0.00022488384159484998,0.0015224435124351968,0.0017473273540300467,0.3387790485134899,0.19814176987468363
65.7088849856232,0.00022471529681859719,0.0015218642048465698,0.001746579501665167,0.33877100170050495,0.1981798282881821
65.73388798599825,0.00022454694145146166,0.0015212853379568969,0.0017458322794083585,0.3387629606331971,0.1982178722227621
65.7588909863733,0.00022437877520974146,0.001520706911263488,0.0017450856864732293,0.3387549253054094,0.1982559016894362
65.78389398674834,0.0002242107978102655,0.0015201289242644162,0.0017443397220746816,0.3387468957109938,0.19829391669920426
65.80889698712339,0.00022404300897039221,0.0015195513764585178,0.0017435943854289101,0.3387388718438111,0.19833191726305377
65.83389998749844,0.000223875408408009,0.0015189742673453906,0.0017428496757533995,0.33873085369773065,0.1983699033919596
65.85890298787349,0.00022370799584153049,0.0015183975964253916,0.001742105592266922,0.3387228412666307,0.1984078750968841
65.88390598824853,0.00022354077098989768,0.0015178213631996378,0.0017413621341895356,0.3387148345443984,0.1984458323887772
65.90890898862358,0.00022337373357257624,0.001517245567170001,0.0017406193007425772,0.33870683352492925,0.19848377527857636
65.93391198899863,0.00022320688330955616,0.0015166702078391102,0.0017398770911486664,0.33869883820212776,0.19852170377720657
65.95891498937367,0.00022304021992134994,0.0015160952847103487,0.0017391355046316986,0.338690848569907,0.19855961789558038
65.98391798974872,0.0002228737431289914,0.001515520797287851,0.0017383945404168424,0.3386828646221888,0.198597517644598
66.00892099012377,0.000222707452654035,0.0015149467450765045,0.0017376541977305396,0.3386748863529035,0.19863540303514715
66.03392399049882,0.00022254134821855423,0.0015143731275819455,0.0017369144758004997,0.3386669137559902,0.19867327407810326
66.05892699087386,0.00022237542954514088,0.0015137999443105594,0.0017361753738557003,0.33865894682539666,0.19871113078432937
66.08392999124891,0.00022220969635690312,0.001513227194769478,0.001735436891126381,0.3386509855550791,0.1987489731646762
66.10893299162396,0.0002220441483774652,0.001512654878466579,0.0017346990268440443,0.3386430299390026,0.1987868012299822
66.133935991999,0.00022187878533096598,0.001512082994910485,0.001733961780241451,0.33863507997114056,0.19882461499107343
66.15893899237405,0.00022171360694205741,0.0015115115436105599,0.0017332251505526174,0.33862713564547503,0.19886241445876374
66.1839419927491,0.000221548612935904,0.0015109405240769105,0.0017324891370128145,0.3386191969559967,0.19890019964385472
66.20894499312415,0.00022138380303818127,0.0015103699358203825,0.0017317537388585637,0.3386112638967046,0.1989379705571357
66.23394799349919,0.0002212191769750748,0.0015097997783525615,0.0017310189553276362,0.33860333646160656,0.19897572720938375
66.25895099387424,0.00022105473447327884,0.0015092300511857688,0.0017302847856590477,0.33859541464471876,0.19901346961136387
66.28395399424929,0.00022089047525999556,0.0015086607538330624,0.0017295512290930579,0.3385874984400658,0.19905119777382874
66.30895699462432,0.00022072639906293366,0.0015080918858082352,0.0017288182848711688,0.3385795878416809,0.1990889117075189
66.33395999499938,0.00022056250561030711,0.0015075234466258116,0.0017280859522361188,0.33857168284360567,0.19912661142316285
66.35896299537443,0.00022039879463083445,0.001506955435801049,0.0017273542304318836,0.33856378343989013,0.1991642969314768
66.38396599574948,0.00022023526585373724,0.001506387852849935,0.0017266231187036724,0.3385558896245929,0.19920196824316494
66.40896899612451,0.00022007191900873946,0.0015058206972891862,0.0017258926162979256,0.3385480013917807,0.19923962536891934
66.43397199649957,0.0002199087538260655,0.0015052539686362454,0.001725162722462311,0.3385401187355291,0.19927726831942005
66.45897499687462,0.0002197457700364401,0.001504687666409283,0.0017244334364457231,0.3385322416499216,0.199314897105335
66.48397799724965,0.00021958296737108665,0.0015041217901271945,0.0017237047574982813,0.33852437012905034,0.1993525117373201
66.5089809976247,0.00021942034556172578,0.0015035563393095972,0.001722976684871323,0.3385165041670158,0.19939011222601927
66.53398399799975,0.00021925790434057524,0.0015029913134768317,0.0017222492178174068,0.3385086437579267,0.19942769858206438
66.5589869983748,0.0002190956434403478,0.0015024267121499595,0.0017215223555903073,0.33850078889590024,0.19946527081607535
66.58398999874984,0.0002189335625942508,0.001501862534850761,0.0017207960974450118,0.33849293957506177,0.1995028289386601
66.6089929991249,0.00021877166153598453,0.0015012987811017344,0.001720070442637719,0.33848509578954505,0.19954037296041463
66.63399599949994,0.00021860993999974168,0.0015007354504260949,0.0017193453904258366,0.338477257533492,0.19957790289192304
66.65899899987498,0.000218448397720206,0.0015001725423477738,0.0017186209400679798,0.33846942480105296,0.19961541874375743
66.68400200025003,0.0002182870344325509,0.0014996100563914147,0.0017178970908239657,0.3384615975863865,0.1996529205264781
66.70900500062508,0.00021812584987243895,0.0014990479920823751,0.001717173841954814,0.33845377588365927,0.19969040825063342
66.73400800100012,0.00021796484377602048,0.0014984863489467242,0.0017164511927227448,0.33844595968704644,0.1997278819267599
66.75901100137517,0.00021780401587993231,0.0014979251265112398,0.0017157291423911722,0.33843814899073105,0.19976534156538223
66.78401400175022,0.00021764336592129717,0.0014973643243034094,0.0017150076902247065,0.3384303437889045,0.19980278717701327
66.80901700212527,0.00021748289363772224,0.0014968039418514277,0.0017142868354891498,0.33842254407576655,0.1998402187721541
66.83402000250031,0.0002173225987672982,0.0014962439786841953,0.0017135665774514934,0.3384147498455248,0.19987763636129394
66.85902300287536,0.00021716248104859803,0.0014956844343313172,0.0017128469153799152,0.33840696109239515,0.1999150399549103
66.88402600325041,0.0002170025402206762,0.0014951253083231022,0.0017121278485437783,0.33839917781060175,0.19995242956346895
66.90902900362545,0.00021684277602306763,0.0014945666001905614,0.0017114093762136292,0.3383913999943767,0.19998980519742385
66.9340320040005,0.00021668318819578598,0.0014940083094654058,0.0017106914976611918,0.33838362763796026,0.20002716686721733
66.95903500437555,0.00021652377647932356,0.0014934504356800466,0.00170997421215937,0.3383758607356009,0.20006451458327998
66.9840380047506,0.00021636454061464957,0.0014928929783675929,0.0017092575189822424,0.338368099281555,0.2001018483560307
67.00904100512564,0.00021620548034320946,0.0014923359370618509,0.0017085414174050602,0.33836034327008707,0.20013916819587674
67.03404400550069,0.0002160465954069233,0.0014917793112973214,0.0017078259067042447,0.33835259269546974,0.2001764741132137
67.05904700587574,0.00021588788554818564,0.0014912231006092007,0.0017071109861573864,0.33834484755198363,0.20021376611842553
67.08405000625078,0.00021572935050986363,0.0014906673045333777,0.0017063966550432412,0.3383371078339174,0.20025104422188458
67.10905300662583,0.00021557099003529626,0.001490111922606432,0.0017056829126417283,0.3383293735355677,0.20028830843395165
67.13405600700088,0.00021541280386829363,0.0014895569543656344,0.001704969758233928,0.3383216446512391,0.20032555876497588
67.15905900737593,0.00021525479175313545,0.0014890023993489453,0.0017042571911020808,0.3383139211752443,0.2003627952252949
67.18406200775097,0.00021509695343457035,0.0014884482570950122,0.0017035452105295826,0.3383062031019039,0.20040001782523476
67.20906500812602,0.00021493928865781449,0.0014878945271431688,0.0017028338158009831,0.3382984904255465,0.20043722657511004
67.23406800850107,0.00021478179716855086,0.0014873412090334348,0.0017021230062019856,0.3382907831405086,0.2004744214852238
67.2590710088761,0.00021462447871292836,0.0014867883023065138,0.001701412781019442,0.33828308124113454,0.2005116025658675
67.28407400925116,0.00021446733303756013,0.001486235806503791,0.0017007031395413512,0.33827538472177676,0.2005487698273213
67.30907700962621,0.00021431035988952316,0.0014856837211673346,0.0016999940810568579,0.3382676935767955,0.2005859232798538
67.33408001000126,0.00021415355901635726,0.0014851320458398921,0.0016992856048562493,0.33826000780055876,0.20062306293372215
67.3590830103763,0.00021399693016606365,0.0014845807800648906,0.0016985777102309543,0.33825232738744276,0.20066018879917208
67.38408601075135,0.00021384047308710405,0.0014840299233864333,0.0016978703964735374,0.33824465233183115,0.20069730088643797
67.4090890111264,0.00021368418752840002,0.0014834794753493016,0.0016971636628777015,0.3382369826281158,0.20073439920574276
67.43409201150143,0.0002135280732393316,0.0014829294354989512,0.0016964575087382828,0.33822931827069613,0.20077148376729798
67.45909501187649,0.0002133721299697363,0.0014823798033815113,0.0016957519333512475,0.3382216592539795,0.20080855458130392
67.48409801225154,0.0002132163574699084,0.0014818305785437847,0.0016950469360136932,0.33821400557238124,0.20084561165794942
67.50910101262659,0.00021306075549059765,0.0014812817605332445,0.0016943425160238423,0.33820635722032405,0.20088265500741206
67.53410401300162,0.00021290532378300846,0.0014807333488980356,0.001693638672681044,0.33819871419223885,0.20091968463985804
67.55910701337667,0.00021275006209879862,0.0014801853431869697,0.0016929354052857683,0.33819107648256397,0.2009567005654424
67.58411001375173,0.0002125949701900787,0.0014796377429495274,0.001692232713139606,0.33818344408574574,0.20099370279430878
67.60911301412676,0.00021244004780941102,0.0014790905477358562,0.0016915305955452673,0.3381758169962381,0.2010306913365896
67.63411601450181,0.00021228529470980812,0.0014785437570967674,0.0016908290518065756,0.3381681952085028,0.2010676662024061
67.65911901487686,0.0002121307106447324,0.0014779973705837375,0.0016901280812284699,0.3381605787170091,0.2011046274018682
67.68412201525192,0.000211976295368095,0.001477451387748905,0.001689427683117,0.33815296751623425,0.20114157494507473
67.70912501562695,0.0002118220486342547,0.001476905808145071,0.0016887278567793258,0.338145361600663,0.2011785088421132
67.734128016002,0.00021166797019801675,0.001476360631325695,0.0016880286015237118,0.3381377609647877,0.20121542910306003
67.75913101637705,0.0002115140598146323,0.0014758158568448972,0.0016873299166595295,0.3381301656031086,0.20125233573798051
67.78413401675209,0.00021136031723979743,0.0014752714842574558,0.0016866318014972532,0.3381225755101333,0.2012892287569287
67.80913701712714,0.00021120674222965152,0.0014747275131188043,0.0016859342553484557,0.3381149906803773,0.2013261081699476
67.8341400175022,0.0002110533345407772,0.0014741839429850325,0.0016852372775258096,0.33810741110836356,0.20136297398706907
67.85914301787723,0.00021090009393019885,0.0014736407734128848,0.0016845408673430836,0.33809983678862265,0.2013998262183139
67.88414601825228,0.00021074702015538152,0.0014730980039597576,0.0016838450241151391,0.33809226771569273,0.2014366648736918
67.90914901862733,0.00021059411297423046,0.0014725556341837,0.0016831497471579305,0.3380847038841196,0.20147348996320144
67.93415201900238,0.00021044137214508971,0.0014720136636434116,0.0016824550357885013,0.3380771452884565,0.2015103014968304
67.95915501937742,0.00021028879742674152,0.0014714720918982413,0.0016817608893249828,0.3380695919232644,0.20154709948455526
67.98415801975247,0.00021013638857840498,0.001470930918508186,0.001681067307086591,0.3380620437831117,0.20158388393634163
68.00916102012752,0.00020998414535973532,0.0014703901430338899,0.0016803742883936253,0.3380545008625743,0.2016206548621441
68.03416402050256,0.00020983206753082316,0.0014698497650366437,0.001679681832567467,0.33804696315623567,0.20165741227190617
68.05916702087761,0.00020968015485219306,0.0014693097840783812,0.0016789899389305742,0.3380394306586867,0.2016941561755606
68.08417002125266,0.000209528407084803,0.0014687701997216811,0.0016782986068064841,0.3380319033645258,0.20173088658302904
68.10917302162771,0.0002093768239900433,0.0014682310115297639,0.0016776078355198072,0.338024381268359,0.20176760350422226
68.13417602200275,0.00020922540532973573,0.0014676922190664916,0.0016769176243962272,0.33801686436479944,0.2018043069490401
68.1591790223778,0.00020907415086613232,0.0014671538218963653,0.0016762279727624977,0.33800935264846815,0.20184099692737156
68.18418202275285,0.00020892306036191476,0.0014666158195845258,0.0016755388799464407,0.3380018461139932,0.20187767344909469
68.20918502312789,0.00020877213358019348,0.0014660782116967513,0.0016748503452769447,0.3379943447560103,0.20191433652407667
68.23418802350294,0.00020862137028450627,0.0014655409977994557,0.001674162368083962,0.3379868485691625,0.20195098616217394
68.25919102387799,0.00020847077023881792,0.0014650041774596889,0.0016734749476985068,0.33797935754810027,0.201987622373232
68.28419402425304,0.0002083203332075189,0.0014644677502451352,0.0016727880834526542,0.33797187168748144,0.20202424516708556
68.30919702462808,0.00020817005895542478,0.0014639317157241116,0.0016721017746795363,0.33796439098197123,0.2020608545535585
68.33420002500313,0.00020801994724777475,0.001463396073465566,0.0016714160207133408,0.3379569154262422,0.202097450542464
68.35920302537818,0.00020786999785023138,0.0014628608230390782,0.0016707308208893095,0.33794944501497415,0.2021340331436044
68.38420602575322,0.00020772021052887935,0.0014623259640148569,0.0016700461745437361,0.33794197974285445,0.20217060236677128
68.40920902612827,0.00020757058505022432,0.001461791495963739,0.0016693620810139635,0.33793451960457765,0.20220715822174556
68.43421202650332,0.00020742112118119264,0.0014612574184571891,0.0016686785396383818,0.3379270645948456,0.20224370071829734
68.45921502687837,0.0002072718186891298,0.0014607237310672973,0.0016679955497564273,0.3379196147083674,0.20228022986618607
68.4842180272534,0.00020712267734180004,0.0014601904333667794,0.0016673131107085794,0.33791216993985945,0.20231674567516048
68.50922102762846,0.00020697369690738493,0.0014596575249289738,0.0016666312218363588,0.33790473028404555,0.20235324815495864
68.5342240280035,0.00020682487715448287,0.0014591250053278423,0.0016659498824823252,0.33789729573565663,0.202389737315308
68.55922702837854,0.00020667621785210833,0.0014585928741379685,0.0016652690919900768,0.33788986628943085,0.20242621316592527
68.5842300287536,0.0002065277187696902,0.0014580611309345554,0.0016645888497042456,0.33788244194011374,0.20246267571651663
68.60923302912865,0.00020637937967707176,0.0014575297752934258,0.0016639091549704975,0.33787502268245784,0.20249912497677758
68.6342360295037,0.00020623120034450926,0.0014569988067910206,0.00166323000713553,0.33786760851122305,0.20253556095639305
68.65923902987873,0.00020608318054267141,0.001456468225004398,0.0016625514055470694,0.3378601994211764,0.20257198366503737
68.68424203025378,0.00020593532004263787,0.0014559380295112309,0.0016618733495538688,0.3378527954070922,0.20260839311237436
68.70924503062884,0.0002057876186158991,0.001455408219889808,0.001661195838505707,0.33784539646375167,0.20264478930805718
68.73424803100387,0.00020564007603435518,0.001454878795719032,0.0016605188717533873,0.3378380025859436,0.20268117226172855
68.75925103137892,0.00020549269207031443,0.0014543497565784164,0.001659842448648731,0.3378306137684635,0.20271754198302064
68.78425403175397,0.00020534546649649357,0.0014538211020480873,0.0016591665685445809,0.3378232300061143,0.20275389848155512
68.80925703212901,0.000205198399086016,0.0014532928317087816,0.0016584912307947976,0.3378158512937059,0.2027902417669431
68.83426003250406,0.00020505148961241107,0.0014527649451418435,0.0016578164347542546,0.33780847762605537,0.20282657184878536
68.85926303287911,0.00020490473784961358,0.001452237441929227,0.0016571421797788406,0.33780110899798693,0.2028628887366721
68.88426603325416,0.00020475814357196254,0.0014517103216534926,0.001656468465225455,0.3377937454043317,0.2028991924401831
68.9092690336292,0.0002046117065542005,0.0014511835838978064,0.001655795290452007,0.33778638683992807,0.2029354829688877
68.93427203400425,0.0002044654265714724,0.001450657228245939,0.0016551226548174114,0.3377790332996214,0.20297176033234487
68.9592750343793,0.00020431930339932517,0.0014501312542822653,0.0016544505576815904,0.33777168477826414,0.20300802454010317
68.98427803475434,0.00020417333681370658,0.0014496056615917626,0.0016537789984054693,0.3377643412707156,0.2030442756017007
69.00928103512939,0.00020402752659096416,0.0014490804497600091,0.0016531079763509732,0.3377570027718424,0.20308051352666537
69.03428403550444,0.0002038818725078449,0.001448555618373184,0.001652437490881029,0.33774966927651795,0.20311673832451452
69.05928703587949,0.00020373637434149402,0.0014480311670180656,0.0016517675413595596,0.3377423407796227,0.20315295000475528
69.08429003625453,0.0002035910318694542,0.0014475070952820312,0.0016510981271514855,0.3377350172760442,0.2031891485768844
69.10929303662958,0.00020344584486966448,0.0014469834027530533,0.0016504292476227178,0.3377276987606769,0.20322533405038837
69.13429603700463,0.00020330081312046,0.001446460089019702,0.0016497609021401622,0.33772038522842207,0.20326150643474336
69.15929903737967,0.00020315593640057075,0.0014459371536711427,0.0016490930900717135,0.3377130766741882,0.20329766573941524
69.18430203775472,0.00020301121448912051,0.001445414596297133,0.0016484258107862537,0.33770577309289057,0.20333381197385966
69.20930503812977,0.00020286664716562657,0.001444892416488025,0.0016477590636536515,0.33769847447945134,0.203369945147522
69.23430803850482,0.0002027222342099985,0.0014443706138347614,0.0016470928480447598,0.33769118082879973,0.20340606526983737
69.25931103887986,0.00020257797540253748,0.0014438491879288765,0.001646427163331414,0.33768389213587174,0.2034421723502307
69.28431403925491,0.00020243387052393518,0.0014433281383624936,0.0016457620088864288,0.3376766083956103,0.20347826639811675
69.30931703962996,0.00020228991935527344,0.0014428074647283243,0.0016450973840835977,0.33766932960296525,0.2035143474229
69.334320040005,0.00020214612167802304,0.0014422871666196692,0.0016444332882976922,0.33766205575289326,0.2035504154339748
69.35932304038005,0.00020200247727404283,0.0014417672436304132,0.0016437697209044561,0.3376547868403579,0.2035864704407254
69.3843260407551,0.0002018589859255792,0.0014412476953550282,0.0016431066812806075,0.3376475228603295,0.20362251245252574
69.40932904113015,0.0002017156474152651,0.0014407285213885697,0.001642444168803835,0.3376402638077854,0.2036585414787398
69.43433204150519,0.00020157246152611928,0.0014402097213266772,0.0016417821828527965,0.3376330096777095,0.20369455752872134
69.45933504188024,0.00020142942804154512,0.001439691294765571,0.001641120722807116,0.3376257604650927,0.20373056061181408
69.48433804225529,0.00020128654674533036,0.001439173241302054,0.0016404597880473844,0.3376185161649327,0.2037665507373516
69.50934104263033,0.0002011438174216461,0.0014386555605335088,0.001639799377955155,0.3376112767722339,0.2038025279146574
69.53434404300538,0.0002010012398550456,0.0014381382520578965,0.0016391394919129422,0.3376040422820076,0.20383849215304498
69.55934704338043,0.00020085881383046398,0.001437621315473757,0.0016384801293042209,0.3375968126892716,0.20387444346181774
69.58435004375548,0.0002007165391332172,0.001437104750380207,0.0016378212895134241,0.3375895879890508,0.2039103818502691
69.60935304413051,0.0002005744155490013,0.0014365885563769392,0.0016371629719259405,0.33758236817637666,0.2039463073276824
69.63435604450557,0.00020043244286389124,0.001436072733064221,0.0016365051759281123,0.33757515324628734,0.20398221990333104
69.65935904488062,0.00020029062086434076,0.0014355572800428937,0.0016358479009072344,0.33756794319382777,0.2040181195864784
69.68436204525565,0.0002001489493371812,0.001435042196914372,0.0016351911462515532,0.33756073801404957,0.20405400638637786
69.7093650456307,0.0002000074280696204,0.0014345274832806417,0.0016345349113502622,0.33755353770201113,0.20408988031227293
69.73436804600576,0.0001998660568492425,0.0014340131387442603,0.0016338791955935027,0.3375463422527774,0.2041257413733971
69.7593710463808,0.00019972483546400682,0.001433499162908354,0.001633223998372361,0.3375391516614201,0.20416158957897393
69.78437404675584,0.00019958376370224714,0.0014329855553766194,0.0016325693190788666,0.3375319659230176,0.20419742493821708
69.8093770471309,0.00019944284135267064,0.0014324723157533186,0.0016319151571059893,0.3375247850326548,0.20423324746033036
69.83438004750595,0.00019930206820435758,0.0014319594436432825,0.00163126151184764,0.3375176089854235,0.2042690571545076
69.85938304788098,0.0001991614440467603,0.001431446938651907,0.0016306083826986672,0.3375104377764218,0.20430485402993281
69.88438604825603,0.00019902096866970218,0.001430934800385152,0.0016299557690548543,0.3375032714007547,0.20434063809578015
69.90938904863108,0.00019888064186337725,0.0014304230284495425,0.0016293036703129197,0.3374961098535336,0.2043764093612139
69.93439204900612,0.0001987404634183493,0.0014299116224521654,0.0016286520858705147,0.33748895312987676,0.20441216783538851
69.95939504938117,0.00019860043312555075,0.001429400582000669,0.0016280010151262197,0.3374818012249087,0.20444791352744868
69.98439804975622,0.00019846055077628246,0.0014288899067032626,0.0016273504574795452,0.33747465413376065,0.20448364644652922
70.00940105013127,0.0001983208161622125,0.0014283795961687155,0.001626700412330928,0.3374675118515705,0.20451936660175518
70.03440405050631,0.00019818122907537566,0.0014278696500063558,0.0016260508790817314,0.3374603743734825,0.20455507400224185
70.05940705088136,0.00019804178930817224,0.0014273600678260685,0.0016254018571342406,0.33745324169464763,0.20459076865709475
70.08441005125641,0.00019790249665336792,0.0014268508492382957,0.0016247533458916637,0.3374461138102233,0.20462645057540965
70.10941305163145,0.00019776335090409248,0.0014263419938540358,0.0016241053447581283,0.3374389907153735,0.2046621197662726
70.1344160520065,0.00019762435185383912,0.0014258335012848407,0.00162345785313868,0.33743187240526856,0.20469777623875993
70.15941905238155,0.000197485499296464,0.0014253253711428169,0.001622810870439281,0.3374247588750855,0.20473342000193825
70.1844220527566,0.00019734679302618502,0.0014248176030406238,0.0016221643960668088,0.3374176501200077,0.20476905106486448
70.20942505313164,0.00019720823283758153,0.0014243101965914723,0.001621518429429054,0.33741054613522514,0.20480466943658585
70.23442805350669,0.00019706981852559297,0.0014238031514091233,0.0016208729699347163,0.3374034469159341,0.20484027512613998
70.25943105388174,0.00019693154988551884,0.0014232964671078885,0.0016202280169934074,0.3373963524573374,0.20487586814255476
70.28443405425678,0.00019679342671301747,0.0014227901433026286,0.0016195835700156462,0.33738926275464437,0.2049114484948485
70.30943705463183,0.00019665544880410508,0.001422284179608751,0.001618939628412856,0.3373821778030706,0.2049470161920299
70.33444005500688,0.00019651761595515573,0.001421778575642211,0.0016182961915973668,0.3373750975978383,0.20498257124309802
70.35944305538193,0.00019637992796289985,0.0014212733310195094,0.0016176532589824092,0.33736802213417594,0.20501811365704228
70.38444605575697,0.00019624238462442406,0.001420768445357692,0.001617010829982116,0.33736095140731837,0.2050536434428426
70.40944905613202,0.00019610498573716985,0.001420263918274348,0.001616368904011518,0.33735388541250705,0.20508916060946933
70.43445205650707,0.0001959677310989333,0.0014197597493876106,0.001615727480486544,0.33734682414498945,0.20512466516588318
70.4594550568821,0.00019583062050786428,0.001419255938316155,0.0016150865588240191,0.33733976760001977,0.20516015712103539
70.48445805725716,0.00019569365376246532,0.0014187524846791958,0.0016144461384416612,0.3373327157728584,0.20519563648386765
70.50946105763221,0.00019555683066159137,0.0014182493880964897,0.001613806218758081,0.33732566865877195,0.20523110326331218
70.53446405800726,0.00019542015100444885,0.001417746648188332,0.0016131667991927808,0.33731862625303366,0.20526655746829162
70.5594670583823,0.00019528361459059487,0.0014172442645755555,0.0016125278791661504,0.3373115885509228,0.20530199910771915
70.58447005875735,0.0001951472212199364,0.0014167422368795309,0.0016118894580994672,0.3373045555477252,0.20533742819049855
70.6094730591324,0.00019501097069272972,0.001416240564722165,0.0016112515354148947,0.33729752723873285,0.20537284472552403
70.63447605950743,0.00019487486280957996,0.0014157392477259002,0.00161061411053548,0.33729050361924395,0.2054082487216804
70.65947905988249,0.00019473889737143954,0.0014152382855137126,0.0016099771828851522,0.33728348468456326,0.20544364018784309
70.68448206025754,0.00019460307417960824,0.0014147376777091122,0.0016093407518887205,0.3372764704300014,0.205479019132878
70.70948506063259,0.00019446739303573217,0.001414237423936142,0.0016087048169718743,0.3372694608508758,0.20551438556564172
70.73448806100762,0.00019433185374180314,0.0014137375238193763,0.0016080693775611795,0.3372624559425096,0.2055497394949814
70.75949106138268,0.0001941964561001575,0.001413237976983919,0.0016074344330840764,0.3372554557002324,0.20558508092973482
70.78449406175773,0.00019406119991347622,0.001412738783055405,0.001606799982968881,0.3372484601193802,0.2056204098787304
70.80949706213276,0.00019392608498478348,0.0014122399416599978,0.0016061660266447812,0.33724146919529496,0.20565572635078716
70.83450006250781,0.0001937911111174462,0.0014117414524243877,0.0016055325635418339,0.337234482923325,0.20569103035471487
70.85950306288287,0.00019365627811517345,0.0014112433149757928,0.0016048995930909662,0.3372275012988247,0.2057263218993139
70.88450606325792,0.00019352158578201544,0.0014107455289419572,0.0016042671147239727,0.3372205243171547,0.20576160099337532
70.90950906363295,0.00019338703392236326,0.0014102480939511498,0.0016036351278735132,0.3372135519736819,0.2057968676456809
70.934512064008,0.00019325262234094753,0.0014097510096321634,0.001603003631973111,0.3372065842637793,0.20583212186500316
70.95951506438306,0.00019311835084283825,0.0014092542756143141,0.0016023726264571523,0.337199621182826,0.2058673636601053
70.98451806475809,0.00019298421923344408,0.0014087578915274411,0.0016017421107608852,0.33719266272620735,0.20590259303974126
71.00952106513314,0.00019285022731851096,0.001408261857001903,0.001601112084320414,0.3371857088893147,0.20593781001265576
71.0345240655082,0.00019271637490412232,0.001407766171668581,0.0016004825465727034,0.3371787596675457,0.20597301458758427
71.05952706588323,0.0001925826617966979,0.0014072708351588747,0.0015998534969555727,0.33717181505630395,0.206008206773253
71.08453006625828,0.00019244908780299285,0.001406775847104702,0.0015992249349076949,0.3371648750509993,0.206043386578379
71.10953306663333,0.00019231565273009757,0.0014062812071384994,0.001598596859868597,0.3371579396470476,0.20607855401167013
71.13453606700838,0.00019218235638543657,0.0014057869148932194,0.0015979692712786559,0.3371510088398708,0.20611370908182505
71.15953906738342,0.00019204919857676814,0.001405292970002331,0.0015973421685790993,0.337144082624897,0.2061488517975332
71.18454206775847,0.00019191617911218302,0.0014047993720998177,0.0015967155512120008,0.3371371609975602,0.20618398216747497
71.20954506813352,0.0001917832978001046,0.0014043061208201771,0.0015960894186202816,0.3371302439533006,0.2062191002003215
71.23454806850856,0.00019165055444928767,0.0014038132157984204,0.0015954637702477082,0.33712333148756446,0.2062542059047348
71.25955106888361,0.00019151794886881747,0.0014033206566700703,0.0015948386055388878,0.3371164235958039,0.20628929928936787
71.28455406925866,0.00019138548086810984,0.0014028284430711614,0.0015942139239392712,0.3371095202734773,0.20632438036286452
71.30955706963371,0.0001912531502569099,0.001402336574638239,0.001593589724895149,0.3371026215160489,0.20635944913385945
71.33456007000875,0.0001911209568452915,0.0014018450510083576,0.001592966007853649,0.33709572731898896,0.2063945056109783
71.3595630703838,0.00019098890044365639,0.0014013538718190797,0.001592342772262736,0.33708883767777376,0.2064295498028377
71.38456607075885,0.00019085698086273407,0.001400863036708477,0.001591720017571211,0.3370819525878856,0.20646458171804516
71.40956907113389,0.00019072519791358053,0.0014003725453151275,0.001591097743228708,0.3370750720448127,0.2064996013651991
71.43457207150894,0.00019059355140757782,0.0013998823972781141,0.001590475948685692,0.33706819604404925,0.20653460875288904
71.45957507188399,0.00019046204115643343,0.0013993925922370267,0.0015898546333934602,0.33706132458109545,0.2065696038896954
71.48457807225904,0.00019033066697217947,0.0013989031298319585,0.001589233796804138,0.33705445765145736,0.20660458678418958
71.50958107263408,0.00019019942866717223,0.001398414009703506,0.0015886134383706783,0.33704759525064704,0.20663955744493404
71.53458407300913,0.00019006832605409106,0.001397925231492768,0.0015879935575468592,0.3370407373741825,0.20667451588048225
71.55958707338418,0.00018993735894593826,0.0013974367948413455,0.0015873741537872838,0.33703388401758755,0.20670946209937865
71.58459007375922,0.00018980652715603813,0.0013969486993913398,0.0015867552265473779,0.33702703517639204,0.2067443961101588
71.60959307413427,0.00018967583049803603,0.0013964609447853524,0.0015861367752833884,0.33702019084613166,0.2067793179213493
71.63459607450932,0.00018954526878589838,0.001395973530666483,0.0015855187994523814,0.3370133510223479,0.2068142275414678
71.65959907488437,0.00018941484183391144,0.0013954864566783306,0.001584901298512242,0.3370065157005883,0.20684912497902305
71.6846020752594,0.00018928454945668093,0.0013949997224649907,0.0015842842719216716,0.33699968487640625,0.20688401024251488
71.70960507563446,0.0001891543914691311,0.0013945133276710546,0.0015836677191401857,0.3369928585453607,0.20691888334043426
71.73460807600951,0.0001890243676865044,0.0013940272719416104,0.0015830516396281148,0.3369860367030169,0.20695374428126323
71.75961107638454,0.00018889447792436076,0.0013935415549222406,0.0015824360328466013,0.3369792193449456,0.206988593073475
71.7846140767596,0.0001887647219985765,0.0013930561762590201,0.0015818208982575966,0.3369724064667236,0.20702342972553392
71.80961707713465,0.00018863509972534445,0.0013925711355985185,0.001581206235323863,0.33696559806393334,0.2070582542458955
71.8346200775097,0.0001885056109211726,0.0013920864325877962,0.0015805920435089688,0.33695879413216306,0.20709306664300636
71.85962307788473,0.0001883762554028839,0.001391602066874406,0.0015799783222772898,0.33695199466700704,0.20712786692530438
71.88462607825979,0.0001882470329876152,0.0013911180381063896,0.0015793650710940047,0.3369451996640651,0.20716265510121862
71.90962907863484,0.00018811794349281706,0.001390634345932279,0.0015787522894250962,0.336938409118943,0.20719743117916933
71.93463207900987,0.00018798898673625294,0.0013901509900010958,0.0015781399767373487,0.33693162302725216,0.20723219516756794
71.95963507938492,0.00018786016253599823,0.0013896679699623472,0.0015775281324983455,0.3369248413846099,0.20726694707481721
71.98463807975997,0.00018773147071044012,0.0013891852854660293,0.0015769167561764694,0.33691806418663905,0.20730168690931106
72.00964108013503,0.00018760291107827663,0.0013887029361626232,0.0015763058472409,0.33691129142896853,0.20733641467943467
72.03464408051006,0.00018747448345851614,0.0013882209217030961,0.0015756954051616124,0.3369045231072326,0.2073711303935645
72.05964708088511,0.0001873461876704765,0.0013877392417388987,0.0015750854294093752,0.3368977592170716,0.20740583406006832
72.08465008126016,0.0001872180235337848,0.001387257895921966,0.0015744759194557508,0.3368909997541314,0.20744052568730517
72.1096530816352,0.00018708999086837643,0.0013867768839047159,0.0015738668747730922,0.3368842447140636,0.20747520528362537
72.13465608201025,0.00018696208949449435,0.001386296205340047,0.0015732582948345415,0.3368774940925255,0.20750987285737058
72.1596590823853,0.0001868343192326889,0.0013858158598813403,0.0015726501791140293,0.33687074788518007,0.2075445284168738
72.18466208276034,0.00018670667990381684,0.0013853358471824567,0.0015720425270862736,0.33686400608769596,0.2075791719704593
72.20966508313539,0.00018657917132904059,0.001384856166897736,0.0015714353382267766,0.33685726869574767,0.20761380352644282
72.23466808351044,0.00018645179332982807,0.0013843768186819969,0.001570828612011825,0.336850535705015,0.20764842309313133
72.2596710838855,0.0001863245457279516,0.001383897802190536,0.0015702223479184877,0.3368438071111837,0.2076830306788233
72.28467408426053,0.00018619742834548767,0.001383419117079127,0.0015696165454246148,0.336837082909945,0.20771762629180845
72.30967708463558,0.00018607044100481598,0.001382940763004019,0.001569011204008835,0.33683036309699593,0.20775220994036808
72.33468008501063,0.000185943583528619,0.001382462739621937,0.0015684063231505558,0.33682364766803896,0.20778678163277475
72.35968308538567,0.00018581685573988143,0.0013819850465900804,0.0015678019023299618,0.3368169366187823,0.20782134137729247
72.38468608576072,0.0001856902574618893,0.0013815076835661216,0.001567197941028011,0.33681022994493964,0.20785588918217673
72.40968908613577,0.00018556378851822966,0.0013810306502082066,0.0015665944387264362,0.33680352764223037,0.20789042505567445
72.43469208651082,0.00018543744873278977,0.0013805539461749531,0.0015659913949077429,0.3367968297063794,0.207924949006024
72.45969508688586,0.00018531123792975664,0.0013800775711254503,0.001565388809055207,0.3367901361331173,0.2079594610414552
72.48469808726091,0.00018518515593361618,0.001379601524719257,0.0015647866806528731,0.33678344691818013,0.20799396117018942
72.50970108763596,0.0001850592025691528,0.001379125806616402,0.001564185009185555,0.33677676205730955,0.20802844940043944
72.534704088011,0.00018493337766144896,0.0013786504164773838,0.0015635837941388327,0.33677008154625276,0.20806292574040958
72.55970708838605,0.0001848076810358839,0.001378175353963167,0.001562983034999051,0.3367634053807625,0.2080973901982957
72.5847100887611,0.00018468211251813384,0.0013777006187351845,0.0015623827312533185,0.336756733556597,0.2081318427822852
72.60971308913615,0.00018455667193417085,0.0013772262104553355,0.0015617828823895064,0.33675006606952007,0.20816628350055694
72.63471608951119,0.00018443135911026256,0.0013767521287859849,0.0015611834878962476,0.336743402915301,0.20820071236128138
72.65971908988624,0.00018430617387297114,0.0013762783733899614,0.0015605845472629325,0.33673674408971466,0.2082351293726206
72.68472209026129,0.00018418111604915326,0.0013758049439305585,0.0015599860599797117,0.3367300895885413,0.20826953454272817
72.70972509063633,0.00018405618546595904,0.0013753318400715328,0.001559388025537492,0.33672343940756666,0.20830392787974927
72.73472809101138,0.00018393138195083156,0.0013748590614771027,0.0015587904434279341,0.3367167935425821,0.20833830939182071
72.75973109138643,0.00018380670533150645,0.0013743866078119486,0.001558193313143455,0.3367101519893843,0.20837267908707088
72.78473409176148,0.00018368215543601116,0.0013739144787412116,0.0015575966341772227,0.33670351474377547,0.2084070369736198
72.80973709213652,0.00018355773209266431,0.0013734426739304927,0.001557000406023157,0.33669688180156326,0.20844138305957913
72.83474009251157,0.00018343343513007506,0.001372971193045852,0.001556404628175927,0.33669025315856077,0.20847571735305215
72.85974309288662,0.0001833092643771428,0.0013725000357538081,0.001555809300130951,0.3366836288105865,0.20851003986213384
72.88474609326165,0.00018318521966305637,0.0013720292017213374,0.0015552144213843938,0.33667700875346446,0.20854435059491078
72.9097490936367,0.00018306130081729324,0.0013715586906158726,0.0015546199914331657,0.3366703929830239,0.20857864955946132
72.93475209401176,0.00018293750766961946,0.0013710885021053026,0.001554026009774922,0.3366637814950997,0.20861293676385542
72.95975509438681,0.00018281384005008859,0.0013706186358579718,0.0015534324759080603,0.33665717428553193,0.20864721221615481
72.98475809476184,0.00018269029778904147,0.0013701490915426794,0.0015528393893317208,0.3366505713501662,0.20868147592441286
73.0097610951369,0.00018256688071710526,0.0013696798688286771,0.0015522467495457824,0.33664397268485347,0.20871572789667472
73.03476409551195,0.00018244358866519318,0.0013692109673856707,0.001551654556050864,0.33663737828545,0.20874996814097727
73.05976709588698,0.00018232042146450403,0.0013687423868838178,0.0015510628083483218,0.3366307881478175,0.2087841966653491
73.08477009626203,0.000182197378946521,0.0013682741269937268,0.0015504715059402477,0.33662420226782297,0.20881841347781058
73.10977309663708,0.0001820744609430117,0.0013678061873864573,0.0015498806483294691,0.33661762064133877,0.20885261858637388
73.13477609701212,0.00018195166728602764,0.0013673385677335191,0.0015492902350195468,0.3366110432642427,0.2088868119990429
73.15977909738717,0.0001818289978079029,0.0013668712677068699,0.0015487002655147728,0.3366044701324176,0.2089209937238134
73.18478209776222,0.00018170645234125447,0.0013664042869789164,0.001548110739320171,0.3365979012417521,0.20895516376867285
73.20978509813727,0.00018158403071898106,0.001365937625222513,0.001547521655941494,0.33659133658813967,0.20898932214160063
73.23478809851231,0.0001814617327742629,0.0013654712821109612,0.001546933014885224,0.33658477616747934,0.20902346885056786
73.25979109888736,0.00018133955834056075,0.0013650052573180066,0.0015463448156585674,0.3365782199756754,0.20905760390353756
73.28479409926241,0.00018121750725161583,0.0013645395505178424,0.001545757057769458,0.33657166800863736,0.20909172730846456
73.30979709963745,0.00018109557934144901,0.001364074161385105,0.001545169740726554,0.33656512026228014,0.20912583907329557
73.3348001000125,0.00018097377444436008,0.0013636090895948745,0.0015445828640392345,0.3365585767325237,0.2091599392059692
73.35980310038755,0.0001808520923949275,0.0013631443348226745,0.001543996427217602,0.33655203741529355,0.2091940277144159
73.3848061007626,0.00018073053302800768,0.0013626798967444702,0.0015434104297724779,0.33654550230652014,0.209228104606558
73.40980910113764,0.00018060909617873447,0.0013622157750366693,0.0015428248712154038,0.3365389714021395,0.20926216989030974
73.43481210151269,0.00018048778168251845,0.001361751969376119,0.0015422397510586373,0.33653244469809257,0.20929622357357733
73.45981510188774,0.0001803665893750466,0.0013612884794401068,0.0015416550688151533,0.33652592219032573,0.20933026566425883
73.48481810226278,0.00018024551909228166,0.0013608253049063601,0.0015410708239986417,0.33651940387479057,0.2093642961702443
73.50982110263783,0.00018012457067046134,0.0013603624454530438,0.001540487016123505,0.3365128897474437,0.2093983150994157
73.53482410301288,0.00018000374394609828,0.001359899900758761,0.0015399036447048592,0.3365063798042472,0.209432322459647
73.55982710338793,0.00017988303875597896,0.0013594376705025517,0.0015393207092585307,0.3364998740411681,0.20946631825880405
73.58483010376297,0.00017976245493716363,0.0013589757543638926,0.0015387382093010563,0.3364933724541788,0.20950030250474477
73.60983310413802,0.00017964199232698517,0.001358514152022695,0.0015381561443496802,0.3364868750392567,0.20953427520531906
73.63483610451307,0.00017952165076304908,0.0013580528631593053,0.0015375745139223544,0.3364803817923846,0.20956823636836877
73.6598391048881,0.0001794014300832329,0.0013575918874545044,0.0015369933175377374,0.33647389270955025,0.2096021860017278
73.68484210526316,0.00017928133012568514,0.0013571312245895058,0.001536412554715191,0.3364674077867466,0.2096361241132221
73.70984510563821,0.00017916135072882538,0.0013566708742459555,0.001535832224974781,0.3364609270199718,0.2096700507106696
73.73484810601326,0.00017904149173134332,0.0013562108361059322,0.0015352523278372755,0.33645445040522914,0.2097039658018803
73.7598511063883,0.00017892175297219847,0.0013557511098519451,0.0015346728628241437,0.33644797793852693,0.20973786939465625
73.78485410676335,0.00017880213429061927,0.0013552916951669334,0.0015340938294575526,0.3364415096158787,0.20977176149679158
73.8098571071384,0.00017868263552610304,0.001354832591734266,0.001533515227260369,0.33643504543330305,0.2098056421160725
73.83486010751344,0.00017856325651841512,0.0013543737992377418,0.001532937055756157,0.33642858538682374,0.20983951126027725
73.85986310788849,0.00017844399710758817,0.0013539153173615863,0.0015323593144691745,0.3364221294724696,0.20987336893717629
73.88486610826354,0.0001783248571339222,0.0013534571457904532,0.0015317820029243753,0.33641567768627434,0.2099072151545321
73.90986910863859,0.00017820583643798348,0.001352999284209423,0.0015312051206474065,0.3364092300242771,0.20994104992009927
73.93487210901363,0.00017808693486060434,0.0013525417323040024,0.0015306286671646068,0.33640278648252186,0.20997487324162456
73.95987510938868,0.00017796815224288234,0.0013520844897601224,0.0015300526420030046,0.3363963470570577,0.2100086851268469
73.98487810976373,0.0001778494884261801,0.0013516275562641393,0.0015294770446903194,0.3363899117439388,0.21004248558349728
74.00988111013876,0.00017773094325212454,0.0013511709315028335,0.001528901874754958,0.33638348053922434,0.21007627461929892
74.03488411051381,0.00017761251656260628,0.0013507146151634077,0.0015283271317260139,0.3363770534389785,0.21011005224196724
74.05988711088887,0.00017749420819977943,0.0013502586069334876,0.0015277528151332672,0.33637063043927073,0.2101438184592098
74.08489011126392,0.00017737601800606076,0.0013498029065011205,0.0015271789245071812,0.3363642115361751,0.21017757327872633
74.10989311163895,0.00017725794582412933,0.0013493475135547748,0.0015266054593789042,0.336357796725771,0.2102113167082088
74.134896112014,0.00017713999149692575,0.0013488924277833387,0.0015260324192802645,0.3363513860041427,0.21024504875534145
74.15989911238906,0.00017702215486765205,0.00134843764887612,0.0015254598037437721,0.3363449793673795,0.21027876942780063
74.18490211276409,0.0001769044357797709,0.0013479831765228463,0.0015248876123026172,0.33633857681157575,0.21031247873325498
74.20990511313914,0.00017678683407700496,0.0013475290104136622,0.0015243158444906671,0.33633217833283063,0.21034617667936545
74.2349081135142,0.00017666934960333666,0.0013470751502391303,0.001523744499842467,0.3363257839272484,0.21037986327378516
74.25991111388923,0.00017655198220300762,0.0013466215956902299,0.0015231735778932374,0.33631939359093826,0.2104135385241595
74.28491411426428,0.0001764347317205178,0.0013461683464583562,0.001522603078178874,0.3363130073200144,0.21044720243812623
74.30991711463933,0.00017631759800062553,0.00134571540223532,0.0015220330002359457,0.336306625110596,0.21048085502331532
74.33492011501438,0.0001762005808883466,0.0013452627627133465,0.0015214633436016931,0.33630024695880695,0.21051449628734906
74.35992311538942,0.0001760836802289539,0.001344810427585075,0.001520894107814029,0.33629387286077633,0.210548126237842
74.38492611576447,0.00017596689586797667,0.0013443583965435581,0.0015203252924115348,0.33628750281263803,0.21058174488240114
74.40992911613952,0.0001758502276512005,0.0013439066692822604,0.001519756896933461,0.3362811368105309,0.21061535222862568
74.43493211651456,0.00017573367542466644,0.0013434552454950595,0.001519188920919726,0.33627477485059865,0.21064894828410718
74.45993511688961,0.00017561723903467021,0.0013430041248762429,0.001518621363910913,0.3362684169289899,0.21068253305642967
74.48493811726466,0.00017550091832776253,0.0013425533071205094,0.0015180542254482718,0.3362620630418583,0.21071610655316939
74.50994111763971,0.00017538471315074785,0.0013421027919229673,0.0015174875050737151,0.3362557131853621,0.21074966878189502
74.53494411801475,0.0001752686233506843,0.0013416525789791344,0.0015169212023298188,0.33624936735566474,0.21078321975016762
74.5599471183898,0.00017515264877488275,0.0013412026679849361,0.001516355316759819,0.3362430255489343,0.21081675946554065
74.58495011876485,0.00017503678927090682,0.0013407530586367065,0.0015157898479076133,0.33623668776134397,0.21085028793555996
74.60995311913989,0.00017492104468657213,0.001340303750631186,0.0015152247953177582,0.3362303539890714,0.21088380516776378
74.63495611951494,0.00017480541486994552,0.0013398547436655219,0.0015146601585354674,0.33622402422829956,0.21091731116968282
74.65995911988999,0.0001746898996693451,0.0013394060374372664,0.0015140959371066115,0.3362176984752158,0.2109508059488402
74.68496212026504,0.00017457449893333945,0.0013389576316443779,0.0015135321305777172,0.33621137672601276,0.21098428951275147
74.70996512064008,0.00017445921251074714,0.0013385095259852186,0.0015129687384959657,0.3362050589768875,0.21101776186892465
74.73496812101513,0.00017434404025063613,0.0013380617201585534,0.0015124057604091895,0.3361987452240422,0.21105122302486024
74.75997112139018,0.00017422898200232355,0.0013376142138635519,0.0015118431958658753,0.3361924354636836,0.21108467298805117
74.78497412176522,0.00017411403761537501,0.0013371670067997847,0.0015112810444151597,0.3361861296920235,0.21111811176598286
74.80997712214027,0.0001739992069396041,0.0013367200986672246,0.0015107193056068287,0.33617982790527823,0.21115153936613326
74.83498012251532,0.00017388448982507204,0.0013362734891662453,0.0015101579789913173,0.3361735300996691,0.21118495579597282
74.85998312289037,0.00017376988612208705,0.0013358271779976207,0.0015095970641197077,0.33616723627142214,0.21121836106296446
74.8849861232654,0.00017365539568120402,0.0013353811648625247,0.0015090365605437287,0.3361609464167682,0.21125175517456363
74.90998912364046,0.00017354101835322363,0.0013349354494625292,0.0015084764678157528,0.33615466053194265,0.21128513813821836
74.93499212401551,0.00017342675398919244,0.0013344900314996057,0.0015079167854887981,0.336148378613186,0.2113185099613692
74.95999512439055,0.00017331260244040215,0.0013340449106761223,0.0015073575131165245,0.33614210065674327,0.2113518706514492
74.9849981247656,0.0001731985635583888,0.0013336000866948446,0.0015067986502532334,0.33613582665886427,0.21138522021588407
75.01000112514065,0.00017308463719493278,0.0013331555592589342,0.001506240196453867,0.33612955661580346,0.21141855866209205
75.0350041255157,0.00017297082320205805,0.0013327113280719484,0.0015056821512740065,0.3361232905238202,0.21145188599748393
75.06000712589073,0.00017285712143203197,0.0013322673928378402,0.0015051245142698722,0.33611702837917845,0.21148520222946313
75.08501012626579,0.0001727435317373642,0.0013318237532609556,0.0015045672849983197,0.33611077017814683,0.21151850736542566
75.11001312664084,0.00017263005397080691,0.0013313804090460354,0.0015040104630168424,0.3361045159169989,0.21155180141276014
75.13501612701587,0.00017251668798535407,0.001330937359898213,0.0015034540478835669,0.33609826559201267,0.21158508437884782
75.16001912739092,0.0001724034336342406,0.0013304946055230139,0.0015028980391572546,0.33609201919947096,0.21161835627106262
75.18502212776598,0.0001722902907709425,0.0013300521456263556,0.0015023424363972981,0.3360857767356612,0.21165161709677105
75.21002512814101,0.000172177259249176,0.0013296099799145471,0.0015017872391637232,0.3360795381968756,0.21168486686333224
75.23502812851606,0.00017206433892289716,0.001329168108094287,0.001501232447017184,0.33607330357941084,0.21171810557809806
75.26003112889111,0.00017195152964630137,0.0013287265298726639,0.0015006780595189654,0.33606707287956855,0.21175133324841303
75.28503412926617,0.000171838831273823,0.001328285244957156,0.0015001240762309788,0.3360608460936548,0.21178454988161433
75.3100371296412,0.00017172624366013496,0.0013278442530556297,0.0014995704967157646,0.33605462321798035,0.21181775548503182
75.33504013001625,0.0001716137666601478,0.0013274035538763387,0.0014990173205364865,0.3360484042488606,0.21185095006598811
75.3600431303913,0.0001715014001290099,0.0013269631471279242,0.0014984645472569341,0.33604218918261564,0.21188413363179848
75.38504613076634,0.00017138914392210653,0.001326523032519415,0.0014979121764415214,0.3360359780155701,0.21191730618977092
75.41004913114139,0.0001712769978950594,0.0013260832097602238,0.0014973602076552833,0.33602977074405327,0.21195046774720622
75.43505213151644,0.0001711649619037266,0.0013256436785601502,0.0014968086404638769,0.33602356736439903,0.2119836183113978
75.4600551318915,0.00017105303580420165,0.0013252044386293778,0.0014962574744335794,0.3360173678729459,0.21201675788963195
75.48505813226653,0.00017094121945281337,0.001324765489678474,0.0014957067091312874,0.3360111722660369,0.2120498864891876
75.51006113264158,0.00017082951270612514,0.00132432683141839,0.0014951563441245152,0.33600498054001976,0.21208300411733658
75.53506413301663,0.00017071791542093475,0.0013238884635604594,0.0014946063789813941,0.33599879269124666,0.21211611078134338
75.56006713339167,0.00017060642745427376,0.0013234503858163982,0.001494056813270672,0.33599260871607456,0.21214920648846528
75.58507013376672,0.000170495048663407,0.0013230125978983033,0.0014935076465617102,0.3359864286108648,0.21218229124595248
75.61007313414177,0.0001703837789058322,0.0013225750995186527,0.001492958878424485,0.3359802523719833,0.21221536506104785
75.63507613451682,0.00017027261803927954,0.0013221378903903048,0.0014924105084295845,0.33597407999580053,0.21224842794098714
75.66007913489186,0.0001701615659217113,0.0013217009702264975,0.0014918625361482088,0.3359679114786916,0.21228147989299892
75.68508213526691,0.0001700506224113209,0.0013212643387408474,0.0014913149611521684,0.33596174681703606,0.2123145209243046
75.71008513564196,0.00016993978736653327,0.0013208279956473494,0.0014907677830138827,0.33595558600721803,0.21234755104211842
75.735088136017,0.00016982906064600377,0.0013203919406603768,0.0014902210013063807,0.3359494290456262,0.21238057025364745
75.76009113639205,0.00016971844210861774,0.0013199561734946784,0.001489674615603296,0.3359432759286536,0.2124135785660917
75.7850941367671,0.0001696079316134905,0.0013195206938653812,0.0014891286254788718,0.33593712665269804,0.21244657598664396
75.81009713714215,0.0001694975290199665,0.001319085501487987,0.0014885830305079535,0.3359309812141616,0.21247956252248998
75.83510013751719,0.0001693872341876192,0.001318650596078373,0.0014880378302659922,0.3359248396094509,0.21251253818080834
75.86010313789224,0.00016927704697625005,0.0013182159773527911,0.0014874930243290413,0.33591870183497724,0.21254550296877056
75.88510613826729,0.00016916696724588877,0.0013177816450278671,0.0014869486122737559,0.33591256788715607,0.21257845689354107
75.91010913864233,0.00016905699485679246,0.0013173475988206,0.0014864045936773926,0.33590643776240753,0.21261139996227718
75.93511213901738,0.00016894712966944518,0.0013169138384483616,0.0014858609681178067,0.33590031145715626,0.2126443321821292
75.96011513939243,0.0001688373715445576,0.0013164803636288962,0.0014853177351734537,0.33589418896783124,0.21267725356024028
75.98511813976748,0.00016872772034306666,0.0013160471740803188,0.0014847748944233855,0.335888070290866,0.21271016410374663
76.01012114014252,0.00016861817592613498,0.0013156142695211163,0.0014842324454472512,0.33588195542269833,0.2127430638197773
76.03512414051757,0.00016850873815515028,0.001315181649670145,0.0014836903878252953,0.3358758443597708,0.21277595271545444
76.06012714089262,0.00016839940689172532,0.0013147493142466314,0.0014831487211383566,0.33586973709853,0.21280883079789303
76.08513014126765,0.00016829018199769727,0.001314317262970171,0.0014826074449678683,0.33586363363542737,0.2128416980742011
76.1101331416427,0.000168181063335127,0.0013138854955607273,0.0014820665588958543,0.33585753396691836,0.21287455455147974
76.13513614201776,0.0001680720507662991,0.0013134540117386323,0.0014815260625049315,0.3358514380894631,0.21290740023682295
76.16013914239281,0.00016796314415372133,0.001313022811224585,0.0014809859553783062,0.33584534599952603,0.21294023513731775
76.18514214276784,0.00016785434336012405,0.0013125918937396512,0.0014804462370997752,0.33583925769357603,0.2129730592600442
76.2101451431429,0.00016774564824845956,0.0013121612590052624,0.001479906907253722,0.33583317316808636,0.21300587261207546
76.23514814351795,0.00016763705868190243,0.0013117309067432156,0.001479367965425118,0.33582709241953457,0.21303867520047762
76.26015114389298,0.00016752857452384832,0.001311300836675673,0.0014788294111995213,0.33582101544440274,0.21307146703230984
76.28515414426803,0.0001674201956379137,0.0013108710485251608,0.0014782912441630746,0.3358149422391772,0.2131042481146244
76.31015714464309,0.00016731192188793587,0.001310441542014569,0.0014777534639025048,0.3358088728003487,0.2131370184544666
76.33516014501812,0.00016720375313797198,0.0013100123168671505,0.0014772160700051225,0.3358028071244124,0.21316977805887477
76.36016314539317,0.00016709568925229887,0.0013095833728065205,0.0014766790620588193,0.3357967452078677,0.21320252693488045
76.38516614576822,0.00016698773009541263,0.0013091547095566566,0.0014761424396520693,0.3357906870472184,0.21323526508950819
76.41016914614328,0.00016687987553202816,0.0013087263268418974,0.0014756062023739255,0.33578463263897257,0.21326799252977563
76.43517214651831,0.00016677212542707875,0.001308298224386942,0.0014750703498140208,0.3357785819796428,0.21330070926269357
76.46017514689336,0.00016666447964571552,0.0013078704019168499,0.0014745348815625654,0.33577253506574567,0.2133334152952659
76.48517814726841,0.00016655693805330725,0.0013074428591570398,0.0014739997972103471,0.3357664918938025,0.21336611063448965
76.51018114764345,0.00016644950051543985,0.00130701559583329,0.0014734650963487298,0.3357604524603385,0.21339879528735498
76.5351841480185,0.00016634216689791578,0.001306588611671736,0.0014729307785696518,0.3357544167618835,0.21343146926084522
76.56018714839355,0.00016623493706675386,0.001306161906398872,0.0014723968434656259,0.3357483847949715,0.21346413256193683
76.5851901487686,0.0001661278108881888,0.0013057354797415494,0.001471863290629738,0.33574235655614076,0.21349678519759946
76.61019314914364,0.00016602078822867074,0.0013053093314269756,0.0014713301196556464,0.3357363320419339,0.2135294271747959
76.63519614951869,0.00016591386895486464,0.0013048834611827142,0.0014707973301375788,0.33573031124889774,0.21356205850048218
76.66019914989374,0.00016580705293365032,0.0013044578687366841,0.0014702649216703344,0.3357242941735834,0.2135946791816075
76.68520215026878,0.00016570034003212175,0.00130403255381716,0.0014697328938492818,0.3357182808125463,0.21362728922511418
76.71020515064383,0.00016559373011758646,0.0013036075161527692,0.0014692012462703557,0.3357122711623461,0.21365988863793792
76.73520815101888,0.00016548722305756563,0.001303182755472494,0.0014686699785300596,0.3357062652195466,0.21369247742700748
76.76021115139393,0.00016538081871979323,0.0013027582715056693,0.0014681390902254626,0.33570026298071604,0.21372505559924493
76.78521415176897,0.00016527451697221583,0.001302334063981983,0.0014676085809541988,0.3356942644424267,0.21375762316156552
76.81021715214402,0.00016516831768299202,0.0013019101326314743,0.0014670784503144662,0.3356882696012553,0.21379018012087783
76.83522015251907,0.00016506222072049226,0.001301486477184534,0.0014665486979050263,0.3356822784537827,0.21382272648408365
76.86022315289411,0.0001649562259532983,0.0013010630973719042,0.0014660193233252026,0.33567629099659374,0.213855262258078
76.88522615326916,0.00016485033325020268,0.0013006399929246766,0.0014654903261748793,0.3356703072262779,0.21388778744974923
76.91022915364421,0.00016474454248020852,0.0013002171635742928,0.0014649617060545012,0.33566432713942845,0.21392030206597892
76.93523215401926,0.00016463885351252912,0.0012997946090525438,0.0014644334625650728,0.3356583507326433,0.21395280611364198
76.9602351543943,0.0001645332662165874,0.001299372329091569,0.0014639055953081562,0.335652378002524,0.21398529959960658
76.98523815476935,0.00016442778046201547,0.001298950323423855,0.0014633781038858706,0.3356464089456769,0.21401778253073425
77.0102411551444,0.00016432239611865443,0.0012985285917822373,0.0014628509879008916,0.3356404435587119,0.2140502549138798
77.03524415551944,0.00016421711305655398,0.0012981071338998974,0.0014623242469564515,0.3356344818382437,0.21408271675589133
77.06024715589449,0.00016411193114597162,0.0012976859495103627,0.0014617978806563342,0.33562852378089064,0.21411516806361036
77.08525015626954,0.00016400685025737277,0.0012972650383475067,0.0014612718886048794,0.33562256938327545,0.21414760884387168
77.11025315664459,0.00016390187026143002,0.0012968444001455488,0.0014607462704069787,0.33561661864202513,0.21418003910350347
77.13525615701963,0.00016379699102902302,0.001296424034639052,0.0014602210256680751,0.3356106715537706,0.21421245884932721
77.16025915739468,0.00016369221243123764,0.0012960039415629233,0.001459696153994161,0.335604728115147,0.21424486808815785
77.18526215776973,0.000163587534339366,0.0012955841206524143,0.0014591716549917802,0.33559878832279366,0.21427726682680362
77.21026515814476,0.000163482956624906,0.0012951645716431184,0.0014586475282680244,0.335592852173354,0.21430965507206617
77.23526815851982,0.00016337847915956066,0.0012947452942709719,0.0014581237734305325,0.33558691966347554,0.21434203283074058
77.26027115889487,0.00016327410181523794,0.0012943262882722526,0.0014576003900874906,0.3355809907898099,0.21437440010961525
77.28527415926992,0.00016316982446405056,0.00129390755338358,0.0014570773778476306,0.33557506554901284,0.21440675691547206
77.31027715964495,0.00016306564697831513,0.0012934890893419144,0.0014565547363202295,0.33556914393774423,0.21443910325508628
77.33528016002,0.00016296156923055198,0.0012930708958845555,0.0014560324651151074,0.3355632259526681,0.21447143913522662
77.36028316039506,0.00016285759109348493,0.0012926529727491432,0.001455510563842628,0.33555731159045243,0.21450376456265524
77.3852861607701,0.0001627537124400407,0.001292235319673657,0.0014549890321136976,0.33555140084776935,0.21453607954412768
77.41028916114514,0.00016264993314334851,0.0012918179363964133,0.001454467869539762,0.3355454937212951,0.214568384086393
77.4352921615202,0.00016254625307673986,0.001291400822656068,0.001453947075732808,0.33553959020770996,0.21460067819619372
77.46029516189523,0.00016244267211374804,0.0012909839781916142,0.0014534266503053621,0.3355336903036982,0.21463296188026576
77.48529816227028,0.00016233919012810765,0.0012905674027423812,0.0014529065928704887,0.3355277940059483,0.2146652351453386
77.51030116264533,0.00016223580699375445,0.001290151096048035,0.0014523869030417895,0.33552190131115267,0.2146974979981352
77.53530416302038,0.00016213252258482472,0.0012897350578485777,0.0014518675804334024,0.33551601221600785,0.21472975044537193
77.56030716339542,0.00016202933677565514,0.0012893192878843465,0.0014513486246600016,0.3355101267172143,0.21476199249375874
77.58531016377047,0.00016192624944078206,0.0012889037858960126,0.0014508300353367946,0.33550424481147667,0.2147942241499991
77.61031316414552,0.0001618232604549415,0.0012884885516245828,0.0014503118120795242,0.3354983664955036,0.21482644542078994
77.63531616452056,0.00016172036969306863,0.0012880735848113966,0.0014497939545044653,0.33549249176600765,0.21485865631282175
77.66031916489561,0.00016161757703029713,0.0012876588851981263,0.0014492764622284235,0.3354866206197054,0.2148908568327786
77.68532216527066,0.00016151488234195915,0.0012872444525267774,0.0014487593348687367,0.3354807530533176,0.21492304698733802
77.71032516564571,0.00016141228550358493,0.0012868302865396875,0.0014482425720432723,0.33547488906356876,0.21495522678317117
77.73532816602075,0.0001613097863909023,0.0012864163869795255,0.001447726173370428,0.33546902864718775,0.21498739622694268
77.7603311663958,0.000161207384879836,0.0012860027535892909,0.0014472101384691268,0.33546317180090696,0.2150195553253109
77.78533416677085,0.00016110508084650794,0.0012855893861123142,0.0014466944669588222,0.3354573185214632,0.2150517040849276
77.81033716714589,0.00016100287416723655,0.0012851762842922558,0.0014461791584594924,0.33545146880559695,0.21508384251243823
77.83534016752094,0.00016090076471853603,0.0012847634478731047,0.0014456642125916406,0.33544562265005284,0.21511597061448182
77.86034316789599,0.00016079875237711656,0.0012843508765991796,0.0014451496289762961,0.33543978005157943,0.21514808839769098
77.88534616827104,0.00016069683701988363,0.0012839385702151272,0.0014446354072350108,0.33543394100692914,0.21518019586869194
77.91034916864608,0.00016059501852393779,0.0012835265284659224,0.0014441215469898601,0.3354281055128585,0.21521229303410455
77.93535216902113,0.00016049329676657393,0.0012831147510968663,0.00144360804786344,0.33542227356612786,0.21524437990054232
77.96035516939618,0.00016039167162528148,0.0012827032378535876,0.001443094909478869,0.33541644516350155,0.21527645647461235
77.98535816977122,0.00016029014297774366,0.0012822919884820415,0.001442582131459785,0.33541062030174795,0.21530852276291537
78.01036117014627,0.00016018871070183705,0.0012818810027285079,0.001442069713430345,0.3354047989776392,0.21534057877204585
78.03536417052132,0.00016008737467563153,0.0012814702803395927,0.0014415576550152243,0.3353989811879514,0.21537262450859182
78.06036717089637,0.00015998613477738972,0.001281059821062226,0.0014410459558396157,0.33539316692946464,0.21540465997913502
78.0853701712714,0.00015988499088556672,0.0012806496246436623,0.001440534615529229,0.3353873561989628,0.2154366851902509
78.11037317164646,0.00015978394287880944,0.0012802396908314796,0.001440023633710289,0.33538154899323397,0.21546870014850852
78.13537617202151,0.00015968299063595667,0.001279830019373579,0.0014395130100095356,0.3353757453090698,0.21550070486047074
78.16037917239655,0.00015958213403603853,0.001279420610018184,0.0014390027440542225,0.33536994514326585,0.21553269933269398
78.1853821727716,0.0001594813729582759,0.0012790114625138406,0.0014384928354721166,0.3353641484926218,0.2155646835717285
78.21038517314665,0.00015938070728208046,0.0012786025766094158,0.0014379832838914963,0.3353583553539411,0.21559665758411822
78.2353881735217,0.000159280136887054,0.0012781939520540983,0.0014374740889411522,0.33535256572403094,0.21562862137640076
78.26039117389674,0.00015917966165298825,0.0012777855885973968,0.001436965250250385,0.33534677959970266,0.21566057495510751
78.28539417427179,0.00015907928145986438,0.0012773774859891399,0.0014364567674490043,0.33534099697777126,0.21569251832676362
78.31039717464684,0.00015897899618785277,0.0012769696439794763,0.0014359486401673291,0.3353352178550556,0.21572445149788794
78.33540017502187,0.0001588788057173126,0.0012765620623188733,0.001435440868036186,0.33532944222837846,0.21575637447499307
78.36040317539693,0.00015877870992879136,0.0012761547407581166,0.001434933450686908,0.3353236700945665,0.21578828726458543
78.38540617577198,0.00015867870870302486,0.00127574767904831,0.0014344263877513349,0.3353179014504501,0.2158201898731652
78.41040917614703,0.0001585788019209364,0.0012753408769408748,0.0014339196788618112,0.33531213629286366,0.2158520823072263
78.43541217652206,0.00015847898946363685,0.0012749343341875493,0.001433413323651186,0.33530637461864515,0.21588396457325645
78.46041517689711,0.0001583792712124239,0.001274528050540388,0.001432907321752812,0.33530061642463665,0.21591583667773723
78.48541817727217,0.00015827964704878206,0.0012741220257517618,0.0014324016728005438,0.33529486170768386,0.21594769862714394
78.5104211776472,0.00015818011685438216,0.0012737162595743566,0.0014318963764287389,0.3352891104646364,0.2159795504279457
78.53542417802225,0.0001580806805110808,0.0012733107517611734,0.0014313914322722542,0.3352833626923476,0.21601139208660555
78.5604271783973,0.00015798133790092045,0.0012729055020655278,0.0014308868399664483,0.33527761838767467,0.21604322360958025
78.58543017877234,0.00015788208890612872,0.0012725005102410493,0.001430382599147178,0.33527187754747856,0.21607504500332042
78.61043317914739,0.000157782933409118,0.0012720957760416803,0.0014298787094507983,0.3352661401686241,0.21610685627427056
78.63543617952244,0.00015768387129248555,0.0012716912992216769,0.0014293751705141623,0.33526040624797976,0.216138657428869
78.6604391798975,0.00015758490243901252,0.0012712870795356076,0.00142887198197462,0.33525467578241797,0.2161704484735479
78.68544218027253,0.0001574860267316642,0.0012708831167383523,0.0014283691434700165,0.3352489487688148,0.21620222941473333
78.71044518064758,0.00015738724405358926,0.0012704794105851025,0.0014278666546386919,0.33524322520405003,0.21623400025884523
78.73544818102263,0.0001572885542881195,0.001270075960831361,0.0014273645151194805,0.3352375050850074,0.21626576101229741
78.76045118139767,0.0001571899573187698,0.0012696727672329414,0.0014268627245517113,0.3352317884085743,0.21629751168149755
78.78545418177272,0.0001570914530292372,0.0012692698295459657,0.001426361282575203,0.33522607517164177,0.2163292522728473
78.81045718214777,0.0001569930413034011,0.0012688671475268674,0.0014258601888302684,0.33522036537110483,0.21636098279274213
78.83546018252282,0.00015689472202532267,0.0012684647209323875,0.0014253594429577102,0.335214659003862,0.21639270324757148
78.86046318289786,0.00015679649507924464,0.0012680625495195765,0.001424859044598821,0.33520895606681567,0.21642441364371867
78.88546618327291,0.00015669836034959056,0.001267660633045792,0.0014243589933953826,0.33520325655687194,0.21645611398756104
78.91046918364796,0.00015660031772096508,0.0012672589712686999,0.0014238592889896649,0.33519756047094057,0.21648780428546974
78.935472184023,0.0001565023670781532,0.0012668575639462728,0.001423359931024426,0.33519186780593513,0.21651948454380993
78.96047518439805,0.00015640450830611987,0.0012664564108367897,0.0014228609191429095,0.33518617855877275,0.21655115476894074
78.9854781847731,0.00015630674129001005,0.001266055511698836,0.001422362252988846,0.3351804927263745,0.21658281496721524
79.01048118514815,0.00015620906591514797,0.0012656548662913025,0.0014218639322064505,0.335174810305665,0.21661446514498045
79.03548418552319,0.00015611148206703707,0.0012652544743733854,0.0014213659564404225,0.3351691312935725,0.21664610530857736
79.06048718589824,0.00015601398963135943,0.0012648543357045847,0.0014208683253359442,0.3351634556870291,0.21667773546434102
79.08549018627329,0.00015591658849397559,0.0012644544500447056,0.0014203710385386813,0.33515778348297043,0.21670935561860039
79.11049318664833,0.00015581927854092426,0.0012640548171538564,0.0014198740956947807,0.3351521146783359,0.2167409657776784
79.13549618702338,0.00015572205965842174,0.0012636554367924484,0.00141937749645087,0.33514644927006854,0.21677256594789213
79.16049918739843,0.00015562493173286197,0.0012632563087211959,0.0014188812404540578,0.3351407872551151,0.21680415613555254
79.18550218777348,0.00015552789465081584,0.0012628574327011152,0.001418385327351931,0.33513512863042594,0.21683573634696465
79.21050518814852,0.00015543094829903104,0.001262458808493525,0.0014178897567925562,0.3351294733929551,0.21686730658842748
79.23550818852357,0.00015533409256443162,0.0012620604358600442,0.0014173945284244758,0.33512382153966025,0.2168988668662342
79.26051118889862,0.0001552373273341179,0.0012616623145625934,0.0014168996418967112,0.33511817306750274,0.21693041718667186
79.28551418927366,0.00015514065249536583,0.001261264444363393,0.001416405096858759,0.33511252797344754,0.21696195755602166
79.3105171896487,0.0001550440679356268,0.0012608668250249635,0.0014159108929605903,0.3351068862544632,0.21699348798055887
79.33552019002376,0.00015494757354252741,0.0012604694563101246,0.001415417029852652,0.33510124790752205,0.2170250084665528
79.36052319039881,0.00015485116920386895,0.001260072337981995,0.0014149235071858638,0.3350956129295998,0.2170565190202668
79.38552619077385,0.00015475485480762735,0.001259675469803992,0.0014144303246116192,0.335089981317676,0.21708801964795832
79.4105291911489,0.00015465863024195236,0.0012592788515398304,0.0014139374817817827,0.33508435306873374,0.21711951035587898
79.43553219152395,0.00015456249539516783,0.0012588824829535229,0.0014134449783486907,0.3350787281797597,0.21715099115027436
79.46053519189898,0.00015446645015577108,0.0012584863638093792,0.0014129528139651504,0.33507310664774415,0.21718246203738423
79.48553819227403,0.00015437049441243238,0.001258090493872005,0.0014124609882844375,0.335067488469681,0.21721392302344245
79.51054119264909,0.00015427462805399505,0.001257694872906303,0.001411969500960298,0.3350618736425676,0.217245374114677
79.53554419302412,0.00015417885096947489,0.001257299500677471,0.0014114783516469458,0.33505626216340517,0.21727681531730997
79.56054719339917,0.00015408316304805982,0.0012569043769510018,0.0014109875399990616,0.3350506540291983,0.21730824663755763
79.58555019377422,0.0001539875641791097,0.0012565095014926832,0.0014104970656717928,0.33504504923695516,0.21733966808163033
79.61055319414928,0.00015389205425215592,0.001256114874068597,0.0014100069283207528,0.3350394477836876,0.21737107965573257
79.63555619452431,0.0001537966331569013,0.0012557204944451193,0.0014095171276020206,0.3350338496664109,0.21740248136606308
79.66055919489936,0.0001537013007832192,0.0012553263623889188,0.001409027663172138,0.335028254882144,0.21743387321881466
79.68556219527441,0.00015360605702115386,0.0012549324776669575,0.0014085385346881113,0.33502266342790926,0.21746525522017435
79.71056519564945,0.00015351090176091988,0.0012545388400464898,0.0014080497418074095,0.3350170753007328,0.2174966273763233
79.7355681960245,0.0001534158348929015,0.0012541454492950614,0.001407561284187963,0.3350114904976442,0.21752798969343695
79.76057119639955,0.00015332085630765296,0.0012537523051805103,0.0014070731614881633,0.3350059090156764,0.21755934217768483
79.7855741967746,0.0001532259658958976,0.0012533594074709653,0.001406585373366863,0.3350003308518661,0.2175906848352307
79.81057719714964,0.00015313116354852803,0.0012529667559348456,0.0014060979194833736,0.3349947560032534,0.2176220176722325
79.83558019752469,0.00015303644915660522,0.0012525743503408605,0.0014056107994974657,0.33498918446688203,0.21765334069484246
79.86058319789974,0.00015294182261135888,0.0012521821904580089,0.0014051240130693679,0.3349836162397991,0.21768465390920697
79.88558619827478,0.0001528472838041867,0.0012517902760555792,0.001404637559859766,0.3349780513190554,0.21771595732146662
79.91058919864983,0.00015275283262665396,0.001251398606903148,0.001404151439529802,0.33497248970170496,0.21774725093775635
79.93559219902488,0.00015265846897049367,0.0012510071827705812,0.0014036656517410749,0.33496693138480554,0.21777853476420522
79.96059519939993,0.00015256419272760587,0.0012506160034280313,0.001403180196155637,0.3349613763654184,0.2178098088069366
79.98559819977497,0.00015247000379005752,0.001250225068645939,0.0014026950724359965,0.3349558246406082,0.21784107307206807
80.01060120015002,0.00015237590205008193,0.0012498343781950317,0.0014022102802451137,0.33495027620744305,0.21787232756571157
80.03560420052507,0.0001522818874000788,0.0012494439318463234,0.0014017258192464022,0.3349447310629946,0.21790357229397322
80.06060720090011,0.00015218795973261385,0.0012490537293711143,0.0014012416891037282,0.3349391892043381,0.21793480726295344
80.08561020127516,0.0001520941189404181,0.0012486637705409892,0.0014007578894814072,0.3349336506285519,0.217966032478747
80.11061320165021,0.0001520003649163881,0.0012482740551278198,0.001400274420044208,0.33492811533271827,0.21799724794744282
80.13561620202526,0.00015190669755358542,0.001247884582903761,0.0013997912804573464,0.3349225833139226,0.21802845367512427
80.1606192024003,0.00015181311674523622,0.0012474953536412527,0.001399308470386489,0.33491705456925386,0.21805964966786892
80.18562220277535,0.00015171962238473105,0.0012471063671130184,0.0013988259894977494,0.3349115290958045,0.21809083593174874
80.2106252031504,0.00015162621436562464,0.0012467176230920652,0.0013983438374576898,0.33490600689067046,0.21812201247282995
80.23562820352544,0.00015153289258163554,0.0012463291213516828,0.0013978620139333184,0.33490048795095095,0.2181531792971731
80.26063120390049,0.00015143965692664553,0.0012459408616654435,0.0013973805185920891,0.33489497227374865,0.21818433641083315
80.28563420427554,0.0001513465072946998,0.0012455528438072019,0.0013968993511019017,0.33488945985616975,0.21821548381985933
80.31063720465059,0.00015125344358000642,0.001245165067551094,0.0013964185111311003,0.3348839506953239,0.21824662153029525
80.33564020502563,0.00015116046567693596,0.0012447775326715374,0.0013959379983484734,0.33487844478832407,0.21827774954817886
80.36064320540068,0.00015106757348002127,0.0012443902389432295,0.0013954578124232508,0.33487294213228663,0.21830886787954248
80.38564620577573,0.0001509747668839572,0.0012440031861411488,0.001394977953025106,0.33486744272433144,0.21833997653041282
80.41064920615077,0.00015088204578360032,0.0012436163740405539,0.0013944984198241543,0.33486194656158175,0.2183710755068109
80.43565220652582,0.00015078941007396854,0.0012432298024169818,0.0013940192124909504,0.3348564536411641,0.21840216481475222
80.46065520690087,0.00015069685965024083,0.0012428434710462495,0.0013935403306964903,0.3348509639602086,0.21843324446024662
80.48565820727592,0.000150604394407757,0.0012424573797044519,0.001393061774112209,0.3348454775158486,0.21846431444929834
80.51066120765095,0.00015051201424201745,0.001242071528167963,0.0013925835424099804,0.3348399943052209,0.218495374787906
80.535664208026,0.00015041971904868255,0.001241685916213433,0.0013921056352621155,0.3348345143254656,0.21852642548206272
80.56066720840106,0.00015032750872357272,0.0012413005436177906,0.0013916280523413632,0.3348290375737264,0.21855746653775593
80.5856702087761,0.00015023538316266807,0.0012409154101582413,0.0013911507933209095,0.33482356404715014,0.21858849796096752
80.61067320915114,0.0001501433422621078,0.001240530515612266,0.0013906738578743738,0.33481809374288696,0.21861951975767388
80.6356762095262,0.00015005138591819034,0.0012401458597576227,0.0013901972456758132,0.3348126266580907,0.21865053193384576
80.66067920990123,0.00014995951402737282,0.0012397614423723447,0.0013897209563997176,0.3348071627899182,0.21868153449544836
80.68568221027628,0.00014986772648627067,0.0012393772632347398,0.0013892449897210104,0.33480170213552973,0.2187125274484414
80.71068521065133,0.00014977602319165762,0.0012389933221233912,0.001388769345315049,0.3347962446920892,0.21874351079877902
80.73568821102639,0.0001496844040404652,0.001238609618817156,0.0013882940228576212,0.33479079045676335,0.2187744845524098
80.76069121140142,0.00014959286892978263,0.001238226153095166,0.0013878190220249485,0.3347853394267228,0.21880544871527682
80.78569421177647,0.00014950141775685614,0.0012378429247368247,0.001387344342493681,0.334779891599141,0.21883640329331766
80.81069721215152,0.00014941005041908923,0.0012374599335218102,0.0013868699839408995,0.334774446971195,0.21886734829246438
80.83570021252656,0.00014931876681404201,0.001237077179230073,0.001386395946044115,0.3347690055400652,0.21889828371864348
80.86070321290161,0.00014922756683943093,0.0012366946616418344,0.0013859222284812653,0.33476356730293516,0.21892920957777603
80.88570621327666,0.00014913645039312863,0.0012363123805375893,0.001385448830930718,0.33475813225699186,0.2189601258757776
80.91070921365171,0.0001490454173731637,0.001235930335698103,0.001384975753071267,0.33475270039942556,0.21899103261855823
80.93571221402675,0.00014895446767772014,0.0012355485269044118,0.0013845029945821318,0.33474727172742974,0.2190219298120225
80.9607152144018,0.00014886360120513724,0.001235166953937822,0.0013840305551429592,0.3347418462382012,0.2190528174620696
80.98571821477685,0.0001487728178539094,0.001234785616579911,0.0013835584344338205,0.33473642392894026,0.2190836955745931
81.01072121515189,0.00014868211752268567,0.001234404514612525,0.0013830866321352107,0.3347310047968501,0.21911456415548122
81.03572421552694,0.00014859150011026941,0.00123402364781778,0.0013826151479280494,0.3347255888391376,0.21914542321061675
81.06072721590199,0.00014850096551561828,0.0012336430159780602,0.0013821439814936786,0.33472017605301263,0.21917627274587695
81.08573021627704,0.00014841051363784376,0.0012332626188760187,0.0013816731325138624,0.3347147664356884,0.21920711276713367
81.11073321665208,0.00014832014437621095,0.001232882456294577,0.001381202600670788,0.33470935998438156,0.21923794328025337
81.13573621702713,0.00014822985763013807,0.001232502528016923,0.0013807323856470611,0.33470395669631176,0.21926876429109707
81.16073921740218,0.00014813965329919655,0.0012321228338265126,0.001380262487125709,0.334698556568702,0.21929957580552034
81.18574221777722,0.00014804953128311056,0.0012317433735070686,0.001379792904790179,0.3346931595987786,0.21933037782937334
81.21074521815227,0.00014795949148175658,0.0012313641468425795,0.001379323638324336,0.3346877657837712,0.2193611703685009
81.23574821852732,0.00014786953379516344,0.0012309851536173,0.0013788546874124634,0.3346823751209123,0.21939195342874235
81.26075121890237,0.00014777965812351172,0.0012306063936157506,0.0013783860517392623,0.3346769876074381,0.21942272701593168
81.28575421927741,0.0001476898643671339,0.001230227866622717,0.0013779177309898509,0.3346716032405878,0.21945349113589752
81.31075721965246,0.0001476001524265134,0.0012298495724232486,0.001377449724849762,0.3346662220176038,0.21948424579446307
81.33576022002751,0.00014751052220228505,0.0012294715108026606,0.0013769820330049457,0.33466084393573187,0.2195149909974462
81.36076322040255,0.00014742097359523448,0.001229093681546531,0.0013765146551417654,0.33465546899222076,0.2195457267506594
81.3857662207776,0.0001473315065062976,0.0012287160844407015,0.001376047590946999,0.33465009718432276,0.21957645305990978
81.41076922115265,0.00014724212083656074,0.0012283387192712771,0.0013755808401078378,0.33464472850929305,0.21960716993099913
81.4357722215277,0.0001471528164872603,0.0012279615858246256,0.0013751144023118858,0.3346393629643903,0.2196378773697239
81.46077522190274,0.00014706359335978222,0.0012275846838873772,0.0013746482772471593,0.3346340005468761,0.21966857538187518
81.48577822227779,0.00014697445135566196,0.0012272080132464229,0.001374182464602085,0.3346286412540155,0.21969926397323872
81.51078122265284,0.00014688539037658406,0.0012268315736889163,0.0013737169640655003,0.3346232850830764,0.219729943149595
81.53578422302787,0.00014679641032438215,0.001226455365002272,0.0013732517753266543,0.3346179320313304,0.21976061291671908
81.56078722340293,0.00014670751110103822,0.0012260793869741649,0.0013727868980752032,0.33461258209605177,0.21979127328038084
81.58579022377798,0.00014661869260868278,0.0012257036393925299,0.0013723223320012126,0.33460723527451813,0.21982192424634472
81.61079322415301,0.00014652995474959447,0.0012253281220455628,0.0013718580767951574,0.3346018915640105,0.21985256582036997
81.63579622452806,0.00014644129742619956,0.0012249528347217178,0.0013713941321479173,0.3345965509618126,0.2198831980082105
81.66079922490312,0.00014635272054107202,0.0012245777772097086,0.0013709304977507807,0.3345912134652119,0.2199138208156149
81.68580222527817,0.00014626422399693302,0.001224202949298508,0.0013704671732954411,0.3345858790714985,0.21994443424832655
81.7108052256532,0.00014617580769665087,0.0012238283507773466,0.0013700041584739973,0.33458054777796586,0.2199750383120835
81.73580822602825,0.00014608747154324034,0.0012234539814357129,0.0013695414529789531,0.3345752195819108,0.2200056330126186
81.7608112264033,0.00014599921543986303,0.001223079841063353,0.001369079056503216,0.33456989448063285,0.22003621835565937
81.78581422677834,0.00014591103928982658,0.0012227059294502704,0.0013686169687400968,0.33456457247143495,0.22006679434692808
81.8108172271534,0.00014582294299658448,0.0012223322463867246,0.0013681551893833092,0.33455925355162325,0.2200973609921418
81.83582022752844,0.0001457349264637361,0.0012219587916632324,0.0013676937181269684,0.33455393771850683,0.22012791829701236
81.8608232279035,0.00014564698959502608,0.0012215855650705655,0.0013672325546655916,0.33454862496939797,0.2201584662672463
81.88582622827853,0.00014555913229434442,0.0012212125663997521,0.0013667716986940966,0.33454331530161213,0.22018900490854496
81.91082922865358,0.0001454713544657257,0.0012208397954420747,0.0013663111499078004,0.33453800871246775,0.22021953422660448
81.93583222902863,0.00014538365601334942,0.0012204672519890714,0.0013658509080024207,0.3345327051992866,0.22025005422711574
81.96083522940367,0.00014529603684153937,0.001220094935832534,0.0013653909726740734,0.3345274047593933,0.22028056491576445
81.98583822977872,0.0001452084968547633,0.0012197228467645082,0.0013649313436192715,0.33452210739011573,0.2203110662982311
82.01084123015377,0.000145121035957633,0.0012193509845772942,0.001364472020534927,0.33451681308878484,0.220341558380191
82.03584423052882,0.00014503365405490386,0.0012189793490634446,0.0013640130031183485,0.3345115218527348,0.22037204116731426
82.06084723090386,0.00014494635105147447,0.0012186079400157651,0.0013635542910672396,0.33450623367930254,0.22040251466526578
82.08585023127891,0.0001448591268523865,0.0012182367572273138,0.0013630958840797002,0.3345009485658284,0.22043297887970534
82.11085323165396,0.0001447719813628245,0.0012178658004914006,0.0013626377818542251,0.3344956665096557,0.2204634338162875
82.135856232029,0.00014468491448811567,0.0012174950696015878,0.0013621799840897034,0.3344903875081307,0.22049387948066163
82.16085923240405,0.00014459792613372925,0.0012171245643516882,0.0013617224904854174,0.33448511155860294,0.22052431587847204
82.1858622327791,0.00014451101620527673,0.0012167542845357658,0.0013612653007410425,0.33447983865842484,0.22055474301535782
82.21086523315415,0.00014442418460851138,0.0012163842299481354,0.0013608084145566468,0.33447456880495213,0.22058516089695293
82.23586823352919,0.0001443374312493279,0.001216014400383362,0.0013603518316326899,0.33446930199554337,0.22061556952888614
82.26087123390424,0.00014425075603376232,0.0012156447956362592,0.0013598955516700216,0.33446403822756016,0.22064596891678118
82.28587423427929,0.00014416415886799172,0.0012152754155018916,0.0013594395743698833,0.33445877749836733,0.22067635906625657
82.31087723465433,0.0001440776396583339,0.001214906259775572,0.0013589838994339058,0.33445351980533267,0.22070673998292575
82.33588023502938,0.00014399119831124717,0.0012145373282528614,0.0013585285265641086,0.334448265145827,0.22073711167239707
82.36088323540443,0.00014390483473333013,0.00121416862072957,0.0013580734554629,0.3344430135172241,0.22076747414027373
82.38588623577948,0.0001438185488313214,0.0012138001370017553,0.0013576186858330766,0.3344377649169009,0.2207978273921538
82.41088923615452,0.0001437323405120994,0.0012134318768657227,0.001357164217377822,0.33443251934223744,0.22082817143363032
82.43589223652957,0.0001436462096826819,0.0012130638401180239,0.0013567100498007058,0.3344272767906165,0.22085850627029122
82.46089523690462,0.00014356015625022607,0.0012126960265554584,0.0013562561828056846,0.3344220372594242,0.22088883190771932
82.48589823727966,0.00014347418012202807,0.0012123284359750715,0.0013558026160970997,0.3344168007460494,0.22091914835149237
82.5109012376547,0.00014338828120552272,0.0012119610681741544,0.0013553493493796771,0.3344115672478841,0.2209494556071831
82.53590423802976,0.00014330245940828343,0.0012115939229502442,0.0013548963823585276,0.3344063367623233,0.22097975368035913
82.56090723840481,0.00014321671463802187,0.0012112270001011232,0.001354443714739145,0.33440110928676503,0.221010042576583
82.58591023877985,0.00014313104680258772,0.0012108602994248187,0.0013539913462274065,0.33439588481861027,0.2210403223014122
82.6109132391549,0.0001430454558099684,0.0012104938207196019,0.0013535392765295703,0.33439066335526296,0.22107059286039926
82.63591623952995,0.0001429599415682888,0.0012101275637839892,0.001353087505352278,0.3343854448941302,0.22110085425909157
82.66091923990498,0.00014287450398581117,0.00120976152841674,0.001352636032402551,0.33438022943262175,0.2211311065030315
82.68592224028004,0.00014278914297093475,0.001209395714416857,0.0013521848573877918,0.33437501696815075,0.22116134959775643
82.71092524065509,0.0001427038584321955,0.0012090301215835866,0.001351733980015782,0.334369807498133,0.2211915835487987
82.73592824103012,0.00014261865027826603,0.0012086647497164176,0.0013512833999946836,0.3343646010199874,0.22122180836168562
82.76093124140517,0.00014253351841795513,0.0012082995986150806,0.0013508331170330357,0.3343593975311358,0.22125202404193953
82.78593424178023,0.0001424484627602076,0.0012079346680795488,0.0013503831308397565,0.33435419702900304,0.2212822305950777
82.81093724215528,0.00014236348321410426,0.001207569957910037,0.0013499334411241413,0.33434899951101693,0.2213124280266125
82.83594024253031,0.0001422785796888613,0.0012072054679070007,0.0013494840475958621,0.3343438049746081,0.22134261634205116
82.86094324290536,0.00014219375209383018,0.0012068411978711365,0.0013490349499649668,0.3343386134172103,0.22137279554689607
82.88594624328042,0.00014210900033849756,0.0012064771476033814,0.001348586147941879,0.3343334248362601,0.22140296564664458
82.91094924365545,0.00014202432433248498,0.0012061133169049129,0.001348137641237398,0.33432823922919713,0.22143312664678905
82.9359522440305,0.00014193972398554835,0.0012057497055771476,0.001347689429562696,0.3343230565934639,0.2214632785528169
82.96095524440555,0.00014185519920757812,0.0012053863134217422,0.0013472415126293204,0.33431787692650583,0.22149342137021055
82.9859582447806,0.00014177074990859878,0.0012050231402405919,0.0013467938901491907,0.3343127002257712,0.22152355510444752
83.01096124515564,0.00014168637599876874,0.001204660185835831,0.0013463465618346,0.3343075264887115,0.22155367976100032
83.03596424553069,0.00014160207738837994,0.0012042974500098315,0.0013458995273982115,0.33430235571278066,0.2215837953453366
83.06096724590574,0.00014151785398785783,0.0012039349325652041,0.0013454527865530619,0.33429718789543605,0.22161390186291896
83.08597024628078,0.00014143370570776097,0.0012035726333047968,0.0013450063390125578,0.33429202303413763,0.22164399931920514
83.11097324665583,0.00014134963245878077,0.0012032105520316946,0.0013445601844904753,0.33428686112634837,0.22167408771964797
83.13597624703088,0.0001412656341517414,0.0012028486885492194,0.0013441143227009608,0.33428170216953407,0.22170416706969528
83.16097924740593,0.0001411817106975995,0.0012024870426609303,0.0013436687533585298,0.33427654616116353,0.22173423737479006
83.18598224778097,0.00014109786200744388,0.001202125614170622,0.0013432234761780659,0.3342713930987084,0.22176429864037034
83.21098524815602,0.00014101408799249522,0.0012017644028823249,0.0013427784908748202,0.3342662429796432,0.22179435087186933
83.23598824853107,0.00014093038856410612,0.001201403408600305,0.0013423337971644111,0.3342610958014453,0.22182439407471524
83.26099124890611,0.00014084676363376064,0.001201042631129064,0.0013418893947628246,0.33425595156159515,0.2218544282543314
83.28599424928116,0.00014076321311307395,0.0012006820702733373,0.0013414452833864113,0.33425081025757586,0.22188445341613638
83.31099724965621,0.00014067973691379244,0.0012003217258380954,0.001341001462751888,0.3342456718868735,0.22191446956554373
83.33600025003126,0.00014059633494779324,0.0011999615976285428,0.001340557932576336,0.334240536446977,0.22194447670796216
83.3610032504063,0.00014051300712708407,0.001199601685450118,0.001340114692577202,0.3342354039353781,0.22197447484879554
83.38600625078135,0.00014042975336380292,0.001199241989108492,0.0013396717424722948,0.33423027434957164,0.22200446399344287
83.4110092511564,0.00014034657357021795,0.001198882508409569,0.001339229081979787,0.33422514768705497,0.2220344441472983
83.43601225153144,0.0001402634676587272,0.001198523243159487,0.0013387867108182142,0.33422002394532857,0.2220644153157511
83.46101525190649,0.00014018043554185828,0.001198164193164615,0.0013383446287064732,0.3342149031218956,0.22209437750418576
83.48601825228154,0.00014009747713226834,0.0011978053582315541,0.0013379028353638226,0.33420978521426226,0.22212433071798185
83.51102125265659,0.00014001459234274356,0.0011974467381671379,0.0013374613305098815,0.3342046702199373,0.22215427496251414
83.53602425303163,0.00013993178108619926,0.0011970883327784305,0.0013370201138646297,0.33419955813643265,0.22218421024315257
83.56102725340668,0.00013984904327567931,0.0011967301418727267,0.001336579185148406,0.3341944489612627,0.22221413656526232
83.58603025378173,0.00013976637882435618,0.0011963721652575527,0.0013361385440819088,0.33418934269194506,0.22224405393420368
83.61103325415677,0.00013968378764553062,0.0011960144027406646,0.0013356981903861953,0.3341842393259999,0.22227396235533212
83.63603625453182,0.00013960126965263133,0.001195656854130048,0.0013352581237826792,0.33417913886095024,0.2223038618339984
83.66103925490687,0.00013951882475921488,0.0011952995192339184,0.0013348183439931332,0.3341740412943221,0.22233375237554837
83.68604225528192,0.00013943645287896547,0.0011949423978607206,0.001334378850739686,0.3341689466236441,0.22236363398532316
83.71104525565696,0.0001393541539256947,0.001194585489819128,0.0013339396437448226,0.33416385484644767,0.22239350666865906
83.736048256032,0.00013927192781334113,0.0011942287949180425,0.0013335007227313837,0.3341587659602673,0.22242337043088767
83.76105125640706,0.0001391897744559704,0.0011938723129665944,0.0013330620874225647,0.33415367996264,0.22245322527733571
83.7860542567821,0.0001391076937677748,0.0011935160437741418,0.0013326237375419167,0.3341485968511057,0.2224830712133252
83.81105725715715,0.00013902568566307298,0.00119315998715027,0.001332185672813343,0.3341435166232072,0.22251290824417336
83.8360602575322,0.00013894375005631002,0.0011928041429047917,0.0013317478929611016,0.3341384392764898,0.22254273637519267
83.86106325790723,0.0001388618868620569,0.0011924485108477465,0.0013313103977098035,0.334133364808502,0.22257255561169084
83.88606625828228,0.00013878009599501039,0.0011920930907894003,0.0013308731867844106,0.3341282932167947,0.22260236595897087
83.91106925865734,0.00013869837736999285,0.0011917378825402453,0.0013304362599102382,0.334123224498922,0.22263216742233097
83.93607225903239,0.00013861673090195204,0.001191382885910999,0.001329999616812951,0.33411815865244027,0.22266196000706465
83.96107525940742,0.00013853515650596082,0.0011910281007126056,0.0013295632572185665,0.33411309567490904,0.22269174371846068
83.98607825978247,0.0001384536540972169,0.0011906735267562328,0.0013291271808534497,0.33410803556389046,0.2227215185618031
84.01108126015752,0.00013837222359104276,0.001190319163853274,0.0013286913874443168,0.33410297831694935,0.22275128454237125
84.03608426053256,0.0001382908649028854,0.0011899650118153474,0.0013282558767182327,0.33409792393165355,0.22278104166543972
84.06108726090761,0.00013820957794831586,0.0011896110704542944,0.0013278206484026102,0.3340928724055734,0.22281078993627845
84.08609026128266,0.0001381283626430294,0.001189257339582181,0.0013273857022252104,0.3340878237362821,0.2228405293601526
84.11109326165771,0.00013804721890284504,0.0011889038190112961,0.0013269510379141413,0.33408277792135566,0.22287025994232273
84.13609626203275,0.00013796614664370545,0.0011885505085541526,0.001326516655197858,0.3340777349583727,0.22289998168804462
84.1610992624078,0.0001378851457816765,0.0011881974080234846,0.0013260825538051611,0.33407269484491453,0.22292969460256942
84.18610226278285,0.00013780421623294742,0.0011878445172322503,0.0013256487334651977,0.3340676575785655,0.22295939869114356
84.21110526315789,0.0001377233579138303,0.0011874918359936295,0.0013252151939074598,0.33406262315691243,0.22298909395900884
84.23610826353294,0.00013764257074075988,0.001187139364121023,0.001324781934861783,0.3340575915775449,0.22301878041140238
84.26111126390799,0.00013756185463029353,0.0011867871014280545,0.0013243489560583479,0.33405256283805523,0.2230484580535566
84.28611426428304,0.0001374812094991109,0.0011864350477285676,0.0013239162572276785,0.33404753693603856,0.22307812689069934
84.31111726465808,0.0001374006352640137,0.0011860832028366278,0.0013234838381006415,0.3340425138690926,0.22310778692805366
84.33612026503313,0.00013732013184192542,0.0011857315665665198,0.0013230516984084452,0.33403749363481783,0.22313743817083814
84.36112326540818,0.00013723969914989132,0.0011853801387327499,0.0013226198378826412,0.33403247623081755,0.22316708062426657
84.38612626578322,0.00013715933710507812,0.0011850289191500433,0.0013221882562551215,0.3340274616546975,0.22319671429354818
84.41112926615827,0.00013707904562477356,0.0011846779076333446,0.0013217569532581182,0.3340224499040664,0.2232263391838876
84.43613226653332,0.00013699882462638662,0.0011843271039978184,0.001321325928624205,0.33401744097653546,0.22325595530048475
84.46113526690837,0.00013691867402744698,0.0011839765080588476,0.0013208951820862945,0.3340124348697187,0.223285562648535
84.48613826728341,0.00013683859374560492,0.001183626119632034,0.001320464713377639,0.33400743158123286,0.22331516123322903
84.51114126765846,0.00013675858369863108,0.001183275938533197,0.0013200345222318282,0.33400243110869726,0.22334475105975304
84.53614426803351,0.00013667864380441624,0.0011829259645783745,0.0013196046083827906,0.3339974334497339,0.22337433213328853
84.56114726840855,0.00013659877398097128,0.0011825761975838218,0.001319174971564793,0.33399243860196764,0.22340390445901237
84.5861502687836,0.00013651897414642658,0.0011822266373660113,0.001318745611512438,0.33398744656302576,0.22343346804209696
84.61115326915865,0.00013643924421903226,0.0011818772837416324,0.0013183165279606647,0.33398245733053833,0.22346302288771003
84.6361562695337,0.00013635958411715765,0.0011815281365275911,0.0013178877206447487,0.33397747090213814,0.22349256900101472
84.66115926990874,0.00013627999375929133,0.0011811791955410103,0.0013174591893003016,0.3339724872754606,0.22352210638716963
84.68616227028379,0.0001362004730640406,0.001180830460599228,0.0013170309336632685,0.3339675064481437,0.2235516350513288
84.71116527065884,0.00013612102195013158,0.0011804819315197979,0.0013166029534699294,0.33396252841782825,0.22358115499864167
84.73616827103388,0.00013604164033640886,0.0011801336081204896,0.0013161752484568984,0.33395755318215753,0.22361066623425316
84.76117127140893,0.0001359623281418353,0.0011797854902192873,0.0013157478183611225,0.3339525807387776,0.2236401687633036
84.78617427178398,0.00013588308528549183,0.0011794375776343902,0.001315320662919882,0.33394761108533705,0.22366966259092877
84.81117727215903,0.00013580391168657727,0.0011790898701842117,0.001314893781870789,0.33394264421948733,0.22369914772225996
84.83618027253407,0.00013572480726440817,0.0011787423676873794,0.0013144671749517876,0.33393768013888225,0.22372862416242384
84.86118327290912,0.00013564577193841837,0.0011783950699627342,0.0013140408419011526,0.33393271884117837,0.22375809191654264
84.88618627328417,0.0001355668056281591,0.0011780479768293312,0.0013136147824574904,0.33392776032403504,0.223787550989734
84.9111892736592,0.00013548790825329863,0.0011777010881064381,0.0013131889963597368,0.3339228045851139,0.22381700138711103
84.93619227403425,0.00013540907973362198,0.0011773544036135352,0.0013127634833471572,0.33391785162207954,0.2238464431137824
84.9611952744093,0.00013533031998903098,0.001177007923170316,0.001312338243159347,0.33391290143259894,0.2238758761748522
84.98619827478434,0.00013525162893954373,0.0011766616465966858,0.0013119132755362295,0.33390795401434176,0.22390530057542
85.0112012751594,0.00013517300650529458,0.0011763155737127614,0.0013114885802180559,0.3339030093649804,0.22393471632058093
85.03620427553444,0.00013509445260653406,0.001175969704338872,0.0013110641569454061,0.3338980674821897,0.2239641234154256
85.0612072759095,0.0001350159671636284,0.0011756240382955572,0.0013106400054591855,0.3338931283636471,0.22399352186504012
85.08621027628453,0.0001349375500970595,0.0011752785754035686,0.001310216125500628,0.33388819200703285,0.2240229116745061
85.11121327665958,0.00013485920132742463,0.0011749333154838669,0.0013097925168112914,0.3338832584100295,0.22405229284890077
85.13621627703463,0.00013478092077543635,0.0011745882583576246,0.001309369179133061,0.3338783275703225,0.22408166539329674
85.16121927740967,0.00013470270836192229,0.0011742434038462236,0.0013089461122081458,0.33387339948559963,0.22411102931276222
85.18622227778472,0.00013462456400782475,0.0011738987517712549,0.0013085233157790796,0.3338684741535513,0.22414038461236102
85.21122527815977,0.0001345464876342008,0.0011735543019545202,0.001308100789588721,0.3338635515718707,0.22416973129715237
85.23622827853482,0.00013446847916222184,0.0011732100542180292,0.001307678533380251,0.3338586317382534,0.22419906937219114
85.26123127890986,0.00013439053851317363,0.0011728660083840012,0.0013072565468971748,0.3338537146503976,0.22422839884252768
85.28623427928491,0.0001343126656084558,0.001172522164274863,0.001306834829883319,0.33384880030600406,0.224257719713208
85.31123727965996,0.00013423486036958182,0.0011721785217132504,0.0013064133820828321,0.3338438887027761,0.22428703198927355
85.336240280035,0.00013415712271817897,0.001171835080522007,0.001305992203240186,0.3338389798384197,0.22431633567576145
85.36124328041005,0.00013407945257598776,0.0011714918405241834,0.0013055712931001712,0.33383407371064333,0.22434563077770434
85.3862462807851,0.00013400184986486204,0.001171148801543038,0.0013051506514079,0.333829170317158,0.22437491730013046
85.41124928116015,0.0001339243145067687,0.001170805963402036,0.0013047302779088045,0.3338242696556772,0.2244041952480636
85.43625228153519,0.00013384684642378744,0.0011704633259248492,0.0013043101723486366,0.3338193717239171,0.22443346462652314
85.46125528191024,0.0001337694455381106,0.0011701208889353554,0.001303890334473466,0.33381447651959645,0.22446272544052412
85.48625828228529,0.0001336921117720431,0.0011697786522576394,0.0013034707640296826,0.3338095840404364,0.22449197769507714
85.51126128266033,0.00013361484504800192,0.001169436615715991,0.0013030514607639929,0.3338046942841607,0.22452122139518838
85.53626428303538,0.00013353764528851623,0.0011690947791349055,0.0013026324244234217,0.33379980724849573,0.22455045654585964
85.56126728341043,0.000133460512416227,0.0011687531423390835,0.0013022136547553105,0.33379492293117025,0.22457968315208834
85.58627028378548,0.000133383446353887,0.0011684117051534303,0.0013017951515073172,0.3337900413299155,0.22460890121886756
85.61127328416052,0.00013330644702436043,0.0011680704674030561,0.0013013769144274165,0.3337851624424656,0.22463811075118592
85.63627628453557,0.00013322951435062265,0.001167729428913275,0.0013009589432638976,0.33378028626655676,0.22466731175402774
85.66127928491062,0.00013315264825576023,0.001167388589509605,0.0013005412377653652,0.33377541279992795,0.22469650423237295
85.68628228528566,0.00013307584866297073,0.0011670479490177683,0.001300123797680739,0.3337705420403206,0.2247256881911971
85.71128528566071,0.00013299911549556222,0.0011667075072636895,0.0012997066227592518,0.3337656739854787,0.22475486363547142
85.73628828603576,0.00013292244867695347,0.0011663672640734972,0.0012992897127504506,0.33376080863314855,0.2247840305701628
85.76129128641081,0.00013284584813067345,0.0011660272192735223,0.0012988730674041958,0.3337559459810793,0.22481318900023375
85.78629428678585,0.00013276931378036145,0.0011656873726902984,0.00129845668647066,0.3337510860270223,0.22484233893064243
85.8112972871609,0.00013269284554976644,0.0011653477241505609,0.0012980405697003274,0.33374622876873156,0.22487148036634272
85.83630028753595,0.0001326164433627474,0.0011650082734812473,0.0012976247168439948,0.33374137420396344,0.22490061331228411
85.86130328791099,0.00013254010714327274,0.0011646690205094972,0.00129720912765277,0.3337365223304769,0.2249297377734118
85.88630628828604,0.00013246383681542032,0.0011643299650626502,0.0012967938018780705,0.3337316731460334,0.22495885375466668
85.91130928866109,0.00013238763230337714,0.0011639911069682481,0.0012963787392716252,0.33372682664839687,0.2249879612609853
85.93631228903612,0.00013231149353143924,0.0011636524460540332,0.0012959639395854724,0.3337219828353336,0.2250170602972999
85.96131528941117,0.00013223542042401144,0.0011633139821479474,0.0012955494025719588,0.33371714170461253,0.22504615086853844
85.98631828978623,0.0001321594129056072,0.001162975715078134,0.0012951351279837412,0.33371230325400497,0.22507523297962453
86.01132129016128,0.0001320834709008485,0.0011626376446729348,0.0012947211155737834,0.3337074674812847,0.22510430663547756
86.03632429053631,0.0001320075943344655,0.0011622997707608925,0.001294307365095358,0.3337026343842281,0.2251333718410126
86.06132729091136,0.00013193178313129636,0.0011619620931707477,0.0012938938763020441,0.33369780396061377,0.22516242860114039
86.08633029128642,0.00013185603721628723,0.0011616246117314409,0.001293480648947728,0.3336929762082229,0.22519147692076746
86.11133329166145,0.000131780356514492,0.001161287326272111,0.001293067682786603,0.33368815112483924,0.22522051680479602
86.1363362920365,0.00013170474095107186,0.0011609502366220954,0.0012926549775731672,0.33368332870824885,0.22524954825812402
86.16133929241155,0.00013162919045129555,0.001160613342610929,0.0012922425330622244,0.3336785089562402,0.22527857128564516
86.1863422927866,0.00013155370494053877,0.0011602766440683455,0.0012918303490088844,0.33367369186660445,0.22530758589224886
86.21134529316164,0.00013147828434428442,0.0011599401408242756,0.00129141842516856,0.3336688774371349,0.22533659208282028
86.2363482935367,0.00013140292858812184,0.0011596038327088467,0.0012910067612969685,0.3336640656656275,0.22536558986224037
86.26135129391174,0.00013132763759774723,0.001159267719552384,0.0012905953571501314,0.3336592565498805,0.2253945792353858
86.28635429428678,0.00013125241129896315,0.0011589318011854092,0.0012901842124843723,0.3336544500876947,0.225423560207129
86.31135729466183,0.00013117724961767818,0.0011585960774386402,0.0012897733270563184,0.3336496462768732,0.2254525327823382
86.33636029503688,0.00013110215247990722,0.0011582605481429908,0.001289362700622898,0.33364484511522174,0.22548149696587738
86.36136329541193,0.00013102711981177086,0.0011579252131295708,0.0012889523329413417,0.3336400466005482,0.22551045276260628
86.38636629578697,0.00013095215153949549,0.001157590072229686,0.0012885422237691815,0.3336352507306631,0.22553940017738042
86.41136929616202,0.00013087724758941276,0.0011572551252748368,0.0012881323728642495,0.3336304575033792,0.22556833921505112
86.43637229653707,0.00013080240788795988,0.0011569203720967185,0.0012877227799846784,0.33362566691651196,0.22559726988046547
86.46137529691211,0.00013072763236167916,0.0011565858125272218,0.0012873134448889009,0.33362087896787884,0.22562619217846636
86.48637829728716,0.0001306529209372177,0.001156251446398431,0.0012869043673356488,0.33361609365530004,0.22565510611389253
86.51138129766221,0.0001305782735413275,0.0011559172735426252,0.0012864955470839527,0.333611310976598,0.22568401169157845
86.53638429803726,0.00013050369010086517,0.0011555832937922767,0.001286086983893142,0.33360653092959763,0.22571290891635445
86.5613872984123,0.00013042917054279174,0.0011552495069800522,0.001285678677522844,0.33360175351212623,0.22574179779304662
86.58639029878735,0.00013035471479417237,0.0011549159129388106,0.001285270627732983,0.33359697872201344,0.22577067832647696
86.6113932991624,0.00013028032278217632,0.0011545825115016044,0.0012848628342837808,0.3335922065570913,0.2257995505214632
86.63639629953744,0.00013020599443407688,0.0011542493025016793,0.0012844552969357563,0.3335874370151943,0.2258284143828189
86.66139929991249,0.00013013172967725077,0.0011539162857724724,0.0012840480154497232,0.3335826700941592,0.22585726991535354
86.68640230028754,0.00013005752843917845,0.0011535834611476137,0.0012836409895867922,0.3335779057918253,0.22588611712387238
86.71140530066259,0.00012998339064744364,0.0011532508284609248,0.0012832342191083685,0.3335731441060341,0.22591495601317652
86.73640830103763,0.00012990931622973326,0.0011529183875464194,0.0012828277037761526,0.33356838503462966,0.22594378658806288
86.76141130141268,0.0001298353051138372,0.0011525861382383014,0.0012824214433521386,0.3335636285754581,0.22597260885332432
86.78641430178773,0.00012976135722764823,0.001152254080370967,0.0012820154375986152,0.33355887472636836,0.2260014228137495
86.81141730216277,0.00012968747249916164,0.0011519222137790028,0.0012816096862781645,0.3335541234852114,0.22603022847412288
86.83642030253782,0.0001296136508564753,0.0011515905382971853,0.0012812041891536606,0.33354937484984054,0.22605902583922494
86.86142330291287,0.0001295398922277893,0.0011512590537604821,0.0012807989459882715,0.3335446288181117,0.2260878149138319
86.88642630328792,0.00012946619654140594,0.0011509277600040503,0.0012803939565454562,0.3335398853878828,0.2261165957027159
86.91142930366296,0.00012939256372572938,0.0011505966568632368,0.0012799892205889662,0.33353514455701455,0.22614536821064493
86.93643230403801,0.00012931899370926557,0.001150265744173578,0.0012795847378828434,0.3335304063233696,0.22617413244238296
86.96143530441306,0.00012924548642062204,0.001149935021770799,0.0012791805081914212,0.33352567068481326,0.22620288840268976
86.9864383047881,0.0001291720417885078,0.0011496044894908147,0.0012787765312793225,0.33352093763921287,0.226231636096321
87.01144130516315,0.00012909865974173305,0.0011492741471697274,0.0012783728069114605,0.3335162071844383,0.2262603755280283
87.0364443055382,0.00012902534020920912,0.0011489439946438286,0.0012779693348530378,0.33351147931836184,0.22628910670255917
87.06144730591323,0.0001289520831199482,0.0011486140317495978,0.0012775661148695461,0.33350675403885793,0.22631782962465696
87.08645030628828,0.00012887888840306321,0.001148284258323702,0.001277163146726765,0.33350203134380335,0.22634654429906104
87.11145330666334,0.00012880575598776768,0.0011479546742029954,0.001276760430190763,0.33349731123107734,0.22637525073050663
87.13645630703839,0.00012873268580337554,0.0011476252792245204,0.001276357965027896,0.3334925936985613,0.22640394892372487
87.16145930741342,0.00012865967777930085,0.001147296073225506,0.001275955751004807,0.3334878787441391,0.22643263888344287
87.18646230778847,0.0001285867318450578,0.0011469670560433673,0.001275553787888425,0.33348316636569675,0.22646132061438365
87.21146530816353,0.0001285138479302604,0.0011466382275157065,0.0012751520754459668,0.3334784565611228,0.22648999412126616
87.23646830853856,0.0001284410259646225,0.001146309587480312,0.0012747506134449347,0.3334737493283079,0.2265186594088053
87.26147130891361,0.00012836826587795725,0.0011459811357751577,0.001274349401653115,0.3334690446651451,0.22654731648171195
87.28647430928866,0.00012829556760017742,0.0011456528722384033,0.0012739484398385807,0.3334643425695297,0.22657596534469288
87.31147730966372,0.00012822293106129487,0.001145324796708394,0.0012735477277696888,0.3334596430393594,0.22660460600245083
87.33648031003875,0.0001281503561914205,0.0011449969090236605,0.001273147265215081,0.33345494607253406,0.22663323845968453
87.3614833104138,0.00012807784292076407,0.0011446692090229173,0.0012727470519436814,0.333450251666956,0.22666186272108865
87.38648631078885,0.00012800539117963406,0.0011443416965450644,0.0012723470877246984,0.33344555982052965,0.22669047879135387
87.41148931116389,0.00012793300089843746,0.0011440143714291859,0.0012719473723276234,0.3334408705311619,0.22671908667516677
87.43649231153894,0.0001278606720076796,0.0011436872335145495,0.001271547905522229,0.33343618379676165,0.22674768637721
87.46149531191399,0.0001277884044379641,0.0011433602826406075,0.0012711486870785715,0.3334314996152405,0.2267762779021621
87.48649831228904,0.0001277161981199925,0.0011430335186469953,0.0012707497167669878,0.33342681798451196,0.22680486125469765
87.51150131266408,0.0001276440529845643,0.0011427069413735315,0.0012703509943580958,0.3334221389024919,0.22683343643948722
87.53650431303913,0.0001275719689625766,0.0011423805506602176,0.0012699525196227942,0.3334174623670986,0.2268620034611974
87.56150731341418,0.00012749994598502414,0.0011420543463472382,0.0012695542923322623,0.33341278837625254,0.22689056232449073
87.58651031378922,0.00012742798398299895,0.0011417283282749607,0.0012691563122579595,0.3334081169278763,0.22691911303402576
87.61151331416427,0.00012735608288769027,0.0011414024962839333,0.0012687585791716237,0.333403448019895,0.22694765559445712
87.63651631453932,0.0001272842426303844,0.0011410768502148878,0.0012683610928452722,0.33339878165023584,0.2269761900104354
87.66151931491437,0.0001272124631424645,0.001140751389908737,0.0012679638530512015,0.33339411781682826,0.2270047162866072
87.68652231528941,0.00012714074435541057,0.0011404261152065751,0.0012675668595619857,0.333389456517604,0.22703323442761517
87.71152531566446,0.00012706908620079886,0.0011401010259496774,0.0012671701121504764,0.3333847977504971,0.22706174443809798
87.73652831603951,0.00012699748861030226,0.0011397761219795006,0.0012667736105898028,0.33338014151344386,0.22709024632269034
87.76153131641455,0.00012692595151568984,0.0011394514031376817,0.0012663773546533715,0.33337548780438264,0.22711874008602298
87.7865343167896,0.00012685447484882663,0.0011391268692660381,0.0012659813441148649,0.3333708366212543,0.22714722573272272
87.81153731716465,0.00012678305854167362,0.0011388025202065677,0.0012655855787482412,0.3333661879620016,0.22717570326741238
87.8365403175397,0.00012671170252628755,0.0011384783558014476,0.0012651900583277352,0.33336154182456995,0.22720417269471083
87.86154331791474,0.00012664040673482076,0.0011381543758930356,0.0012647947826278563,0.33335689820690667,0.22723263401923302
87.88654631828979,0.00012656917109952085,0.0011378305803238678,0.0012643997514233886,0.3333522571069615,0.22726108724558997
87.91154931866484,0.00012649799555273088,0.0011375069689366602,0.0012640049644893911,0.3333476185226862,0.22728953237838873
87.93655231903988,0.00012642688002688886,0.0011371835415743077,0.0012636104216011965,0.3333429824520349,0.22731796942223242
87.96155531941493,0.0001263558244545277,0.0011368602980798828,0.0012632161225344105,0.333338348892964,0.2273463983817203
87.98655831978998,0.0001262848287682752,0.0011365372382966378,0.001262822067064913,0.3333337178434319,0.22737481926144762
88.01156132016501,0.00012621389290085378,0.0011362143620680023,0.001262428254968856,0.33332908930139954,0.22740323206600577
88.03656432054007,0.00012614301678508014,0.0011358916692375837,0.0012620346860226638,0.33332446326482973,0.2274316367999822
88.06156732091512,0.00012607220035386538,0.0011355691596491673,0.0012616413600030326,0.33331983973168766,0.2274600334679605
88.08657032129017,0.0001260014435402148,0.001135246833146716,0.0012612482766869307,0.3333152186999408,0.22748842207452027
88.1115733216652,0.00012593074627722758,0.0011349246895743692,0.0012608554358515967,0.3333106001675586,0.22751680262423726
88.13657632204026,0.00012586010849809667,0.0011346027287764437,0.0012604628372745405,0.3333059841325129,0.22754517512168337
88.1615793224153,0.0001257895301361088,0.0011342809505974322,0.001260070480733541,0.3333013705927776,0.22757353957142654
88.18658232279034,0.0001257190111246442,0.001133959354882005,0.0012596783660066492,0.3332967595463289,0.22760189597803082
88.2115853231654,0.00012564855139717628,0.001133637941475007,0.0012592864928721833,0.3332921509911452,0.22763024434605647
88.23658832354045,0.0001255781508872718,0.00113331671022146,0.0012588948611087318,0.3332875449252069,0.22765858468005976
88.2615913239155,0.0001255078095285905,0.0011329956609665614,0.0012585034704951517,0.3332829413464968,0.22768691698459315
88.28659432429053,0.00012543752725488501,0.0011326747935556836,0.0012581123208105687,0.33327834025299985,0.2277152412642052
88.31159732466558,0.00012536730400000064,0.0011323541078343737,0.0012577214118343744,0.333273741642703,0.22774355752344067
88.33660032504064,0.00012529713969787525,0.0011320336036483546,0.0012573307433462297,0.3332691455135956,0.2277718657668404
88.36160332541567,0.00012522703428253918,0.0011317132808435235,0.0012569403151260626,0.333264551863669,0.22780016599894135
88.38660632579072,0.0001251569876881149,0.0011313931392659513,0.0012565501269540661,0.3332599606909168,0.22782845822427675
88.41160932616577,0.00012508699984881719,0.001131073178761884,0.0012561601786107012,0.33325537199333477,0.22785674244737583
88.43661232654082,0.0001250170706989525,0.0011307533991777412,0.0012557704698766938,0.33325078576892087,0.2278850186727641
88.46161532691586,0.0001249472001729193,0.0011304338003601158,0.001255381000533035,0.33324620201567506,0.22791328690496312
88.48661832729091,0.00012487738820520753,0.001130114382155774,0.0012549917703609816,0.33324162073159963,0.22794154714849077
88.51162132766596,0.00012480763473039872,0.0011297951444116559,0.0012546027791420545,0.333237041914699,0.22796979940786094
88.536624328041,0.00012473793968316573,0.0011294760869748738,0.0012542140266580395,0.3332324655629797,0.22799804368758378
88.56162732841605,0.00012466830299827245,0.0011291572096927126,0.001253825512690985,0.3332278916744503,0.22802627999216563
88.5866303287911,0.00012459872461057395,0.0011288385124126304,0.0012534372370232043,0.3332233202471218,0.22805450832610896
88.61163332916615,0.00012452920445501608,0.0011285199949822567,0.0012530491994372727,0.33321875127900713,0.22808272869391247
88.63663632954119,0.00012445974246663553,0.0011282016572493933,0.001252661399716029,0.3332141847681213,0.22811094110007102
88.66163932991624,0.00012439033858055936,0.0011278834990620134,0.0012522738376425729,0.33320962071248167,0.22813914554907572
88.68664233029129,0.00012432099273200522,0.001127565520268262,0.001251886513000267,0.3332050591101075,0.22816734204541383
88.71164533066633,0.00012425170485628095,0.0011272477207164549,0.0012514994255727358,0.33320049995902046,0.2281955305935688
88.73664833104138,0.00012418247488878444,0.0011269301002550791,0.0012511125751438635,0.33319594325724405,0.2282237111980204
88.76165133141643,0.00012411330276500363,0.0011266126587327922,0.0012507259614977957,0.3331913890028041,0.2282518838632445
88.78665433179148,0.0001240441884205163,0.0011262953959984227,0.001250339584418939,0.33318683719372855,0.2282800485937132
88.81165733216652,0.00012397513179098984,0.0011259783119009687,0.0012499534436919587,0.33318228782804726,0.22830820539389485
88.83666033254157,0.00012390613281218108,0.0011256614062895988,0.0012495675391017797,0.3331777409037925,0.22833635426825405
88.86166333291662,0.00012383719141993634,0.0011253446790136508,0.001249181870433587,0.3331731964189984,0.2283644952212516
88.88666633329166,0.0001237683075501911,0.001125028129922633,0.001248796437472824,0.3331686543717014,0.2283926282573445
88.91166933366671,0.00012369948113896988,0.0011247117588662214,0.0012484112400051913,0.3331641147599399,0.22842075338098608
88.93667233404176,0.00012363071212238608,0.0011243955656942625,0.0012480262778166485,0.3331595775817544,0.22844887059662583
88.96167533441681,0.000123562000436642,0.0011240795502567714,0.0012476415506934135,0.33315504283518776,0.22847697990870955
88.98667833479185,0.00012349334601802854,0.0011237637124039313,0.0012472570584219599,0.33315051051828454,0.2285050813216792
89.0116813351669,0.00012342474880292487,0.0011234480519860934,0.0012468728007890182,0.3331459806290917,0.22853317483997315
89.03668433554195,0.00012335620872779872,0.0011231325688537779,0.0012464887775815766,0.33314145316565813,0.22856126046802588
89.06168733591699,0.0001232877257292059,0.0011228172628576726,0.0012461049885868784,0.33313692812603496,0.2285893382102682
89.08669033629204,0.00012321929974379024,0.0011225021338486325,0.0012457214335924228,0.3331324055082753,0.22861740807112718
89.11169333666709,0.00012315093070828346,0.0011221871816776802,0.0012453381123859637,0.33312788531043425,0.22864547005502617
89.13669633704212,0.00012308261855950507,0.001121872406196006,0.001244955024755511,0.3331233675305693,0.22867352416638478
89.16169933741718,0.0001230143632343621,0.001121557807254966,0.0012445721704893282,0.3331188521667397,0.22870157040961894
89.18670233779223,0.00012294616466984904,0.001121243384706084,0.001244189549375933,0.33311433921700695,0.22872960878914084
89.21170533816728,0.0001228780228030477,0.0011209291384010496,0.0012438071612040974,0.33310982867943456,0.2287576393093589
89.23670833854231,0.00012280993757112714,0.0011206150681917194,0.0012434250057628464,0.3331053205520882,0.22878566197467795
89.26171133891737,0.00012274190891134318,0.0011203011739301146,0.0012430430828414578,0.33310081483303544,0.22881367678949907
89.28671433929242,0.00012267393676103878,0.001119987455468424,0.0012426613922294628,0.33309631152034613,0.22884168375821962
89.31171733966745,0.0001226060210576435,0.0011196739126590005,0.001242279933716644,0.3330918106120919,0.22886968288523324
89.3367203400425,0.00012253816173867334,0.0011193605453543626,0.001241898707093036,0.33308731210634684,0.22889767417492998
89.36172334041756,0.000122470358741731,0.001119047353407194,0.001241517712148925,0.3330828160011867,0.22892565763169612
89.3867263407926,0.0001224026120045053,0.0011187343366703436,0.001241136948674849,0.3330783222946896,0.22895363325991427
89.41172934116764,0.00012233492146477136,0.0011184214949968246,0.001240756416461596,0.33307383098493537,0.22898160106396337
89.4367323415427,0.00012226728706039,0.0011181088282398138,0.001240376115300204,0.33306934207000627,0.2290095610482187
89.46173534191774,0.00012219970872930823,0.0011177963362526532,0.0012399960449819615,0.33306485554798626,0.2290375132170519
89.48673834229278,0.0001221321864095587,0.0011174840188888486,0.0012396162052984072,0.33306037141696165,0.22906545757483085
89.51174134266783,0.00012206472003925942,0.0011171718760020688,0.0012392365960413282,0.33305588967502064,0.2290933941259199
89.53674434304288,0.00012199730955661408,0.0011168599074461464,0.0012388572170027605,0.33305141032025337,0.2291213228746796
89.56174734341793,0.00012192995489991162,0.001116548113075078,0.0012384780679749895,0.33304693335075225,0.22914924382546698
89.58675034379297,0.00012186265600752613,0.0011162364927430218,0.001238099148750548,0.33304245876461147,0.2291771569826353
89.61175334416802,0.00012179541281791655,0.0011159250463042994,0.001237720459122216,0.33303798655992745,0.22920506235053428
89.63675634454307,0.00012172822526962691,0.0011156137736133955,0.0012373419988830224,0.3330335167347986,0.22923295993350995
89.66175934491811,0.00012166109330128594,0.0011153026745249562,0.001236963767826242,0.3330290492873252,0.2292608497359047
89.68676234529316,0.00012159401685160677,0.0011149917488937904,0.0012365857657453971,0.3330245842156098,0.2292887317620573
89.71176534566821,0.00012152699585938717,0.001114680996574868,0.0012362079924342552,0.3330201215177568,0.2293166060163029
89.73676834604326,0.00012146003026350925,0.0011143704174233218,0.001235830447686831,0.3330156611918726,0.22934447250297302
89.7617713464183,0.00012139312000293911,0.001114060011294445,0.001235453131297384,0.33301120323606576,0.2293723312263955
89.78677434679335,0.00012132626501672701,0.001113749778043692,0.001235076043060419,0.33300674764844673,0.22940018219089467
89.8117773471684,0.00012125946524400708,0.0011134397175266788,0.0012346991827706859,0.333002294427128,0.22942802540079119
89.83678034754344,0.00012119272062399723,0.001113129829599182,0.0012343225502231792,0.33299784357022405,0.2294558608604021
89.86178334791849,0.00012112603109599892,0.0011128201141171377,0.0012339461452131365,0.3329933950758514,0.2294836885740409
89.88678634829354,0.00012105939659939716,0.0011125105709366438,0.001233569967536041,0.3329889489421286,0.2295115085460174
89.91178934866859,0.00012099281707366022,0.001112201199913957,0.0012331940169876172,0.33298450516717604,0.22953932078063788
89.93679234904363,0.00012092629245833972,0.0011118920009054953,0.001232818293363835,0.3329800637491164,0.229567125282205
89.96179534941868,0.00012085982269307015,0.0011115829737678344,0.0012324427964609046,0.33297562468607395,0.22959492205501783
89.98679834979373,0.00012079340771756909,0.001111274118357711,0.00123206752607528,0.33297118797617525,0.22962271110337187
90.01180135016877,0.00012072704747163688,0.0011109654345320206,0.0012316924820036574,0.3329667536175489,0.22965049243155902
90.03680435054382,0.0001206607418951564,0.0011106569221478169,0.0012313176640429734,0.3329623216083253,0.22967826604386768
90.06180735091887,0.00012059449092809324,0.001110348581062313,0.0012309430719904062,0.3329578919466367,0.22970603194458256
90.08681035129392,0.00012052829451049525,0.0011100404111328806,0.0012305687056433758,0.33295346463061776,0.22973379013798487
90.11181335166896,0.00012046215258249255,0.00110973241221705,0.0012301945647995426,0.3329490396584048,0.22976154062835222
90.13681635204401,0.00012039606508429736,0.0011094245841725082,0.0012298206492568056,0.3329446170281361,0.22978928341995872
90.16181935241906,0.00012033003195620391,0.0011091169268571013,0.0012294469588133052,0.33294019673795205,0.2298170185170749
90.1868223527941,0.00012026405313858835,0.0011088094401288332,0.0012290734932674215,0.332935778785995,0.22984474592396767
90.21182535316915,0.00012019812857190832,0.001108502123845864,0.0012287002524177723,0.3329313631704092,0.2298724656449005
90.2368283535442,0.00012013225819670323,0.001108194977866512,0.0012283272360632152,0.3329269498893409,0.22990017768413323
90.26183135391923,0.00012006644195359393,0.0011078880020492525,0.0012279544440028465,0.3329225389409383,0.2299278820459222
90.28683435429429,0.00012000067978328242,0.0011075811962527168,0.0012275818760359993,0.33291813032335155,0.22995557873452024
90.31183735466934,0.00011993497162655202,0.0011072745603356935,0.0012272095319622455,0.33291372403473274,0.22998326775417657
90.33684035504439,0.00011986931742426703,0.0011069680941571275,0.0012268374115813946,0.33290932007323604,0.23001094910913694
90.36184335541942,0.00011980371711737272,0.0011066617975761192,0.001226465514693492,0.33290491843701736,0.23003862280364354
90.38684635579448,0.000119738170646895,0.0011063556704519254,0.0012260938410988203,0.3329005191242347,0.23006628884193508
90.41184935616953,0.00011967267795394053,0.0011060497126439584,0.001225722390597899,0.33289612213304803,0.23009394722824675
90.43685235654456,0.00011960723897969653,0.0011057439240117863,0.001225351162991483,0.33289172746161916,0.23012159796681014
90.46185535691961,0.0001195418536654304,0.0011054383044151322,0.0012249801580805626,0.33288733510811186,0.23014924106185347
90.48685835729466,0.00011947652195249002,0.0011051328537138739,0.0012246093756663639,0.33288294507069194,0.23017687651760135
90.51186135766972,0.0001194112437823032,0.0011048275717680449,0.001224238815550348,0.3328785573475271,0.23020450433827494
90.53686435804475,0.00011934601909637785,0.0011045224584378325,0.0012238684775342104,0.33287417193678687,0.23023212452809186
90.5618673584198,0.00011928084783630165,0.0011042175135835784,0.00122349836141988,0.33286978883664275,0.2302597370912663
90.58687035879485,0.00011921572994374205,0.0011039127370657796,0.0012231284670095217,0.3328654080452684,0.23028734203200887
90.61187335916989,0.00011915066536044611,0.0011036081287450856,0.0012227587941055318,0.332861029560839,0.23031493935452677
90.63687635954494,0.00011908565402824027,0.0011033036884823004,0.0012223893425105407,0.332856653381532,0.2303425290630237
90.66187935992,0.0001190206958890304,0.0011029994161383817,0.0012220201120274122,0.33285227950552654,0.23037011116169984
90.68688236029504,0.0001189557908848015,0.0011026953115744404,0.0012216511024592419,0.33284790793100383,0.23039768565475197
90.71188536067008,0.00011889093895761767,0.0011023913746517403,0.0012212823136093579,0.33284353865614696,0.2304252525463733
90.73688836104513,0.0001188261400496219,0.001102087605231698,0.0012209137452813199,0.3328391716791409,0.23045281184075372
90.76189136142018,0.00011876139410303609,0.0011017840031758834,0.0012205453972789194,0.33283480699817247,0.2304803635420795
90.78689436179522,0.00011869670106016077,0.0011014805683460186,0.0012201772694061795,0.3328304446114306,0.23050790765453355
90.81189736217027,0.00011863206086337497,0.001101177300603978,0.0012198093614673529,0.3328260845171059,0.2305354441822953
90.83690036254532,0.00011856747345513625,0.0011008741998117875,0.0012194416732669237,0.33282172671339094,0.2305629731295407
90.86190336292037,0.00011850293877798041,0.001100571265831626,0.0012190742046096065,0.33281737119848037,0.23059049450044225
90.88690636329541,0.00011843845677452148,0.0011002684985258237,0.001218706955300345,0.33281301797057056,0.23061800829916906
90.91190936367046,0.0001183740273874514,0.001099965897756861,0.0012183399251443124,0.3328086670278597,0.2306455145298868
90.93691236404551,0.00011830965055954015,0.0010996634633873713,0.0012179731139469114,0.33280431836854807,0.23067301319675762
90.96191536442055,0.0001182453262336355,0.0010993611952801383,0.0012176065215137738,0.3327999719908378,0.23070050430394032
90.9869183647956,0.00011818105435266279,0.0010990590932980963,0.001217240147650759,0.33279562789293277,0.23072798785559023
91.01192136517065,0.00011811683485962497,0.0010987571573043305,0.0012168739921639554,0.33279128607303887,0.2307554638558593
91.0369243655457,0.00011805266769760235,0.0010984553871620762,0.0012165080548596785,0.33278694652936386,0.23078293230889596
91.06192736592074,0.00011798855280975267,0.0010981537827347199,0.0012161423355444726,0.3327826092601174,0.23081039321884533
91.08693036629579,0.00011792449013931057,0.0010978523438857964,0.001215776834025107,0.33277827426351086,0.2308378465898491
91.11193336667084,0.0001178604796295879,0.0010975510704789918,0.0012154115501085798,0.3327739415377578,0.23086529242604548
91.13693636704588,0.00011779652122397344,0.0010972499623781414,0.0012150464836021147,0.3327696110810733,0.2308927307315693
91.16193936742093,0.00011773261486593261,0.0010969490194472293,0.001214681634313162,0.3327652828916746,0.23092016151055206
91.18694236779598,0.0001176687604990076,0.0010966482415503893,0.0012143170020493968,0.33276095696778063,0.23094758476712177
91.21194536817103,0.0001176049580668171,0.0010963476285519042,0.0012139525866187214,0.33275663330761224,0.2309750005054031
91.23694836854607,0.00011754120751305622,0.0010960471803162057,0.001213588387829262,0.3327523119093922,0.23100240872951727
91.26195136892112,0.00011747750878149632,0.0010957468967078732,0.0012132244054893695,0.33274799277134504,0.2310298094435822
91.28695436929617,0.00011741386181598489,0.0010954467775916355,0.0012128606394076205,0.3327436758916972,0.23105720265171237
91.3119573696712,0.00011735026656044561,0.0010951468228323693,0.0012124970893928149,0.332739361268677,0.23108458835801884
91.33696037004626,0.00011728672295887785,0.0010948470322950984,0.0012121337552539763,0.33273504890051453,0.2311119665666094
91.36196337042131,0.00011722323095535693,0.0010945474058449956,0.0012117706368003525,0.3327307387854418,0.23113933728158836
91.38696637079634,0.0001171597904940338,0.001094247943347381,0.0012114077338414148,0.33272643092169274,0.23116670050705673
91.4119693711714,0.00011709640151913492,0.0010939486446677209,0.0012110450461868558,0.33272212530750295,0.23119405624711215
91.43697237154645,0.00011703306397496217,0.0010936495096716301,0.0012106825736465923,0.33271782194111005,0.23122140450584885
91.4619753719215,0.00011696977780589278,0.00109335053822487,0.0012103203160307627,0.33271352082075334,0.23124874528735775
91.48697837229653,0.00011690654295637914,0.0010930517301933483,0.0012099582731497274,0.332709221944674,0.23127607859572638
91.51198137267158,0.00011684335937094861,0.0010927530854431195,0.001209596444814068,0.33270492531111523,0.23130340443503897
91.53698437304664,0.00011678022699420356,0.001092454603840385,0.0012092348308345884,0.33270063091832186,0.23133072280937633
91.56198737342167,0.00011671714577082122,0.0010921562852514912,0.0012088734310223125,0.3326963387645405,0.23135803372281596
91.58699037379672,0.00011665411564555338,0.0010918581295429315,0.0012085122451884849,0.33269204884801984,0.23138533717943208
91.61199337417177,0.0001165911365632265,0.0010915601365813444,0.001208151273144571,0.3326877611670102,0.23141263318329547
91.63699637454683,0.00011652820846874142,0.0010912623062335142,0.0012077905147022557,0.33268347571976375,0.23143992173847366
91.66199937492186,0.0001164653313070734,0.001090964638366371,0.0012074299696734445,0.3326791925045346,0.2314672028490308
91.68700237529691,0.00011640250502327178,0.001090667132846989,0.0012070696378702608,0.3326749115195785,0.23149447651902774
91.71200537567196,0.00011633972956246007,0.0010903697895425883,0.0012067095191050485,0.33267063276315323,0.231521742752522
91.737008376047,0.00011627700486983579,0.0010900726083205331,0.001206349613190369,0.33266635623351803,0.23154900155356775
91.76201137642205,0.00011621433089067011,0.0010897755890483328,0.0012059899199390028,0.3326620819289344,0.23157625292621595
91.7870143767971,0.0001161517075703082,0.0010894787315936405,0.0012056304391639488,0.33265780984766546,0.23160349687451412
91.81201737717215,0.00011608913485416861,0.001089182035824254,0.0012052711706784227,0.33265353998797603,0.23163073340250656
91.83702037754719,0.00011602661268774357,0.001088885501608115,0.0012049121142958586,0.3326492723481328,0.2316579625142342
91.86202337792224,0.00011596414101659851,0.0010885891288133086,0.001204553269829907,0.33264500692640436,0.23168518421373474
91.88702637829729,0.00011590171978637218,0.0010882929173080637,0.0012041946370944358,0.33264074372106095,0.23171239850504255
91.91202937867233,0.00011583934894277653,0.0010879968669607527,0.0012038362159035292,0.33263648273037477,0.23173960539218869
91.93703237904738,0.00011577702843159639,0.0010877009776398912,0.0012034780060714875,0.33263222395261965,0.23176680487920095
91.96203537942243,0.00011571475819868965,0.0010874052492141372,0.0012031200074128269,0.33262796738607137,0.23179399697010386
91.98703837979748,0.00011565253818998681,0.0010871096815522926,0.0012027622197422795,0.3326237130290074,0.2318211816689186
92.01204138017252,0.0001155903683514912,0.0010868142745233012,0.0012024046428747925,0.33261946087970706,0.23184835897966313
92.03704438054757,0.00011552824862927858,0.0010865190279962487,0.0012020472766255273,0.3326152109364513,0.23187552890635213
92.06204738092262,0.00011546617896949712,0.0010862239418403643,0.0012016901208098613,0.3326109631975231,0.231902691452997
92.08705038129766,0.00011540415931836752,0.0010859290159250185,0.001201333175243386,0.33260671766120714,0.23192984662360583
92.11205338167271,0.00011534218962218232,0.0010856342501197231,0.0012009764397419055,0.33260247432578977,0.2319569944221835
92.13705638204776,0.00011528026982730642,0.0010853396442941326,0.0012006199141214391,0.33259823318955917,0.23198413485273164
92.16205938242281,0.00011521839988017663,0.0010850451983180423,0.0012002635981982188,0.3325939942508053,0.23201126791924856
92.18706238279785,0.00011515657972730154,0.0010847509120613893,0.0011999074917886908,0.33258975750782005,0.23203839362572934
92.2120653831729,0.00011509480931526152,0.0010844567853942509,0.0011995515947095124,0.3325855229588968,0.23206551197616587
92.23706838354795,0.00011503308859070852,0.0010841628181868458,0.0011991959067775544,0.3325812906023309,0.23209262297454672
92.26207138392299,0.00011497141750036609,0.0010838690103095337,0.0011988404278098998,0.3325770604364194,0.23211972662485722
92.28707438429804,0.000114909795991029,0.001083575361632814,0.001198485157623843,0.33257283245946107,0.23214682293107952
92.31207738467309,0.00011484822400956342,0.0010832818720273273,0.0011981300960368906,0.3325686066697566,0.23217391189719247
92.33708038504813,0.00011478670150290669,0.0010829885413638535,0.0011977752428667602,0.3325643830656082,0.2322009935271717
92.36208338542318,0.00011472522841806705,0.0010826953695133128,0.0011974205979313798,0.33256016164532004,0.23222806782498964
92.38708638579823,0.00011466380470212387,0.0010824023563467654,0.0011970661610488892,0.332555942407198,0.2322551347946155
92.41208938617328,0.00011460243030222717,0.0010821095017354103,0.0011967119320376374,0.3325517253495496,0.2322821944400152
92.43709238654831,0.0001145411051655978,0.0010818168055505867,0.0011963579107161844,0.33254751047068426,0.2323092467651515
92.46209538692337,0.00011447982923952703,0.0010815242676637724,0.0011960040969032995,0.3325432977689131,0.23233629177398396
92.48709838729842,0.00011441860247137677,0.0010812318879465843,0.0011956504904179612,0.33253908724254894,0.2323633294704689
92.51210138767345,0.00011435742480857924,0.0010809396662707783,0.0011952970910793575,0.33253487888990635,0.23239035985855938
92.5371043880485,0.00011429629619863686,0.0010806476025082487,0.0011949438987068856,0.3325306727093017,0.23241738294220537
92.56210738842356,0.00011423521658912221,0.0010803556965310282,0.0011945909131201504,0.33252646869905306,0.23244439872535355
92.5871103887986,0.00011417418592767795,0.0010800639482112877,0.0011942381341389656,0.3325222668574802,0.23247140721194742
92.61211338917364,0.00011411320416201663,0.0010797723574213366,0.0011938855615833532,0.3325180671829047,0.2324984084059273
92.6371163895487,0.00011405227123992051,0.0010794809240336214,0.0011935331952735418,0.33251386967364993,0.23252540231123034
92.66211938992375,0.00011399138710924165,0.0010791896479207268,0.0011931810350299685,0.33250967432804074,0.23255238893179042
92.68712239029878,0.00011393055171790165,0.001078898528955375,0.0011928290806732765,0.3325054811444039,0.23257936827153833
92.71212539067383,0.00011386976501389151,0.001078607567010425,0.0011924773320243166,0.332501290121068,0.23260634033440164
92.73712839104888,0.00011380902694527169,0.0010783167619588736,0.0011921257889041452,0.33249710125636306,0.23263330512430472
92.76213139142394,0.00011374833746017185,0.001078026113673854,0.0011917744511340258,0.33249291454862107,0.2326602626451688
92.78713439179897,0.00011368769650679076,0.0010777356220286365,0.0011914233185354272,0.3324887299961757,0.23268721290091193
92.81213739217402,0.00011362710403339622,0.0010774452868966276,0.0011910723909300239,0.3324845475973622,0.23271415589544903
92.83714039254907,0.00011356655998832496,0.0010771551081513705,0.0011907216681396953,0.3324803673505176,0.23274109163269177
92.86214339292411,0.00011350606431998255,0.0010768650856665444,0.0011903711499865269,0.33247618925398076,0.2327680201165487
92.88714639329916,0.0001134456169768431,0.0010765752193159647,0.0011900208362928078,0.33247201330609216,0.23279494135092527
92.91214939367421,0.00011338521790744948,0.0010762855089735822,0.0011896707268810316,0.33246783950519393,0.2328218553397237
92.93715239404926,0.00011332486706041293,0.001075995954513484,0.001189320821573897,0.33246366784963005,0.23284876208684308
92.9621553944243,0.0001132645643844131,0.0010757065558098923,0.0011889711201943055,0.3324594983377461,0.23287566159617937
92.98715839479935,0.00011320430982819782,0.0010754173127371642,0.001188621622565362,0.3324553309678892,0.2329025538716254
93.0121613951744,0.00011314410334058317,0.0010751282251697926,0.0011882723285103758,0.3324511657384085,0.23292943891707082
93.03716439554944,0.00011308394487045323,0.0010748392929824052,0.0011879232378528585,0.33244700264765475,0.23295631673640216
93.06216739592449,0.00011302383436675989,0.0010745505160497638,0.0011875743504165238,0.33244284169398025,0.23298318733350284
93.08717039629954,0.00011296377177852306,0.0010742618942467654,0.0011872256660252884,0.33243868287573913,0.23301005071225311
93.11217339667459,0.0001129037570548302,0.001073973427448441,0.0011868771845032712,0.33243452619128705,0.23303690687653014
93.13717639704963,0.0001128437901448365,0.0010736851155299565,0.001186528905674793,0.33243037163898165,0.2330637558302079
93.16217939742468,0.00011278387099776451,0.0010733969583666106,0.0011861808293643751,0.33242621921718196,0.23309059757715736
93.18718239779973,0.00011272399956290429,0.0010731089558338367,0.001185832955396741,0.3324220689242488,0.23311743212124625
93.21218539817477,0.00011266417578961311,0.001072821107807202,0.001185485283596815,0.33241792075854476,0.23314425946633927
93.23718839854982,0.00011260439962731539,0.0010725334141624065,0.001185137813789722,0.332413774718434,0.233171079616298
93.26219139892487,0.00011254467102550269,0.001072245874775284,0.0011847905458007867,0.3324096308022823,0.23319789257498083
93.28719439929992,0.00011248498993373351,0.001071958489521801,0.0011844434794555344,0.3324054890084573,0.23322469834624318
93.31219739967496,0.00011242535630163324,0.0010716712582780575,0.0011840966145796907,0.3324013493353283,0.23325149693393726
93.33720040005001,0.00011236577007889387,0.0010713841809202858,0.0011837499509991796,0.332397211781266,0.23327828834191228
93.36220340042506,0.00011230623121527417,0.001071097257324851,0.001183403488540125,0.3323930763446431,0.23330507257401426
93.3872064008001,0.00011224673966059946,0.0010708104873682505,0.00118305722702885,0.3323889430238338,0.23333184963408618
93.41220940117515,0.00011218729536476132,0.001070523870927114,0.0011827111662918752,0.33238481181721397,0.23335861952596795
93.4372124015502,0.0001121278982777179,0.001070237407878203,0.0011823653061559208,0.3323806827231611,0.2333853822534964
93.46221540192523,0.00011206854834949337,0.0010699510980984113,0.0011820196464479046,0.33237655574005454,0.23341213782050518
93.48721840230029,0.00011200924553017806,0.0010696649414647641,0.0011816741869949423,0.33237243086627505,0.233438886230825
93.51222140267534,0.00011194998976992837,0.0010693789378544184,0.0011813289276243468,0.33236830810020523,0.23346562748828345
93.53722440305039,0.00011189078101896656,0.001069093087144662,0.0011809838681636287,0.3323641874402292,0.233492361596705
93.56222740342542,0.00011183161922758069,0.0010688073892129147,0.0011806390084404953,0.3323600688847328,0.23351908855991108
93.58723040380048,0.00011177250434612454,0.0010685218439367265,0.001180294348282851,0.3323559524321036,0.2335458083817201
93.61223340417553,0.00011171343632501738,0.0010682364511937785,0.0011799498875187959,0.3323518380807306,0.23357252106594736
93.63723640455056,0.00011165441511474419,0.001067951210861883,0.001179605625976627,0.33234772582900474,0.23359922661640511
93.66223940492561,0.00011159544066585506,0.0010676661228189814,0.0011792615634848365,0.3323436156753182,0.2336259250369026
93.68724240530067,0.00011153651292896555,0.001067381186943147,0.0011789176998721126,0.33233950761806536,0.23365261633124598
93.71224540567572,0.0001114776318547563,0.0010670964031125822,0.0011785740349673384,0.3323354016556416,0.23367930050323835
93.73724840605075,0.00011141879739397313,0.0010668117712056197,0.001178230568599593,0.33233129778644455,0.23370597755667974
93.7622514064258,0.00011136000949742668,0.001066527291100722,0.0011778873005981487,0.33232719600887295,0.2337326474953672
93.78725440680086,0.00011130126811599258,0.0010662429626764806,0.0011775442307924732,0.3323230963213275,0.23375931032309474
93.81225740717589,0.00011124257320061119,0.0010659587858116177,0.001177201359012229,0.33231899872221043,0.2337859660436533
93.83726040755094,0.00011118392470228747,0.0010656747603849837,0.0011768586850872712,0.3323149032099257,0.2338126146608308
93.862263407926,0.00011112532257209106,0.001065390886275558,0.001176516208847649,0.3323108097828786,0.23383925617841217
93.88726640830104,0.00011106676676115593,0.00106510716336245,0.001176173930123606,0.3323067184394764,0.23386589060017923
93.91226940867608,0.00011100825722068055,0.0010648235915248967,0.0011758318487455773,0.3323026291781278,0.23389251792991086
93.93727240905113,0.00011094979390192746,0.0010645401706422643,0.0011754899645441917,0.3322985419972432,0.2339191381713829
93.96227540942618,0.00011089137675622353,0.001064256900594047,0.0011751482773502706,0.3322944568952345,0.23394575132836817
93.98727840980122,0.00011083300573495957,0.001063973781259868,0.0011748067869948276,0.3322903738705154,0.23397235740463646
94.01228141017627,0.00011077468078959039,0.0010636908125194774,0.0011744654933090678,0.332286292921501,0.23399895640395457
94.03728441055132,0.00011071640187163463,0.001063407994252754,0.0011741243961243886,0.3322822140466082,0.23402554833008632
94.06228741092637,0.00011065816893267468,0.0010631253263397042,0.001173783495272379,0.3322781372442554,0.2340521331867925
94.08729041130141,0.00011059998192435663,0.0010628428086604622,0.0011734427905848188,0.3322740625128627,0.23407871097783087
94.11229341167646,0.00011054184079838997,0.0010625604410952885,0.0011731022818936784,0.33226998985085165,0.23410528170695627
94.13729641205151,0.00011048374550654784,0.0010622782235245722,0.00117276196903112,0.33226591925664556,0.23413184537792048
94.16229941242655,0.00011042569600066662,0.0010619961558288285,0.001172421851829495,0.33226185072866926,0.2341584019944723
94.1873024128016,0.00011036769223264583,0.0010617142378887,0.0011720819301213458,0.3322577842653493,0.2341849515603576
94.21230541317665,0.00011030973415444837,0.0010614324695849555,0.001171742203739404,0.3322537198651136,0.2342114940793192
94.2373084135517,0.0001102518217181,0.0010611508507984908,0.0011714026725165908,0.33224965752639185,0.234238029555097
94.26231141392674,0.0001101939548756896,0.001060869381410328,0.0011710633362860174,0.3322455972476153,0.2342645579914279
94.28731441430179,0.00011013613357936867,0.001060588061301615,0.0011707241948809837,0.3322415390272168,0.2342910793920458
94.31231741467684,0.00011007835778135165,0.0010603068903536263,0.001170385248134978,0.3322374828636308,0.23431759376068165
94.33732041505188,0.00011002062743391561,0.001060025868447762,0.0011700464958816776,0.3322334287552932,0.2343441011010634
94.36232341542693,0.00010996294248940008,0.0010597449954655477,0.0011697079379549477,0.33222937670064173,0.23437060141691612
94.38732641580198,0.00010990530290020713,0.0010594642712886348,0.0011693695741888418,0.3322253266981155,0.23439709471196185
94.41232941617702,0.00010984770861880119,0.0010591836957988003,0.0011690314044176015,0.3322212787461553,0.23442358098991967
94.43733241655207,0.00010979015959770885,0.0010589032688779457,0.0011686934284756544,0.3322172328432035,0.23445006025450577
94.46233541692712,0.00010973265578951897,0.001058622990408098,0.001168355646197617,0.33221318898770397,0.23447653250943332
94.48733841730217,0.00010967519714688245,0.0010583428602714089,0.0011680180574182913,0.3322091471781022,0.23450299775841257
94.5123414176772,0.00010961778362251217,0.0010580628783501554,0.0011676806619726676,0.3322051074128453,0.23452945600515082
94.53734441805226,0.00010956041516918275,0.0010577830445267383,0.001167343459695921,0.33220106969038193,0.23455590725335243
94.56234741842731,0.00010950309173973079,0.0010575033586836828,0.0011670064504234136,0.33219703400916223,0.23458235150671883
94.58735041880234,0.00010944581328705442,0.0010572238207036389,0.0011666696339906932,0.33219300036763805,0.2346087887689485
94.6123534191774,0.00010938857976411338,0.0010569444304693802,0.0011663330102334936,0.33218896876426274,0.234635219043737
94.63735641955245,0.00010933139112392889,0.001056665187863804,0.0011659965789877328,0.3321849391974912,0.23466164233477693
94.6623594199275,0.00010927424731958359,0.0010563860927699318,0.0011656603400895154,0.33218091166577984,0.23468805864575804
94.68736242030253,0.00010921714830422144,0.0010561071450709088,0.0011653242933751303,0.3321768861675868,0.23471446798036705
94.71236542067759,0.0001091600940310474,0.0010558283446500025,0.0011649884386810499,0.33217286270137153,0.23474087034228783
94.73736842105264,0.00010910308445332777,0.001055549691390605,0.0011646527758439327,0.33216884126559537,0.23476726573520132
94.76237142142767,0.00010904611952438975,0.0010552711851762307,0.0011643173047006204,0.33216482185872087,0.23479365416278553
94.78737442180272,0.00010898919919762138,0.0010549928258905168,0.0011639820250881382,0.33216080447921237,0.23482003562871562
94.81237742217778,0.00010893232342647162,0.001054714613417224,0.0011636469368436955,0.3321567891255356,0.23484641013666374
94.83738042255283,0.0001088754921644501,0.0010544365476402343,0.0011633120398046844,0.332152775796158,0.2348727776902992
94.86238342292786,0.00010881870536512707,0.0010541586284435538,0.001162977333808681,0.33214876448954833,0.23489913829328843
94.88738642330291,0.00010876196298213327,0.0010538808557113094,0.0011626428186934427,0.3321447552041772,0.2349254919492949
94.91238942367796,0.00010870526496915993,0.0010536032293277508,0.0011623084942969106,0.3321407479385165,0.23495183866197922
94.937392424053,0.00010864861127995864,0.0010533257491772495,0.001161974360457208,0.33213674269103977,0.23497817843499907
94.96239542442805,0.00010859200186834111,0.0010530484151442987,0.00116164041701264,0.33213273946022215,0.23500451127200933
94.9873984248031,0.00010853543668817933,0.0010527712271135132,0.0011613066638016926,0.3321287382445401,0.2350308371766619
95.01240142517815,0.00010847891569340524,0.0010524941849696296,0.0011609731006630348,0.33212473904247186,0.23505715615260586
95.03740442555319,0.00010842243883801088,0.0010522172885975055,0.0011606397274355163,0.33212074185249707,0.23508346820348733
95.06240742592824,0.00010836600607604796,0.0010519405378821196,0.0011603065439581676,0.33211674667309693,0.23510977333294963
95.0874104263033,0.0001083096173616281,0.0010516639327085716,0.0011599735500701998,0.33211275350275415,0.2351360715446332
95.11241342667833,0.00010825327264892263,0.0010513874729620822,0.0011596407456110048,0.332108762339953,0.23516236284217557
95.13741642705338,0.00010819697189216232,0.0010511111585279926,0.0011593081304201549,0.3321047731831793,0.2351886472292114
95.16241942742843,0.00010814071504563757,0.0010508349892917644,0.001158975704337402,0.33210078603092036,0.23521492470937252
95.18742242780348,0.00010808450206369811,0.0010505589651389799,0.001158643467202678,0.3320968008816649,0.2352411952862879
95.21242542817852,0.00010802833290075307,0.0010502830859553415,0.0011583114188560945,0.33209281773390337,0.2352674589635836
95.23742842855357,0.00010797220751127062,0.0010500073516266709,0.0011579795591379414,0.33208883658612753,0.23529371574488286
95.26243142892862,0.0001079161258497782,0.0010497317620389109,0.0011576478878886892,0.3320848574368309,0.2353199656338061
95.28743442930366,0.00010786008787086231,0.0010494563170781231,0.0011573164049489854,0.3320808802845082,0.23534620863397082
95.31243742967871,0.0001078040935291682,0.0010491810166304888,0.001156985110159657,0.332076905127656,0.23537244474899172
95.33744043005376,0.00010774814277940017,0.001048905860582309,0.0011566540033617091,0.3320729319647721,0.23539867398248063
95.36244343042881,0.0001076922355763212,0.0010486308488200037,0.001156323084396325,0.33206896079435594,0.23542489633804656
95.38744643080385,0.0001076363718747529,0.0010483559812301125,0.0011559923531048654,0.3320649916149085,0.23545111181929565
95.4124494311789,0.00010758055162957548,0.0010480812576992929,0.0011556618093288683,0.3320610244249321,0.23547732042983127
95.43745243155395,0.00010752477479572768,0.001047806678114322,0.0011553314529100496,0.33205705922293083,0.23550352217325388
95.46245543192899,0.00010746904132820656,0.0010475322423620953,0.0011550012836903018,0.33205309600740995,0.23552971705316111
95.48745843230404,0.0001074133511820675,0.0010472579503296266,0.0011546713015116942,0.33204913477687653,0.2355559050731479
95.51246143267909,0.0001073577043124241,0.0010469838019040486,0.0011543415062164727,0.3320451755298389,0.23558208623680615
95.53746443305413,0.00010730210067444814,0.0010467097969726112,0.0011540118976470595,0.33204121826480704,0.23560826054772513
95.56246743342918,0.00010724654022336932,0.0010464359354226832,0.0011536824756460526,0.3320372629802924,0.2356344280094912
95.58747043380423,0.00010719102291447531,0.0010461622171417505,0.001153353240056226,0.33203330967480776,0.2356605886256879
95.61247343417928,0.00010713554870311167,0.0010458886420174173,0.001153024190720529,0.33202935834686764,0.23568674239989598
95.63747643455432,0.00010708011754468175,0.0010456152099374053,0.001152695327482087,0.3320254089949879,0.2357128893356934
95.66247943492937,0.00010702472939464644,0.0010453419207895529,0.0011523666501841994,0.3320214616176858,0.23573902943665528
95.68748243530442,0.00010696938420852431,0.0010450687744618162,0.0011520381586703405,0.3320175162134803,0.23576516270635398
95.71248543567945,0.00010691408194189146,0.001044795770842269,0.0011517098527841605,0.3320135727808917,0.23579128914835898
95.7374884360545,0.00010685882255038125,0.0010445229098191007,0.0011513817323694818,0.33200963131844186,0.23581740876623708
95.76249143642956,0.0001068036059896845,0.0010442501912806186,0.0011510537972703031,0.332005691824654,0.23584352156355218
95.78749443680461,0.00010674843221554913,0.0010439776151152458,0.001150726047330795,0.3320017542980529,0.23586962754386542
95.81249743717964,0.00010669330118378035,0.001043705181211523,0.0011503984823953033,0.33199781873716483,0.2358957267107352
95.8375004375547,0.00010663821285024025,0.0010434328894581056,0.001150071102308346,0.3319938851405175,0.23592181906771706
95.86250343792975,0.00010658316717084794,0.0010431607397437665,0.0011497439069146143,0.33198995350664,0.23594790461836382
95.88750643830478,0.00010652816410157949,0.0010428887319573943,0.0011494168960589739,0.33198602383406317,0.23597398336622546
95.91250943867983,0.00010647320359846758,0.001042616865987993,0.0011490900695864607,0.331982096121319,0.23600005531484927
95.93751243905488,0.00010641828561760175,0.0010423451417246826,0.0011487634273422843,0.33197817036694105,0.23602612046777968
95.96251543942994,0.00010636341011512805,0.0010420735590566989,0.0011484369691718269,0.3319742465694644,0.2360521788285584
95.98751843980497,0.00010630857704724914,0.0010418021178733928,0.001148110694920642,0.33197032472742566,0.2360782304007243
96.01252144018002,0.00010625378637022393,0.0010415308180642304,0.0011477846044344543,0.3319664048393626,0.2361042751878136
96.03752444055507,0.00010619903804036788,0.0010412596595187932,0.0011474586975591611,0.3319624869038148,0.23613031319335967
96.06252744093011,0.00010614433201405264,0.0010409886421267776,0.0011471329741408302,0.3319585709193231,0.23615634442089314
96.08753044130516,0.00010608966824770593,0.0010407177657779946,0.0011468074340257005,0.3319546568844299,0.23618236887394195
96.11253344168021,0.00010603504669781171,0.00104044703036237,0.0011464820770601817,0.33195074479767883,0.23620838655603116
96.13753644205526,0.00010598046732090982,0.001040176435769944,0.001146156903090854,0.33194683465761526,0.23623439747068317
96.1625394424303,0.00010592593007359611,0.0010399059818908716,0.0011458319119644676,0.33194292646278584,0.23626040162141762
96.18754244280535,0.00010587143491252214,0.0010396356686154214,0.0011455071035279436,0.33193902021173877,0.23628639901175139
96.2125454431804,0.00010581698179439529,0.001039365495833976,0.0011451824776283713,0.33193511590302344,0.23631238964519863
96.23754844355544,0.00010576257067597861,0.001039095463437033,0.0011448580341130116,0.33193121353519106,0.2363383735252707
96.26255144393049,0.00010570820151409064,0.0010388255713152023,0.001144533772829293,0.331927313106794,0.2363643506554763
96.28755444430554,0.00010565387426560543,0.0010385558193592088,0.0011442096936248143,0.33192341461638625,0.2363903210393214
96.31255744468059,0.00010559958888745248,0.0010382862074598896,0.001143885796347342,0.33191951806252307,0.23641628468030915
96.33756044505563,0.00010554534533661656,0.0010380167355081961,0.0011435620808448127,0.3319156234437613,0.23644224158194
96.36256344543068,0.00010549114357013757,0.0010377474033951921,0.0011432385469653298,0.33191173075865904,0.23646819174771175
96.38756644580573,0.00010543698354511075,0.0010374782110120556,0.0011429151945571664,0.3319078400057761,0.23649413518111942
96.41256944618077,0.00010538286521868626,0.0010372091582500761,0.0011425920234687623,0.3319039511836734,0.2365200718856553
96.43757244655582,0.00010532878854806921,0.0010369402450006566,0.0011422690335487259,0.33190006429091357,0.23654600186480898
96.46257544693087,0.0001052747534905197,0.0010366714711553125,0.0011419462246458323,0.33189617932606047,0.23657192512206737
96.48757844730592,0.00010522076000335251,0.001036402836605672,0.0011416235966090244,0.3318922962876794,0.2365978416609146
96.51258144768096,0.00010516680804393732,0.0010361343412434753,0.0011413011492874127,0.3318884151743373,0.2366237514848321
96.53758444805601,0.00010511289756969819,0.0010358659849605742,0.0011409788825302723,0.33188453598460227,0.2366496545972987
96.56258744843106,0.0001050590285381139,0.0010355977676489339,0.0011406567961870478,0.331880658717044,0.23667555100179039
96.5875904488061,0.00010500520090671775,0.0010353296892006301,0.0011403348901073479,0.3318767833702334,0.23670144070178054
96.61259344918115,0.0001049514146330972,0.0010350617495078506,0.0011400131641409478,0.331872909942743,0.2367273237007398
96.6375964495562,0.00010489766967489423,0.0010347939484628957,0.0011396916181377898,0.33186903843314675,0.23675320000213612
96.66259944993124,0.0001048439659898049,0.0010345262859581758,0.0011393702519479807,0.3318651688400199,0.23677906960943476
96.68760245030629,0.00010479030353557946,0.0010342587618862131,0.0011390490654217926,0.331861301161939,0.23680493252609833
96.71260545068134,0.00010473668227002216,0.001033991376139641,0.0011387280584096633,0.33185743539748236,0.23683078875558672
96.73760845105639,0.00010468310215099127,0.0010337241286112046,0.0011384072307621957,0.33185357154522943,0.23685663830135711
96.76261145143143,0.00010462956313639897,0.0010334570191937586,0.0011380865823301576,0.3318497096037611,0.23688248116686403
96.78761445180648,0.00010457606518421108,0.0010331900477802687,0.0011377661129644797,0.33184584957165963,0.23690831735555937
96.81261745218153,0.00010452260825244731,0.001032923214263812,0.0011374458225162593,0.3318419914475089,0.23693414687089226
96.83762045255656,0.00010446919229918099,0.0010326565185375754,0.0011371257108367563,0.33183813522989397,0.2369599697163092
96.86262345293162,0.00010441581728253885,0.0010323899604948558,0.0011368057777773946,0.33183428091740136,0.23698578589525407
96.88762645330667,0.00010436248316070124,0.0010321235400290608,0.001136486023189762,0.331830428508619,0.237011595411168
96.91262945368172,0.00010430918989190187,0.001031857257033708,0.0011361664469256099,0.33182657800213616,0.23703739826748954
96.93763245405675,0.00010425593743442773,0.0010315911114024247,0.0011358470488368525,0.33182272939654367,0.23706319446765448
96.9626354544318,0.00010420272574661903,0.0010313251030289474,0.0011355278287755665,0.3318188826904336,0.23708898401509604
96.98763845480686,0.00010414955478686914,0.0010310592318071232,0.0011352087865939924,0.33181503788239936,0.23711476691324473
97.01264145518189,0.00010409642451362449,0.001030793497630908,0.0011348899221445324,0.3318111949710359,0.23714054316552843
97.03764445555694,0.00010404333488538451,0.0010305279003943668,0.0011345712352797512,0.33180735395493954,0.2371663127753724
97.062647455932,0.0001039902858607015,0.001030262439991674,0.0011342527258523755,0.33180351483270787,0.2371920757461992
97.08765045630705,0.00010393727739818058,0.0010299971163171137,0.0011339343937152942,0.33179967760294,0.23721783208142874
97.11265345668208,0.00010388430945647966,0.0010297319292650777,0.0011336162387215573,0.3317958422642363,0.23724358178447832
97.13765645705713,0.00010383138199430923,0.0010294668787300672,0.0011332982607243764,0.3317920088151986,0.23726932485876262
97.16265945743218,0.00010377849497043238,0.0010292019646066916,0.001132980459577124,0.33178817725443005,0.23729506130769365
97.18766245780722,0.0001037256483436648,0.0010289371867896696,0.0011326628351333344,0.3317843475805353,0.23732079113468077
97.21266545818227,0.00010367284207287438,0.0010286725451738273,0.0011323453872467016,0.3317805197921202,0.23734651434313075
97.23766845855732,0.00010362007611698157,0.001028408039654099,0.0011320281157710806,0.3317766938877921,0.23737223093644774
97.26267145893237,0.00010356735043495896,0.0010281436701255278,0.0011317110205604868,0.3317728698661596,0.2373979409180332
97.28767445930741,0.00010351466498583135,0.0010278794364832642,0.0011313941014690957,0.33176904772583293,0.237423644291286
97.31267745968246,0.00010346201972867561,0.0010276153386225661,0.0011310773583512418,0.3317652274654233,0.23744934105960244
97.33768046005751,0.00010340941462262066,0.0010273513764387998,0.0011307607910614203,0.3317614090835436,0.23747503122637614
97.36268346043255,0.00010335684962684734,0.0010270875498274387,0.001130444399454286,0.3317575925788081,0.2375007147949981
97.3876864608076,0.00010330432470058836,0.0010268238586840631,0.0011301281833846514,0.3317537779498321,0.23752639176885676
97.41268946118265,0.00010325183980312818,0.0010265603029043615,0.0011298121427074897,0.33174996519523264,0.23755206215133792
97.4376924615577,0.00010319939489380301,0.0010262968823841283,0.0011294962772779313,0.3317461543136278,0.23757772594582477
97.46269546193274,0.0001031469899320007,0.0010260335970192663,0.001129180586951267,0.3317423453036374,0.23760338315569787
97.48769846230779,0.00010309462487716055,0.0010257704467057833,0.001128865071582944,0.3317385381638822,0.23762903378433528
97.51270146268284,0.0001030422996887734,0.001025507431339795,0.0011285497310285684,0.33173473289298455,0.23765467783511232
97.53770446305788,0.00010299001432638146,0.0010252445508175238,0.0011282345651439053,0.33173092948956817,0.23768031531140182
97.56270746343293,0.00010293776874957822,0.0010249818050352974,0.0011279195737848757,0.33172712795225806,0.23770594621657398
97.58771046380798,0.00010288556291800846,0.0010247191938895504,0.0011276047568075588,0.3317233282796805,0.2377315705539964
97.61271346418303,0.00010283339679136808,0.0010244567172768236,0.0011272901140681917,0.33171953047046326,0.23775718832703413
97.63771646455807,0.00010278127032940409,0.001024194375093764,0.0011269756454231681,0.33171573452323544,0.23778279953904957
97.66271946493312,0.00010272918349191441,0.0010239321672371234,0.0011266613507290378,0.3317119404366274,0.2378084041934026
97.68772246530817,0.00010267713623874794,0.0010236700936037601,0.001126347229842508,0.33170814820927086,0.23783400229345047
97.7127254656832,0.00010262512852980448,0.0010234081540906384,0.001126033282620443,0.33170435783979896,0.2378595938425479
97.73772846605826,0.00010257316032503447,0.0010231463485948268,0.0011257195089198612,0.3317005693268461,0.237885178844047
97.76273146643331,0.00010252123158443912,0.0010228846770135,0.001125405908597939,0.33169678266904806,0.23791075730129732
97.78773446680835,0.00010246934226807027,0.0010226231392439376,0.0011250924815120078,0.3316929978650419,0.23793632921764582
97.8127374671834,0.00010241749233603021,0.0010223617351835246,0.0011247792275195549,0.3316892149134662,0.23796189459643696
97.83774046755845,0.00010236568174847176,0.00102210046472975,0.0011244661464782219,0.33168543381296056,0.23798745344101258
97.8627434679335,0.00010231391046559812,0.0010218393277802084,0.0011241532382458065,0.3316816545621661,0.23801300575471193
97.88774646830853,0.00010226217844766278,0.001021578324232599,0.0011238405026802619,0.3316778771597254,0.23803855154087175
97.91274946868359,0.00010221048565496943,0.0010213174539847251,0.0011235279396396946,0.3316741016042821,0.23806409080282623
97.93775246905864,0.00010215883204787192,0.0010210567169344942,0.0011232155489823662,0.33167032789448136,0.23808962354390698
97.96275546943367,0.00010210721758677424,0.0010207961129799186,0.001122903330566693,0.33166655602896955,0.23811514976744302
97.98775846980872,0.00010205564223213031,0.0010205356420191145,0.0011225912842512448,0.3316627860063944,0.23814066947676094
98.01276147018378,0.00010200410594444401,0.0010202753039503015,0.0011222794098947454,0.33165901782540497,0.2381661826751847
98.03776447055883,0.00010195260868426905,0.0010200150986718042,0.0011219677073560732,0.33165525148465175,0.23819168936603569
98.06276747093386,0.00010190115041220895,0.00101975502608205,0.0011216561764942588,0.3316514869827863,0.2382171895526328
98.08777047130891,0.00010184973108891684,0.0010194950860795697,0.0011213448171684866,0.3316477243184617,0.2382426832382924
98.11277347168397,0.0001017983506750956,0.0010192352785629983,0.001121033629238094,0.3316439634903323,0.23826817042632828
98.137776472059,0.0001017470091314976,0.0010189756034310739,0.0011207226125625714,0.3316402044970537,0.23829365112005174
98.16277947243405,0.00010169570641892459,0.001018716060582637,0.0011204117670015616,0.331636447337283,0.23831912532277152
98.1877824728091,0.00010164444249822791,0.001018456649916632,0.00112010109241486,0.33163269200967826,0.23834459303779384
98.21278547318416,0.00010159321733030805,0.001018197371332106,0.0011197905886624142,0.3316289385128992,0.23837005426842242
98.23778847355919,0.0001015420308761149,0.001017938224728209,0.001119480255604324,0.3316251868456067,0.2383955090179584
98.26279147393424,0.00010149088309664734,0.0010176792100041931,0.0011191700931008405,0.3316214370064629,0.23842095728970042
98.2877944743093,0.00010143977395295353,0.0010174203270594134,0.001118860101012367,0.3316176889941314,0.23844639908694465
98.31279747468433,0.0001013887034061306,0.0010171615757933272,0.0011185502791994579,0.3316139428072769,0.2384718344129847
98.33780047505938,0.00010133767141732451,0.0010169029561054941,0.0011182406275228186,0.3316101984445655,0.23849726327111168
98.36280347543443,0.00010128667794773028,0.0010166444678955762,0.0011179311458433064,0.33160645590466475,0.23852268566461415
98.38780647580948,0.00010123572295859166,0.0010163861110633365,0.0011176218340219282,0.33160271518624324,0.23854810159677825
98.41280947618452,0.00010118480641120115,0.0010161278855086414,0.0011173126919198425,0.3315989762879709,0.23857351107088753
98.43781247655957,0.00010113392826689982,0.0010158697911314576,0.0011170037193983574,0.3315952392085192,0.2385989140902231
98.46281547693462,0.00010108308848707743,0.0010156118278318543,0.0011166949163189316,0.3315915039465606,0.23862431065806353
98.48781847730966,0.00010103228703317222,0.001015353995510002,0.0011163862825431742,0.33158777050076904,0.23864970077768488
98.51282147768471,0.00010098152386667083,0.001015096294066172,0.0011160778179328428,0.3315840388698196,0.23867508445236077
98.53782447805976,0.00010093079894910833,0.001014838723400738,0.0011157695223498465,0.33158030905238894,0.2387004616853623
98.56282747843481,0.00010088011224206801,0.0010145812834141735,0.0011154613956562416,0.33157658104715454,0.23872583247995807
98.58783047880985,0.00010082946370718145,0.001014323974007054,0.0011151534377142353,0.3315728548527956,0.23875119683941418
98.6128334791849,0.00010077885330612833,0.0010140667950800548,0.0011148456483861832,0.33156913046799247,0.2387765547669943
98.63783647955995,0.0001007282810006364,0.0010138097465339528,0.0011145380275345892,0.3315654078914266,0.23880190626595957
98.66283947993499,0.00010067774675248148,0.0010135528282696254,0.0011142305750221069,0.33156168712178097,0.23882725133956864
98.68784248031004,0.0001006272505234872,0.0010132960401880496,0.0011139232907115368,0.33155796815773975,0.23885258999107775
98.71284548068509,0.00010057679227552517,0.001013039382190304,0.0011136161744658292,0.3315542509979883,0.2388779222237406
98.73784848106013,0.00010052637197051473,0.0010127828541775664,0.0011133092261480812,0.33155053564121345,0.23890324804080842
98.76285148143518,0.0001004759895704229,0.0010125264560511148,0.0011130024456215376,0.33154682208610303,0.23892856744553004
98.78785448181023,0.00010042564503726438,0.0010122701877123277,0.001112695832749592,0.3315431103313464,0.23895388044115176
98.81285748218528,0.00010037533833310148,0.001012014049062683,0.0011123893873957846,0.3315394003756342,0.23897918703091742
98.83786048256032,0.00010032506942004397,0.0010117580400037585,0.0011120831094238025,0.331535692217658,0.23900448721806838
98.86286348293537,0.00010027483826024897,0.001011502160437231,0.00111177699869748,0.331531985856111,0.2390297810058436
98.88786648331042,0.0001002246448159211,0.0010112464102648776,0.0011114710550807986,0.33152828128968753,0.23905506839747956
98.91286948368545,0.00010017448904931219,0.001010990789388574,0.0011111652784378864,0.33152457851708317,0.23908034939621023
98.9378724840605,0.00010012437092272125,0.0010107352977102957,0.0011108596686330169,0.33152087753699483,0.23910562400526722
98.96287548443556,0.0001000742903984945,0.0010104799351321164,0.0011105542255306108,0.3315171783481206,0.23913089222787962
98.98787848481061,0.00010002424743902522,0.0010102247015562097,0.001110248948995235,0.3315134809491599,0.2391561540672741
99.01288148518564,9.997424200675368e-05,0.0010099695968848479,0.0011099438388916015,0.33150978533881337,0.2391814095266749
99.0378844855607,9.992427406416703e-05,0.0010097146210204008,0.001109638895084568,0.3315060915157829,0.2392066586093038
99.06288748593575,9.98743435737994e-05,0.0010094597738653384,0.0011093341174391379,0.3315023994787717,0.2392319013183801
99.08789048631078,9.982445049823161e-05,0.0010092050553222281,0.0011090295058204598,0.33149870922648417,0.23925713765712073
99.11289348668583,9.977459480009122e-05,0.0010089504652937358,0.0011087250600938271,0.33149502075762594,0.23928236762874017
99.13789648706089,9.972477644205248e-05,0.001008696003682626,0.0011084207801246783,0.3314913340709039,0.23930759123645043
99.16289948743594,9.967499538683617e-05,0.0010084416703917607,0.0011081166657785969,0.33148764916502643,0.23933280848346114
99.18790248781097,9.962525159720966e-05,0.0010081874653241002,0.00110781271692131,0.3314839660387027,0.23935801937297946
99.21290548818602,9.957554503598665e-05,0.0010079333883827024,0.001107508933418689,0.33148028469064356,0.23938322390821015
99.23790848856108,9.952587566602729e-05,0.0010076794394707233,0.0011072053151367507,0.3314766051195609,0.23940842209235555
99.26291148893611,9.947624345023804e-05,0.0010074256184914162,0.0011069018619416543,0.3314729273241678,0.23943361392861554
99.28791448931116,9.942664835157152e-05,0.0010071719253481315,0.001106598573699703,0.33146925130317867,0.23945879942018763
99.31291748968621,9.937709033302659e-05,0.0010069183599443175,0.001106295450277344,0.3314655770553092,0.2394839785702669
99.33792049006126,9.932756935764818e-05,0.0010066649221835194,0.0011059924915411677,0.3314619045792763,0.239509151382046
99.3629234904363,9.927808538852727e-05,0.00100641161196938,0.0011056896973579073,0.3314582338737981,0.2395343178587152
99.38792649081135,9.922863838880072e-05,0.0010061584292056379,0.0011053870675944385,0.3314545649375938,0.23955947800346236
99.4129294911864,9.917922832165135e-05,0.0010059053737961298,0.001105084602117781,0.3314508977693842,0.2395846318194729
99.43793249156144,9.91298551503078e-05,0.0010056524456447888,0.0011047823007950966,0.33144723236789103,0.23960977930992985
99.46293549193649,9.908051883804443e-05,0.0010053996446556437,0.0011044801634936881,0.33144356873183733,0.23963492047801388
99.48793849231154,9.90312193481813e-05,0.001005146970732821,0.001104178190081002,0.3314399068599474,0.23966005532690318
99.5129414926866,9.898195664408405e-05,0.0010048944237805427,0.0011038763804246266,0.33143624675094685,0.23968518385977364
99.53794449306163,9.893273068916398e-05,0.001004642003703128,0.001103574734392292,0.3314325884035624,0.23971030607979865
99.56294749343668,9.888354144687774e-05,0.0010043897104049908,0.0011032732518518685,0.3314289318165219,0.23973542199014933
99.58795049381173,9.883438888072745e-05,0.0010041375437906419,0.0011029719326713693,0.3314252769885546,0.2397605315939943
99.61295349418677,9.878527295426056e-05,0.0010038855037646883,0.001102670776718949,0.3314216239183911,0.23978563489449986
99.63795649456182,9.873619363106983e-05,0.001003633590231832,0.0011023697838629018,0.33141797260476286,0.23981073189482993
99.66295949493687,9.868715087479314e-05,0.0010033818030968707,0.001102068953971664,0.3314143230464027,0.239835822598146
99.68796249531192,9.863814464911365e-05,0.0010031301422646984,0.001101768286913812,0.3314106752420449,0.23986090700760723
99.71296549568696,9.858917491775952e-05,0.0010028786076403035,0.0011014677825580631,0.33140702919042464,0.23988598512637033
99.73796849606201,9.854024164450385e-05,0.00100262719912877,0.001101167440773274,0.33140338489027843,0.23991105695758974
99.76297149643706,9.849134479316478e-05,0.0010023759166352775,0.0011008672614284422,0.33139974234034403,0.23993612250441745
99.7879744968121,9.844248432760533e-05,0.0010021247600651001,0.0011005672443927055,0.3313961015393604,0.2399611817700031
99.81297749718715,9.839366021173323e-05,0.001001873729323607,0.0011002673895353402,0.3313924624860677,0.239986234757494
99.8379804975622,9.834487240950102e-05,0.0010016228243162621,0.0010999676967257631,0.3313888251792072,0.24001128147003503
99.86298349793724,9.829612088490596e-05,0.0010013720449486246,0.0010996681658335305,0.3313851896175216,0.24003632191076874
99.88798649831229,9.824740560198978e-05,0.001001121391126347,0.0010993687967283368,0.3313815557997547,0.24006135608283535
99.91298949868734,9.819872652483888e-05,0.0010008708627551773,0.001099069589280016,0.33137792372465136,0.24008638398937268
99.93799249906239,9.815008361758404e-05,0.0010006204597409574,0.0010987705433585413,0.33137429339095786,0.24011140563351618
99.96299549943743,9.810147684440056e-05,0.0010003701819896237,0.0010984716588340242,0.33137066479742155,0.240136421018399
99.98799849981248,9.805290616950795e-05,0.0010001200294072064,0.0010981729355767143,0.33136703794279115,0.2401614301471519
100.01300150018753,9.800437155717009e-05,0.0009998700018998296,0.0010978743734569997,0.3313634128258163,0.24018643302290335
100.03800450056256,9.795587297169507e-05,0.0009996200993737116,0.0010975759723454066,0.331359789445248,0.24021142964877937
100.06300750093762,9.790741037743507e-05,0.000999370321735164,0.001097277732112599,0.3313561677998386,0.2402364200279037
100.08801050131267,9.785898373878638e-05,0.0009991206688905925,0.0010969796526293788,0.3313525478883414,0.24026140416339778
100.11301350168772,9.781059302018928e-05,0.000998871140746496,0.0010966817337666852,0.33134892970951096,0.24028638205838063
100.13801650206275,9.776223818612812e-05,0.0009986217372094668,0.0010963839753955948,0.3313453132621031,0.24031135371596896
100.1630195024378,9.77139192011309e-05,0.0009983724581861904,0.0010960863773873213,0.3313416985448748,0.2403363191392772
100.18802250281286,9.766563602976969e-05,0.0009981233035834456,0.0010957889396132152,0.3313380855565841,0.24036127833141735
100.2130255031879,9.761738863666015e-05,0.0009978742733081044,0.0010954916619447645,0.3313344742959905,0.24038623129549916
100.23802850356294,9.756917698646166e-05,0.0009976253672671312,0.001095194544253593,0.33133086476185447,0.24041117803463002
100.263031503938,9.75210010438773e-05,0.0009973765853675837,0.0010948975864114611,0.3313272569529377,0.240436118551915
100.28803450431305,9.747286077365361e-05,0.0009971279275166121,0.0010946007882902658,0.33132365086800314,0.24046105285045682
100.31303750468808,9.742475614058071e-05,0.0009968793936214592,0.00109430414976204,0.33132004650581487,0.24048598093335594
100.33804050506313,9.737668710949208e-05,0.0009966309835894602,0.0010940076706989522,0.33131644386513814,0.24051090280371049
100.36304350543818,9.732865364526458e-05,0.0009963826973280424,0.001093711350973307,0.33131284294473945,0.24053581846461622
100.38804650581322,9.728065571281845e-05,0.0009961345347447258,0.0010934151904575442,0.33130924374338633,0.2405607279191666
100.41304950618827,9.723269327711706e-05,0.0009958864957471225,0.0010931191890242394,0.3313056462598477,0.24058563117045287
100.43805250656332,9.718476630316704e-05,0.0009956385802429358,0.001092823346546103,0.33130205049289346,0.2406105282215638
100.46305550693837,9.713687475601804e-05,0.0009953907881399622,0.0010925276628959803,0.33129845644129485,0.24063541907558603
100.48805850731341,9.708901860076289e-05,0.000995143119346089,0.001092232137946852,0.3312948641038241,0.24066030373560374
100.51306150768846,9.704119780253727e-05,0.000994895573769295,0.0010919367715718324,0.33129127347925474,0.2406851822046989
100.53806450806351,9.699341232651982e-05,0.0009946481513176514,0.0010916415636441712,0.3312876845663615,0.24071005448595115
100.56306750843855,9.694566213793213e-05,0.0009944008518993203,0.0010913465140372524,0.3312840973639201,0.24073492058243784
100.5880705088136,9.689794720203843e-05,0.0009941536754225551,0.0010910516226245936,0.33128051187070773,0.24075978049723407
100.61307350918865,9.685026748414579e-05,0.0009939066217957003,0.0010907568892798462,0.33127692808550235,0.24078463423341256
100.6380765095637,9.68026229496039e-05,0.0009936596909271918,0.0010904623138767956,0.33127334600708347,0.2408094817940438
100.66307950993874,9.675501356380511e-05,0.0009934128827255567,0.0010901678962893617,0.3312697656342315,0.24083432318219591
100.68808251031379,9.67074392921842e-05,0.0009931661970994118,0.001089873636391596,0.3312661869657281,0.2408591584009349
100.71308551068884,9.665990010021855e-05,0.0009929196339574663,0.0010895795340576848,0.33126261000035623,0.2408839874533243
100.73808851106388,9.66123959534279e-05,0.0009926731932085185,0.0010892855891619464,0.3312590347368997,0.24090881034242545
100.76309151143893,9.656492681737429e-05,0.0009924268747614582,0.0010889918015788325,0.33125546117414373,0.24093362707129742
100.78809451181398,9.651749265766217e-05,0.0009921806785252653,0.0010886981711829276,0.3312518893108746,0.24095843764299701
100.81309751218902,9.647009343993815e-05,0.00099193460440901,0.001088404697848948,0.33124831914587977,0.24098324206057867
100.83810051256407,9.642272912989099e-05,0.0009916886523218525,0.0010881113814517436,0.3312447506779479,0.24100804032709466
100.86310351293912,9.637539969325157e-05,0.0009914428221730433,0.0010878182218662948,0.3312411839058686,0.24103283244559495
100.88810651331417,9.632810509579286e-05,0.000991197113871923,0.001087525218967716,0.33123761882843294,0.2410576184191272
100.91310951368921,9.628084530332977e-05,0.000990951527327922,0.0010872323726312516,0.3312340554444329,0.24108239825073685
100.93811251406426,9.623362028171908e-05,0.0009907060624505595,0.0010869396827322786,0.33123049375266167,0.2411071719434671
100.96311551443931,9.618642999685949e-05,0.000990460719149446,0.0010866471491463056,0.3312269337519137,0.24113193950035877
100.98811851481435,9.613927441469154e-05,0.0009902154973342805,0.0010863547717489721,0.33122337544098435,0.24115670092445055
101.0131215151894,9.609215350119738e-05,0.0009899703969148514,0.0010860625504160487,0.3312198188186704,0.24118145621877884
101.03812451556445,9.604506722240092e-05,0.0009897254178010363,0.0010857704850234372,0.3312162638837695,0.24120620538637777
101.0631275159395,9.599801554436767e-05,0.0009894805599028028,0.0010854785754471703,0.33121271063508073,0.24123094843027917
101.08813051631454,9.595099843320469e-05,0.0009892358231302066,0.0010851868215634112,0.3312091590714041,0.24125568535351272
101.11313351668959,9.590401585506049e-05,0.0009889912073933927,0.0010848952232484531,0.33120560919154074,0.24128041615910578
101.13813651706464,9.585706777612506e-05,0.0009887467126025954,0.0010846037803787204,0.33120206099429306,0.24130514085008348
101.16313951743967,9.581015416262976e-05,0.0009885023386681372,0.001084312492830767,0.33119851447846455,0.24132985942946872
101.18814251781473,9.576327498084716e-05,0.000988258085500429,0.0010840213604812762,0.33119496964285977,0.24135457190028214
101.21314551818978,9.571643019709121e-05,0.0009880139530099715,0.0010837303832070628,0.3311914264862845,0.24137927826554217
101.23814851856483,9.566961977771696e-05,0.0009877699411073523,0.0010834395608850694,0.3311878850075457,0.24140397852826498
101.26315151893986,9.562284368912067e-05,0.000987526049703248,0.0010831488933923687,0.3311843452054512,0.2414286726914645
101.28815451931492,9.557610189773951e-05,0.0009872822787084237,0.0010828583806061633,0.3311808070788103,0.24145336075815246
101.31315751968997,9.552939437005179e-05,0.000987038628033732,0.0010825680224037838,0.33117727062643326,0.24147804273133833
101.338160520065,9.548272107257678e-05,0.0009867950975901137,0.0010822778186626904,0.33117373584713133,0.24150271861402933
101.36316352044005,9.54360819718745e-05,0.0009865516872885976,0.0010819877692604721,0.3311702027397172,0.24152738840923055
101.3881665208151,9.53894770345459e-05,0.0009863083970403,0.0010816978740748459,0.3311666713030044,0.24155205211994474
101.41316952119016,9.534290622723268e-05,0.0009860652267564252,0.0010814081329836578,0.3311631415358078,0.2415767097491725
101.43817252156519,9.529636951661729e-05,0.000985822176348265,0.0010811185458648822,0.3311596134369431,0.2416013612999122
101.46317552194024,9.524986686942265e-05,0.000985579245727198,0.0010808291125966206,0.33115608700522753,0.24162600677515997
101.4881785223153,9.520339825241247e-05,0.000985336434804691,0.0010805398330571035,0.3311525622394791,0.24165064617790974
101.51318152269033,9.515696363239089e-05,0.0009850937434922977,0.0010802507071246887,0.33114903913851707,0.24167527951115322
101.53818452306538,9.511056297620252e-05,0.0009848511717016587,0.0010799617346778612,0.3311455177011618,0.24169990677787995
101.56318752344043,9.506419625073239e-05,0.0009846087193445016,0.001079672915595234,0.3311419979262347,0.2417245279810772
101.58819052381548,9.50178634229059e-05,0.0009843663863326416,0.0010793842497555475,0.3311384798125585,0.24174914312373005
101.61319352419052,9.497156445968873e-05,0.00098412417257798,0.0010790957370376687,0.33113496335895676,0.2417737522088214
101.63819652456557,9.492529932808671e-05,0.0009838820779925048,0.0010788073773205914,0.33113144856425436,0.24179835523933196
101.66319952494062,9.487906799514598e-05,0.000983640102488291,0.0010785191704834368,0.33112793542727725,0.2418229522182402
101.68820252531566,9.483287042795273e-05,0.0009833982459774996,0.0010782311164054524,0.3311244239468524,0.24184754314852241
101.71320552569071,9.478670659363316e-05,0.000983156508372378,0.0010779432149660112,0.33112091412180794,0.2418721280331527
101.73820852606576,9.474057645935352e-05,0.0009829148895852608,0.0010776554660446144,0.33111740595097316,0.24189670687510295
101.76321152644081,9.469447999232003e-05,0.0009826733895285673,0.0010773678695208872,0.3311138994331783,0.2419212796773429
101.78821452681585,9.464841715977873e-05,0.000982432008114804,0.0010770804252745827,0.331110394567255,0.24194584644284003
101.8132175271909,9.460238792901546e-05,0.0009821907452565626,0.001076793133185578,0.3311068913520356,0.24197040717455973
101.83822052756595,9.455639226735591e-05,0.0009819496008665212,0.0010765059931338772,0.33110338978635384,0.2419949618754651
101.86322352794099,9.451043014216542e-05,0.0009817085748574435,0.001076219004999609,0.33109988986904454,0.24201951054851714
101.88822652831604,9.446450152084899e-05,0.0009814676671421785,0.0010759321686630275,0.3310963915989434,0.24204405319667466
101.91322952869109,9.441860637085118e-05,0.0009812268776336608,0.0010756454840045119,0.3310928949748874,0.24206858982289423
101.93823252906613,9.437274465965619e-05,0.000980986206244911,0.0010753589509045671,0.3310893999957147,0.2420931204301303
101.96323552944118,9.432691635478753e-05,0.0009807456528890342,0.0010750725692438216,0.3310859066602643,0.24211764502133512
101.98823852981623,9.428112142380824e-05,0.0009805052174792213,0.0010747863389030294,0.3310824149673765,0.2421421635994588
102.01324153019128,9.423535983432073e-05,0.000980264899928748,0.0010745002597630688,0.3310789249158925,0.24216667616744927
102.03824453056632,9.418963155396666e-05,0.0009800247001509753,0.001074214331704942,0.3310754365046548,0.24219118272825227
102.06324753094137,9.414393655042693e-05,0.0009797846180593487,0.0010739285546097757,0.331071949732507,0.24221568328481138
102.08825053131642,9.409827479142167e-05,0.0009795446535673987,0.0010736429283588205,0.3310684645982934,0.24224017784006804
102.11325353169146,9.405264624471014e-05,0.0009793048065887407,0.001073357452833451,0.3310649811008599,0.2422646663969615
102.1382565320665,9.400705087809062e-05,0.0009790650770370743,0.001073072127915165,0.33106149923905315,0.2422891489584289
102.16325953244156,9.396148865940045e-05,0.0009788254648261838,0.0010727869534855844,0.33105801901172105,0.24231362552740515
102.18826253281661,9.391595955651596e-05,0.0009785859698699377,0.0010725019294264538,0.33105454041771243,0.24233809610682308
102.21326553319165,9.387046353735238e-05,0.0009783465920822892,0.0010722170556196416,0.33105106345587737,0.2423625606996133
102.2382685335667,9.382500056986366e-05,0.0009781073313772752,0.0010719323319471389,0.3310475881250669,0.2423870193087043
102.26327153394175,9.377957062204272e-05,0.0009778681876690166,0.0010716477582910593,0.3310441144241332,0.24241147193702245
102.28827453431678,9.373417366192113e-05,0.0009776291608717192,0.0010713633345336402,0.3310406423519294,0.24243591858749192
102.31327753469184,9.368880965756907e-05,0.0009773902508996713,0.0010710790605572404,0.33103717190731,0.2424603592630348
102.33828053506689,9.364347857709553e-05,0.000977151457667246,0.0010707949362443415,0.3310337030891303,0.24248479396657097
102.36328353544194,9.359818038864786e-05,0.0009769127810888996,0.0010705109614775475,0.33103023589624675,0.2425092227010182
102.38828653581697,9.35529150604121e-05,0.0009766742210791724,0.0010702271361395844,0.3310267703275168,0.24253364546929215
102.41328953619202,9.350768256061259e-05,0.0009764357775526874,0.0010699434601133,0.3310233063817992,0.24255806227430632
102.43829253656708,9.346248285751216e-05,0.0009761974504241514,0.0010696599332816635,0.33101984405795354,0.24258247311897205
102.46329553694211,9.341731591941199e-05,0.0009759592396083548,0.001069376555527767,0.33101638335484057,0.24260687800619857
102.48829853731716,9.337218171465149e-05,0.0009757211450201704,0.0010690933267348218,0.331012924271322,0.242631276938893
102.51330153769221,9.332708021160835e-05,0.0009754831665745546,0.001068810246786163,0.3310094668062609,0.2426556699199603
102.53830453806727,9.328201137869839e-05,0.0009752453041865465,0.0010685273155652448,0.33100601095852106,0.24268005695230332
102.5633075384423,9.323697518437565e-05,0.0009750075577712685,0.0010682445329556441,0.33100255672696755,0.2427044380388228
102.58831053881735,9.319197159713209e-05,0.0009747699272439249,0.001067961898841057,0.33099910411046646,0.24272881318241735
102.6133135391924,9.31470005854978e-05,0.0009745324125198032,0.001067679413105301,0.33099565310788476,0.24275318238598345
102.63831653956744,9.310206211804083e-05,0.0009742950135142737,0.0010673970756323145,0.3309922037180908,0.24277754565241547
102.66331953994249,9.3057156163367e-05,0.0009740577301427884,0.0010671148863061555,0.3309887559399537,0.24280190298460566
102.68832254031754,9.301228269012009e-05,0.0009738205623208823,0.0010668328450110023,0.33098530977234386,0.24282625438544417
102.7133255406926,9.296744166698168e-05,0.0009735835099641723,0.001066550951631154,0.33098186521413253,0.24285059985781904
102.73832854106763,9.292263306267107e-05,0.0009733465729883578,0.0010662692060510288,0.3309784222641922,0.24287493940461616
102.76333154144268,9.287785684594516e-05,0.0009731097513092195,0.0010659876081551647,0.3309749809213963,0.2428992730287194
102.78833454181773,9.283311298559859e-05,0.0009728730448426209,0.0010657061578282195,0.3309715411846194,0.2429236007330104
102.81333754219277,9.278840145046354e-05,0.000972636453504507,0.0010654248549549705,0.330968103052737,0.2429479225203688
102.83834054256782,9.274372220940964e-05,0.0009723999772109042,0.001065143699420314,0.33096466652462575,0.24297223839367213
102.86334354294287,9.269907523134409e-05,0.0009721636158779212,0.0010648626911092653,0.3309612315991633,0.2429965483557958
102.88834654331792,9.265446048521146e-05,0.0009719273694217477,0.0010645818299069591,0.33095779827522837,0.24302085240961308
102.91334954369296,9.260987793999366e-05,0.0009716912377586553,0.001064301115698649,0.3309543665517007,0.2430451505579952
102.93835254406801,9.256532756470993e-05,0.0009714552208049964,0.0010640205483697064,0.3309509364274611,0.24306944280381132
102.96335554444306,9.25208093284167e-05,0.0009712193184772052,0.0010637401278056219,0.33094750790139144,0.24309372914992847
102.9883585448181,9.247632320020773e-05,0.0009709835306917968,0.0010634598538920045,0.3309440809723746,0.24311800959921157
103.01336154519315,9.243186914921374e-05,0.0009707478573653672,0.001063179726514581,0.3309406556392945,0.2431422841545235
103.0383645455682,9.238744714460267e-05,0.0009705122984145935,0.0010628997455591962,0.3309372319010361,0.243166552818725
103.06336754594324,9.23430571555795e-05,0.000970276853756234,0.0010626199109118135,0.33093380975648545,0.24319081559467481
103.08837054631829,9.22986991513861e-05,0.0009700415233071271,0.0010623402224585131,0.33093038920452955,0.24321507248522953
103.11337354669334,9.22543731013013e-05,0.0009698063069841921,0.0010620606800854934,0.3309269702440565,0.24323932349324368
103.13837654706839,9.221007897464086e-05,0.0009695712047044293,0.0010617812836790702,0.3309235528739554,0.24326356862156973
103.16337954744343,9.216581674075735e-05,0.0009693362163849191,0.0010615020331256764,0.3309201370931165,0.24328780787305807
103.18838254781848,9.212158636904004e-05,0.000969101341942822,0.001061222928311862,0.3309167229004309,0.243312041250557
103.21338554819353,9.207738782891496e-05,0.0009688665812953792,0.0010609439691242942,0.3309133102947908,0.24333626875691278
103.23838854856857,9.203322108984485e-05,0.000968631934359912,0.001060665155449757,0.3309098992750895,0.24336049039496957
103.26339154894362,9.198908612132898e-05,0.0009683974010538215,0.0010603864871751504,0.33090648984022125,0.2433847061675695
103.28839454931867,9.194498289290323e-05,0.0009681629812945892,0.0010601079641874925,0.33090308198908136,0.24340891607755258
103.31339754969372,9.190091137413996e-05,0.0009679286749997761,0.001059829586373916,0.33089967572056617,0.2434331201277568
103.33840055006876,9.185687153464801e-05,0.0009676944820870234,0.0010595513536216714,0.330896271033573,0.2434573183210181
103.3634035504438,9.181286334407255e-05,0.0009674604024740514,0.001059273265818124,0.3308928679270003,0.24348151066017035
103.38840655081886,9.176888677209524e-05,0.0009672264360786604,0.0010589953228507558,0.3308894663997475,0.24350569714804532
103.4134095511939,9.172494178843389e-05,0.0009669925828187305,0.0010587175246071644,0.33088606645071483,0.24352987778747276
103.43841255156894,9.16810283628426e-05,0.0009667588426122203,0.001058439870975063,0.33088266807880395,0.2435540525812804
103.463415551944,9.163714646511172e-05,0.0009665252153771686,0.0010581623618422802,0.3308792712829173,0.2435782215322939
103.48841855231905,9.159329606506765e-05,0.0009662917010316927,0.0010578849970967604,0.33087587606195823,0.24360238464333683
103.51342155269408,9.154947713257298e-05,0.0009660582994939898,0.0010576077766265629,0.3308724824148314,0.24362654191723077
103.53842455306913,9.15056896375262e-05,0.0009658250106823352,0.0010573307003198616,0.33086909034044226,0.2436506933567952
103.56342755344419,9.146193354986194e-05,0.0009655918345150839,0.001057053768064946,0.3308656998376973,0.24367483896484762
103.58843055381922,9.141820883955066e-05,0.0009653587709106694,0.0010567769797502201,0.33086231090550416,0.24369897874420343
103.61343355419427,9.137451547659869e-05,0.0009651258197876037,0.0010565003352642024,0.33085892354277135,0.24372311269767605
103.63843655456932,9.133085343104826e-05,0.000964892981064478,0.0010562238344955263,0.3308555377484085,0.24374724082807683
103.66343955494438,9.128722267297734e-05,0.0009646602546599614,0.0010559474773329388,0.330852153521326,0.24377136313821507
103.68844255531941,9.124362317249968e-05,0.0009644276404928021,0.0010556712636653018,0.33084877086043574,0.24379547963089807
103.71344555569446,9.120005489976459e-05,0.0009641951384818261,0.0010553951933815907,0.3308453897646501,0.24381959030893108
103.73844855606951,9.11565178249571e-05,0.000963962748545938,0.0010551192663708952,0.3308420102328828,0.24384369517511734
103.76345155644455,9.111301191829783e-05,0.0009637304706041204,0.0010548434825224183,0.33083863226404836,0.24386779423225802
103.7884545568196,9.106953715004282e-05,0.0009634983045754339,0.0010545678417254768,0.33083525585706247,0.24389188748315233
103.81345755719465,9.102609349048366e-05,0.0009632662503790174,0.001054292343869501,0.3308318810108417,0.2439159749305974
103.8384605575697,9.098268090994738e-05,0.0009630343079340873,0.0010540169888440347,0.3308285077243037,0.2439400565773884
103.86346355794474,9.093929937879636e-05,0.0009628024771599381,0.0010537417765387345,0.33082513599636715,0.2439641324263184
103.88846655831979,9.089594886742824e-05,0.0009625707579759417,0.00105346670684337,0.3308217658259515,0.2439882024801785
103.91346955869484,9.085262934627597e-05,0.0009623391503015479,0.001053191779647824,0.33081839721197764,0.2440122667417578
103.93847255906988,9.080934078580781e-05,0.0009621076540562839,0.0010529169948420916,0.3308150301533669,0.24403632521384336
103.96347555944493,9.076608315652702e-05,0.000961876269159754,0.001052642352316281,0.3308116646490421,0.24406037789922025
103.98847855981998,9.07228564289721e-05,0.0009616449955316403,0.0010523678519606123,0.33080830069792677,0.2440844248006715
104.01348156019503,9.06796605737166e-05,0.0009614138330917019,0.0010520934936654185,0.3308049382989456,0.24410846592097815
104.03848456057007,9.063649556136904e-05,0.0009611827817597752,0.0010518192773211442,0.330801577451024,0.24413250126291924
104.06348756094512,9.059336136257298e-05,0.0009609518414557732,0.0010515452028183462,0.33079821815308874,0.24415653082927183
104.08849056132017,9.055025794800683e-05,0.0009607210120996863,0.001051271270047693,0.3307948604040673,0.2441805546228109
104.11349356169521,9.050718528838395e-05,0.0009604902936115818,0.0010509974788999658,0.33079150420288833,0.24420457264630951
104.13849656207026,9.04641433544524e-05,0.0009602596859116032,0.0010507238292660557,0.3307881495484813,0.2442285849025387
104.16349956244531,9.042113211699513e-05,0.0009600291889199713,0.0010504503210369664,0.3307847964397768,0.24425259139426753
104.18850256282035,9.037815154682977e-05,0.0009597988025569833,0.001050176954103813,0.3307814448757064,0.24427659212426298
104.2135055631954,9.033520161480856e-05,0.0009595685267430127,0.0010499037283578211,0.33077809485520254,0.24430058709529015
104.23850856357045,9.029228229181842e-05,0.0009593383613985093,0.0010496306436903278,0.33077474637719884,0.2443245763101121
104.2635115639455,9.024939354878084e-05,0.0009591083064439998,0.0010493576999927806,0.3307713994406296,0.2443485597714899
104.28851456432054,9.020653535665186e-05,0.0009588783618000867,0.0010490848971567385,0.3307680540444304,0.2443725374821826
104.31351756469559,9.016370768642193e-05,0.0009586485273874484,0.0010488122350738702,0.33076471018753767,0.24439650944494737
104.33852056507064,9.012091050911592e-05,0.0009584188031268397,0.0010485397136359557,0.3307613678688889,0.2444204756625393
104.36352356544567,9.007814379579318e-05,0.0009581891889390915,0.0010482673327348846,0.33075802708742236,0.24444443613771152
104.38852656582073,9.003540751754724e-05,0.00095795968474511,0.0010479950922626573,0.3307546878420775,0.2444683908732152
104.41352956619578,8.999270164550602e-05,0.0009577302904658774,0.0010477229921113836,0.3307513501317947,0.24449233987179955
104.43853256657083,8.995002615083164e-05,0.0009575010060224518,0.0010474510321732834,0.33074801395551523,0.24451628313621177
104.46353556694586,8.990738100472039e-05,0.0009572718313359666,0.001047179212340687,0.3307446793121814,0.24454022066919706
104.48853856732092,8.986476617840264e-05,0.0009570427663276309,0.0010469075325060335,0.33074134620073653,0.24456415247349875
104.51354156769597,8.982218164314295e-05,0.0009568138109187289,0.0010466359925618719,0.33073801462012486,0.2445880785518581
104.538544568071,8.977962737023985e-05,0.0009565849650306204,0.0010463645924008603,0.33073468456929156,0.24461199890701443
104.56354756844605,8.973710333102584e-05,0.0009563562285847402,0.001046093331915766,0.33073135604718285,0.24463591354170514
104.5885505688211,8.969460949686739e-05,0.0009561276015025985,0.0010458222109994658,0.3307280290527459,0.2446598224586656
104.61355356919616,8.965214583916486e-05,0.0009558990837057802,0.0010455512295449452,0.33072470358492884,0.2446837256606293
104.6385565695712,8.960971232935245e-05,0.0009556706751159455,0.001045280387445298,0.33072137964268067,0.24470762315032765
104.66355956994624,8.956730893889814e-05,0.0009554423756548291,0.0010450096845937271,0.3307180572249515,0.24473151493049025
104.6885625703213,8.952493563930364e-05,0.0009552141852442406,0.0010447391208835443,0.33071473633069237,0.24475540100384463
104.71356557069633,8.948259240210443e-05,0.0009549861038060646,0.001044468696208169,0.33071141695885525,0.2447792813731164
104.73856857107138,8.944027919886955e-05,0.0009547581312622597,0.0010441984104611294,0.33070809910839305,0.24480315604102923
104.76357157144643,8.939799600120169e-05,0.0009545302675348594,0.001043928263536061,0.3307047827782597,0.24482702501030484
104.78857457182148,8.935574278073708e-05,0.0009543025125459717,0.0010436582553267088,0.33070146796741007,0.24485088828366297
104.81357757219652,8.93135195091455e-05,0.0009540748662177787,0.0010433883857269243,0.3306981546747999,0.24487474586382144
104.83858057257157,8.92713261581301e-05,0.0009538473284725365,0.0010431186546306665,0.330694842899386,0.24489859775349615
104.86358357294662,8.922916269942751e-05,0.0009536198992325758,0.0010428490619320034,0.33069153264012613,0.244922443955401
104.88858657332166,8.918702910480775e-05,0.0009533925784203015,0.0010425796075251093,0.330688223895979,0.24494628447224798
104.91358957369671,8.914492534607406e-05,0.0009531653659581918,0.0010423102913042657,0.33068491666590416,0.24497011930674714
104.93859257407176,8.910285139506301e-05,0.0009529382617687991,0.001042041113163862,0.3306816109488623,0.2449939484616066
104.96359557444681,8.906080722364442e-05,0.0009527112657747498,0.0010417720729983943,0.3306783067438149,0.24501777193953256
104.98859857482185,8.901879280372128e-05,0.0009524843778987441,0.0010415031707024652,0.33067500404972444,0.2450415897432292
105.0136015751969,8.897680810722962e-05,0.000952257598063555,0.0010412344061707848,0.3306717028655545,0.24506540187539888
105.03860457557195,8.893485310613863e-05,0.00095203092619203,0.0010409657792981686,0.3306684031902692,0.24508920833874195
105.06360757594699,8.889292777245057e-05,0.0009518043622070895,0.00104069728997954,0.3306651050228341,0.24511300913595688
105.08861057632204,8.885103207820058e-05,0.0009515779060317273,0.0010404289381099278,0.3306618083622154,0.2451368042697402
105.11361357669709,8.880916599545685e-05,0.0009513515575890107,0.0010401607235844676,0.3306585132073804,0.24516059374278648
105.13861657707213,8.87673294963204e-05,0.00095112531680208,0.0010398926462984004,0.3306552195572972,0.24518437755778844
105.16361957744718,8.872552255292511e-05,0.0009508991835941487,0.0010396247061470738,0.3306519274109349,0.24520815571743682
105.18862257782223,8.868374513743768e-05,0.0009506731578885031,0.0010393569030259409,0.3306486367672637,0.24523192822442044
105.21362557819728,8.864199722205754e-05,0.0009504472396085027,0.0010390892368305604,0.33064534762525444,0.24525569508142625
105.23862857857232,8.86002787790169e-05,0.0009502214286775798,0.0010388217074565967,0.3306420599838791,0.24527945629113923
105.26363157894737,8.855858978058051e-05,0.0009499957250192389,0.0010385543147998194,0.33063877384211054,0.24530321185624251
105.28863457932242,8.851693019904583e-05,0.000949770128557058,0.0010382870587561039,0.33063548919892266,0.24532696177941726
105.31363757969746,8.847530000674293e-05,0.0009495446392146873,0.0010380199392214303,0.33063220605329013,0.24535070606334272
105.33864058007251,8.843369917603426e-05,0.0009493192569158493,0.0010377529560918835,0.3306289244041886,0.24537444471069628
105.36364358044756,8.839212767931489e-05,0.000949093981584339,0.001037486109263654,0.3306256442505948,0.2453981777241534
105.38864658082261,8.835058548901223e-05,0.0009488688131440241,0.0010372193986330363,0.33062236559148633,0.24542190510638762
105.41364958119765,8.83090725775862e-05,0.000948643751518844,0.0010369528240964303,0.3306190884258415,0.24544562686007057
105.4386525815727,8.826758891752888e-05,0.0009484187966328105,0.0010366863855503395,0.3306158127526398,0.24546934298787204
105.46365558194775,8.822613448136481e-05,0.0009481939484100075,0.0010364200828913723,0.3306125385708616,0.24549305349245987
105.48865858232278,8.818470924165071e-05,0.0009479692067745908,0.0010361539160162415,0.3306092658794881,0.24551675837649997
105.51366158269784,8.814331317097551e-05,0.0009477445716507879,0.0010358878848217635,0.3306059946775016,0.24554045764265645
105.53866458307289,8.810194624196029e-05,0.0009475200429628985,0.001035621989204859,0.3306027249638852,0.24556415129359144
105.56366758344794,8.80606084272583e-05,0.0009472956206352938,0.0010353562290625522,0.330599456737623,0.24558783933196524
105.58867058382297,8.801929969955484e-05,0.0009470713045924167,0.0010350906042919715,0.3305961899976998,0.24561152176043619
105.61367358419803,8.797802003156716e-05,0.0009468470947587815,0.0010348251147903485,0.33059292474310176,0.24563519858166083
105.63867658457308,8.793676939604459e-05,0.000946622991058974,0.0010345597604550186,0.3305896609728155,0.24565886979829377
105.66367958494811,8.789554776576837e-05,0.0009463989934176516,0.00103429454118342,0.3305863986858289,0.24568253541298768
105.68868258532316,8.785435511355156e-05,0.0009461751017595428,0.0010340294568730944,0.3305831378811306,0.24570619542839345
105.71368558569822,8.781319141223915e-05,0.0009459513160094472,0.0010337645074216864,0.3305798785577101,0.24572984984716
105.73868858607327,8.777205663470792e-05,0.0009457276360922359,0.0010334996927269437,0.33057662071455796,0.24575349867193444
105.7636915864483,8.773095075386641e-05,0.0009455040619328509,0.0010332350126867173,0.3305733643506657,0.24577714190536193
105.78869458682335,8.768987374265479e-05,0.0009452805934563048,0.0010329704671989594,0.3305701094650255,0.24580077955008584
105.8136975871984,8.764882557404497e-05,0.0009450572305876815,0.0010327060561617265,0.3305668560566308,0.2458244116087476
105.83870058757344,8.760780622104053e-05,0.0009448339732521356,0.0010324417794731762,0.3305636041244756,0.24584803808398678
105.86370358794849,8.75668156566765e-05,0.0009446108213748923,0.0010321776370315688,0.3305603536675551,0.24587165897844113
105.88870658832354,8.752585385401955e-05,0.0009443877748812475,0.001031913628735267,0.33055710468486516,0.24589527429474645
105.9137095886986,8.748492078616778e-05,0.0009441648336965676,0.0010316497544827353,0.33055385717540287,0.24591888403553674
105.93871258907363,8.744401642625079e-05,0.0009439419977462896,0.0010313860141725403,0.3305506111381659,0.24594248820344408
105.96371558944868,8.740314074742952e-05,0.0009437192669559206,0.00103112240770335,0.33054736657215306,0.24596608680109874
105.98871858982373,8.736229372289629e-05,0.0009434966412510381,0.0010308589349739344,0.33054412347636397,0.2459896798311291
106.01372159019877,8.732147532587478e-05,0.0009432741205572902,0.001030595595883165,0.3305408818497991,0.24601326729616166
106.03872459057382,8.728068552961985e-05,0.0009430517048003946,0.0010303323903300145,0.33053764169146005,0.2460368491988211
106.06372759094887,8.723992430741768e-05,0.000942829393906139,0.0010300693182135566,0.330534403000349,0.24606042554173024
106.08873059132392,8.719919163258556e-05,0.0009426071878003816,0.0010298063794329671,0.33053116577546926,0.24608399632751002
106.11373359169896,8.7158487478472e-05,0.0009423850864090502,0.001029543573887522,0.3305279300158251,0.24610756155877953
106.13873659207401,8.711781181845647e-05,0.0009421630896581421,0.0010292809014765985,0.3305246957204214,0.24613112123815603
106.16373959244906,8.70771646259496e-05,0.0009419411974737248,0.0010290183620996745,0.33052146288826434,0.24615467536825492
106.1887425928241,8.703654587439304e-05,0.0009417194097819352,0.0010287559556563283,0.3305182315183606,0.24617822395168976
106.21374559319915,8.69959555372593e-05,0.0009414977265089797,0.001028493682046239,0.330515001609718,0.24620176699107224
106.2387485935742,8.695539358805192e-05,0.0009412761475811342,0.0010282315411691862,0.3305117731613452,0.24622530448901225
106.26375159394924,8.69148600003053e-05,0.0009410546729247441,0.0010279695329250495,0.3305085461722518,0.2462488364481178
106.28875459432429,8.687435474758457e-05,0.000940833302466224,0.0010277076572138086,0.33050532064144816,0.24627236287099505
106.31375759469934,8.683387780348577e-05,0.0009406120361320577,0.0010274459139355434,0.33050209656794566,0.24629588376024836
106.33876059507439,8.679342914163566e-05,0.0009403908738487983,0.001027184302990434,0.3304988739507566,0.24631939911848022
106.36376359544943,8.67530087356917e-05,0.0009401698155430678,0.0010269228242787594,0.33049565278889403,0.2463429089482913
106.38876659582448,8.671261655934197e-05,0.0009399488611415572,0.0010266614777008991,0.3304924330813721,0.24636641325228045
106.41376959619953,8.667225258630522e-05,0.0009397280105710264,0.0010264002631573317,0.3304892148272056,0.24638991203304467
106.43877259657457,8.663191679033079e-05,0.0009395072637583044,0.0010261391805486352,0.33048599802541034,0.2464134052931791
106.46377559694962,8.659160914519847e-05,0.0009392866206302883,0.0010258782297754866,0.3304827826750031,0.2464368930352771
106.48877859732467,8.655132962471867e-05,0.0009390660811139445,0.001025617410738663,0.3304795687750014,0.2464603752619302
106.51378159769972,8.651107820273212e-05,0.0009388456451363075,0.0010253567233390398,0.33047635632442374,0.24648385197572809
106.53878459807476,8.647085485311008e-05,0.000938625312624481,0.0010250961674775911,0.33047314532228944,0.24650732317925858
106.5637875984498,8.643065954975403e-05,0.0009384050835056361,0.0010248357430553902,0.3304699357676188,0.2465307888751078
106.58879059882486,8.639049226659589e-05,0.000938184957707013,0.001024575449973609,0.33046672765943286,0.24655424906585993
106.6137935991999,8.635035297759787e-05,0.0009379649351559199,0.0010243152881335177,0.33046352099675363,0.24657770375409738
106.63879659957495,8.63102416567523e-05,0.0009377450157797331,0.0010240552574364854,0.3304603157786041,0.24660115294240073
106.66379959995,8.627015827808178e-05,0.0009375251995058972,0.001023795357783979,0.3304571120040079,0.2466245966333488
106.68880260032505,8.623010281563909e-05,0.0009373054862619246,0.0010235355890775638,0.33045390967198984,0.2466480348295185
106.71380560070008,8.619007524350712e-05,0.000937085875975396,0.001023275951218903,0.3304507087815753,0.24667146753348498
106.73880860107514,8.615007553579873e-05,0.0009368663685739593,0.001023016444109758,0.33044750933179073,0.24669489474782164
106.76381160145019,8.61101036666569e-05,0.0009366469639853309,0.0010227570676519878,0.33044431132166346,0.24671831647509995
106.78881460182522,8.60701596102546e-05,0.0009364276621372944,0.001022497821747549,0.33044111475022164,0.24674173271788966
106.81381760220027,8.603024334079467e-05,0.0009362084629577012,0.0010222387062984958,0.33043791961649427,0.2467651434787587
106.83882060257532,8.599035483250994e-05,0.0009359893663744701,0.00102197972120698,0.33043472591951123,0.24678854876027317
106.86382360295038,8.595049405966306e-05,0.0009357703723155877,0.0010217208663752507,0.3304315336583033,0.2468119485649974
106.88882660332541,8.591066099654649e-05,0.0009355514807091078,0.0010214621417056543,0.3304283428319022,0.24683534289549391
106.91382960370046,8.587085561748247e-05,0.0009353326914831511,0.0010212035471006335,0.33042515343934037,0.2468587317543234
106.93883260407551,8.583107789682298e-05,0.0009351140045659063,0.0010209450824627292,0.3304219654796513,0.24688211514404482
106.96383560445055,8.579132780894975e-05,0.0009348954198856287,0.0010206867476945784,0.33041877895186916,0.24690549306721526
106.9888386048256,8.575160532827405e-05,0.0009346769373706406,0.0010204285426989145,0.3304155938550291,0.2469288655263901
107.01384160520065,8.571191042923685e-05,0.0009344585569493317,0.0010201704673785685,0.3304124101881672,0.24695223252412285
107.0388446055757,8.567224308630867e-05,0.0009342402785501583,0.001019912521636467,0.3304092279503202,0.24697559406296526
107.06384760595074,8.56326032739896e-05,0.0009340221021016438,0.0010196547053756334,0.3304060471405259,0.24699895014546733
107.08885060632579,8.55929909668091e-05,0.000933804027532378,0.001019397018499187,0.33040286775782285,0.24702230077417722
107.11385360670084,8.55534061393262e-05,0.0009335860547710174,0.0010191394609103436,0.3303996898012505,0.24704564595164133
107.13885660707588,8.551384876612934e-05,0.0009333681837462857,0.001018882032512415,0.33039651326984926,0.24706898568040425
107.16385960745093,8.547431882183622e-05,0.0009331504143869723,0.0010186247332088084,0.33039333816266014,0.24709231996300884
107.18886260782598,8.543481628109392e-05,0.0009329327466219335,0.0010183675629030274,0.3303901644787253,0.24711564880199613
107.21386560820102,8.539534111857888e-05,0.000932715180380092,0.0010181105214986709,0.33038699221708767,0.24713897219990538
107.23886860857607,8.535589330899665e-05,0.0009324977155904365,0.0010178536088994332,0.3303838213767909,0.24716229015927413
107.26387160895112,8.531647282708209e-05,0.0009322803521820221,0.0010175968250091042,0.33038065195687966,0.2471856026826381
107.28887460932617,8.52770796475992e-05,0.0009320630900839701,0.0010173401697315693,0.33037748395639943,0.24720890977253118
107.31387760970121,8.523771374534109e-05,0.0009318459292254679,0.001017083642970809,0.33037431737439643,0.2472322114314856
107.33888061007626,8.519837509512994e-05,0.0009316288695357685,0.0010168272446308983,0.330371152209918,0.24725550766203178
107.36388361045131,8.5159063671817e-05,0.000931411910944191,0.001016570974616008,0.33036798846201204,0.2472787984666983
107.38888661082635,8.511977945028254e-05,0.0009311950533801206,0.001016314832830403,0.3303648261297275,0.24730208384801208
107.4138896112014,8.508052240543569e-05,0.0009309782967730078,0.0010160588191784434,0.33036166521211413,0.24732536380849823
107.43889261157645,8.504129251221465e-05,0.0009307616410523692,0.0010158029335645838,0.33035850570822245,0.24734863835068008
107.4638956119515,8.500208974558638e-05,0.0009305450861477867,0.001015547175893373,0.33035534761710394,0.2473719074770792
107.48889861232654,8.49629140805468e-05,0.0009303286319889078,0.0010152915460694546,0.3303521909378109,0.24739517119021545
107.51390161270159,8.492376549212051e-05,0.0009301122785054455,0.001015036043997566,0.33034903566939644,0.24741842949260687
107.53890461307664,8.488464395536095e-05,0.0009298960256271779,0.001014780669582539,0.3303458818109145,0.24744168238676978
107.56390761345168,8.484554944535029e-05,0.000929679873283949,0.0010145254227292993,0.33034272936141995,0.24746492987521873
107.58891061382673,8.480648193719931e-05,0.0009294638214056674,0.0010142703033428667,0.3303395783199685,0.24748817196046652
107.61391361420178,8.47674414060475e-05,0.0009292478699223071,0.0010140153113283546,0.33033642868561663,0.24751140864502422
107.63891661457683,8.472842782706295e-05,0.000929032018763907,0.00101376044659097,0.33033328045742166,0.2475346399314011
107.66391961495187,8.468944117544232e-05,0.0009288162678605713,0.0010135057090360138,0.3303301336344418,0.2475578658221047
107.68892261532692,8.465048142641074e-05,0.000928600617142469,0.0010132510985688798,0.33032698821573614,0.24758108631964088
107.71392561570197,8.461154855522186e-05,0.0009283850665398336,0.0010129966150950556,0.33032384420036454,0.24760430142651366
107.738928616077,8.457264253715783e-05,0.0009281696159829639,0.0010127422585201218,0.33032070158738763,0.24762751114522535
107.76393161645206,8.453376334752912e-05,0.000927954265402223,0.0010124880287497521,0.3303175603758671,0.24765071547827655
107.7889346168271,8.44949109616746e-05,0.0009277390147280387,0.0010122339256897132,0.3303144205648653,0.24767391442816608
107.81393761720216,8.445608535496151e-05,0.0009275238638909033,0.001011979949245865,0.3303112821534455,0.24769710799739106
107.8389406175772,8.441728650278535e-05,0.0009273088128213741,0.0010117260993241595,0.3303081451406717,0.2477202961884468
107.86394361795224,8.437851438056983e-05,0.0009270938614500717,0.0010114723758306416,0.3303050095256088,0.24774347900382696
107.8889466183273,8.433976896376695e-05,0.0009268790097076818,0.0010112187786714489,0.3303018753073226,0.24776665644602341
107.91394961870233,8.430105022785684e-05,0.0009266642575249546,0.0010109653077528115,0.33029874248487956,0.2477898285175263
107.93895261907738,8.426235814834776e-05,0.0009264496048327035,0.0010107119629810513,0.3302956110573472,0.24781299522082406
107.96395561945243,8.422369270077608e-05,0.0009262350515618069,0.0010104587442625829,0.3302924810237937,0.2478361565584034
107.98895861982749,8.418505386070621e-05,0.0009260205976432067,0.0010102056515039128,0.33028935238328816,0.2478593125327493
108.01396162020252,8.414644160373065e-05,0.0009258062430079089,0.0010099526846116395,0.3302862251349004,0.24788246314634493
108.03896462057757,8.410785590546978e-05,0.0009255919875869832,0.001009699843492453,0.3302830992777012,0.2479056084016719
108.06396762095262,8.406929674157196e-05,0.0009253778313115635,0.0010094471280531355,0.3302799748107621,0.24792874830120995
108.08897062132766,8.40307640877135e-05,0.0009251637741128472,0.0010091945382005607,0.33027685173315546,0.24795188284743716
108.11397362170271,8.39922579195985e-05,0.000924949815922095,0.0010089420738416935,0.33027373004395444,0.24797501204282993
108.13897662207776,8.395377821295892e-05,0.0009247359566706317,0.0010086897348835907,0.3302706097422331,0.24799813588986286
108.16397962245281,8.391532494355453e-05,0.0009245221962898454,0.0010084375212333998,0.33026749082706625,0.2480212543910089
108.18898262282785,8.387689808717285e-05,0.0009243085347111876,0.0010081854327983605,0.3302643732975296,0.24804436754873918
108.2139856232029,8.383849761962905e-05,0.0009240949718661732,0.0010079334694858024,0.3302612571526997,0.2480674753655233
108.23898862357795,8.380012351676603e-05,0.0009238815076863802,0.0010076816312031462,0.33025814239165374,0.24809057784382896
108.26399162395299,8.376177575445437e-05,0.0009236681421034502,0.0010074299178579045,0.33025502901346987,0.24811367498612225
108.28899462432804,8.37234543085921e-05,0.0009234548750490875,0.0010071783293576797,0.3302519170172271,0.24813676679486757
108.31399762470309,8.368515915510496e-05,0.0009232417064550596,0.0010069268656101645,0.33024880640200516,0.24815985327252754
108.33900062507813,8.364689026994617e-05,0.0009230286362531974,0.0010066755265231435,0.3302456971668847,0.2481829344215631
108.36400362545318,8.360864762909636e-05,0.0009228156643753938,0.00100642431200449,0.33024258931094697,0.24820601024443356
108.38900662582823,8.357043120856373e-05,0.0009226027907536054,0.001006173221962169,0.3302394828332743,0.24822908074359643
108.41400962620328,8.353224098438381e-05,0.0009223900153198513,0.0010059222563042352,0.3302363777329498,0.24825214592150754
108.43901262657832,8.349407693261953e-05,0.0009221773380062134,0.001005671414938833,0.3302332740090571,0.24827520578062104
108.46401562695337,8.345593902936111e-05,0.0009219647587448358,0.0010054206977741969,0.330230171660681,0.2482982603233894
108.48901862732842,8.341782725072612e-05,0.0009217522774679254,0.0010051701047186516,0.330227070686907,0.24832130955226334
108.51402162770346,8.33797415728594e-05,0.000921539894107752,0.0010049196356806114,0.3302239710868212,0.24834435346969194
108.53902462807851,8.334168197193292e-05,0.0009213276085966471,0.00100466929056858,0.3302208728595109,0.24836739207812258
108.56402762845356,8.330364842414596e-05,0.000921115420867005,0.001004419069291151,0.33021777600406393,0.24839042538000092
108.58903062882861,8.326564090572486e-05,0.0009209033308512821,0.0010041689717570068,0.33021468051956887,0.24841345337777096
108.61403362920365,8.322765939292312e-05,0.0009206913384819972,0.0010039189978749202,0.3302115864051154,0.24843647607387495
108.6390366295787,8.318970386202127e-05,0.0009204794436917307,0.001003669147553752,0.3302084936597938,0.24845949347075355
108.66403962995375,8.315177428932689e-05,0.0009202676464131257,0.0010034194207024527,0.3302054022826952,0.2484825055708457
108.68904263032879,8.31138706511746e-05,0.000920055946578887,0.0010031698172300616,0.3302023122729114,0.24850551237658858
108.71404563070384,8.307599292392593e-05,0.0009198443441217812,0.0010029203370457071,0.3301992236295353,0.2485285138904178
108.73904863107889,8.303814108396934e-05,0.0009196328389746367,0.001002670980058606,0.3301961363516604,0.24855151011476723
108.76405163145394,8.300031510772023e-05,0.0009194214310703439,0.001002421746178064,0.33019305043838093,0.24857450105206907
108.78905463182898,8.29625149716208e-05,0.000919210120341855,0.0010021726353134758,0.3301899658887922,0.24859748670475385
108.81405763220403,8.29247406521401e-05,0.0009189989067221834,0.0010019236473743235,0.33018688270199,0.2486204670752504
108.83906063257908,8.288699212577392e-05,0.0009187877901444042,0.0010016747822701782,0.33018380087707117,0.2486434421659859
108.86406363295411,8.284926936904483e-05,0.0009185767705416544,0.0010014260399106992,0.3301807204131332,0.24866641197938588
108.88906663332916,8.281157235850208e-05,0.0009183658478471317,0.0010011774202056338,0.33017764130927435,0.24868937651787415
108.91406963370422,8.27739010707216e-05,0.0009181550219940956,0.0010009289230648172,0.3301745635645939,0.24871233578387286
108.93907263407927,8.273625548230598e-05,0.0009179442929158669,0.001000680548398173,0.3301714871781917,0.24873528977980253
108.9640756344543,8.269863556988437e-05,0.0009177336605458275,0.001000432296115712,0.33016841214916853,0.24875823850808196
108.98907863482935,8.266104131011249e-05,0.0009175231248174202,0.0010001841661275326,0.3301653384766258,0.24878118197112833
109.0140816352044,8.262347267967255e-05,0.0009173126856641491,0.0009999361583438217,0.3301622661596659,0.24880412017135714
109.03908463557944,8.258592965527336e-05,0.0009171023430195797,0.000999688272674853,0.3301591951973919,0.24882705311118222
109.0640876359545,8.254841221365004e-05,0.0009168920968173374,0.0009994405090309874,0.33015612558890767,0.24884998079301576
109.08909063632954,8.251092033156421e-05,0.0009166819469911093,0.0009991928673226734,0.33015305733331796,0.24887290321926828
109.1140936367046,8.247345398580386e-05,0.000916471893474643,0.000998945347460447,0.3301499904297282,0.24889582039234862
109.13909663707963,8.243601315318334e-05,0.000916261936201747,0.0009986979493549304,0.3301469248772446,0.248918732314664
109.16409963745468,8.239859781054323e-05,0.00091605207510629,0.0009984506729168333,0.3301438606749743,0.24894163898861996
109.18910263782973,8.236120793475048e-05,0.0009158423101222016,0.0009982035180569522,0.33014079782202516,0.24896454041662042
109.21410563820477,8.232384350269824e-05,0.000915632641183472,0.0009979564846861703,0.33013773631750565,0.2489874366010676
109.23910863857982,8.22865044913058e-05,0.0009154230682241515,0.0009977095727154574,0.3301346761605253,0.24901032754436211
109.26411163895487,8.224919087751871e-05,0.0009152135911783511,0.0009974627820558699,0.33013161735019425,0.24903321324890293
109.28911463932992,8.221190263830862e-05,0.0009150042099802418,0.0009972161126185505,0.3301285598856235,0.2490560937170873
109.31411763970496,8.217463975067327e-05,0.0009147949245640552,0.0009969695643147285,0.3301255037659248,0.24907896895131093
109.33912064008001,8.213740219163642e-05,0.0009145857348640825,0.000996723137055719,0.33012244899021065,0.2491018389539678
109.36412364045506,8.210018993824789e-05,0.0009143766408146757,0.0009964768307529235,0.3301193955575945,0.24912470372745033
109.3891266408301,8.206300296758351e-05,0.0009141676423502461,0.0009962306453178296,0.3301163434671903,0.2491475632741492
109.41412964120515,8.202584125674503e-05,0.0009139587394052655,0.0009959845806620106,0.330113292718113,0.24917041759645353
109.4391326415802,8.198870478286011e-05,0.0009137499319142653,0.0009957386366971255,0.3301102433094783,0.24919326669675076
109.46413564195524,8.195159352308233e-05,0.0009135412198118368,0.0009954928133349191,0.3301071952404025,0.2492161105774267
109.48913864233029,8.191450745459106e-05,0.0009133326030326311,0.0009952471104872221,0.3301041485100029,0.2492389492408656
109.51414164270534,8.187744655459152e-05,0.0009131240815113587,0.0009950015280659503,0.33010110311739754,0.24926178268944993
109.53914464308039,8.184041080031475e-05,0.0009129156551827902,0.000994756065983105,0.3300980590617051,0.24928461092556065
109.56414764345543,8.180340016901747e-05,0.0009127073239817554,0.0009945107241507729,0.33009501634204513,0.249307433951577
109.58915064383048,8.176641463798207e-05,0.0009124990878431436,0.0009942655024811255,0.33009197495753795,0.24933025176987672
109.61415364420553,8.172945418451671e-05,0.0009122909467019035,0.0009940204008864202,0.3300889349073047,0.24935306438283578
109.63915664458057,8.169251878595516e-05,0.0009120829004930432,0.0009937754192789984,0.33008589619046713,0.24937587179282858
109.66415964495562,8.165560841965674e-05,0.0009118749491516301,0.000993530557571287,0.3300828588061479,0.24939867400222795
109.68916264533067,8.161872306300635e-05,0.0009116670926127909,0.0009932858156757973,0.3300798227534704,0.24942147101340503
109.71416564570572,8.15818626934145e-05,0.0009114593308117111,0.0009930411935051256,0.3300767880315589,0.24944426282872936
109.73916864608076,8.154502728831715e-05,0.0009112516636836357,0.0009927966909719528,0.3300737546395382,0.24946704945056883
109.76417164645581,8.150821682517565e-05,0.0009110440911638682,0.0009925523079890438,0.330070722576534,0.2494898308812898
109.78917464683086,8.14714312814769e-05,0.0009108366131877714,0.0009923080444692483,0.33006769184167284,0.24951260712325687
109.8141776472059,8.143467063473315e-05,0.0009106292296907671,0.0009920639003255002,0.3300646624340819,0.24953537817883317
109.83918064758095,8.139793486248198e-05,0.0009104219406083354,0.0009918198754708173,0.3300616343528892,0.24955814405038015
109.864183647956,8.136122394228633e-05,0.0009102147458760155,0.0009915759698183018,0.33005860759722355,0.24958090474025765
109.88918664833105,8.132453785173443e-05,0.0009100076454294051,0.0009913321832811395,0.33005558216621433,0.2496036602508239
109.91418964870608,8.128787656843976e-05,0.0009098006392041608,0.0009910885157726006,0.330052558058992,0.2496264105844355
109.93919264908114,8.125124007004102e-05,0.0009095937271359975,0.0009908449672060384,0.33004953527468744,0.24964915574344748
109.96419564945619,8.121462833420212e-05,0.0009093869091606882,0.0009906015374948904,0.33004651381243255,0.24967189573021326
109.98919864983122,8.11780413386121e-05,0.0009091801852140652,0.0009903582265526772,0.3300434936713599,0.2496946305470846
110.01420165020627,8.114147906098514e-05,0.0009089735552320182,0.0009901150342930033,0.3300404748506028,0.24971736019641175
110.03920465058133,8.110494147906049e-05,0.0009087670191504957,0.0009898719606295562,0.3300374573492953,0.24974008468054326
110.06420765095638,8.106842857060249e-05,0.0009085605769055044,0.0009896290054761069,0.3300344411665723,0.24976280400182616
110.08921065133141,8.103194031340046e-05,0.000908354228433109,0.0009893861687465095,0.33003142630156934,0.2497855181626058
110.11421365170646,8.099547668526871e-05,0.0009081479736694323,0.000989143450354701,0.3300284127534229,0.24980822716522602
110.13921665208152,8.095903766404656e-05,0.0009079418125506548,0.0009889008502147014,0.3300254005212699,0.24983093101202902
110.16421965245655,8.092262322759817e-05,0.0009077357450130157,0.000988658368240614,0.33002238960424835,0.24985362970535538
110.1892226528316,8.088623335381262e-05,0.0009075297709928113,0.000988416004346624,0.3300193800014968,0.24987632324754414
110.21422565320665,8.084986802060384e-05,0.0009073238904263961,0.0009881737584469998,0.33001637171215453,0.2498990116409327
110.2392286535817,8.081352720591061e-05,0.0009071181032501821,0.0009879316304560928,0.3300133647353619,0.2499216948878569
110.26423165395674,8.077721088769645e-05,0.0009069124094006394,0.0009876896202883358,0.33001035907025955,0.24994437299065098
110.28923465433179,8.074091904394963e-05,0.0009067068088142952,0.0009874477278582448,0.3300073547159892,0.2499670459516476
110.31423765470684,8.070465165268317e-05,0.0009065013014277346,0.0009872059530804179,0.33000435167169323,0.2499897137731778
110.33924065508188,8.066840869193478e-05,0.0009062958871776002,0.000986964295869535,0.3300013499365147,0.2500123764575711
110.36424365545693,8.063219013976676e-05,0.0009060905660005915,0.0009867227561403582,0.32999834950959755,0.2500350340071553
110.38924665583198,8.05959959742661e-05,0.000905885337833466,0.000986481333807732,0.3299953503900864,0.2500576864242569
110.41424965620703,8.055982617354432e-05,0.0009056802026130381,0.0009862400287865825,0.32999235257712645,0.25008033371120053
110.43925265658207,8.052368071573756e-05,0.0009054751602761797,0.0009859988409919172,0.3299893560698639,0.25010297587030933
110.46425565695712,8.04875595790064e-05,0.0009052702107598195,0.000985757770338826,0.3299863608674457,0.2501256129039049
110.48925865733217,8.045146274153596e-05,0.0009050653540009435,0.0009855168167424795,0.3299833669690193,0.25014824481430725
110.51426165770721,8.04153901815358e-05,0.000904860589936595,0.0009852759801181308,0.32998037437373307,0.2501708716038348
110.53926465808226,8.037934187723988e-05,0.0009046559185038734,0.0009850352603811134,0.3299773830807361,0.2501934932748044
110.56426765845731,8.034331780690656e-05,0.000904451339639936,0.0009847946574468426,0.3299743930891782,0.25021610982953135
110.58927065883235,8.03073179488186e-05,0.0009042468532819963,0.000984554171230815,0.3299714043982099,0.2502387212703293
110.6142736592074,8.027134228128298e-05,0.0009040424593673249,0.0009843138016486079,0.3299684170069825,0.2502613275995105
110.63927665958245,8.023539078263107e-05,0.0009038381578332488,0.0009840735486158797,0.32996543091464803,0.25028392881938544
110.6642796599575,8.019946343121846e-05,0.0009036339486171519,0.0009838334120483704,0.32996244612035935,0.2503065249322632
110.68928266033254,8.016356020542495e-05,0.0009034298316564746,0.0009835933918618995,0.32995946262326986,0.25032911594045115
110.71428566070759,8.012768108365455e-05,0.0009032258068887137,0.0009833534879723682,0.32995648042253384,0.2503517018462552
110.73928866108264,8.00918260443354e-05,0.0009030218742514226,0.000983113700295758,0.3299534995173063,0.2503742826519797
110.76429166145768,8.005599506591982e-05,0.0009028180336822112,0.000982874028748131,0.32995051990674285,0.25039685835992737
110.78929466183273,8.002018812688414e-05,0.0009026142851187452,0.0009826344732456293,0.32994754159000006,0.25041942897239944
110.81429766220778,7.998440520572887e-05,0.000902410628498747,0.000982395033704476,0.32994456456623505,0.2504419944916955
110.83930066258283,7.994864628097844e-05,0.0009022070637599954,0.000982155710040974,0.3299415888346057,0.2504645549201137
110.86430366295787,7.991291133118137e-05,0.0009020035908403247,0.000981916502171506,0.32993861439427075,0.2504871102599505
110.88930666333292,7.987720033491003e-05,0.0009018002096776257,0.0009816774100125357,0.32993564124438945,0.25050966051350093
110.91430966370797,7.984151327076082e-05,0.000901596920209845,0.0009814384334806059,0.329932669384122,0.2505322056830584
110.939312664083,7.980585011735406e-05,0.0009013937223749856,0.0009811995724923396,0.32992969881262924,0.25055474577091474
110.96431566445806,7.977021085333382e-05,0.0009011906161111056,0.0009809608269644393,0.32992672952907265,0.25057728077936037
110.9893186648331,7.97345954573681e-05,0.0009009876013563195,0.0009807221968136876,0.3299237615326146,0.250599810710684
111.01432166520816,7.969900390814869e-05,0.0009007846780487973,0.000980483681956946,0.32992079482241804,0.25062233556717284
111.0393246655832,7.966343618439115e-05,0.0009005818461267651,0.0009802452823111563,0.32991782939764674,0.2506448553511126
111.06432766595825,7.962789226483476e-05,0.0009003791055285039,0.0009800069977933387,0.32991486525746516,0.25066737006478745
111.0893306663333,7.959237212824255e-05,0.0009001764561923509,0.0009797688283205933,0.32991190240103846,0.25068987971047996
111.11433366670833,7.95568757534012e-05,0.0008999738980566985,0.0009795307738100997,0.32990894082753264,0.25071238429047116
111.13933666708338,7.952140311912102e-05,0.0008997714310599947,0.0009792928341791156,0.32990598053611425,0.2507348838070406
111.16433966745844,7.948595420423599e-05,0.0008995690551407426,0.0009790550093449785,0.3299030215259507,0.2507573782624663
111.18934266783349,7.94505289876036e-05,0.0008993667702375009,0.0009788172992251044,0.32990006379621,0.2507798676590246
111.21434566820852,7.9415127448105e-05,0.0008991645762888836,0.0009785797037369886,0.3298971073460611,0.2508023519989905
111.23934866858357,7.937974956464471e-05,0.0008989624732335595,0.0009783422227982042,0.3298941521746733,0.2508248312846373
111.26435166895862,7.934439531615087e-05,0.0008987604610102529,0.000978104856326404,0.32989119828121705,0.25084730551823686
111.28935466933366,7.930906468157502e-05,0.0008985585395577431,0.0009778676042393182,0.32988824566486313,0.2508697747020595
111.31435766970871,7.927375763989213e-05,0.0008983567088148642,0.0009776304664547563,0.3298852943247833,0.250892238838374
111.33936067008376,7.923847417010055e-05,0.0008981549687205055,0.000977393442890606,0.32988234426014995,0.25091469792944765
111.36436367045881,7.920321425122204e-05,0.0008979533192136109,0.000977156533464833,0.32987939547013617,0.25093715197754607
111.38936667083385,7.916797786230168e-05,0.0008977517602331796,0.0009769197380954814,0.32987644795391585,0.25095960098493353
111.4143696712089,7.913276498240777e-05,0.0008975502917182649,0.0009766830567006727,0.3298735017106634,0.25098204495387266
111.43937267158395,7.909757559063202e-05,0.0008973489136079754,0.0009764464891986074,0.3298705567395541,0.25100448388662466
111.46437567195899,7.906240966608926e-05,0.000897147625841474,0.0009762100355075632,0.3298676130397639,0.2510269177854491
111.48937867233404,7.902726718791757e-05,0.0008969464283579781,0.0009759736955458957,0.32986467061046965,0.25104934665260414
111.51438167270909,7.899214813527823e-05,0.00089674532109676,0.0009757374692320382,0.32986172945084846,0.2510717704903463
111.53938467308413,7.895705248735566e-05,0.0008965443039971461,0.0009755013564845018,0.3298587895600786,0.2510941893009307
111.56438767345918,7.892198022335734e-05,0.0008963433769985173,0.0009752653572218747,0.3298558509373388,0.2511166030866109
111.58939067383423,7.888693132251389e-05,0.0008961425400403089,0.0009750294713628228,0.3298529135818086,0.2511390118496389
111.61439367420928,7.885190576407898e-05,0.0008959417930620103,0.0009747936988260893,0.3298499774926682,0.25116141559226524
111.63939667458432,7.881690352732933e-05,0.0008957411360031654,0.0009745580395304947,0.3298470426690986,0.2511838143167389
111.66439967495937,7.878192459156456e-05,0.0008955405688033718,0.0009743224933949364,0.3298441091102813,0.25120620802530746
111.68940267533442,7.87469689361073e-05,0.0008953400914022816,0.0009740870603383889,0.3298411768153987,0.25122859672021686
111.71440567570946,7.871203654030317e-05,0.000895139703739601,0.0009738517402799042,0.32983824578363385,0.2512509804037116
111.73940867608451,7.867712738352061e-05,0.0008949394057550894,0.00097361653313861,0.3298353160141705,0.2512733590780346
111.76441167645956,7.864224144515095e-05,0.0008947391973885612,0.0009733814388337121,0.32983238750619315,0.25129573274542744
111.78941467683461,7.860737870460839e-05,0.0008945390785798837,0.0009731464572844921,0.3298294602588868,0.25131810140813
111.81441767720965,7.857253914132995e-05,0.0008943390492689786,0.0009729115884103086,0.3298265342714375,0.25134046506838076
111.8394206775847,7.853772273477533e-05,0.000894139109395821,0.0009726768321305963,0.32982360954303164,0.2513628237284167
111.86442367795975,7.850292946442708e-05,0.0008939392589004399,0.000972442188364867,0.3298206860728566,0.2513851773904732
111.88942667833479,7.846815930979048e-05,0.0008937394977229177,0.0009722076570327082,0.32981776386010025,0.25140752605678435
111.91442967870984,7.843341225039337e-05,0.0008935398258033902,0.0009719732380537836,0.3298148429039513,0.2514298697295826
111.93943267908489,7.83986882657864e-05,0.0008933402430820473,0.0009717389313478337,0.32981192320359903,0.25145220841109883
111.96443567945994,7.836398733554276e-05,0.0008931407494991315,0.0009715047368346743,0.3298090047582336,0.25147454210356257
111.98943867983498,7.832930943925828e-05,0.0008929413449949396,0.0009712706544341979,0.32980608756704566,0.2514968708092018
112.01444168021003,7.82946545565513e-05,0.0008927420295098208,0.0009710366840663721,0.3298031716292267,0.251519194530243
112.03944468058508,7.826002266706275e-05,0.000892542802984178,0.0009708028256512407,0.32980025694396886,0.2515415132689112
112.06444768096011,7.82254137504561e-05,0.0008923436653584675,0.0009705690791089236,0.32979734351046497,0.2515638270274299
112.08945068133517,7.819082778641721e-05,0.0008921446165731981,0.0009703354443596153,0.3297944313279085,0.25158613580802114
112.11445368171022,7.815626475465441e-05,0.0008919456565689323,0.0009701019213235867,0.3297915203954937,0.2516084396129054
112.13945668208527,7.812172463489853e-05,0.0008917467852862851,0.0009698685099211837,0.32978861071241555,0.2516307384443017
112.1644596824603,7.808720740690273e-05,0.000891548002665925,0.0009696352100728278,0.3297857022778696,0.2516530323044277
112.18946268283536,7.805271305044248e-05,0.0008913493086485729,0.0009694020216990154,0.32978279509105207,0.25167532119549946
112.2144656832104,7.801824154531566e-05,0.0008911507031750027,0.0009691689447203183,0.32977988915116,0.25169760511973155
112.23946868358544,7.798379287134246e-05,0.0008909521861860412,0.0009689359790573836,0.3297769844573912,0.2517198840793371
112.2644716839605,7.794936700836522e-05,0.0008907537576225676,0.0009687031246309329,0.3297740810089438,0.2517421580765277
112.28947468433554,7.791496393624867e-05,0.0008905554174255143,0.0009684703813617629,0.329771178805017,0.2517644271135136
112.3144776847106,7.788058363487966e-05,0.0008903571655358657,0.0009682377491707453,0.32976827784481044,0.25178669119250346
112.33948068508563,7.784622608416727e-05,0.0008901590018946591,0.0009680052279788263,0.3297653781275246,0.2518089503157045
112.36448368546068,7.781189126404269e-05,0.000889960926442984,0.0009677728177070268,0.32976247965236055,0.2518312044853224
112.38948668583573,7.777757915445925e-05,0.0008897629391219828,0.000967540518276442,0.32975958241852016,0.25185345370356155
112.41448968621077,7.774328973539242e-05,0.0008895650398728499,0.0009673083296082422,0.32975668642520584,0.2518756979726246
112.43949268658582,7.770902298683966e-05,0.0008893672286368319,0.0009670762516236715,0.3297537916716207,0.251897937294713
112.46449568696087,7.76747788888205e-05,0.0008891695053552279,0.0009668442842440485,0.32975089815696873,0.2519201716720265
112.48949868733592,7.76405574213765e-05,0.0008889718699693891,0.0009666124273907655,0.3297480058804543,0.2519424011067636
112.51450168771096,7.760635856457118e-05,0.0008887743224207191,0.0009663806809852903,0.32974511484128266,0.2519646256011211
112.53950468808601,7.757218229848999e-05,0.0008885768626506729,0.0009661490449491629,0.3297422250386598,0.2519868451572946
112.56450768846106,7.753802860324032e-05,0.0008883794906007581,0.0009659175192039983,0.32973933647179204,0.252009059777478
112.5895106888361,7.750389745895147e-05,0.0008881822062125343,0.0009656861036714858,0.3297364491398869,0.25203126946386384
112.61451368921115,7.746978884577455e-05,0.0008879850094276124,0.000965454798273387,0.3297335630421521,0.2520534742186432
112.6395166895862,7.743570274388256e-05,0.0008877879001876559,0.0009652236029315384,0.3297306781777964,0.25207567404400577
112.66451968996124,7.740163913347026e-05,0.0008875908784343797,0.0009649925175678499,0.32972779454602896,0.25209786894213965
112.68952269033629,7.73675979947542e-05,0.0008873939441095501,0.0009647615421043043,0.32972491214605976,0.25212005891523154
112.71452569071134,7.73335793079727e-05,0.0008871970971549857,0.0009645306764629585,0.32972203097709946,0.2521422439654667
112.73952869108639,7.729958305338576e-05,0.0008870003375125563,0.0009642999205659421,0.32971915103835925,0.25216442409502887
112.76453169146143,7.726560921127511e-05,0.0008868036651241837,0.0009640692743354589,0.3297162723290512,0.25218659930610043
112.78953469183648,7.723165776194411e-05,0.0008866070799318404,0.0009638387376937845,0.32971339484838796,0.2522087696008623
112.81453769221153,7.719772868571775e-05,0.0008864105818775513,0.000963608310563269,0.32971051859558287,0.2522309349814939
112.83954069258657,7.716382196294266e-05,0.0008862141709033919,0.0009633779928663346,0.32970764356984983,0.2522530954501732
112.86454369296162,7.712993757398701e-05,0.0008860178469514894,0.0009631477845254764,0.3297047697704035,0.2522752510090768
112.88954669333667,7.709607549924052e-05,0.0008858216099640223,0.0009629176854632628,0.32970189719645937,0.25229740166037967
112.91454969371172,7.706223571911446e-05,0.0008856254598832202,0.0009626876956023347,0.3296990258472334,0.25231954740625556
112.93955269408676,7.702841821404156e-05,0.000885429396651364,0.0009624578148654055,0.32969615572194205,0.25234168824887665
112.96455569446181,7.699462296447603e-05,0.0008852334202107852,0.0009622280431752613,0.32969328681980287,0.2523638241904137
112.98955869483686,7.696084995089348e-05,0.000885037530503867,0.0009619983804547605,0.3296904191400338,0.25238595523303603
113.0145616952119,7.692709915379098e-05,0.0008848417274730436,0.0009617688266268346,0.32968755268185357,0.2524080813789115
113.03956469558695,7.689337055368692e-05,0.0008846460110607994,0.0009615393816144863,0.3296846874444814,0.2524302026302066
113.064567695962,7.685966413112109e-05,0.0008844503812096702,0.0009613100453407913,0.32968182342713737,0.2524523189890863
113.08957069633705,7.682597986665457e-05,0.0008842548378622428,0.0009610808177288974,0.32967896062904223,0.2524744304577142
113.11457369671209,7.679231774086975e-05,0.0008840593809611543,0.0009608516987020241,0.32967609904941714,0.2524965370382524
113.13957669708714,7.675867773437029e-05,0.0008838640104490928,0.0009606226881834631,0.3296732386874842,0.2525186387328617
113.16457969746219,7.672505982778106e-05,0.0008836687262687968,0.000960393786096578,0.3296703795424661,0.2525407355437012
113.18958269783722,7.669146400174816e-05,0.000883473528363056,0.0009601649923648042,0.3296675216135861,0.25256282747292885
113.21458569821228,7.665789023693883e-05,0.0008832784166747095,0.0009599363069116483,0.3296646649000681,0.25258491452270104
113.23958869858733,7.662433851404158e-05,0.0008830833911466483,0.0009597077296606899,0.329661809401137,0.2526069966951728
113.26459169896238,7.65908088137659e-05,0.0008828884517218126,0.0009594792605355785,0.3296589551160178,0.25262907399249757
113.28959469933741,7.655730111684249e-05,0.0008826935983431938,0.0009592508994600363,0.32965610204393664,0.2526511464168275
113.31459769971246,7.652381540402303e-05,0.0008824988309538331,0.0009590226463578561,0.3296532501841201,0.2526732139703134
113.33960070008752,7.649035165608032e-05,0.0008823041494968222,0.0009587945011529026,0.3296503995357955,0.25269527665510444
113.36460370046255,7.645690985380817e-05,0.0008821095539153032,0.0009585664637691114,0.32964755009819063,0.2527173344733485
113.3896067008376,7.642348997802129e-05,0.0008819150441524679,0.0009583385341304892,0.32964470187053424,0.25273938742719204
113.41460970121265,7.639009200955547e-05,0.0008817206201515583,0.0009581107121611137,0.3296418548520555,0.25276143551878005
113.4396127015877,7.635671592926734e-05,0.0008815262818558667,0.000957882997785134,0.3296390090419843,0.25278347875025614
113.46461570196274,7.632336171803451e-05,0.0008813320292087353,0.0009576553909267699,0.3296361644395512,0.2528055171237625
113.4896187023378,7.629002935675538e-05,0.0008811378621535561,0.0009574278915103114,0.3296333210439874,0.25282755064143986
113.51462170271284,7.62567188263493e-05,0.000880943780633771,0.0009572004994601202,0.32963047885452484,0.2528495793054276
113.53962470308788,7.622343010775638e-05,0.0008807497845928718,0.0009569732147006282,0.3296276378703959,0.25287160311786366
113.56462770346293,7.61901631819375e-05,0.0008805558739744,0.0009567460371563375,0.32962479809083384,0.2528936220808845
113.58963070383798,7.61569180298744e-05,0.0008803620487219468,0.0009565189667518212,0.32962195951507245,0.2529156361966253
113.61463370421302,7.612369463256951e-05,0.0008801683087791533,0.0009562920034117228,0.3296191221423462,0.25293764546721975
113.63963670458807,7.609049297104594e-05,0.0008799746540897096,0.0009560651470607556,0.3296162859718901,0.25295964989480013
113.66463970496312,7.605731302634755e-05,0.0008797810845973561,0.0009558383976237036,0.32961345100294004,0.2529816494814973
113.68964270533817,7.602415477953884e-05,0.0008795876002458821,0.000955611755025421,0.3296106172347324,0.2530036442294408
113.71464570571321,7.599101821170492e-05,0.0008793942009791268,0.0009553852191908317,0.3296077846665042,0.2530256341407587
113.73964870608826,7.595790330395151e-05,0.0008792008867409783,0.0009551587900449298,0.3296049532974931,0.25304761921757757
113.76465170646331,7.592481003740498e-05,0.0008790076574753743,0.0009549324675127793,0.3296021231269376,0.2530695994620228
113.78965470683835,7.589173839321214e-05,0.000878814513126302,0.0009547062515195141,0.3295992941540765,0.2530915748762182
113.8146577072134,7.585868835254042e-05,0.0008786214536377973,0.0009544801419903376,0.3295964663781496,0.25311354546228626
113.83966070758845,7.582565989657768e-05,0.0008784284789539455,0.0009542541388505232,0.3295936397983971,0.25313551122234806
113.8646637079635,7.579265300653229e-05,0.0008782355890188813,0.0009540282420254136,0.32959081441406,0.25315747215852324
113.88966670833854,7.57596676636331e-05,0.0008780427837767881,0.0009538024514404212,0.32958799022437973,0.2531794282729301
113.91466970871359,7.572670384912929e-05,0.0008778500631718984,0.0009535767670210277,0.3295851672285986,0.2532013795676855
113.93967270908864,7.56937615442905e-05,0.0008776574271484936,0.000953351188692784,0.3295823454259594,0.25322332604490494
113.96467570946368,7.566084073040671e-05,0.0008774648756509041,0.0009531257163813108,0.3295795248157057,0.2532452677067025
113.98967870983873,7.562794138878824e-05,0.0008772724086235091,0.0009529003500122973,0.3295767053970815,0.2532672045551909
114.01468171021378,7.559506350076575e-05,0.0008770800260107367,0.0009526750895115024,0.32957388716933167,0.2532891365924815
114.03968471058883,7.556220704769013e-05,0.0008768877277570634,0.0009524499348047535,0.3295710701317016,0.25331106382068413
114.06468771096387,7.552937201093261e-05,0.0008766955138070149,0.0009522248858179475,0.32956825428343733,0.25333298624190737
114.08969071133892,7.549655837188456e-05,0.0008765033841051649,0.0009519999424770495,0.32956543962378554,0.2533549038582584
114.11469371171397,7.54637661119576e-05,0.0008763113385961362,0.0009517751047080938,0.3295626261519935,0.2533768166718429
114.139696712089,7.54309952125836e-05,0.0008761193772246002,0.0009515503724371837,0.3295598138673092,0.2533987246847654
114.16469971246406,7.539824565521444e-05,0.000875927499935276,0.0009513257455904904,0.32955700276898126,0.2534206278991287
114.18970271283911,7.536551742132224e-05,0.0008757357066729319,0.0009511012240942541,0.32955419285625887,0.2534425263170346
114.21470571321416,7.533281049239918e-05,0.0008755439973823842,0.0009508768078747834,0.3295513841283918,0.2534644199405833
114.2397087135892,7.530012484995755e-05,0.0008753523720084978,0.0009506524968584554,0.3295485765846307,0.25348630877187356
114.26471171396425,7.526746047552962e-05,0.0008751608304961854,0.000950428290971715,0.3295457702242266,0.25350819281300296
114.2897147143393,7.523481735066774e-05,0.0008749693727904083,0.000950204190141076,0.3295429650464312,0.25353007206606754
114.31471771471433,7.520219545694428e-05,0.000874777998836176,0.0009499801942931202,0.32954016105049705,0.25355194653316204
114.33972071508938,7.51695947759515e-05,0.0008745867085785455,0.000949756303354497,0.329537358235677,0.25357381621637987
114.36472371546444,7.513701528930164e-05,0.0008743955019626224,0.0009495325172519241,0.3295345566012247,0.25359568111781294
114.38972671583949,7.510445697862689e-05,0.0008742043789335604,0.0009493088359121873,0.3295317561463945,0.2536175412395519
114.41472971621452,7.507191982557935e-05,0.0008740133394365608,0.0009490852592621401,0.32952895687044126,0.2536393965836859
114.43973271658957,7.50394038118309e-05,0.0008738223834168726,0.0009488617872287035,0.32952615877262054,0.2536612471523029
114.46473571696463,7.50069089190733e-05,0.0008736315108197933,0.0009486384197388666,0.32952336185218845,0.2536830929474894
114.48973871733966,7.497443512901822e-05,0.0008734407215906677,0.0009484151567196859,0.3295205661084018,0.2537049339713305
114.51474171771471,7.494198242339693e-05,0.0008732500156748883,0.0009481919980982851,0.3295177715405179,0.25372677022590995
114.53974471808976,7.490955078396066e-05,0.0008730593930178956,0.0009479689438018563,0.32951497814779496,0.2537486017133102
114.56474771846482,7.487714019248022e-05,0.0008728688535651774,0.0009477459937576576,0.3295121859294915,0.25377042843561226
114.58975071883985,7.48447506307463e-05,0.0008726783972622695,0.0009475231478930158,0.32950939488486686,0.2537922503948958
114.6147537192149,7.481238208056908e-05,0.0008724880240547546,0.0009473004061353237,0.32950660501318085,0.25381406759323916
114.63975671958995,7.478003452377857e-05,0.0008722977338882636,0.0009470777684120422,0.32950381631369413,0.2538358800327193
114.66475971996499,7.474770794222435e-05,0.0008721075267084744,0.0009468552346506987,0.3295010287856677,0.25385768771541173
114.68976272034004,7.471540231777559e-05,0.0008719174024611119,0.0009466328047788875,0.32949824242836345,0.25387949064339077
114.71476572071509,7.468311763232107e-05,0.0008717273610919492,0.0009464104787242703,0.32949545724104373,0.2539012888187293
114.73976872109013,7.465085386776917e-05,0.0008715374025468061,0.0009461882564145753,0.3294926732229715,0.25392308224349885
114.76477172146518,7.46186110060477e-05,0.0008713475267715496,0.0009459661377775973,0.3294898903734104,0.2539448709197696
114.78977472184023,7.45863890291041e-05,0.000871157733712094,0.0009457441227411982,0.3294871086916248,0.2539666548496103
114.81477772221528,7.455418791890521e-05,0.0008709680233144009,0.0009455222112333061,0.32948432817687934,0.2539884340350884
114.83978072259032,7.452200765743739e-05,0.0008707783955244787,0.0009453004031819161,0.32948154882843966,0.25401020847827016
114.86478372296537,7.448984822670636e-05,0.0008705888502883827,0.0009450786985150891,0.3294787706455718,0.25403197818122025
114.88978672334042,7.445770960873733e-05,0.0008703993875522155,0.0009448570971609528,0.3294759936275425,0.2540537431460021
114.91478972371546,7.442559178557486e-05,0.0008702100072621264,0.0009446355990477013,0.329473217773619,0.25407550337467777
114.93979272409051,7.439349473928282e-05,0.0008700207093643115,0.0009444142041035944,0.32947044308306933,0.254097258869308
114.96479572446556,7.436141845194448e-05,0.000869831493805014,0.0009441929122569585,0.32946766955516205,0.2541190096319522
114.98979872484061,7.432936290566242e-05,0.0008696423605305234,0.0009439717234361858,0.3294648971891663,0.25414075566466837
115.01480172521565,7.429732808255847e-05,0.0008694533094871765,0.000943750637569735,0.3294621259843518,0.2541624969695132
115.0398047255907,7.426531396477373e-05,0.000869264340621356,0.0009435296545861297,0.32945935593998904,0.2541842335485421
115.06480772596575,7.423332053446852e-05,0.000869075453879492,0.0009433087744139605,0.329456587055349,0.254205965403809
115.08981072634079,7.42013477738224e-05,0.0008688866492080606,0.000943087996981883,0.3294538193297033,0.25422769253736666
115.11481372671584,7.416939566503409e-05,0.0008686979265535845,0.0009428673222186186,0.32945105276232406,0.2542494149512664
115.13981672709089,7.413746419032147e-05,0.000868509285862633,0.0009426467500529544,0.3294482873524842,0.2542711326475582
115.16481972746594,7.410555333192158e-05,0.0008683207270818218,0.0009424262804137434,0.3294455230994573,0.2542928456282907
115.18982272784098,7.407366307209055e-05,0.0008681322501578128,0.0009422059132299034,0.3294427600025171,0.2543145538955113
115.21482572821603,7.40417933931036e-05,0.0008679438550373143,0.0009419856484304179,0.3294399980609385,0.2543362574512659
115.23982872859108,7.400994427725497e-05,0.0008677555416670807,0.0009417654859443357,0.3294372372739967,0.25435795629759933
115.26483172896612,7.397811570685804e-05,0.000867567309993913,0.0009415454257007711,0.32943447764096756,0.25437965043655475
115.28983472934117,7.394630766424509e-05,0.0008673791599646577,0.0009413254676289027,0.3294317191611275,0.25440133987017427
115.31483772971622,7.391452013176743e-05,0.000867191091526208,0.0009411056116579754,0.3294289618337537,0.25442302460049854
115.33984073009127,7.388275309179537e-05,0.0008670031046255029,0.0009408858577172983,0.3294262056581238,0.2544447046295669
115.3648437304663,7.385100652671811e-05,0.0008668151992095275,0.0009406662057362456,0.32942345063351613,0.25446637995941745
115.38984673084136,7.381928041894377e-05,0.0008666273752253125,0.0009404466556442563,0.3294206967592095,0.2544880505920868
115.4148497312164,7.378757475089937e-05,0.000866439632619935,0.0009402272073708344,0.3294179440344835,0.25450971652961035
115.43985273159144,7.37558895050308e-05,0.0008662519713405178,0.0009400078608455487,0.32941519245861817,0.2545313777740222
115.4648557319665,7.372422466380278e-05,0.0008660643913342293,0.0009397886159980321,0.3294124420308942,0.254553034327355
115.48985873234155,7.369258020969883e-05,0.0008658768925482837,0.0009395694727579825,0.3294096927505929,0.25457468619164025
115.5148617327166,7.366095612522131e-05,0.000865689474929941,0.0009393504310551623,0.3294069446169962,0.254596333368908
115.53986473309163,7.362935239289134e-05,0.0008655021384265069,0.0009391314908193982,0.32940419762938655,0.254617975861187
115.56486773346668,7.359776899524873e-05,0.0008653148829853326,0.0009389126519805814,0.3294014517870471,0.25463961367050475
115.58987073384174,7.356620591485203e-05,0.0008651277085538148,0.0009386939144686669,0.3293987070892615,0.25466124679888735
115.61487373421677,7.353466313427855e-05,0.000864940615079396,0.0009384752782136746,0.32939596353531403,0.2546828752483597
115.63987673459182,7.350314063612417e-05,0.0008647536025095637,0.0009382567431456879,0.32939322112448965,0.2547044990209453
115.66487973496687,7.34716384030035e-05,0.0008645666707918511,0.0009380383091948546,0.3293904798560738,0.25472611811866624
115.68988273534193,7.344015641754974e-05,0.0008643798198738369,0.0009378199762913866,0.3293877397293525,0.25474773254354355
115.71488573571696,7.34086946624147e-05,0.0008641930497031447,0.0009376017443655594,0.3293850007436125,0.2547693422975967
115.73988873609201,7.337725312026875e-05,0.0008640063602274436,0.0009373836133477124,0.3293822628981411,0.254790947382844
115.76489173646706,7.334583177380082e-05,0.0008638197513944479,0.0009371655831682487,0.32937952619222605,0.25481254780130247
115.7898947368421,7.331443060571838e-05,0.0008636332231519172,0.0009369476537576356,0.3293767906251559,0.2548341435549877
115.81489773721715,7.328304959874737e-05,0.0008634467754476558,0.0009367298250464031,0.3293740561962197,0.25485573464591404
115.8399007375922,7.325168873563225e-05,0.0008632604082295135,0.0009365120969651458,0.32937132290470705,0.25487732107609457
115.86490373796724,7.322034799913596e-05,0.0008630741214453848,0.0009362944694445207,0.3293685907499082,0.254898902847541
115.88990673834229,7.318902737203977e-05,0.0008628879150432094,0.0009360769424152491,0.32936585973111393,0.25492047996226386
115.91490973871734,7.315772683714344e-05,0.0008627017889709717,0.0009358595158081151,0.32936312984761573,0.2549420524222722
115.93991273909239,7.312644637726514e-05,0.0008625157431767012,0.0009356421895539663,0.3293604010987055,0.25496362022957386
115.96491573946743,7.309518597524133e-05,0.0008623297776084721,0.0009354249635837134,0.32935767348367595,0.2549851833861754
115.98991873984248,7.306394561392683e-05,0.0008621438922144034,0.0009352078378283302,0.3293549470018202,0.25500674189408207
116.01492174021753,7.303272527619483e-05,0.0008619580869426586,0.0009349908122188534,0.329352221652432,0.2550282957552978
116.03992474059257,7.300152494493675e-05,0.0008617723617414464,0.0009347738866863831,0.32934949743480574,0.25504984497182526
116.06492774096762,7.297034460306229e-05,0.0008615867165590196,0.0009345570611620818,0.32934677434823634,0.2550713895456658
116.08993074134267,7.293918423349939e-05,0.0008614011513436758,0.0009343403355771752,0.3293440523920193,0.2550929294788195
116.11493374171772,7.290804381919425e-05,0.0008612156660437572,0.0009341237098629514,0.3293413315654507,0.2551144647732851
116.13993674209276,7.287692334311125e-05,0.0008610302606076504,0.0009339071839507616,0.32933861186782737,0.2551359954310601
116.16493974246781,7.28458227882329e-05,0.0008608449349837863,0.0009336907577720192,0.3293358932984465,0.25515752145414067
116.18994274284286,7.281474213755994e-05,0.0008606596891206405,0.0009334744312582005,0.32933317585660593,0.25517904284452175
116.2149457432179,7.278368137411118e-05,0.0008604745229667328,0.000933258204340844,0.3293304595416041,0.2552005596041969
116.23994874359295,7.275264048092356e-05,0.0008602894364706271,0.0009330420769515506,0.32932774435274015,0.2552220717351585
116.264951743968,7.272161944105208e-05,0.0008601044295809318,0.0009328260490219838,0.32932503028931354,0.25524357923939756
116.28995474434305,7.269061823756983e-05,0.0008599195022462994,0.0009326101204838691,0.32932231735062456,0.25526508211890386
116.31495774471809,7.265963685356792e-05,0.0008597346544154267,0.0009323942912689946,0.32931960553597395,0.2552865803756658
116.33996074509314,7.262867527215548e-05,0.0008595498860370541,0.0009321785613092096,0.32931689484466303,0.2553080740116707
116.36496374546819,7.25977334764596e-05,0.0008593651970599667,0.0009319629305364263,0.32931418527599376,0.2553295630289044
116.38996674584322,7.25668114496254e-05,0.0008591805874329935,0.0009317473988826189,0.32931147682926865,0.2553510474293515
116.41496974621828,7.253590917481586e-05,0.0008589960571050068,0.0009315319662798226,0.32930876950379073,0.25537252721499537
116.43997274659333,7.250502663521196e-05,0.0008588116060249237,0.0009313166326601357,0.32930606329886375,0.2553940023878181
116.46497574696838,7.247416381401254e-05,0.0008586272341417046,0.0009311013979557171,0.3293033582137919,0.25541547294980055
116.48997874734341,7.244332069443432e-05,0.0008584429414043539,0.0009308862620987882,0.32930065424787996,0.25543693890292213
116.51498174771847,7.241249725971185e-05,0.0008582587277619198,0.0009306712250216316,0.3292979514004334,0.2554584002491611
116.53998474809352,7.238169349309754e-05,0.0008580745931634941,0.0009304562866565917,0.32929524967075813,0.2554798569904945
116.56498774846855,7.235090937786162e-05,0.0008578905375582126,0.0009302414469360742,0.3292925490581607,0.255501309128898
116.5899907488436,7.232014489729208e-05,0.0008577065608952543,0.0009300267057925463,0.3292898495619482,0.25552275666634605
116.61499374921866,7.228940003469465e-05,0.0008575226631238419,0.0009298120631585365,0.3292871511814283,0.2555441996048118
116.6399967495937,7.225867477339283e-05,0.0008573388441932419,0.0009295975189666347,0.3292844539159094,0.2555656379462671
116.66499974996874,7.222796909672786e-05,0.0008571551040527641,0.000929383073149492,0.32928175776470014,0.2555870716926826
116.6900027503438,7.21972829880586e-05,0.0008569714426517617,0.0009291687256398203,0.32927906272711005,0.25560850084602765
116.71500575071884,7.216661643076165e-05,0.0008567878599396312,0.0009289544763703928,0.32927636880244904,0.2556299254082704
116.74000875109388,7.213596940823126e-05,0.0008566043558658131,0.0009287403252740444,0.32927367599002766,0.25565134538137757
116.76501175146893,7.210534190387922e-05,0.0008564209303797902,0.0009285262722836694,0.329270984289157,0.2556727607673148
116.79001475184398,7.207473390113503e-05,0.0008562375834310893,0.0009283123173322243,0.32926829369914884,0.2556941715680464
116.81501775221903,7.20441453834457e-05,0.0008560543149692801,0.0009280984603527258,0.32926560421931533,0.2557155777855354
116.84002075259407,7.201357633427585e-05,0.0008558711249439758,0.0009278847012782516,0.32926291584896933,0.2557369794217435
116.86502375296912,7.198302673710757e-05,0.000855688013304832,0.0009276710400419396,0.3292602285874242,0.25575837647863126
116.89002675334417,7.195249657544055e-05,0.0008555049800015483,0.0009274574765769888,0.3292575424339939,0.25577976895815796
116.91502975371921,7.192198583279191e-05,0.0008553220249838668,0.0009272440108166587,0.329254857387993,0.2558011568622816
116.94003275409426,7.189149449269624e-05,0.0008551391482015725,0.0009270306426942688,0.3292521734487365,0.25582254019295897
116.96503575446931,7.18610225387056e-05,0.0008549563496044936,0.0009268173721431992,0.32924949061554004,0.2558439189521455
116.99003875484435,7.183056995438949e-05,0.0008547736291425011,0.0009266041990968906,0.3292468088877199,0.2558652931417954
117.0150417552194,7.180013672333479e-05,0.0008545909867655087,0.0009263911234888435,0.3292441282645928,0.25588666276386174
117.04004475559445,7.176972282914572e-05,0.0008544084224234732,0.0009261781452526189,0.3292414487454761,0.2559080278202962
117.0650477559695,7.173932825544397e-05,0.0008542259360663939,0.0009259652643218379,0.32923877032968774,0.2559293883130493
117.09005075634454,7.170895298586847e-05,0.0008540435276443131,0.0009257524806301816,0.32923609301654616,0.2559507442440702
117.11505375671959,7.167859700407548e-05,0.0008538611971073152,0.0009255397941113906,0.3292334168053703,0.255972095615307
117.14005675709464,7.164826029373856e-05,0.0008536789444055277,0.0009253272046992663,0.3292307416954799,0.2559934424287063
117.16505975746968,7.161794283854861e-05,0.0008534967694891208,0.0009251147123276694,0.32922806768619495,0.2560147846862137
117.19006275784473,7.158764462221366e-05,0.0008533146723083066,0.0009249023169305203,0.3292253947768362,0.2560361223897734
117.21506575821978,7.155736562845903e-05,0.0008531326528133402,0.0009246900184417992,0.329222722966725,0.2560574555413284
117.24006875859483,7.152710584102726e-05,0.000852950710954519,0.0009244778167955463,0.3292200522551831,0.2560787841428205
117.26507175896987,7.149686524367806e-05,0.000852768846682183,0.000924265711925861,0.32921738264153283,0.2561001081961901
117.29007475934492,7.146664382018828e-05,0.0008525870599467139,0.0009240537037669022,0.3292147141250973,0.25612142770337665
117.31507775971997,7.143644155435193e-05,0.0008524053506985363,0.0009238417922528882,0.32921204670519977,0.25614274266631804
117.340080760095,7.140625842998015e-05,0.000852223718888117,0.0009236299773180971,0.3292093803811645,0.2561640530869511
117.36508376047006,7.137609443090113e-05,0.0008520421644659647,0.0009234182588968658,0.3292067151523159,0.25618535896721145
117.39008676084511,7.134594954096019e-05,0.0008518606873826306,0.0009232066369235908,0.32920405101797934,0.2562066603090334
117.41508976122016,7.131582374401966e-05,0.0008516792875887078,0.0009229951113327275,0.3292013879774804,0.2562279571143499
117.4400927615952,7.128571702395894e-05,0.0008514979650348316,0.0009227836820587905,0.3291987260301454,0.25624924938509297
117.46509576197025,7.125562936467441e-05,0.000851316719671679,0.0009225723490363534,0.3291960651753011,0.25627053712319314
117.4900987623453,7.122556075007945e-05,0.0008511355514499696,0.0009223611122000491,0.32919340541227493,0.25629182033057984
117.51510176272033,7.119551116410444e-05,0.0008509544603204646,0.000922149971484569,0.32919074674039484,0.25631309900918114
117.54010476309539,7.11654805906966e-05,0.0008507734462339669,0.0009219389268246634,0.3291880891589893,0.25633437316092406
117.56510776347044,7.113546901382022e-05,0.0008505925091413214,0.0009217279781551416,0.32918543266738726,0.2563556427877342
117.59011076384549,7.110547641745637e-05,0.000850411648993415,0.0009215171254108714,0.32918277726491835,0.2563769078915361
117.61511376422052,7.107550278560309e-05,0.0008502308657411763,0.0009213063685267794,0.32918012295091276,0.25639816847425295
117.64011676459558,7.104554810227519e-05,0.0008500501593355753,0.0009210957074378505,0.3291774697247011,0.2564194245378068
117.66511976497063,7.101561235150442e-05,0.0008498695297276241,0.0009208851420791286,0.3291748175856146,0.2564406760841184
117.69012276534566,7.098569551733928e-05,0.0008496889768683763,0.0009206746723857155,0.3291721665329851,0.25646192311510735
117.71512576572071,7.095579758384505e-05,0.0008495085007089268,0.0009204642982927718,0.32916951656614485,0.2564831656326919
117.74012876609576,7.092591853510387e-05,0.0008493281012004123,0.0009202540197355162,0.32916686768442677,0.25650440363878924
117.76513176647082,7.089605835521456e-05,0.000849147778294011,0.0009200438366492255,0.3291642198871642,0.25652563713531523
117.79013476684585,7.08662170282927e-05,0.0008489675319409427,0.0009198337489692355,0.32916157317369127,0.25654686612418454
117.8151377672209,7.083639453847056e-05,0.0008487873620924682,0.0009196237566309388,0.32915892754334236,0.2565680906073107
117.84014076759595,7.080659086989713e-05,0.00084860726869989,0.0009194138595697871,0.3291562829954525,0.25658931058660583
117.86514376797099,7.077680600673805e-05,0.0008484272517145518,0.0009192040577212898,0.3291536395293574,0.25661052606398105
117.89014676834604,7.074703993317561e-05,0.0008482473110878384,0.000918994351021014,0.3291509971443931,0.2566317370413461
117.9151497687211,7.071729263340876e-05,0.0008480674467711764,0.0009187847394045852,0.3291483558398964,0.2566529435206096
117.94015276909613,7.0687564091653e-05,0.0008478876587160329,0.0009185752228076859,0.32914571561520434,0.25667414550367884
117.96515576947118,7.065785429214044e-05,0.0008477079468739165,0.0009183658011660569,0.3291430764696549,0.2566953429924601
117.99015876984623,7.062816321911978e-05,0.0008475283111963769,0.0009181564744154966,0.3291404384025863,0.2567165359888583
118.01516177022128,7.059849085685621e-05,0.0008473487516350049,0.0009179472424918611,0.3291378014133374,0.2567377244947771
118.04016477059632,7.056883718963152e-05,0.0008471692681414323,0.0009177381053310638,0.3291351655012476,0.2567589085121191
118.06516777097137,7.053920220174392e-05,0.0008469898606673315,0.0009175290628690754,0.32913253066565684,0.25678008804278557
118.09017077134642,7.050958587750814e-05,0.0008468105291644164,0.0009173201150419246,0.32912989690590555,0.2568012630886767
118.11517377172146,7.04799882012554e-05,0.0008466312735844415,0.0009171112617856969,0.32912726422133476,0.2568224336516913
118.14017677209651,7.045040915733329e-05,0.0008464520938792021,0.0009169025030365354,0.3291246326112861,0.2568435997337271
118.16517977247156,7.042084873010586e-05,0.0008462729900005343,0.0009166938387306402,0.32912200207510156,0.2568647613366807
118.19018277284661,7.039130690395358e-05,0.0008460939619003151,0.0009164852688042686,0.32911937261212376,0.25688591846244724
118.21518577322165,7.036178366327327e-05,0.0008459150095304623,0.0009162767931937356,0.32911674422169596,0.2569070711129209
118.2401887735967,7.033227899247808e-05,0.0008457361328429338,0.0009160684118354119,0.3291141169031618,0.2569282192899945
118.26519177397175,7.030279287599756e-05,0.000845557331789729,0.0009158601246657265,0.3291114906558655,0.25694936299555976
118.29019477434679,7.027332529827753e-05,0.0008453786063228872,0.0009156519316211647,0.3291088654791518,0.25697050223150714
118.31519777472184,7.02438762437801e-05,0.0008451999563944883,0.0009154438326382684,0.3291062413723661,0.256991636999726
118.34020077509689,7.021444569698369e-05,0.0008450213819566531,0.0009152358276536367,0.32910361833485413,0.2570127673021044
118.36520377547194,7.018503364238295e-05,0.0008448428829615424,0.0009150279166039254,0.32910099636596235,0.25703389314052916
118.39020677584698,7.015564006448882e-05,0.0008446644593613579,0.0009148200994258468,0.3290983754650377,0.257055014516886
118.41520977622203,7.012626494782834e-05,0.0008444861111083411,0.0009146123760561695,0.3290957556314274,0.25707613143305946
118.44021277659708,7.009690827694481e-05,0.0008443078381547743,0.0009144047464317191,0.3290931368644796,0.25709724389093286
118.46521577697212,7.006757003639777e-05,0.0008441296404529799,0.0009141972104893777,0.3290905191635428,0.2571183518923883
118.49021877734717,7.003825021076278e-05,0.0008439515179553205,0.0009139897681660833,0.329087902527966,0.2571394554393067
118.51522177772222,7.000894878463161e-05,0.0008437734706141989,0.0009137824193988305,0.32908528695709865,0.2571605545335678
118.54022477809727,6.997966574261214e-05,0.0008435954983820581,0.0009135751641246703,0.329082672450291,0.2571816491770501
118.5652277784723,6.995040106932835e-05,0.0008434176012113814,0.0009133680022807098,0.3290800590068936,0.257202739371631
118.59023077884736,6.992115474942021e-05,0.0008432397790546918,0.000913160933804112,0.32907744662625754,0.2572238251191867
118.61523377922241,6.989192676754388e-05,0.0008430620318645527,0.0009129539586320965,0.3290748353077346,0.2572449064215921
118.64023677959744,6.986271710837145e-05,0.0008428843595935671,0.0009127470767019385,0.32907222505067696,0.25726598328072103
118.6652397799725,6.983352575659101e-05,0.0008427067621943783,0.0009125402879509693,0.3290696158544373,0.2572870556984462
118.69024278034755,6.980435269690673e-05,0.0008425292396196692,0.000912333592316576,0.32906700771836883,0.25730812367663886
118.7152457807226,6.977519791403866e-05,0.000842351791822163,0.0009121269897362017,0.32906440064182546,0.2573291872171694
118.74024878109763,6.97460613927229e-05,0.0008421744187546223,0.0009119204801473453,0.3290617946241614,0.25735024632190684
118.76525178147268,6.971694311771136e-05,0.0008419971203698496,0.000911714063487561,0.3290591896647315,0.25737130099271904
118.79025478184774,6.968784307377197e-05,0.0008418198966206873,0.0009115077396944592,0.32905658576289115,0.2573923512314727
118.81525778222277,6.965876124568848e-05,0.0008416427474600171,0.0009113015087057056,0.3290539829179962,0.25741339704003335
118.84026078259782,6.962969761826054e-05,0.0008414656728407608,0.0009110953704590213,0.3290513811294031,0.25743443842026537
118.86526378297287,6.960065217630365e-05,0.0008412886727158796,0.0009108893248921833,0.3290487803964686,0.2574554753740319
118.89026678334793,6.957162490464916e-05,0.0008411117470383742,0.0009106833719430233,0.32904618071855035,0.25747650790319493
118.91526978372296,6.954261578814421e-05,0.000840934895761285,0.0009104775115494293,0.3290435820950062,0.2574975360096153
118.94027278409801,6.951362481165171e-05,0.0008407581188376918,0.0009102717436493435,0.32904098452519476,0.25751855969515264
118.96527578447306,6.948465196005039e-05,0.0008405814162207138,0.0009100660681807642,0.3290383880084749,0.25753957896166546
118.9902787848481,6.945569721823473e-05,0.0008404047878635098,0.0009098604850817445,0.32903579254420623,0.25756059381101104
119.01528178522315,6.942676057111487e-05,0.0008402282337192776,0.0009096549942903925,0.32903319813174875,0.2575816042450455
119.0402847855982,6.939784200361677e-05,0.0008400517537412546,0.0009094495957448714,0.32903060477046303,0.2576026102656238
119.06528778597324,6.936894150068201e-05,0.0008398753478827176,0.0009092442893833995,0.3290280124597102,0.25762361187459976
119.09029078634829,6.934005904726787e-05,0.0008396990160969821,0.0009090390751442499,0.3290254211988518,0.257644609073826
119.11529378672334,6.931119462834728e-05,0.0008395227583374035,0.0009088339529657507,0.32902283098725005,0.257665601865154
119.14029678709839,6.92823482289088e-05,0.0008393465745573758,0.0009086289227862845,0.3290202418242675,0.25768659025043406
119.16529978747343,6.925351983395662e-05,0.0008391704647103325,0.0009084239845442891,0.3290176537092673,0.2577075742315152
119.19030278784848,6.922470942851053e-05,0.0008389944287497457,0.0009082191381782562,0.3290150666416132,0.25772855381024545
119.21530578822353,6.919591699760585e-05,0.000838818466629127,0.0009080143836267329,0.3290124806206693,0.25774952898847164
119.24030878859857,6.916714252629354e-05,0.000838642578302027,0.0009078097208283206,0.3290098956458003,0.2577704997680394
119.26531178897362,6.913838599964001e-05,0.0008384667637220348,0.0009076051497216748,0.3290073117163715,0.25779146615079324
119.29031478934867,6.910964740272723e-05,0.0008382910228427788,0.0009074006702455061,0.3290047288317485,0.2578124281385764
119.31531778972372,6.908092672065269e-05,0.0008381153556179261,0.0009071962823385788,0.3290021469912977,0.2578333857332311
119.34032079009876,6.905222393852934e-05,0.0008379397620011827,0.000906991985939712,0.3289995661943857,0.2578543389365983
119.36532379047381,6.902353904148557e-05,0.0008377642419462935,0.000906787780987779,0.32899698644037983,0.2578752877505179
119.39032679084886,6.899487201466523e-05,0.0008375887954070418,0.000906583667421707,0.3289944077286479,0.2578962321768285
119.4153297912239,6.89662228432276e-05,0.0008374134223372499,0.0009063796451804775,0.3289918300585582,0.2579171722173677
119.44033279159895,6.893759151234733e-05,0.0008372381226907787,0.0009061757142031261,0.32898925342947943,0.2579381078739719
119.465335791974,6.890897800721452e-05,0.0008370628964215277,0.0009059718744287422,0.32898667784078095,0.25795903914847634
119.49033879234905,6.888038231303455e-05,0.000836887743483435,0.0009057681257964695,0.3289841032918326,0.257979966042715
119.51534179272409,6.885180441502824e-05,0.0008367126638304774,0.0009055644682455057,0.32898152978200473,0.2580008885585209
119.54034479309914,6.882324429843161e-05,0.0008365376574166699,0.0009053609017151015,0.32897895731066806,0.25802180669772573
119.56534779347419,6.879470194849612e-05,0.000836362724196066,0.0009051574261445621,0.3289763858771941,0.25804272046216015
119.59035079384923,6.876617735048846e-05,0.000836187864122758,0.0009049540414732464,0.32897381548095456,0.25806362985365366
119.61535379422428,6.873767048969055e-05,0.0008360130771508761,0.0009047507476405666,0.32897124612132184,0.2580845348740346
119.64035679459933,6.87091813513996e-05,0.0008358383632345891,0.0009045475445859887,0.3289686777976688,0.2581054355251301
119.66535979497438,6.868070992092809e-05,0.0008356637223281043,0.0009043444322490324,0.32896611050936886,0.2581263318087662
119.69036279534942,6.865225618360366e-05,0.0008354891543856668,0.0009041414105692704,0.3289635442557958,0.2581472237267678
119.71536579572447,6.862382012476913e-05,0.0008353146593615602,0.0009039384794863294,0.32896097903632415,0.2581681112809587
119.74036879609952,6.859540172978253e-05,0.0008351402372101063,0.0009037356389398889,0.3289584148503287,0.2581889944731614
119.76537179647455,6.856700098401706e-05,0.000834965887885665,0.000903532888869682,0.3289558516971847,0.25820987330519746
119.7903747968496,6.853861787286099e-05,0.0008347916113426342,0.0009033302292154951,0.3289532895762683,0.25823074777888716
119.81537779722466,6.851025238171779e-05,0.00083461740753545,0.0009031276599171678,0.3289507284869558,0.2582516178960497
119.8403807975997,6.848190449600596e-05,0.0008344432764185865,0.0009029251809145925,0.328948168428624,0.2582724836585032
119.86538379797474,6.845357420115914e-05,0.0008342692179465559,0.000902722792147715,0.3289456094006504,0.2582933450680644
119.8903867983498,6.842526148262597e-05,0.0008340952320739079,0.0009025204935565339,0.32894305140241287,0.2583142021265492
119.91538979872485,6.839696632587018e-05,0.0008339213187552307,0.0009023182850811009,0.32894049443328977,0.2583350548357722
119.94039279909988,6.836868871637052e-05,0.0008337474779451501,0.0009021161666615206,0.3289379384926601,0.25835590319754687
119.96539579947493,6.834042863962072e-05,0.0008335737095983293,0.00090191413823795,0.32893538357990315,0.2583767472136856
119.99039879984998,6.831218608112952e-05,0.0008334000136694702,0.0009017121997505997,0.3289328296943989,0.2583975868859996
120.01540180022502,6.828396102642063e-05,0.0008332263901133118,0.0009015103511397324,0.3289302768355278,0.258418422216299
120.04040480060007,6.825575346103266e-05,0.0008330528388846308,0.0009013085923456635,0.3289277250026706,0.2584392532063928
120.06540780097512,6.822756337051923e-05,0.0008328793599382419,0.0009011069233087611,0.3289251741952087,0.25846007985808883
120.09041080135017,6.819939074044884e-05,0.0008327059532289972,0.000900905343969446,0.3289226244125242,0.25848090217319375
120.11541380172521,6.817123555640489e-05,0.0008325326187117865,0.0009007038542681914,0.3289200756539993,0.25850172015351314
120.14041680210026,6.81430978039856e-05,0.0008323593563415371,0.0009005024541455227,0.3289175279190169,0.2585225338008515
120.16541980247531,6.811497746880413e-05,0.0008321861660732136,0.0009003011435420177,0.32891498120696044,0.2585433431170121
120.19042280285035,6.808687453648845e-05,0.0008320130478618187,0.0009000999223983072,0.32891243551721383,0.2585641481037972
120.2154258032254,6.80587889926813e-05,0.0008318400016623918,0.0008998987906550731,0.32890989084916133,0.2585849487630078
120.24042880360045,6.803072082304033e-05,0.0008316670274300101,0.0008996977482530504,0.32890734720218784,0.25860574509644396
120.2654318039755,6.800267001323786e-05,0.0008314941251197881,0.000899496795133026,0.32890480457567883,0.25862653710590444
120.29043480435054,6.797463654896108e-05,0.0008313212946868779,0.0008992959312358389,0.32890226296902,0.258647324793187
120.31543780472559,6.794662041591182e-05,0.000831148536086468,0.0008990951565023798,0.32889972238159776,0.2586681081600881
120.34044080510064,6.791862159980672e-05,0.000830975849273785,0.0008988944708735918,0.328897182812799,0.2586888872084034
120.36544380547568,6.789064008637712e-05,0.0008308032342040926,0.0008986938742904698,0.328894644262011,0.2587096619399271
120.39044680585073,6.786267586136902e-05,0.0008306306908326912,0.0008984933666940603,0.32889210672862157,0.25873043235645254
120.41544980622578,6.78347289105431e-05,0.0008304582191149189,0.0008982929480254619,0.32888957021201903,0.25875119845977174
120.44045280660083,6.780679921967477e-05,0.0008302858190061503,0.000898092618225825,0.3288870347115922,0.25877196025167576
120.46545580697587,6.777888677455399e-05,0.0008301134904617975,0.0008978923772363515,0.3288845002267304,0.2587927177339544
120.49045880735092,6.775099156098534e-05,0.0008299412334373096,0.0008976922249982949,0.32888196675682335,0.2588134709083965
120.51546180772597,6.772311356478807e-05,0.0008297690478881722,0.0008974921614529603,0.3288794343012613,0.2588342197767897
120.540464808101,6.7695252771796e-05,0.0008295969337699086,0.0008972921865417046,0.32887690285943516,0.2588549643409206
120.56546780847606,6.766740916785743e-05,0.000829424891038078,0.0008970923002059355,0.32887437243073603,0.25887570460257453
120.59047080885111,6.763958273883533e-05,0.0008292529196482775,0.0008968925023871129,0.3288718430145557,0.2588964405635359
120.61547380922616,6.761177347060713e-05,0.0008290810195561403,0.0008966927930267474,0.32886931461028635,0.25891717222558785
120.6404768096012,6.758398134906479e-05,0.0008289091907173367,0.0008964931720664015,0.32886678721732077,0.2589378995905125
120.66547980997625,6.755620636011473e-05,0.0008287374330875737,0.0008962936394476884,0.3288642608350521,0.25895862266009084
120.6904828103513,6.752844848967793e-05,0.0008285657466225948,0.0008960941951122727,0.328861735462874,0.2589793414361028
120.71548581072634,6.750070772368977e-05,0.0008283941312781805,0.0008958948390018702,0.3288592111001807,0.2590000559203271
120.74048881110139,6.747298404810005e-05,0.0008282225870101475,0.0008956955710582475,0.32885668774636684,0.25902076611454145
120.76549181147644,6.744527744887304e-05,0.0008280511137743495,0.0008954963912232226,0.32885416540082746,0.2590414720205224
120.79049481185149,6.741758791198741e-05,0.0008278797115266768,0.0008952972994386642,0.3288516440629583,0.25906217364004547
120.81549781222652,6.73899154234362e-05,0.0008277083802230558,0.000895098295646492,0.3288491237321554,0.2590828709748849
120.84050081260158,6.736225996922683e-05,0.0008275371198194495,0.0008948993797886764,0.3288466044078153,0.2591035640268141
120.86550381297663,6.733462153538108e-05,0.0008273659302718576,0.0008947005518072387,0.3288440860893352,0.25912425279760515
120.89050681335166,6.730700010793505e-05,0.0008271948115363161,0.0008945018116442512,0.32884156877611254,0.2591449372890291
120.91550981372671,6.727939567293916e-05,0.0008270237635688969,0.000894303159241836,0.3288390524675453,0.259165617502856
120.94051281410177,6.725180821645813e-05,0.000826852786325709,0.0008941045945421671,0.3288365371630321,0.25918629344085464
120.96551581447682,6.722423772457098e-05,0.0008266818797628972,0.0008939061174874682,0.328834022861972,0.25920696510479285
120.99051881485185,6.719668418337097e-05,0.0008265110438366427,0.0008937077280200136,0.3288315095637642,0.2592276324964372
121.0155218152269,6.716914757896563e-05,0.0008263402785031626,0.0008935094260821283,0.3288289972678089,0.2592482956175534
121.04052481560196,6.714162789747669e-05,0.0008261695837187108,0.0008933112116161875,0.3288264859735064,0.2592689544699059
121.06552781597699,6.711412512504014e-05,0.0008259989594395769,0.0008931130845646171,0.3288239756802576,0.259289609055258
121.09053081635204,6.708663924780608e-05,0.0008258284056220866,0.0008929150448698927,0.328821466387464,0.25931025937537205
121.1155338167271,6.70591702519389e-05,0.0008256579222226018,0.0008927170924745407,0.3288189580945273,0.2593309054320093
121.14053681710213,6.703171812361707e-05,0.0008254875091975205,0.0008925192273211375,0.32881645080085,0.2593515472269298
121.16553981747718,6.700428284903321e-05,0.0008253171665032762,0.0008923214493523094,0.3288139445058348,0.25937218476189267
121.19054281785223,6.697686441439409e-05,0.0008251468940963391,0.0008921237585107332,0.328811439208885,0.25939281803865577
121.21554581822728,6.694946280592058e-05,0.0008249766919332147,0.0008919261547391353,0.3288089349094044,0.25941344705897595
121.24054881860232,6.692207800984764e-05,0.0008248065599704448,0.0008917286379802925,0.3288064316067972,0.259434071824609
121.26555181897737,6.689471001242429e-05,0.0008246364981646068,0.000891531208177031,0.32880392930046815,0.25945469233730956
121.29055481935242,6.686735879991362e-05,0.0008244665064723138,0.0008913338652722274,0.3288014279898224,0.2594753085988313
121.31555781972746,6.684002435859276e-05,0.0008242965848502151,0.0008911366092088078,0.32879892767426566,0.25949592061092663
121.34056082010251,6.681270667475285e-05,0.0008241267332549954,0.0008909394399297482,0.3287964283532041,0.25951652837534706
121.36556382047756,6.678540573469903e-05,0.0008239569516433749,0.000890742357378074,0.32879393002604423,0.25953713189384287
121.39056682085261,6.675812152475045e-05,0.00082378723997211,0.0008905453614968604,0.32879143269219313,0.25955773116816333
121.41556982122765,6.673085403124025e-05,0.0008236175981979923,0.0008903484522292326,0.32878893635105844,0.2595783262000566
121.4405728216027,6.670360324051543e-05,0.0008234480262778492,0.0008901516295183647,0.3287864410020481,0.25959891699126986
121.46557582197775,6.667636913893702e-05,0.0008232785241685434,0.0008899548933074804,0.32878394664457067,0.25961950354354907
121.49057882235279,6.664915171287993e-05,0.0008231090918269736,0.0008897582435398535,0.32878145327803504,0.2596400858586392
121.51558182272784,6.662195094873298e-05,0.0008229397292100734,0.0008895616801588063,0.3287789609018507,0.2596606639382841
121.54058482310289,6.659476683289886e-05,0.000822770436274812,0.0008893652031077108,0.32877646951542755,0.25968123778422647
121.56558782347794,6.656759935179414e-05,0.0008226012129781943,0.0008891688123299884,0.3287739791181759,0.25970180739820814
121.59059082385298,6.654044849184926e-05,0.0008224320592772603,0.0008889725077691096,0.3287714897095067,0.2597223727819697
121.61559382422803,6.651331423950844e-05,0.0008222629751290854,0.0008887762893685938,0.3287690012888312,0.25974293393725073
121.64059682460308,6.648619658122977e-05,0.0008220939604907801,0.0008885801570720098,0.32876651385556105,0.25976349086578976
121.66559982497812,6.645909550348513e-05,0.0008219250153194906,0.0008883841108229758,0.3287640274091087,0.2597840435693241
121.69060282535317,6.643201099276015e-05,0.0008217561395723979,0.000888188150565158,0.32876154194888674,0.2598045920495902
121.71560582572822,6.640494303555426e-05,0.0008215873332067183,0.0008879922762422725,0.3287590574743084,0.2598251363083233
121.74060882610327,6.637789161838063e-05,0.0008214185961797035,0.0008877964877980841,0.3287565739847873,0.25984567634725764
121.7656118264783,6.635085672776615e-05,0.0008212499284486398,0.000887600785176406,0.3287540914797375,0.25986621216812633
121.79061482685336,6.632383835025147e-05,0.000821081329970849,0.0008874051683211005,0.3287516099585736,0.25988674377266147
121.81561782722841,6.629683647239084e-05,0.0008209128007036878,0.0008872096371760787,0.3287491294207107,0.259907271162594
121.84062082760344,6.626985108075233e-05,0.0008207443406045481,0.0008870141916853004,0.3287466498655642,0.2599277943396539
121.8656238279785,6.624288216191755e-05,0.0008205759496308563,0.0008868188317927738,0.32874417129255007,0.25994831330557006
121.89062682835355,6.621592970248183e-05,0.000820407627740074,0.0008866235574425559,0.3287416937010848,0.2599688280620703
121.9156298287286,6.618899368905413e-05,0.0008202393748896979,0.000886428368578752,0.32873921709058523,0.2599893386108813
121.94063282910363,6.616207410825701e-05,0.0008200711910372595,0.0008862332651455165,0.3287367414604688,0.2600098449537288
121.96563582947869,6.613517094672661e-05,0.0008199030761403246,0.0008860382470870512,0.32873426681015316,0.26003034709233747
121.99063882985374,6.610828419111267e-05,0.0008197350301564943,0.000885843314347607,0.3287317931390566,0.2600508450284308
122.01564183022877,6.608141382807851e-05,0.0008195670530434045,0.000885648466871483,0.328729320446598,0.2600713387637313
122.04064483060382,6.605455984430099e-05,0.0008193991447587256,0.0008854537046030266,0.32872684873219643,0.26009182829996047
122.06564783097888,6.602772222647049e-05,0.0008192313052601625,0.000885259027486633,0.3287243779952716,0.2601123136388387
122.09065083135393,6.60009009612909e-05,0.0008190635345054554,0.0008850644354667463,0.3287219082352436,0.26013279478208523
122.11565383172896,6.597409603547967e-05,0.0008188958324523783,0.000884869928487858,0.3287194394515329,0.2601532717314184
122.14065683210401,6.594730743576766e-05,0.0008187281990587404,0.0008846755064945081,0.3287169716435608,0.2601737444885554
122.16565983247907,6.592053514889923e-05,0.000818560634282385,0.0008844811694312842,0.32871450481074843,0.26019421305521245
122.1906628328541,6.589377916163219e-05,0.0008183931380811905,0.0008842869172428227,0.328712038952518,0.2602146774331046
122.21566583322915,6.586703946073778e-05,0.0008182257104130689,0.0008840927498738067,0.32870957406829177,0.26023513762394596
122.2406688336042,6.584031603300064e-05,0.0008180583512359674,0.000883898667268968,0.3287071101574927,0.2602555936294495
122.26567183397924,6.581360886521885e-05,0.0008178910605078672,0.0008837046693730861,0.32870464721954396,0.2602760454513272
122.29067483435429,6.578691794420387e-05,0.0008177238381867841,0.000883510756130988,0.3287021852538695,0.26029649309128994
122.31567783472934,6.576024325678048e-05,0.000817556684230768,0.0008833169274875484,0.3286997242598934,0.2603169365510476
122.3406808351044,6.573358478978687e-05,0.0008173895985979031,0.00088312318338769,0.3286972642370404,0.260337375832309
122.36568383547943,6.570694253007453e-05,0.0008172225812463083,0.0008829295237763828,0.3286948051847356,0.26035781093678184
122.39068683585448,6.568031646450832e-05,0.000817055632134136,0.0008827359485986442,0.3286923471024046,0.26037824186617287
122.41568983622953,6.56537065799663e-05,0.0008168887512195733,0.0008825424577995396,0.3286898899894734,0.26039866862218775
122.44069283660457,6.562711286333996e-05,0.0008167219384608416,0.0008823490513241815,0.3286874338453686,0.2604190912065311
122.46569583697962,6.560053530153394e-05,0.0008165551938161957,0.0008821557291177297,0.328684978669517,0.26043950962090656
122.49069883735467,6.55739738814662e-05,0.0008163885172439251,0.0008819624911253914,0.32868252446134616,0.2604599238670166
122.51570183772972,6.554742859006791e-05,0.0008162219087023533,0.0008817693372924212,0.32868007122028375,0.2604803339465627
122.54070483810476,6.55208994142835e-05,0.0008160553681498375,0.000881576267564121,0.3286776189457582,0.2605007398612454
122.56570783847981,6.549438634107055e-05,0.0008158888955447693,0.0008813832818858399,0.32867516763719823,0.260521141612764
122.59071083885486,6.54678893573999e-05,0.0008157224908455737,0.0008811903802029736,0.32867271729403297,0.2605415392028169
122.6157138392299,6.544140845025551e-05,0.0008155561540107103,0.0008809975624609657,0.3286702679156921,0.2605619326331015
122.64071683960495,6.541494360663451e-05,0.0008153898849986718,0.0008808048286053063,0.32866781950160584,0.26058232190531405
122.66571983998,6.538849481354722e-05,0.0008152236837679855,0.0008806121785815327,0.3286653720512046,0.2606027070211498
122.69072284035505,6.536206205801701e-05,0.0008150575502772119,0.000880419612335229,0.3286629255639194,0.26062308798230294
122.71572584073009,6.533564532708043e-05,0.0008148914844849457,0.0008802271298120262,0.3286604800391817,0.2606434647904667
122.74072884110514,6.530924460778708e-05,0.0008147254863498151,0.0008800347309576022,0.32865803547642336,0.2606638374473332
122.76573184148019,6.528285988719966e-05,0.000814559555830482,0.0008798424157176817,0.3286555918750768,0.2606842059545935
122.79073484185523,6.525649115239396e-05,0.0008143936928856422,0.0008796501840380362,0.3286531492345747,0.2607045703139378
122.81573784223028,6.523013839045873e-05,0.0008142278974740246,0.0008794580358644833,0.3286507075543504,0.2607249305270551
122.84074084260533,6.520380158849585e-05,0.0008140621695543924,0.0008792659711428883,0.32864826683383747,0.2607452865956334
122.86574384298038,6.517748073362018e-05,0.000813896509085542,0.0008790739898191621,0.3286458270724701,0.2607656385213597
122.89074684335542,6.51511758129596e-05,0.0008137309160263035,0.0008788820918392631,0.32864338826968287,0.2607859863059199
122.91574984373047,6.51248868136549e-05,0.00081356539033554,0.0008786902771491949,0.3286409504249107,0.26080632995099906
122.94075284410552,6.509861372285992e-05,0.0008133999319721486,0.0008784985456950085,0.32863851353758916,0.260826669458281
122.96575584448055,6.507235652774144e-05,0.0008132345408950598,0.0008783068974228012,0.3286360776071541,0.26084700482944856
122.9907588448556,6.504611521547914e-05,0.0008130692170632372,0.0008781153322787163,0.32863364263304184,0.2608673360661837
123.01576184523066,6.501988977326565e-05,0.000812903960435678,0.0008779238502089436,0.3286312086146892,0.2608876631701671
123.04076484560571,6.499368018830654e-05,0.0008127387709714125,0.0008777324511597191,0.32862877555153336,0.26090798614307864
123.06576784598074,6.496748644782022e-05,0.0008125736486295047,0.000877541135077325,0.32862634344301206,0.2609283049865971
123.0907708463558,6.494130853903795e-05,0.0008124085933690514,0.0008773499019080894,0.32862391228856336,0.26094861970240013
123.11577384673085,6.491514644920392e-05,0.000812243605149183,0.0008771587515983869,0.3286214820876258,0.26096893029216456
123.14077684710588,6.488900016557514e-05,0.0008120786839290628,0.000876967684094638,0.32861905283963844,0.2609892367575661
123.16577984748093,6.486286967542144e-05,0.0008119138296678874,0.0008767766993433089,0.3286166245440406,0.26100953910027935
123.19078284785598,6.483675496602546e-05,0.0008117490423248866,0.000876585797290912,0.3286141972002723,0.26102983732197804
123.21578584823104,6.481065602468265e-05,0.000811584321859323,0.0008763949778840057,0.32861177080777376,0.2610501314243348
123.24078884860607,6.478457283870125e-05,0.0008114196682304928,0.0008762042410691941,0.32860934536598574,0.26107042140902126
123.26579184898112,6.475850539540222e-05,0.0008112550813977246,0.0008760135867931268,0.3286069208743494,0.261090707277708
123.29079484935617,6.473245368211933e-05,0.0008110905613203804,0.0008758230150024996,0.32860449733230646,0.2611109890320647
123.31579784973121,6.470641768619908e-05,0.000810926107957855,0.0008756325256440541,0.32860207473929887,0.26113126667375985
123.34080085010626,6.468039739500063e-05,0.0008107617212695762,0.0008754421186645768,0.3285996530947692,0.2611515402044611
123.36580385048131,6.46543927958959e-05,0.0008105974012150046,0.0008752517940109005,0.3285972323981604,0.26117180962583486
123.39080685085635,6.462840387626952e-05,0.0008104331477536338,0.0008750615516299033,0.32859481264891577,0.26119207493954677
123.4158098512314,6.460243062351874e-05,0.0008102689608449901,0.0008748713914685088,0.3285923938464792,0.26121233614726136
123.44081285160645,6.457647302505348e-05,0.0008101048404486325,0.000874681313473686,0.32858997599029494,0.2612325932506421
123.4658158519815,6.455053106829634e-05,0.0008099407865241532,0.0008744913175924495,0.3285875590798076,0.2612528462513515
123.49081885235654,6.452460474068253e-05,0.0008097767990311766,0.0008743014037718591,0.3285851431144623,0.261273095151051
123.51582185273159,6.449869402965984e-05,0.00080961287792936,0.0008741115719590199,0.3285827280937047,0.2612933399514012
123.54082485310664,6.447279892268871e-05,0.0008094490231783934,0.0008739218221010821,0.3285803140169806,0.2613135806540615
123.56582785348168,6.444691940724215e-05,0.0008092852347379995,0.0008737321541452417,0.3285779008837366,0.2613338172606904
123.59083085385673,6.442105547080572e-05,0.0008091215125679333,0.000873542568038739,0.32857548869341946,0.2613540497729453
123.61583385423178,6.439520710087754e-05,0.0008089578566279826,0.0008733530637288602,0.3285730774454765,0.2613742781924827
123.64083685460683,6.436937428496827e-05,0.0008087942668779678,0.000873163641162936,0.32857066713935534,0.2613945025209581
123.66583985498187,6.434355701060113e-05,0.0008086307432777417,0.0008729743002883429,0.3285682577745042,0.26141472276002586
123.69084285535692,6.431775526531177e-05,0.0008084672857871893,0.0008727850410525011,0.3285658493503717,0.26143493891133945
123.71584585573197,6.42919690366484e-05,0.0008083038943662283,0.0008725958634028767,0.32856344186640674,0.2614551509765513
123.74084885610701,6.426619831217168e-05,0.0008081405689748089,0.0008724067672869806,0.3285610353220588,0.2614753589573129
123.76585185648206,6.424044307945473e-05,0.0008079773095729135,0.0008722177526523683,0.32855862971677785,0.2614955628552746
123.79085485685711,6.421470332608313e-05,0.0008078141161205568,0.0008720288194466398,0.328556225050014,0.26151576267208587
123.81585785723216,6.418897903965488e-05,0.0008076509885777857,0.0008718399676174406,0.32855382132121813,0.2615359584093952
123.8408608576072,6.416327020778044e-05,0.0008074879269046799,0.0008716511971124603,0.3285514185298413,0.26155615006884997
123.86586385798225,6.41375768180826e-05,0.0008073249310613506,0.0008714625078794332,0.32854901667533515,0.26157633765209665
123.8908668583573,6.411189885819658e-05,0.0008071620010079416,0.0008712738998661382,0.32854661575715166,0.2615965211607807
123.91586985873234,6.408623631577001e-05,0.000806999136704629,0.000871085373020399,0.3285442157747433,0.2616167005965465
123.94087285910739,6.406058917846279e-05,0.0008068363381116206,0.0008708969272900834,0.3285418167275629,0.2616368759610376
123.96587585948244,6.403495743394725e-05,0.0008066736051891568,0.000870708562623104,0.32853941861506375,0.26165704725589634
123.99087885985749,6.4009341069908e-05,0.0008065109378975096,0.0008705202789674176,0.3285370214366996,0.26167721448276426
124.01588186023253,6.398374007404197e-05,0.0008063483361969835,0.0008703320762710254,0.3285346251919246,0.26169737764328177
124.04088486060758,6.39581544340584e-05,0.0008061858000479145,0.0008701439544819729,0.32853222988019326,0.26171753673908843
124.06588786098263,6.393258413767879e-05,0.0008060233294106709,0.0008699559135483498,0.32852983550096065,0.2617376917718227
124.09089086135766,6.390702917263699e-05,0.0008058609242456531,0.0008697679534182901,0.3285274420536821,0.261757842743122
124.11589386173272,6.388148952667897e-05,0.000805698584513293,0.000869580074039972,0.32852504953781353,0.261777989654623
124.14089686210777,6.385596518756306e-05,0.0008055363101740546,0.0008693922753616176,0.32852265795281116,0.2617981325079611
124.16589986248282,6.383045614305974e-05,0.0008053741011884337,0.0008692045573314934,0.3285202672981317,0.2618182713047708
124.19090286285785,6.380496238095179e-05,0.000805211957516958,0.0008690169198979098,0.3285178775732323,0.26183840604668573
124.2159058632329,6.377948388903407e-05,0.0008050498791201869,0.000868829363009221,0.3285154887775704,0.26185853673533843
124.24090886360796,6.37540206551137e-05,0.0008048878659587114,0.0008686418866138252,0.32851310091060404,0.26187866337236043
124.26591186398299,6.372857266700996e-05,0.0008047259179931546,0.0008684544906601646,0.32851071397179155,0.2618987859593823
124.29091486435804,6.370313991255425e-05,0.0008045640351841709,0.0008682671750967251,0.32850832796059176,0.26191890449803373
124.3159178647331,6.367772237959013e-05,0.0008044022174924466,0.0008680799398720368,0.3285059428764639,0.2619390189899433
124.34092086510813,6.365232005597331e-05,0.0008042404648786996,0.0008678927849346729,0.3285035587188676,0.26195912943673866
124.36592386548318,6.362693292957154e-05,0.0008040787773036791,0.0008677057102332505,0.3285011754872628,0.2619792358400464
124.39092686585823,6.360156098826473e-05,0.0008039171547281662,0.0008675187157164308,0.3284987931811102,0.26199933820149224
124.41592986623328,6.357620421994484e-05,0.0008037555971129734,0.0008673318013329183,0.32849641179987055,0.2620194365227009
124.44093286660832,6.355086261251594e-05,0.0008035941044189449,0.0008671449670314608,0.32849403134300525,0.26203953080529596
124.46593586698337,6.352553615389403e-05,0.0008034326766069559,0.0008669582127608499,0.3284916518099759,0.2620596210509003
124.49093886735842,6.350022483200729e-05,0.0008032713136379133,0.0008667715384699206,0.32848927320024485,0.26207970726113566
124.51594186773346,6.347492863479586e-05,0.0008031100154727557,0.0008665849441075516,0.32848689551327453,0.26209978943762274
124.54094486810851,6.344964755021188e-05,0.0008029487820724523,0.0008663984296226642,0.32848451874852796,0.2621198675819814
124.56594786848356,6.342438156621948e-05,0.0008027876133980045,0.0008662119949642239,0.32848214290546857,0.2621399416958305
124.59095086885861,6.33991306707948e-05,0.0008026265094104444,0.0008660256400812392,0.32847976798356016,0.26216001178078785
124.61595386923365,6.337389485192593e-05,0.0008024654700708357,0.0008658393649227617,0.32847739398226694,0.2621800778384703
124.6409568696087,6.334867409761291e-05,0.0008023044953402731,0.000865653169437886,0.3284750209010536,0.26220013987049384
124.66595986998375,6.332346839586771e-05,0.0008021435851798828,0.0008654670535757505,0.32847264873938525,0.26222019787847334
124.69096287035879,6.329827773471424e-05,0.000801982739550822,0.0008652810172855363,0.32847027749672736,0.2622402518640228
124.71596587073384,6.327310210218829e-05,0.0008018219584142788,0.0008650950605164671,0.32846790717254576,0.26226030182875515
124.74096887110889,6.324794148633758e-05,0.0008016612417314729,0.0008649091832178105,0.3284655377663068,0.26228034777428244
124.76597187148394,6.322279587522166e-05,0.0008015005894636549,0.0008647233853388766,0.3284631692774772,0.26230038970221575
124.79097487185898,6.319766525691203e-05,0.0008013400015721064,0.0008645376668290184,0.3284608017055241,0.26232042761416513
124.81597787223403,6.317254961949192e-05,0.0008011794780181399,0.0008643520276376319,0.32845843504991507,0.26234046151173973
124.84098087260908,6.31474489510565e-05,0.0008010190187630992,0.0008641664677141557,0.328456069310118,0.2623604913965477
124.86598387298412,6.312236323971276e-05,0.0008008586237683589,0.0008639809870080717,0.3284537044856014,0.2623805172701962
124.89098687335917,6.309729247357941e-05,0.0008006982929953245,0.0008637955854689039,0.32845134057583397,0.26240053913429146
124.91598987373422,6.307223664078704e-05,0.0008005380264054323,0.0008636102630462193,0.32844897758028485,0.2624205569904387
124.94099287410927,6.304719572947799e-05,0.0008003778239601498,0.0008634250196896278,0.3284466154984238,0.26244057084024225
124.9659958744843,6.302216972780637e-05,0.0008002176856209751,0.0008632398553487815,0.32844425432972074,0.2624605806853054
124.99099887485936,6.299715862393805e-05,0.0008000576113494371,0.0008630547699733751,0.32844189407364605,0.2624805865272306
125.01600187523441,6.297216240605061e-05,0.0007998976011070956,0.0008628697635131462,0.3284395347296707,0.2625005883676192
125.04100487560945,6.294718106233343e-05,0.0007997376548555409,0.0008626848359178744,0.3284371762972658,0.26252058620807156
125.0660078759845,6.292221458098748e-05,0.0007995777725563944,0.0008624999871373819,0.32843481877590314,0.26254058005018727
125.09101087635955,6.289726295022552e-05,0.0007994179541713078,0.0008623152171215333,0.3284324621650547,0.2625605698955648
125.1160138767346,6.287232615827198e-05,0.0007992581996619637,0.0008621305258202357,0.32843010646419296,0.26258055574580175
125.14101687710964,6.284740419336297e-05,0.0007990985089900753,0.0008619459131834383,0.32842775167279076,0.2626005376024947
125.16601987748469,6.282249704374618e-05,0.0007989388821173862,0.0008617613791611323,0.3284253977903215,0.2626205154672393
125.19102287785974,6.279760469768104e-05,0.0007987793190056708,0.0008615769237033518,0.3284230448162588,0.26264048934163026
125.21602587823477,6.277272714343853e-05,0.000798619819616734,0.0008613925467601726,0.3284206927500768,0.2626604592272613
125.24102887860982,6.274786436930129e-05,0.000798460383912411,0.0008612082482817124,0.32841834159124994,0.2626804251257252
125.26603187898488,6.272301636356354e-05,0.0007983010118545676,0.0008610240282181311,0.32841599133925314,0.2627003870386138
125.29103487935993,6.269818311453111e-05,0.0007981417034051003,0.0008608398865196313,0.32841364199356177,0.262720344967518
125.31603787973496,6.267336461052138e-05,0.0007979824585259355,0.0008606558231364569,0.32841129355365156,0.26274029891402767
125.34104088011001,6.26485608398633e-05,0.0007978232771790301,0.0008604718380188933,0.32840894601899856,0.2627602488797318
125.36604388048507,6.262377179089732e-05,0.0007976641593263718,0.0008602879311172691,0.32840659938907935,0.2627801948662185
125.3910468808601,6.259899745197552e-05,0.0007975051049299782,0.0008601041023819537,0.3284042536633709,0.26280013687507475
125.41604988123515,6.257423781146139e-05,0.0007973461139518973,0.0008599203517633587,0.3284019088413505,0.26282007490788667
125.4410528816102,6.254949285773e-05,0.0007971871863542072,0.0008597366792119372,0.32839956492249583,0.26284000896623944
125.46605588198524,6.252476257916788e-05,0.0007970283220990167,0.0008595530846781846,0.3283972219062852,0.2628599390517173
125.49105888236029,6.250004696417303e-05,0.0007968695211484641,0.0008593695681126371,0.32839487979219695,0.26287986516590356
125.51606188273534,6.247534600115493e-05,0.0007967107834647184,0.0008591861294658733,0.3283925385797101,0.2628997873103805
125.5410648831104,6.24506596785345e-05,0.0007965521090099787,0.0008590027686885132,0.3283901982683041,0.26291970548672955
125.56606788348543,6.24259879847441e-05,0.000796393497746474,0.0008588194857312181,0.32838785885745864,0.2629396196965311
125.59107088386048,6.240133090822752e-05,0.0007962349496364634,0.0008586362805446909,0.3283855203466538,0.26295952994136473
125.61607388423553,6.237668843743995e-05,0.0007960764646422362,0.0008584531530796761,0.32838318273537026,0.26297943622280895
125.64107688461057,6.235206056084796e-05,0.0007959180427261117,0.0008582701032869597,0.3283808460230888,0.26299933854244134
125.66607988498562,6.232744726692952e-05,0.0007957596838504389,0.0008580871311173684,0.3283785102092909,0.2630192369018386
125.69108288536067,6.230284854417399e-05,0.0007956013879775972,0.0008579042365217712,0.32837617529345825,0.26303913130257645
125.71608588573572,6.227826438108201e-05,0.0007954431550699955,0.0008577214194510776,0.32837384127507296,0.2630590217462297
125.74108888611076,6.225369476616569e-05,0.0007952849850900732,0.0008575386798562388,0.32837150815361765,0.2630789082343722
125.76609188648581,6.222913968794833e-05,0.0007951268780002987,0.000857356017688247,0.3283691759285753,0.26309879076857684
125.79109488686086,6.220459913496463e-05,0.000794968833763171,0.0008571734328981357,0.32836684459942916,0.2631186693504156
125.8160978872359,6.218007309576055e-05,0.0007948108523412186,0.0008569909254369792,0.3283645141656629,0.2631385439814596
125.84110088761095,6.215556155889338e-05,0.0007946529336969998,0.0008568084952558932,0.32836218462676087,0.26315841466327883
125.866103887986,6.213106451293164e-05,0.0007944950777931025,0.0008566261423060341,0.3283598559822074,0.2631782813974425
125.89110688836105,6.210658194645513e-05,0.0007943372845921447,0.0008564438665385998,0.3283575282314875,0.2631981441855188
125.91610988873609,6.208211384805493e-05,0.0007941795540567739,0.0008562616679048288,0.32835520137408647,0.26321800302907505
125.94111288911114,6.205766020633328e-05,0.000794021886149667,0.0008560795463560003,0.32835287540949004,0.26323785792967763
125.96611588948619,6.20332210099037e-05,0.0007938642808335308,0.0008558975018434345,0.3283505503371843,0.26325770888889194
125.99111888986123,6.200879624739095e-05,0.000793706738071102,0.0008557155343184929,0.32834822615665576,0.2632775559082825
126.01612189023628,6.198438590743087e-05,0.0007935492578251462,0.000855533643732577,0.32834590286739135,0.26329739898941285
126.04112489061133,6.195998997867058e-05,0.000793391840058459,0.0008553518300371295,0.32834358046887835,0.2633172381338456
126.06612789098638,6.193560844976833e-05,0.0007932344847338654,0.0008551700931836338,0.32834125896060445,0.26333707334314255
126.09113089136142,6.191124130939357e-05,0.00079307719181422,0.0008549884331236136,0.3283389383420577,0.26335690461886435
126.11613389173647,6.188688854622681e-05,0.0007929199612624066,0.0008548068498086335,0.3283366186127266,0.26337673196257094
126.14113689211152,6.186255014895975e-05,0.0007927627930413386,0.0008546253431902984,0.3283342997721,0.26339655537582124
126.16613989248656,6.183822610629521e-05,0.0007926056871139589,0.0008544439132202541,0.3283319818196671,0.26341637486017316
126.1911428928616,6.181391640694707e-05,0.0007924486434432394,0.0008542625598501864,0.32832966475491765,0.26343619041718386
126.21614589323666,6.178962103964034e-05,0.0007922916619921818,0.0008540812830318221,0.32832734857734164,0.2634560020484094
126.24114889361171,6.176533999311107e-05,0.0007921347427238168,0.0008539000827169279,0.32832503328642954,0.2634758097554051
126.26615189398674,6.174107325610645e-05,0.0007919778856012046,0.0008537189588573111,0.3283227188816721,0.2634956135397251
126.2911548943618,6.171682081738459e-05,0.0007918210905874344,0.000853537911404819,0.3283204053625605,0.26351541340292295
126.31615789473685,6.169258266571475e-05,0.0007916643576456248,0.0008533569403113395,0.3283180927285865,0.263535209346551
126.34116089511188,6.16683587898772e-05,0.0007915076867389235,0.0008531760455288008,0.32831578097924186,0.26355500137216076
126.36616389548693,6.164414917866314e-05,0.0007913510778305076,0.0008529952270091707,0.3283134701140192,0.26357478948130286
126.39116689586199,6.161995382087486e-05,0.0007911945308835829,0.0008528144847044578,0.3283111601324111,0.26359457367552697
126.41616989623702,6.159577270532562e-05,0.0007910380458613849,0.0008526338185667105,0.3283088510339108,0.26361435395638183
126.44117289661207,6.15716058208396e-05,0.0007908816227271774,0.0008524532285480171,0.32830654281801175,0.26363413032541533
126.46617589698712,6.154745315625201e-05,0.000790725261444254,0.000852272714600506,0.328304235484208,0.2636539027841744
126.49117889736218,6.152331470040893e-05,0.000790568961975937,0.0008520922766763459,0.3283019290319938,0.263673671334205
126.51618189773721,6.149919044216748e-05,0.0007904127242855777,0.0008519119147277452,0.3282996234608639,0.26369343597705225
126.54118489811226,6.147508037039556e-05,0.0007902565483365563,0.0008517316287069518,0.32829731877031326,0.26371319671426036
126.56618789848731,6.145098447397211e-05,0.000790100434092282,0.0008515514185662541,0.32829501495983754,0.26373295354737253
126.59119089886235,6.14269027417869e-05,0.0007899443815161931,0.00085137128425798,0.3282927120289324,0.26375270647793114
126.6161938992374,6.140283516274058e-05,0.0007897883905717565,0.0008511912257344971,0.3282904099770943,0.26377245550747763
126.64119689961245,6.137878172574469e-05,0.000789632461222468,0.0008510112429482126,0.32828810880381964,0.26379220063755254
126.6661998999875,6.135474241972163e-05,0.0007894765934318523,0.0008508313358515739,0.3282858085086056,0.2638119418696954
126.69120290036254,6.133071723360463e-05,0.0007893207871634629,0.0008506515043970675,0.3282835090909495,0.263831679205445
126.71620590073759,6.130670615633775e-05,0.0007891650423808821,0.0008504717485372198,0.32828121055034915,0.26385141264633905
126.74120890111264,6.128270917687589e-05,0.0007890093590477207,0.0008502920682245967,0.32827891288630273,0.26387114219391444
126.76621190148768,6.125872628418472e-05,0.0007888537371276186,0.0008501124634118033,0.3282766160983087,0.26389086784970717
126.79121490186273,6.123475746724075e-05,0.000788698176584244,0.0008499329340514847,0.32827432018586605,0.26391058961525227
126.81621790223778,6.121080271503124e-05,0.0007885426773812939,0.0008497534800963251,0.32827202514847414,0.2639303074920839
126.84122090261283,6.11868620165542e-05,0.000788387239482494,0.0008495741014990483,0.3282697309856326,0.2639500214817353
126.86622390298787,6.116293536081847e-05,0.0007882318628515988,0.0008493947982124172,0.3282674376968415,0.2639697315857388
126.89122690336292,6.113902273684352e-05,0.0007880765474523907,0.0008492155701892342,0.32826514528160133,0.2639894378056258
126.91622990373797,6.111512413365966e-05,0.0007879212932486811,0.0008490364173823408,0.3282628537394129,0.26400914014292687
126.94123290411301,6.109123954030788e-05,0.0007877661002043101,0.000848857339744618,0.32826056306977747,0.2640288385991716
126.96623590448806,6.106736894583982e-05,0.0007876109682831458,0.0008486783372289857,0.32825827327219653,0.2640485331758887
126.99123890486311,6.10435123393179e-05,0.0007874558974490852,0.000848499409788403,0.3282559843461722,0.26406822387460605
127.01624190523816,6.101966970981514e-05,0.0007873008876660533,0.0008483205573758684,0.3282536962912067,0.26408791069685045
127.0412449056132,6.099584104641531e-05,0.0007871459388980039,0.0008481417799444192,0.32825140910680284,0.264107593644148
127.06624790598825,6.097202633821279e-05,0.0007869910511089189,0.0008479630774471317,0.32824912279246377,0.2641272727180238
127.0912509063633,6.094822557431254e-05,0.0007868362242628087,0.0008477844498371212,0.3282468373476929,0.264146947920002
127.11625390673834,6.092443874383032e-05,0.0007866814583237119,0.0008476058970675422,0.3282445527719941,0.2641666192516059
127.14125690711339,6.0900665835892305e-05,0.0007865267532556955,0.0008474274190915878,0.3282422690648717,0.26418628671435795
127.16625990748844,6.0876906839635425e-05,0.0007863721090228546,0.00084724901586249,0.32823998622583017,0.26420595030977967
127.19126290786349,6.085316174420715e-05,0.0007862175255893127,0.0008470706873335199,0.3282377042543747,0.26422561003939166
127.21626590823853,6.082943053876551e-05,0.0007860630029192215,0.0008468924334579871,0.3282354231500106,0.26424526590471364
127.24126890861358,6.0805713212479165e-05,0.0007859085409767607,0.0008467142541892398,0.3282331429122435,0.2642649179072644
127.26627190898863,6.078200975452721e-05,0.0007857541397261383,0.0008465361494806654,0.3282308635405796,0.26428456604856193
127.29127490936366,6.0758320154099476e-05,0.0007855997991315904,0.0008463581192856899,0.3282285850345255,0.26430421033012325
127.31627790973872,6.073464440039612e-05,0.0007854455191573813,0.0008461801635577774,0.32822630739358805,0.26432385075346443
127.34128091011377,6.0710982482627955e-05,0.000785291299767803,0.0008460022822504309,0.3282240306172744,0.26434348732010077
127.36628391048882,6.0687334390016236e-05,0.000785137140927176,0.0008458244753171922,0.32822175470509224,0.2643631200315466
127.39128691086385,6.066370011179274e-05,0.0007849830425998485,0.0008456467427116412,0.3282194796565496,0.2643827488893154
127.4162899112389,6.0640079637199764e-05,0.0007848290047501967,0.0008454690843873964,0.32821720547115474,0.2644023738949197
127.44129291161396,6.061647295548993e-05,0.000784675027342625,0.000845291500298115,0.32821493214841657,0.26442199504987124
127.466295911989,6.059288005592653e-05,0.0007845211103415655,0.000845113990397492,0.3282126596878441,0.26444161235568076
127.49129891236404,6.05693009277831e-05,0.0007843672537114783,0.0008449365546392614,0.3282103880889468,0.26446122581385817
127.5163019127391,6.0545735560343744e-05,0.0007842134574168512,0.0008447591929771949,0.3282081173512347,0.2644808354259125
127.54130491311413,6.0522183942902936e-05,0.0007840597214222002,0.0008445819053651032,0.3282058474742178,0.2645004411933518
127.56630791348918,6.049864606476552e-05,0.0007839060456920687,0.0008444046917568343,0.3282035784574069,0.2645200431176834
127.59131091386423,6.0475121915246866e-05,0.0007837524301910283,0.0008442275521062751,0.3282013103003129,0.2645396412004136
127.61631391423929,6.045161148367253e-05,0.0007835988748836779,0.0008440504863673504,0.3281990430024471,0.26455923544304794
127.64131691461432,6.042811475937866e-05,0.0007834453797346448,0.0008438734944940234,0.32819677656332136,0.2645788258470909
127.66631991498937,6.0404631731711606e-05,0.0007832919447085833,0.0008436965764402949,0.3281945109824477,0.26459841241404625
127.69132291536442,6.038116239002811e-05,0.0007831385697701757,0.0008435197321602038,0.3281922462593385,0.26461799514541673
127.71632591573946,6.03577067236953e-05,0.0007829852548841322,0.0008433429616078275,0.3281899823935067,0.2646375740427043
127.74132891611451,6.033426472209051e-05,0.0007828320000151901,0.0008431662647372806,0.32818771938446545,0.26465714910741006
127.76633191648956,6.0310836374601544e-05,0.0007826788051281148,0.0008429896415027163,0.3281854572317284,0.2646767203410341
127.79133491686461,6.0287421670626354e-05,0.0007825256701876988,0.0008428130918583252,0.32818319593480927,0.2646962877450758
127.81633791723965,6.0264020599573335e-05,0.0007823725951587628,0.0008426366157583362,0.3281809354932226,0.2647158513210335
127.8413409176147,6.024063315086099e-05,0.0007822195800061543,0.0008424602131570153,0.3281786759064829,0.2647354110704047
127.86634391798975,6.021725931391822e-05,0.0007820666246947487,0.0008422838840086669,0.3281764171741053,0.26475496699468615
127.89134691836479,6.019389907818413e-05,0.000781913729189449,0.0008421076282676332,0.3281741592956052,0.26477451909537353
127.91634991873984,6.017055243310798e-05,0.0007817608934551851,0.0008419314458882931,0.32817190227049825,0.2647940673739618
127.94135291911489,6.0147219368149465e-05,0.0007816081174569149,0.0008417553368250644,0.3281696460983008,0.26481361183194485
127.96635591948994,6.012389987277826e-05,0.0007814554011596233,0.0008415793010324015,0.32816739077852913,0.26483315247081596
127.99135891986498,6.010059393647447e-05,0.000781302744528323,0.0008414033384647974,0.3281651363107003,0.26485268929206734
128.01636192024003,6.007730154872819e-05,0.0007811501475280532,0.0008412274490767815,0.32816288269433147,0.2648722222971904
128.04136492061508,6.0054022699039816e-05,0.0007809976101238814,0.0008410516328229212,0.3281606299289402,0.2648917514876756
128.06636792099013,6.0030757376919894e-05,0.0007808451322809017,0.0008408758896578216,0.32815837801404446,0.26491127686501265
128.09137092136518,6.00075055718891e-05,0.0007806927139642356,0.0008407002195361247,0.3281561269491626,0.2649307984306903
128.1163739217402,5.99842672734783e-05,0.0007805403551390324,0.0008405246224125107,0.3281538767338133,0.2649503161861964
128.14137692211526,5.996104247122843e-05,0.0007803880557704674,0.0008403490982416958,0.3281516273675156,0.2649698301330181
128.1663799224903,5.99378311546906e-05,0.0007802358158237441,0.0008401736469784346,0.32814937884978895,0.2649893402726415
128.19138292286536,5.9914633313426e-05,0.0007800836352640928,0.0008399982685775188,0.32814713118015315,0.2650088466065519
128.2163859232404,5.989144893700595e-05,0.0007799315140567711,0.000839822962993777,0.3281448843581282,0.2650283491362337
128.24138892361546,5.986827801501183e-05,0.0007797794521670633,0.0008396477301820752,0.3281426383832349,0.2650478478631704
128.2663919239905,5.984512053703511e-05,0.0007796274495602811,0.0008394725700973162,0.3281403932549938,0.2650673427888448
128.29139492436553,5.982197649267734e-05,0.0007794755062017633,0.0008392974826944406,0.32813814897292626,0.26508683391473864
128.31639792474058,5.9798845871550056e-05,0.0007793236220568754,0.0008391224679284254,0.32813590553655386,0.26510632124233285
128.34140092511564,5.9775728663274876e-05,0.00077917179709101,0.0008389475257542849,0.3281336629453986,0.2651258047731076
128.3664039254907,5.975262485748347e-05,0.0007790200312695867,0.0008387726561270702,0.3281314211989827,0.265145284508542
128.39140692586574,5.9729534443817506e-05,0.0007788683245580523,0.0008385978590018698,0.3281291802968289,0.26516476045011456
128.4164099262408,5.970645741192863e-05,0.00077871667692188,0.0008384231343338086,0.3281269402384602,0.2651842325993026
128.44141292661584,5.968339375147852e-05,0.0007785650883265704,0.0008382484820780489,0.32812470102339997,0.2652037009575829
128.46641592699086,5.9660343452138855e-05,0.0007784135587376506,0.0008380739021897894,0.32812246265117195,0.2652231655264311
128.4914189273659,5.963730650359117e-05,0.0007782620881206745,0.0008378993946242657,0.32812022512130035,0.2652426263073222
128.51642192774096,5.961428289552709e-05,0.0007781106764412231,0.0008377249593367502,0.3281179884333095,0.26526208330173023
128.54142492811602,5.9591272617648114e-05,0.000777959323664904,0.000837550596282552,0.32811575258672426,0.26528153651112835
128.56642792849107,5.9568275659665724e-05,0.0007778080297573515,0.0008373763054170172,0.3281135175810699,0.2653009859369889
128.59143092886612,5.954529201130128e-05,0.0007776567946842267,0.0008372020866955279,0.3281112834158718,0.2653204315807834
128.61643392924117,5.9522321662286085e-05,0.0007775056184112176,0.0008370279400735037,0.328109050090656,0.26533987344398235
128.6414369296162,5.9499364602361344e-05,0.0007773545009040386,0.0008368538655063999,0.32810681760494864,0.26535931152805553
128.66643992999124,5.947642082127811e-05,0.0007772034421284307,0.0008366798629497089,0.32810458595827646,0.26537874583447185
128.6914429303663,5.945349030879737e-05,0.0007770524420501617,0.0008365059323589591,0.3281023551501663,0.26539817636469937
128.71644593074134,5.943057305468995e-05,0.0007769015006350261,0.0008363320736897161,0.3281001251801455,0.26541760312020524
128.7414489311164,5.940766904873651e-05,0.0007767506178488448,0.0008361582868975813,0.3280978960477417,0.2654370261024558
128.76645193149145,5.9384778280727624e-05,0.0007765997936574652,0.0008359845719381928,0.32809566775248306,0.2654564453129165
128.7914549318665,5.936190074046364e-05,0.0007764490280267612,0.0008358109287672248,0.3280934402938978,0.265475860753052
128.81645793224152,5.933903641775474e-05,0.0007762983209226337,0.0008356373573403884,0.32809121367151484,0.2654952724243261
128.84146093261657,5.9316185302420895e-05,0.000776147672311009,0.0008354638576134299,0.3280889878848631,0.26551468032820164
128.86646393299162,5.929334738429192e-05,0.000775997082157841,0.0008352904295421329,0.32808676293347216,0.2655340844661407
128.89146693336667,5.92705226532074e-05,0.0007758465504291095,0.0008351170730823169,0.3280845388168717,0.2655534848396045
128.91646993374172,5.924771109901667e-05,0.0007756960770908205,0.0008349437881898372,0.32808231553459194,0.2655728814500534
128.94147293411677,5.922491271157886e-05,0.0007755456621090067,0.0008347705748205855,0.32808009308616337,0.26559227429894694
128.96647593449183,5.920212748076285e-05,0.000775395305449727,0.0008345974329304899,0.3280778714711169,0.2656116633877437
128.99147893486685,5.917935539644729e-05,0.0007752450070790669,0.0008344243624755142,0.3280756506889836,0.26563104871790155
129.0164819352419,5.9156596448520464e-05,0.0007750947669631375,0.0008342513634116579,0.3280734307392951,0.2656504302908775
129.04148493561695,5.913385062688047e-05,0.0007749445850680767,0.0008340784356949573,0.3280712116215834,0.26566980810812757
129.066487935992,5.9111117921435085e-05,0.0007747944613600488,0.0008339055792814839,0.3280689933353807,0.2656891821711071
129.09149093636705,5.9088398322101784e-05,0.0007746443958052437,0.0008337327941273455,0.32806677588021954,0.2657085524812705
129.1164939367421,5.9065691818807724e-05,0.0007744943883698782,0.0008335600801886859,0.328064559255633,0.26572791904007137
129.14149693711713,5.9042998401489766e-05,0.0007743444390201947,0.0008333874374216845,0.32806234346115426,0.2657472818489624
129.16649993749218,5.9020318060094376e-05,0.0007741945477224619,0.0008332148657825562,0.3280601284963171,0.26576664090939556
129.19150293786723,5.89976507845777e-05,0.0007740447144429746,0.0008330423652275523,0.3280579143606555,0.26578599622282184
129.21650593824228,5.897499656490556e-05,0.0007738949391480539,0.0008328699357129595,0.32805570105370385,0.2658053477906915
129.24150893861733,5.8952355391053365e-05,0.0007737452218040468,0.0008326975771951002,0.3280534885749968,0.2658246956144538
129.26651193899238,5.8929727253006166e-05,0.0007735955623773262,0.0008325252896303324,0.3280512769240694,0.2658440396955574
129.29151493936743,5.8907112140758624e-05,0.0007734459608342912,0.0008323530729750499,0.3280490661004571,0.26586338003544996
129.31651793974245,5.888451004431499e-05,0.000773296417141367,0.000832180927185682,0.3280468561036956,0.2658827166355783
129.3415209401175,5.886192095368908e-05,0.0007731469312650044,0.0008320088522186935,0.3280446469333211,0.2659020494973884
129.36652394049256,5.8839344858904295e-05,0.0007729975031716804,0.0008318368480305847,0.32804243858886994,0.26592137862232545
129.3915269408676,5.881678174999366e-05,0.0007728481328278978,0.0008316649145778915,0.328040231069879,0.2659407040118338
129.41652994124266,5.879423161699966e-05,0.0007726988202001853,0.000831493051817185,0.32803802437588536,0.2659600256673569
129.4415329416177,5.8771694449974376e-05,0.0007725495652550976,0.000831321259705072,0.32803581850642655,0.2659793435903374
129.46653594199276,5.874917023897942e-05,0.0007724003679592151,0.0008311495381981946,0.3280336134610404,0.2659986577822172
129.49153894236778,5.872665897408595e-05,0.0007722512282791442,0.0008309778872532302,0.328031409239265,0.26601796824443724
129.51654194274283,5.870416064537453e-05,0.0007721021461815166,0.0008308063068268912,0.328029205840639,0.26603727497843765
129.54154494311788,5.868167524293534e-05,0.0007719531216329903,0.0008306347968759256,0.32802700326470124,0.2660565779856578
129.56654794349294,5.865920275686797e-05,0.0007718041546002487,0.0008304633573571167,0.3280248015109909,0.2660758772675361
129.591550943868,5.863674317728152e-05,0.0007716552450500011,0.0008302919882272826,0.3280226005790475,0.26609517282551026
129.61655394424304,5.8614296494294575e-05,0.0007715063929489825,0.0008301206894432772,0.328020400468411,0.26611446466101707
129.6415569446181,5.8591862698035135e-05,0.0007713575982639534,0.0008299494609619886,0.3280182011786217,0.26613375277549256
129.6665599449931,5.856944177864068e-05,0.0007712088609617003,0.0008297783027403409,0.32801600270922004,0.2661530371703718
129.69156294536816,5.854703372625807e-05,0.0007710601810090344,0.0008296072147352925,0.32801380505974703,0.2661723178470892
129.7165659457432,5.8524638531043636e-05,0.0007709115583727936,0.0008294361969038372,0.32801160822974396,0.26619159480707827
129.74156894611826,5.85022561831631e-05,0.0007707629930198409,0.000829265249203004,0.32800941221875246,0.26621086805177163
129.76657194649331,5.8479886672791606e-05,0.0007706144849170647,0.0008290943715898563,0.3280072170263144,0.2662301375826011
129.79157494686837,5.845752999011366e-05,0.000770466034031379,0.0008289235640214927,0.32800502265197223,0.26624940340099773
129.81657794724342,5.8435186125323174e-05,0.0007703176403297235,0.0008287528264550466,0.3280028290952684,0.2662686655083917
129.84158094761844,5.8412855068623426e-05,0.0007701693037790631,0.0008285821588476865,0.328000636355746,0.2662879239062123
129.8665839479935,5.839053681022699e-05,0.0007700210243463882,0.0008284115611566151,0.32799844443294834,0.2663071785958882
129.89158694836854,5.8368231340355876e-05,0.0007698728019987146,0.0008282410333390705,0.3279962533264191,0.266326429578847
129.9165899487436,5.834593864924138e-05,0.0007697246367030838,0.0008280705753523251,0.3279940630357022,0.26634567685651567
129.94159294911864,5.832365872712414e-05,0.0007695765284265621,0.0008279001871536862,0.3279918735603421,0.2663649204303202
129.9665959494937,5.8301391564254114e-05,0.0007694284771362416,0.0008277298687004957,0.3279896848998834,0.2663841603016858
129.99159894986875,5.827913715089052e-05,0.0007692804827992396,0.0008275596199501301,0.32798749705387115,0.266403396472037
130.01660195024377,5.8256895477301976e-05,0.0007691325453826989,0.0008273894408600008,0.32798531002185066,0.2664226289427973
130.04160495061882,5.823466653376623e-05,0.0007689846648537868,0.0008272193313875531,0.3279831238033677,0.2664418577153895
130.06660795099387,5.821245031057041e-05,0.0007688368411796968,0.0008270492914902672,0.3279809383979682,0.26646108279123554
130.09161095136892,5.8190246798010905e-05,0.0007686890743276469,0.0008268793211256578,0.3279787538051987,0.26648030417175655
130.11661395174397,5.81680559863933e-05,0.0007685413642648809,0.0008267094202512742,0.32797657002460573,0.2664995218583729
130.14161695211902,5.8145877866032464e-05,0.0007683937109586674,0.0008265395888246999,0.3279743870557365,0.266518735852504
130.16661995249407,5.8123712427252485e-05,0.0007682461143763002,0.0008263698268035527,0.3279722048981383,0.2665379461555686
130.1916229528691,5.810155966038669e-05,0.0007680985744850983,0.000826200134145485,0.3279700235513588,0.26655715276898445
130.21662595324415,5.807941955577754e-05,0.0007679510912524056,0.0008260305108081831,0.3279678430149462,0.2665763556941687
130.2416289536192,5.805729210377677e-05,0.0007678036646455912,0.000825860956749368,0.3279656632884487,0.26659555493253756
130.26663195399425,5.8035177294745294e-05,0.0007676562946320495,0.0008256914719267948,0.32796348437141526,0.2666147504855064
130.2916349543693,5.801307511905317e-05,0.0007675089811791995,0.0008255220562982527,0.3279613062633948,0.26663394235448984
130.31663795474435,5.7990985567079654e-05,0.0007673617242544855,0.0008253527098215651,0.3279591289639367,0.2666531305409017
130.3416409551194,5.796890862921314e-05,0.0007672145238253767,0.0008251834324545899,0.32795695247259077,0.2666723150461548
130.36664395549442,5.794684429585122e-05,0.0007670673798593675,0.0008250142241552187,0.32795477678890705,0.2666914958716614
130.39164695586948,5.79247925574005e-05,0.0007669202923239765,0.0008248450848813769,0.32795260191243597,0.2667106730188329
130.41664995624453,5.790275340427685e-05,0.0007667732611867479,0.0008246760145910248,0.3279504278427282,0.2667298464890797
130.44165295661958,5.7880726826905134e-05,0.0007666262864152506,0.0008245070132421558,0.32794825457933485,0.2667490162838116
130.46665595699463,5.785871281571943e-05,0.0007664793679770783,0.0008243380807927978,0.3279460821218073,0.26676818240443745
130.49165895736968,5.7836711361162826e-05,0.0007663325058398496,0.0008241692172010124,0.32794391046969734,0.26678734485236544
130.51666195774473,5.781472245368755e-05,0.0007661856999712078,0.0008240004224248954,0.3279417396225569,0.26680650362900277
130.54166495811975,5.77927460837549e-05,0.0007660389503388214,0.0008238316964225763,0.3279395695799386,0.2668256587357559
130.5666679584948,5.7770782241835154e-05,0.0007658922569103828,0.000823663039152218,0.32793740034139496,0.2668448101740306
130.59167095886986,5.774883091840774e-05,0.0007657456196536101,0.0008234944505720178,0.32793523190647916,0.2668639579452317
130.6166739592449,5.7726892103961106e-05,0.0007655990385362455,0.0008233259306402067,0.32793306427474456,0.2668831020507632
130.64167695961996,5.770496578899268e-05,0.0007654525135260562,0.000823157479315049,0.32793089744574494,0.26690224249202843
130.666679959995,5.768305196400899e-05,0.0007653060445908338,0.0008229890965548428,0.32792873141903417,0.2669213792704298
130.69168296037006,5.766115061952551e-05,0.0007651596316983949,0.0008228207823179204,0.3279265661941669,0.26694051238736893
130.71668596074508,5.763926174606678e-05,0.0007650132748165808,0.0008226525365626475,0.3279244017706977,0.26695964184424664
130.74168896112013,5.7617385334166235e-05,0.0007648669739132565,0.0008224843592474227,0.3279222381481816,0.26697876764246303
130.76669196149518,5.759552137436637e-05,0.0007647207289563124,0.0008223162503306787,0.327920075326174,0.2669978897834173
130.79169496187023,5.757366985721864e-05,0.0007645745399136635,0.0008221482097708822,0.32791791330423065,0.2670170082685079
130.81669796224529,5.7551830773283444e-05,0.000764428406753249,0.0008219802375265324,0.3279157520819075,0.2670361230991324
130.84170096262034,5.7530004113130124e-05,0.0007642823294430327,0.0008218123335561628,0.327913591658761,0.2670552342766876
130.8667039629954,5.750818986733698e-05,0.0007641363079510028,0.0008216444978183398,0.32791143203434775,0.2670743418025696
130.8917069633704,5.748638802649127e-05,0.0007639903422451723,0.0008214767302716636,0.3279092732082249,0.26709344567817356
130.91670996374546,5.746459858118907e-05,0.000763844432293578,0.000821309030874767,0.3279071151799496,0.26711254590489397
130.9417129641205,5.7442821522035454e-05,0.0007636985780642817,0.0008211413995863172,0.3279049579490797,0.2671316424841244
130.96671596449556,5.742105683964439e-05,0.0007635527795253694,0.0008209738363650138,0.32790280151517315,0.2671507354172577
130.9917189648706,5.73993045246387e-05,0.0007634070366449514,0.0008208063411695901,0.32790064587778817,0.2671698247056859
131.01672196524567,5.737756456765011e-05,0.0007632613493911625,0.0008206389139588125,0.3278984910364836,0.2671889103508002
131.04172496562072,5.735583695931921e-05,0.0007631157177321615,0.0008204715546914807,0.32789633699081827,0.2672079923539911
131.06672796599574,5.733412169029546e-05,0.000762970141636132,0.0008203042633264275,0.3278941837403515,0.2672270707166482
131.0917309663708,5.731241875123712e-05,0.0007628246210712814,0.0008201370398225185,0.32789203128464306,0.2672461454401603
131.11673396674584,5.7290728132811344e-05,0.0007626791560058414,0.0008199698841386527,0.32788987962325267,0.2672652165259155
131.1417369671209,5.726904982569409e-05,0.0007625337464080683,0.0008198027962337624,0.32788772875574085,0.2672842839753011
131.16673996749594,5.724738382057014e-05,0.0007623883922462422,0.0008196357760668124,0.327885578681668,0.26730334778970344
131.191742967871,5.7225730108133085e-05,0.0007622430934886678,0.0008194688235968008,0.3278834294005952,0.26732240797050827
131.21674596824604,5.7204088679085305e-05,0.0007620978501036733,0.0008193019387827586,0.32788128091208363,0.26734146451910046
131.24174896862107,5.7182459524138016e-05,0.000761952662059612,0.00081913512158375,0.3278791332156949,0.26736051743686406
131.26675196899612,5.716084263401112e-05,0.0007618075293248602,0.0008189683719588713,0.3278769863109909,0.2673795667251824
131.29175496937117,5.713923799943335e-05,0.0007616624518678191,0.0008188016898672524,0.3278748401975338,0.267398612385438
131.31675796974622,5.711764561114223e-05,0.0007615174296569135,0.0008186350752680557,0.32787269487488624,0.2674176544190125
131.34176097012127,5.709606545988394e-05,0.0007613724626605927,0.0008184685281204766,0.32787055034261103,0.2674366928272869
131.36676397049632,5.707449753641348e-05,0.0007612275508473297,0.0008183020483837432,0.32786840660027133,0.26745572761164127
131.39176697087134,5.705294183149458e-05,0.0007610826941856218,0.0008181356360171164,0.32786626364743077,0.267474758773455
131.4167699712464,5.7031398335899594e-05,0.0007609378926439896,0.0008179692909798892,0.327864121483653,0.2674937863141067
131.44177297162145,5.700986704040969e-05,0.0007607931461909782,0.000817803013231388,0.3278619801085024,0.26751281023497403
131.4667759719965,5.698834793581468e-05,0.0007606484547951566,0.0008176368027309713,0.32785983952154324,0.26753183053743407
131.49177897237155,5.696684101291309e-05,0.0007605038184251177,0.0008174706594380307,0.3278576997223404,0.267550847222863
131.5167819727466,5.694534626251212e-05,0.0007603592370494781,0.0008173045833119902,0.32785556071045907,0.2675698602926362
131.54178497312165,5.692386367542765e-05,0.0007602147106368784,0.0008171385743123061,0.3278534224854646,0.26758886974812834
131.56678797349667,5.6902393242484194e-05,0.0007600702391559833,0.0008169726323984675,0.3278512850469228,0.26760787559071325
131.59179097387172,5.688093495451492e-05,0.0007599258225754804,0.0008168067575299953,0.3278491483943996,0.26762687782176403
131.61679397424678,5.685948880236166e-05,0.0007597814608640823,0.000816640949666444,0.3278470125274617,0.2676458764426529
131.64179697462183,5.683805477687484e-05,0.0007596371539905245,0.0008164752087673993,0.3278448774456754,0.26766487145475143
131.66679997499688,5.6816632868913565e-05,0.0007594929019235666,0.0008163095347924801,0.3278427431486081,0.2676838628594303
131.69180297537193,5.6795223069345494e-05,0.0007593487046319918,0.0008161439277013373,0.327840609635827,0.2677028506580595
131.71680597574698,5.677382536904691e-05,0.0007592045620846072,0.0008159783874536542,0.32783847690689977,0.2677218348520081
131.741808976122,5.675243975890273e-05,0.0007590604742502436,0.0008158129140091463,0.3278363449613944,0.26774081544264455
131.76681197649705,5.673106622980635e-05,0.0007589164410977548,0.0008156475073275611,0.3278342137988792,0.26775979243133646
131.7918149768721,5.6709704772659824e-05,0.0007587724625960191,0.0008154821673686789,0.32783208341892284,0.2677787658194506
131.81681797724715,5.668835537837376e-05,0.000758628538713938,0.0008153168940923118,0.3278299538210942,0.267797735608353
131.8418209776222,5.666701803786726e-05,0.0007584846694204365,0.0008151516874583038,0.32782782500496255,0.26781670179940903
131.86682397799726,5.6645692742068066e-05,0.0007583408546844636,0.0008149865474265317,0.32782569697009745,0.2678356643939831
131.8918269783723,5.6624379481912364e-05,0.0007581970944749914,0.0008148214739569037,0.32782356971606885,0.2678546233934389
131.91682997874733,5.660307824834494e-05,0.0007580533887610156,0.0008146564670093606,0.3278214432424469,0.2678735787991394
131.94183297912238,5.658178903231901e-05,0.0007579097375115556,0.0008144915265438746,0.32781931754880206,0.2678925306124468
131.96683597949743,5.656051182479634e-05,0.0007577661406956541,0.0008143266525204504,0.32781719263470527,0.26791147883472244
131.99183897987248,5.653924661674723e-05,0.0007576225982823773,0.0008141618448991245,0.3278150684997277,0.26793042346732693
132.01684198024753,5.6517993399150396e-05,0.0007574791102408149,0.0008139971036399653,0.3278129451434407,0.26794936451162016
132.04184498062259,5.6496752162993066e-05,0.0007573356765400799,0.0008138324287030729,0.32781082256541616,0.26796830196896115
132.06684798099764,5.6475522899270945e-05,0.0007571922971493088,0.0008136678200485797,0.32780870076522606,0.26798723584070827
132.09185098137266,5.645430559898819e-05,0.0007570489720376616,0.0008135032776366498,0.3278065797424429,0.2680061661282189
132.1168539817477,5.643310025315735e-05,0.0007569057011743212,0.0008133388014274786,0.3278044594966394,0.26802509283285
132.14185698212276,5.641190685279949e-05,0.0007567624845284942,0.0008131743913812936,0.3278023400273885,0.2680440159559574
132.1668599824978,5.639072538894406e-05,0.0007566193220694102,0.0008130100474583543,0.3278002213342636,0.26806293549889637
132.19186298287286,5.636955585262895e-05,0.0007564762137663226,0.0008128457696189515,0.3277981034168384,0.2680818514630214
132.2168659832479,5.634839823490045e-05,0.0007563331595885075,0.000812681557823408,0.3277959862746868,0.26810076384968606
132.24186898362296,5.632725252681322e-05,0.0007561901595052647,0.000812517412032078,0.3277938699073832,0.26811967266024334
132.266871983998,5.630611871943041e-05,0.0007560472134859168,0.0008123533322053472,0.327791754314502,0.26813857789604534
132.29187498437304,5.628499680382341e-05,0.0007559043214998098,0.0008121893183036332,0.3277896394956183,0.2681574795584435
132.3168779847481,5.626388677107207e-05,0.0007557614835163128,0.0008120253702873848,0.3277875254503072,0.2681763776487884
132.34188098512314,5.624278861226461e-05,0.0007556186995048181,0.0008118614881170828,0.3277854121781443,0.26819527216842987
132.3668839854982,5.622170231849756e-05,0.0007554759694347412,0.0008116976717532388,0.32778329967870534,0.268214163118717
132.39188698587324,5.6200627880875816e-05,0.0007553332932755205,0.0008115339211563963,0.3277811879515665,0.26823305050099805
132.4168899862483,5.61795652905126e-05,0.0007551906709966177,0.0008113702362871303,0.3277790769963044,0.26825193431662064
132.44189298662332,5.6158514538529487e-05,0.0007550481025675177,0.0008112066171060471,0.3277769668124955,0.2682708145669315
132.46689598699837,5.6137475616056306e-05,0.0007549055879577277,0.000811043063573784,0.32777485739971723,0.2682896912532768
132.49189898737342,5.611644851423125e-05,0.0007547631271367786,0.0008108795756510099,0.3277727487575467,0.2683085643770016
132.51690198774847,5.609543322420079e-05,0.0007546207200742243,0.0008107161532984251,0.32777064088556174,0.2683274339394506
132.54190498812352,5.607442973711967e-05,0.0007544783667396414,0.000810552796476761,0.32776853378334025,0.26834629994196735
132.56690798849857,5.605343804415094e-05,0.0007543360671026294,0.0008103895051467803,0.3277664274504607,0.268365162385895
132.59191098887362,5.603245813646589e-05,0.0007541938211328111,0.0008102262792692769,0.32776432188650156,0.26838402127257566
132.61691398924864,5.601149000524412e-05,0.0007540516287998319,0.000810063118805076,0.32776221709104186,0.2684028766033508
132.6419169896237,5.599053364167339e-05,0.0007539094900733601,0.0008099000237150335,0.3277601130636609,0.2684217283795612
132.66691998999875,5.596958903694978e-05,0.0007537674049230869,0.0008097369939600367,0.32775800980393793,0.2684405766025467
132.6919229903738,5.5948656182277575e-05,0.0007536253733187265,0.000809574029501004,0.3277559073114531,0.2684594212736466
132.71692599074885,5.5927735068869293e-05,0.0007534833952300157,0.000809411130298885,0.32775380558578643,0.2684782623941992
132.7419289911239,5.5906825687945645e-05,0.0007533414706267143,0.0008092482963146599,0.3277517046265184,0.2684970999655423
132.76693199149895,5.588592803073555e-05,0.0007531995994786047,0.0008090855275093403,0.32774960443322987,0.2685159339890127
132.79193499187397,5.5865042088476165e-05,0.0007530577817554924,0.0008089228238439685,0.32774750500550176,0.26853476446594665
132.81693799224902,5.584416785241276e-05,0.0007529160174272049,0.0008087601852796177,0.32774540634291555,0.26855359139767954
132.84194099262407,5.582330531379882e-05,0.0007527743064635932,0.0008085976117773921,0.3277433084450529,0.268572414785546
132.86694399299913,5.580245446389601e-05,0.0007526326488345306,0.0008084351032984266,0.32774121131149575,0.26859123463087997
132.89194699337418,5.5781615293974144e-05,0.0007524910445099132,0.0008082726598038874,0.3277391149418265,0.26861005093501455
132.91694999374923,5.5760787795311165e-05,0.0007523494934596598,0.0008081102812549709,0.32773701933562766,0.2686288636992822
132.94195299412428,5.573997195919318e-05,0.0007522079956537116,0.0008079479676129048,0.32773492449248226,0.26864767292501446
132.9669559944993,5.571916777691444e-05,0.0007520665510620326,0.000807785718838947,0.3277328304119733,0.2686664786135423
132.99195899487435,5.569837523977725e-05,0.0007519251596546094,0.0008076235348943866,0.3277307370936845,0.26868528076619586
133.0169619952494,5.56775943390921e-05,0.0007517838214014509,0.000807461415740543,0.3277286445371995,0.2687040793843045
133.04196499562445,5.565682506617754e-05,0.0007516425362725889,0.0008072993613387665,0.32772655274210255,0.2687228744691969
133.0669679959995,5.5636067412360254e-05,0.0007515013042380776,0.0008071373716504378,0.32772446170797803,0.26874166602220095
133.09197099637456,5.561532136897497e-05,0.0007513601252679936,0.0008069754466369687,0.3277223714344107,0.26876045404464377
133.1169739967496,5.5594586927364535e-05,0.0007512189993324361,0.0008068135862598007,0.32772028192098546,0.26877923853785174
133.14197699712463,5.557386407887985e-05,0.0007510779264015268,0.0008066517904804066,0.32771819316728773,0.2687980195031505
133.16697999749968,5.5553152814879825e-05,0.0007509369064454096,0.0008064900592602895,0.3277161051729031,0.268816796941865
133.19198299787473,5.5532453126731466e-05,0.000750795939434251,0.0008063283925609826,0.32771401793741756,0.2688355708553194
133.21698599824978,5.5511765005809816e-05,0.00075065502533824,0.0008061667903440498,0.3277119314604173,0.26885434124483704
133.24198899862483,5.549108844349796e-05,0.0007505141641275877,0.0008060052525710856,0.32770984574148887,0.26887310811174064
133.26699199899988,5.547042343118698e-05,0.0007503733557725278,0.0008058437792037148,0.32770776078021907,0.2688918714573521
133.29199499937494,5.544976996027598e-05,0.0007502326002433162,0.0008056823702035921,0.32770567657619504,0.26891063128299264
133.31699799974996,5.5429128022172095e-05,0.0007500918975102313,0.0008055210255324035,0.32770359312900427,0.26892938758998264
133.342001000125,5.5408497608290404e-05,0.0007499512475435733,0.0008053597451518637,0.32770151043823437,0.2689481403796418
133.36700400050006,5.538787871005398e-05,0.0007498106503136654,0.0008051985290237194,0.3276994285034735,0.26896688965328913
133.3920070008751,5.536727131889395e-05,0.0007496701057908523,0.0008050373771097463,0.32769734732430994,0.26898563541224274
133.41701000125016,5.5346675426249315e-05,0.0007495296139455016,0.0008048762893717509,0.3276952669003323,0.26900437765782015
133.4420130016252,5.532609102356708e-05,0.0007493891747480027,0.0008047152657715698,0.3276931872311295,0.2690231163913381
133.46701600200024,5.530551810230223e-05,0.0007492487881687673,0.0008045543062710696,0.32769110831629084,0.2690418516141125
133.4920190023753,5.52849566539176e-05,0.0007491084541782293,0.0008043934108321469,0.32768903015540574,0.26906058332745864
133.51702200275034,5.5264406669884045e-05,0.0007489681727468445,0.0008042325794167286,0.32768695274806414,0.26907931153269105
133.5420250031254,5.5243868141680315e-05,0.0007488279438450914,0.0008040718119867717,0.32768487609385605,0.2690980362311235
133.56702800350044,5.522334106079307e-05,0.0007486877674434698,0.0008039111085042629,0.32768280019237195,0.269116757424069
133.5920310038755,5.520282541871691e-05,0.0007485476435125024,0.0008037504689312194,0.32768072504320256,0.2691354751128398
133.61703400425054,5.518232120695426e-05,0.0007484075720227334,0.0008035898932296877,0.3276786506459389,0.2691541892987475
133.64203700462556,5.516182841701554e-05,0.0007482675529447296,0.0008034293813617451,0.32767657700017216,0.26917289998310295
133.66704000500062,5.514134704041893e-05,0.0007481275862490787,0.0008032689332894977,0.3276745041054941,0.2691916071672162
133.69204300537567,5.512087706869057e-05,0.0007479876719063918,0.0008031085489750824,0.32767243196149654,0.26921031085239655
133.71704600575072,5.5100418493364424e-05,0.0007478478098873012,0.0008029482283806656,0.32767036056777166,0.2692290110399527
133.74204900612577,5.5079971305982346e-05,0.000747708000162461,0.0008027879714684434,0.327668289923912,0.2692477077311925
133.76705200650082,5.505953549809399e-05,0.0007475682427025479,0.0008026277782006419,0.32766622002951035,0.2692664009274231
133.79205500687587,5.503911106125687e-05,0.0007474285374782601,0.000802467648539517,0.32766415088415973,0.2692850906299509
133.8170580072509,5.5018697987036354e-05,0.0007472888844603178,0.0008023075824473542,0.32766208248745354,0.2693037768400815
133.84206100762594,5.4998296267005555e-05,0.0007471492836194628,0.0008021475798864683,0.3276600148389855,0.26932245955912
133.867064008001,5.497790589274545e-05,0.0007470097349264591,0.0008019876408192045,0.3276579479383495,0.2693411387883705
133.89206700837605,5.4957526855844836e-05,0.0007468702383520925,0.0008018277652079373,0.3276558817851399,0.2693598145291366
133.9170700087511,5.493715914790026e-05,0.0007467307938671705,0.0008016679530150708,0.32765381637895113,0.26937848678272097
133.94207300912615,5.4916802760516075e-05,0.0007465914014425225,0.0008015082042030385,0.3276517517193781,0.26939715555042565
133.9670760095012,5.4896457685304394e-05,0.0007464520610489996,0.000801348518734304,0.32764968780601594,0.269415820833552
133.99207900987622,5.4876123913885156e-05,0.0007463127726574748,0.00080118889657136,0.32764762463846003,0.2694344826334005
134.01708201025127,5.485580143788595e-05,0.0007461735362388425,0.0008010293376767285,0.3276455622163062,0.26945314095127104
134.04208501062632,5.48354902489422e-05,0.0007460343517640192,0.0008008698420129614,0.32764350053915037,0.26947179578846275
134.06708801100137,5.481519033869704e-05,0.0007458952192039428,0.0008007104095426398,0.3276414396065889,0.26949044714627396
134.09209101137643,5.479490169880136e-05,0.0007457561385295731,0.0008005510402283745,0.3276393794182184,0.2695090950260024
134.11709401175148,5.477462432091375e-05,0.0007456171097118914,0.0008003917340328051,0.32763731997363565,0.269527739428945
134.14209701212653,5.4754358196700516e-05,0.0007454781327219009,0.0008002324909186015,0.32763526127243797,0.2695463803563979
134.16710001250155,5.473410331783574e-05,0.0007453392075306261,0.0008000733108484618,0.32763320331422274,0.2695650178096566
134.1921030128766,5.4713859676001036e-05,0.000745200334109113,0.000799914193785114,0.32763114609858773,0.2695836517900159
134.21710601325165,5.46936272628859e-05,0.0007450615124284296,0.0007997551396913156,0.3276290896251311,0.26960228229876987
134.2421090136267,5.4673406070187366e-05,0.0007449227424596653,0.0007995961485298527,0.32762703389345105,0.2696209093372118
134.26711201400175,5.4653196089610234e-05,0.0007447840241739308,0.0007994372202635411,0.3276249789031463,0.2696395329066342
134.2921150143768,5.463299731286693e-05,0.0007446453575423586,0.0007992783548552256,0.32762292465381576,0.26965815300832907
134.31711801475186,5.461280973167752e-05,0.0007445067425361025,0.0007991195522677801,0.32762087114505856,0.26967676964358744
134.34212101512688,5.459263333776977e-05,0.0007443681791263381,0.000798960812464108,0.32761881837647433,0.2696953828136998
134.36712401550193,5.457246812287901e-05,0.0007442296672842619,0.0007988021354071409,0.3276167663476628,0.26971399251995587
134.39212701587698,5.4552314078748254e-05,0.0007440912069810922,0.0007986435210598405,0.327614715058224,0.2697325987636446
134.41713001625203,5.4532171197128135e-05,0.0007439527981880688,0.0007984849693851969,0.3276126645077584,0.26975120154605425
134.44213301662708,5.451203946977688e-05,0.0007438144408764527,0.0007983264803462296,0.32761061469586655,0.2697698008684724
134.46713601700213,5.449191888846034e-05,0.0007436761350175263,0.0007981680539059867,0.32760856562214946,0.2697883967321859
134.49213901737718,5.447180944495195e-05,0.0007435378805825934,0.0007980096900275454,0.3276065172862083,0.26980698913848083
134.5171420177522,5.445171113103277e-05,0.0007433996775429795,0.0007978513886740123,0.32760446968764473,0.26982557808864255
134.54214501812726,5.443162393849133e-05,0.0007432615258700303,0.0007976931498085216,0.32760242282606034,0.2698441635839558
134.5671480185023,5.4411547859123856e-05,0.0007431234255351139,0.0007975349733942377,0.32760037670105735,0.2698627456257045
134.59215101887736,5.43914828847341e-05,0.0007429853765096194,0.0007973768593943536,0.3275983313122382,0.26988132421517197
134.6171540192524,5.437142900713333e-05,0.000742847378764957,0.0007972188077720904,0.32759628665920537,0.26989989935364067
134.64215701962746,5.435138621814041e-05,0.0007427094322725583,0.0007970608184906987,0.32759424274156196,0.2699184710423924
134.6671600200025,5.4331354509581716e-05,0.0007425715370038757,0.0007969028915134575,0.32759219955891117,0.26993703928270835
134.69216302037754,5.431133387329117e-05,0.0007424336929303837,0.0007967450268036748,0.3275901571108565,0.2699556040758688
134.7171660207526,5.429132430111018e-05,0.0007422959000235768,0.000796587224324687,0.3275881153970018,0.26997416542315356
134.74216902112764,5.4271325784887704e-05,0.0007421581582549714,0.0007964294840398592,0.32758607441695103,0.2699927233258415
134.7671720215027,5.42513383164802e-05,0.0007420204675961051,0.0007962718059125852,0.3275840341703087,0.2700112777852109
134.79217502187774,5.423136188775159e-05,0.0007418828280185362,0.0007961141899062879,0.3275819946566794,0.2700298288025393
134.8171780222528,5.421139649057333e-05,0.0007417452394938445,0.0007959566359844178,0.3275799558756682,0.2700483763791035
134.84218102262784,5.419144211682432e-05,0.0007416077019936305,0.0007957991441104548,0.32757791782688017,0.2700669205161797
134.86718402300286,5.4171498758391e-05,0.0007414702154895161,0.0007956417142479072,0.32757588050992087,0.27008546121504323
134.89218702337791,5.4151566407167144e-05,0.000741332779953144,0.0007954843463603111,0.32757384392439615,0.2701039984769688
134.91719002375297,5.4131645055054084e-05,0.0007411953953561779,0.000795327040411232,0.327571808069912,0.27012253230323047
134.94219302412802,5.41117346939606e-05,0.0007410580616703027,0.0007951697963642634,0.3275697729460748,0.27014106269510146
134.96719602450307,5.409183531580285e-05,0.0007409207788672244,0.0007950126141830272,0.32756773855249127,0.27015958965385434
134.99219902487812,5.407194691250446e-05,0.0007407835469186694,0.0007948554938311739,0.32756570488876824,0.270178113180761
135.01720202525317,5.40520694759965e-05,0.0007406463657963857,0.0007946984352723822,0.32756367195451297,0.27019663327709265
135.0422050256282,5.403220299821743e-05,0.0007405092354721418,0.0007945414384703592,0.32756163974933294,0.27021514994411966
135.06720802600324,5.401234747111308e-05,0.0007403721559177272,0.0007943845033888402,0.327559608272836,0.2702336631831118
135.0922110263783,5.399250288663671e-05,0.0007402351271049522,0.000794227629991589,0.32755757752463005,0.27025217299533816
135.11721402675335,5.3972669236749017e-05,0.0007400981490056482,0.0007940708182423973,0.32755554750432353,0.27027067938206706
135.1422170271284,5.395284651341799e-05,0.0007399612215916674,0.0007939140681050853,0.327553518211525,0.2702891823445661
135.16722002750345,5.393303470861907e-05,0.0007398243448348826,0.0007937573795435016,0.3275514896458434,0.2703076818841023
135.1922230278785,5.3913233814335e-05,0.0007396875187071876,0.0007936007525215226,0.3275494618068879,0.2703261780019418
135.21722602825352,5.389344382255596e-05,0.0007395507431804971,0.000793444187003053,0.3275474346942679,0.2703446706993502
135.24222902862857,5.3873664725279375e-05,0.0007394140182267463,0.0007932876829520256,0.3275454083075932,0.27036315997759225
135.26723202900362,5.385389651451008e-05,0.000739277343817891,0.0007931312403324011,0.32754338264647376,0.2703816458379321
135.29223502937867,5.383413918226023e-05,0.0007391407199259084,0.0007929748591081686,0.32754135771051995,0.27040012828163323
135.31723802975372,5.381439272054931e-05,0.0007390041465227958,0.0007928185392433451,0.3275393334993423,0.2704186073099583
135.34224103012878,5.3794657121404105e-05,0.0007388676235805714,0.0007926622807019755,0.32753731001255165,0.2704370829241694
135.36724403050383,5.3774932376858734e-05,0.0007387311510712742,0.0007925060834481328,0.3275352872497591,0.2704555551255278
135.39224703087885,5.375521847895461e-05,0.0007385947289669637,0.0007923499474459183,0.3275332652105762,0.2704740239152941
135.4172500312539,5.373551541974039e-05,0.0007384583572397199,0.0007921938726594603,0.32753124389461447,0.2704924892947283
135.44225303162895,5.3715823191272075e-05,0.0007383220358616436,0.0007920378590529157,0.327529223301486,0.2705109512650896
135.467256032004,5.369614178561292e-05,0.0007381857648048563,0.0007918819065904693,0.32752720343080294,0.2705294098276365
135.49225903237905,5.3676471194833476e-05,0.0007380495440415,0.0007917260152363334,0.32752518428217786,0.2705478649836269
135.5172620327541,5.36568114110115e-05,0.0007379133735437369,0.0007915701849547485,0.32752316585522356,0.27056631673431786
135.54226503312913,5.363716242623207e-05,0.0007377772532837505,0.0007914144157099827,0.3275211481495531,0.27058476508096585
135.56726803350418,5.361752423258743e-05,0.0007376411832337441,0.0007912587074663315,0.3275191311647798,0.2706032100248267
135.59227103387923,5.359789682217711e-05,0.0007375051633659418,0.000791103060188119,0.3275171149005174,0.27062165156715534
135.61727403425428,5.357828018710787e-05,0.0007373691936525882,0.0007909474738396961,0.3275150993563796,0.27064008970920617
135.64227703462933,5.3558674319493694e-05,0.0007372332740659482,0.0007907919483854419,0.3275130845319808,0.2706585244522329
135.66728003500438,5.353907921145575e-05,0.0007370974045783074,0.0007906364837897632,0.32751107042693534,0.2706769557974884
135.69228303537943,5.351949485512243e-05,0.0007369615851619718,0.0007904810800170942,0.327509057040858,0.2706953837462251
135.71728603575446,5.349992124262935e-05,0.0007368258157892676,0.0007903257370318969,0.3275070443733637,0.27071380829969444
135.7422890361295,5.348035836611924e-05,0.0007366900964325414,0.0007901704547986607,0.3275050324240678,0.2707322294591474
135.76729203650456,5.3460806217742075e-05,0.0007365544270641603,0.0007900152332819024,0.3275030211925858,0.27075064722583414
135.7922950368796,5.344126478965499e-05,0.0007364188076565118,0.0007898600724461669,0.3275010106785336,0.2707690616010042
135.81729803725466,5.3421734074022294e-05,0.0007362832381820038,0.000789704972256026,0.3274990008815273,0.27078747258590646
135.8423010376297,5.340221406301542e-05,0.000736147718613064,0.0007895499326760793,0.3274969918011832,0.27080588018178897
135.86730403800476,5.338270474881299e-05,0.0007360122489221409,0.0007893949536709539,0.32749498343711797,0.2708242843898992
135.89230703837978,5.336320612360075e-05,0.0007358768290817034,0.0007892400352053041,0.3274929757889486,0.27084268521148386
135.91731003875483,5.3343718179571566e-05,0.00073574145906424,0.0007890851772438116,0.3274909688562922,0.2708610826477891
135.94231303912989,5.332424090892546e-05,0.00073560613884226,0.0007889303797511855,0.3274889626387663,0.27087947670006024
135.96731603950494,5.3304774303869553e-05,0.0007354708683882929,0.0007887756426921624,0.3274869571359887,0.270897867369542
135.99231903988,5.3285318356618075e-05,0.000735335647674888,0.0007886209660315062,0.32748495234757724,0.2709162546574784
136.01732204025504,5.3265873059392385e-05,0.0007352004766746152,0.0007884663497340076,0.32748294827315033,0.2709346385651127
136.0423250406301,5.3246438404420905e-05,0.0007350653553600645,0.0007883117937644854,0.3274809449123266,0.2709530190936876
136.0673280410051,5.322701438393917e-05,0.000734930283703846,0.0007881572980877852,0.32747894226472474,0.270971396244445
136.09233104138016,5.3207600990189784e-05,0.0007347952616785895,0.0007880028626687793,0.32747694032996394,0.27098977001862623
136.1173340417552,5.3188198215422394e-05,0.0007346602892569455,0.0007878484874723679,0.32747493910766345,0.2710081404174718
136.14233704213026,5.3168806051893766e-05,0.0007345253664115844,0.0007876941724634782,0.3274729385974431,0.2710265074422216
136.16734004250532,5.3149424491867684e-05,0.0007343904931151968,0.0007875399176070645,0.3274709387989227,0.27104487109411496
136.19234304288037,5.3130053527615e-05,0.000734255669340493,0.0007873857228681081,0.3274689397117225,0.2710632313743903
136.21734604325542,5.31106931514136e-05,0.0007341208950602037,0.0007872315882116173,0.3274669413354628,0.2710815882842855
136.24234904363044,5.3091343355548424e-05,0.0007339861702470795,0.0007870775136026279,0.3274649436697645,0.27109994182503777
136.2673520440055,5.307200413231137e-05,0.0007338514948738908,0.0007869234990062022,0.3274629467142485,0.27111829199788356
136.29235504438054,5.305267547400143e-05,0.0007337168689134281,0.0007867695443874295,0.3274609504685361,0.27113663880405864
136.3173580447556,5.303335737292459e-05,0.0007335822923385021,0.0007866156497114268,0.3274589549322489,0.27115498224479817
136.34236104513064,5.30140498213938e-05,0.0007334477651219432,0.000786461814943337,0.3274569601050086,0.2711733223213366
136.3673640455057,5.2994752811729046e-05,0.0007333132872366018,0.0007863080400483309,0.3274549659864373,0.2711916590349077
136.39236704588075,5.297546633625729e-05,0.0007331788586553481,0.0007861543249916054,0.32745297257615735,0.2712099923867446
136.41737004625577,5.295619038731248e-05,0.0007330444793510726,0.0007860006697383851,0.3274509798737914,0.2712283223780796
136.44237304663082,5.293692495723551e-05,0.0007329101492966849,0.0007858470742539204,0.3274489878789623,0.27124664901014456
136.46737604700587,5.2917670038374246e-05,0.000732775868465115,0.0007856935385034893,0.32744699659129317,0.27126497228417046
136.49237904738092,5.289842562308356e-05,0.0007326416368293128,0.0007855400624523964,0.32744500601040744,0.2712832922013877
136.51738204775597,5.287919170372519e-05,0.0007325074543622478,0.000785386646065973,0.3274430161359288,0.271301608763026
136.54238504813102,5.28599682726679e-05,0.0007323733210369094,0.0007852332893095774,0.32744102696748123,0.27131992197031435
136.56738804850607,5.2840755322287316e-05,0.0007322392368263066,0.0007850799921485939,0.32743903850468886,0.27133823182448114
136.5923910488811,5.2821552844966076e-05,0.0007321052017034686,0.0007849267545484347,0.3274370507471763,0.271356538326754
136.61739404925615,5.2802360833093616e-05,0.0007319712156414437,0.0007847735764745373,0.32743506369456815,0.27137484147836
136.6423970496312,5.2783179279066404e-05,0.0007318372786133003,0.0007846204578923668,0.3274330773464896,0.27139314128052544
136.66740005000625,5.2764008175287736e-05,0.0007317033905921267,0.0007844673987674144,0.32743109170256574,0.27141143773447596
136.6924030503813,5.274484751416783e-05,0.0007315695515510305,0.0007843143990651984,0.3274291067624222,0.27142973084143657
136.71740605075635,5.2725697288123814e-05,0.0007314357614631392,0.000784161458751263,0.3274271225256849,0.27144802060263157
136.7424090511314,5.270655748957966e-05,0.0007313020203015998,0.0007840085777911795,0.3274251389919797,0.2714663070192846
136.76741205150643,5.268742811096624e-05,0.0007311683280395793,0.0007838557561505455,0.32742315616093315,0.2714845900926186
136.79241505188148,5.266830914472127e-05,0.0007310346846502637,0.0007837029937949849,0.3274211740321717,0.27150286982385596
136.81741805225653,5.2649200583289335e-05,0.0007309010901068591,0.0007835502906901484,0.3274191926053223,0.27152114621421825
136.84242105263158,5.263010241912189e-05,0.0007307675443825911,0.000783397646801713,0.32741721188001216,0.2715394192649264
136.86742405300663,5.26110146446772e-05,0.0007306340474507046,0.0007832450620953818,0.3274152318558685,0.2715576889772008
136.89242705338168,5.2591937252420414e-05,0.0007305005992844645,0.0007830925365368849,0.32741325253251913,0.2715759553522609
136.91743005375673,5.257287023482347e-05,0.0007303671998571548,0.0007829400700919783,0.3274112739095919,0.27159421839132586
136.94243305413175,5.255381358436516e-05,0.0007302338491420794,0.0007827876627264445,0.3274092959867151,0.2716124780956138
136.9674360545068,5.253476729353101e-05,0.0007301005471125612,0.0007826353144060923,0.32740731876351703,0.2716307344663424
136.99243905488186,5.251573135481346e-05,0.000729967293741943,0.0007824830250967564,0.3274053422396266,0.27164898750472866
137.0174420552569,5.24967057607117e-05,0.0007298340890035868,0.0007823307947642985,0.32740336641467255,0.2716672372119888
137.04244505563196,5.24776905037317e-05,0.0007297009328708742,0.0007821786233746059,0.3274013912882843,0.2716854835893385
137.067448056007,5.245868557638626e-05,0.0007295678253172063,0.0007820265108935925,0.3273994168600914,0.27170372663799264
137.09245105638206,5.243969097119491e-05,0.0007294347663160032,0.0007818744572871981,0.32739744312972346,0.27172196635916557
137.11745405675708,5.242070668068399e-05,0.0007293017558407051,0.0007817224625213891,0.3273954700968106,0.27174020275407085
137.14245705713213,5.2401732697386536e-05,0.0007291687938647708,0.0007815705265621574,0.32739349776098303,0.2717584358239215
137.16746005750718,5.238276901384241e-05,0.0007290358803616788,0.0007814186493755212,0.32739152612187145,0.2717766655699298
137.19246305788224,5.2363815622598194e-05,0.000728903015304927,0.0007812668309275251,0.3273895551791065,0.27179489199330736
137.2174660582573,5.2344872516207226e-05,0.0007287701986680324,0.0007811150711842397,0.3273875849323194,0.2718131150952652
137.24246905863234,5.232593968722955e-05,0.0007286374304245317,0.0007809633701117613,0.32738561538114136,0.27183133487701355
137.2674720590074,5.2307017128231964e-05,0.0007285047105479803,0.0007808117276762122,0.327383646525204,0.2718495513397622
137.2924750593824,5.228810483178798e-05,0.0007283720390119536,0.0007806601438437416,0.32738167836413934,0.27186776448472
137.31747805975746,5.2269202790477794e-05,0.0007282394157900454,0.0007805086185805232,0.32737971089757933,0.27188597431309536
137.3424810601325,5.225031099688833e-05,0.0007281068408558694,0.0007803571518527577,0.3273777441251563,0.2719041808260959
137.36748406050756,5.2231429443613207e-05,0.0007279743141830581,0.0007802057436266713,0.32737577804650303,0.2719223840249287
137.39248706088262,5.221255812325274e-05,0.0007278418357452635,0.0007800543938685162,0.3273738126612524,0.2719405839108
137.41749006125767,5.219369702841391e-05,0.0007277094055161565,0.0007799031025445704,0.3273718479690374,0.27195878048491556
137.44249306163272,5.2174846151710404e-05,0.0007275770234694273,0.0007797518696211378,0.32736988396949157,0.27197697374848046
137.46749606200774,5.215600548576255e-05,0.0007274446895787856,0.0007796006950645482,0.32736792066224857,0.27199516370269894
137.4924990623828,5.2137175023197316e-05,0.0007273124038179595,0.0007794495788411567,0.3273659580469423,0.27201335034877483
137.51750206275784,5.2118354756648365e-05,0.0007271801661606964,0.0007792985209173448,0.32736399612320705,0.27203153368791116
137.5425050631329,5.209954467875599e-05,0.0007270479765807633,0.0007791475212595193,0.32736203489067706,0.27204971372131037
137.56750806350794,5.208074478216714e-05,0.0007269158350519457,0.0007789965798341129,0.32736007434898723,0.27206789045017415
137.592511063883,5.2061955059535365e-05,0.0007267837415480486,0.0007788456966075839,0.32735811449777236,0.2720860638757036
137.61751406425802,5.2043175503520885e-05,0.0007266516960428959,0.0007786948715464168,0.32735615533666784,0.27210423399909917
137.64251706463307,5.2024406106790464e-05,0.0007265196985103299,0.0007785441046171204,0.327354196865309,0.2721224008215607
137.66752006500812,5.200564686201755e-05,0.0007263877489242129,0.0007783933957862304,0.3273522390833316,0.27214056434428724
137.69252306538317,5.1986897761882155e-05,0.0007262558472584256,0.0007782427450203078,0.32735028199037164,0.27215872456847734
137.71752606575822,5.196815879907091e-05,0.0007261239934868677,0.0007780921522859386,0.32734832558606536,0.27217688149532876
137.74252906613327,5.1949429966277006e-05,0.0007259921875834582,0.0007779416175497352,0.32734636987004934,0.2721950351260387
137.76753206650832,5.1930711256200264e-05,0.0007258604295221344,0.0007777911407783346,0.32734441484196014,0.27221318546180373
137.79253506688335,5.1912002661547036e-05,0.0007257287192768534,0.0007776407219384005,0.327342460501435,0.27223133250381965
137.8175380672584,5.189330417503023e-05,0.0007255970568215902,0.0007774903609966204,0.327340506848111,0.2722494762532817
137.84254106763345,5.187461578936937e-05,0.0007254654421303394,0.0007773400579197088,0.32733855388162575,0.2722676167113845
137.8675440680085,5.185593749729049e-05,0.0007253338751771141,0.0007771898126744046,0.32733660160161704,0.27228575387932186
137.89254706838355,5.183726929152619e-05,0.0007252023559359466,0.0007770396252274728,0.3273346500077228,0.2723038877582871
137.9175500687586,5.181861116481559e-05,0.0007250708843808877,0.0007768894955457033,0.32733269909958146,0.2723220183494729
137.94255306913365,5.179996310990438e-05,0.0007249394604860071,0.0007767394235959115,0.32733074887683145,0.27234014565407116
137.96755606950867,5.178132511954476e-05,0.0007248080842253937,0.0007765894093449384,0.32732879933911163,0.2723582696732732
137.99255906988373,5.1762697186495395e-05,0.0007246767555731541,0.0007764394527596495,0.32732685048606097,0.2723763904082698
138.01756207025878,5.1744079303521545e-05,0.0007245454745034149,0.0007762895538069365,0.32732490231731887,0.2723945078602508
138.04256507063383,5.1725471463394905e-05,0.0007244142409903207,0.0007761397124537156,0.32732295483252477,0.2724126220304058
138.06756807100888,5.1706873658893734e-05,0.0007242830550080352,0.0007759899286669289,0.3273210080313186,0.27243073291992337
138.09257107138393,5.168828588280272e-05,0.0007241519165307404,0.0007758402024135431,0.3273190619133403,0.2724488405299917
138.11757407175898,5.166970812791307e-05,0.0007240208255326376,0.0007756905336605506,0.32731711647823025,0.2724669448617982
138.142577072134,5.165114038702247e-05,0.0007238897819879463,0.0007755409223749687,0.327315171725629,0.2724850459165296
138.16758007250905,5.163258265293503e-05,0.0007237587858709047,0.0007753913685238398,0.32731322765517745,0.27250314369537215
138.1925830728841,5.161403491846137e-05,0.0007236278371557697,0.0007752418720742312,0.3273112842665165,0.27252123819951135
138.21758607325916,5.159549717641855e-05,0.000723496935816817,0.0007750924329932355,0.3273093415592876,0.27253932943013204
138.2425890736342,5.1576969419630076e-05,0.0007233660818283407,0.0007749430512479708,0.32730739953313226,0.27255741738841843
138.26759207400926,5.15584516409259e-05,0.0007232352751646536,0.0007747937268055794,0.32730545818769236,0.27257550207555414
138.2925950743843,5.1539943833142415e-05,0.000723104515800087,0.0007746444596332294,0.32730351752260994,0.2725935834927221
138.31759807475933,5.152144598912245e-05,0.000722973803708991,0.0007744952496981135,0.32730157753752737,0.2726116616411046
138.34260107513438,5.150295810171518e-05,0.0007228431388657336,0.0007743460969674488,0.32729963823208713,0.2726297365218833
138.36760407550943,5.14844801637763e-05,0.0007227125212447023,0.0007741970014084786,0.32729769960593214,0.2726478081362393
138.39260707588448,5.1466012168167825e-05,0.0007225819508203021,0.0007740479629884699,0.3272957616587054,0.27266587648535284
138.41761007625954,5.1447554107758243e-05,0.0007224514275669574,0.0007738989816747156,0.32729382439005034,0.2726839415704037
138.4426130766346,5.142910597542239e-05,0.0007223209514591103,0.0007737500574345327,0.32729188779961044,0.27270200339257106
138.46761607700964,5.14106677640415e-05,0.0007221905224712219,0.0007736011902352635,0.3272899518870296,0.2727200619530333
138.49261907738466,5.13922394665032e-05,0.0007220601405777717,0.0007734523800442749,0.32728801665195184,0.2727381172529682
138.5176220777597,5.137382107570143e-05,0.0007219298057532571,0.0007733036268289586,0.32728608209402155,0.27275616929355306
138.54262507813476,5.1355412584536575e-05,0.0007217995179721946,0.0007731549305567311,0.3272841482128832,0.27277421807596436
138.5676280785098,5.133701398591533e-05,0.0007216692772091187,0.000773006291195034,0.3272822150081818,0.272792263601378
138.59263107888486,5.131862527275076e-05,0.0007215390834385823,0.0007728577087113331,0.3272802824795622,0.27281030587096927
138.61763407925991,5.130024643796228e-05,0.0007214089366351567,0.000772709183073119,0.3272783506266699,0.2728283448859128
138.64263707963497,5.128187747447562e-05,0.0007212788367734317,0.0007725607142479073,0.3272764194491503,0.2728463806473826
138.66764008001,5.126351837522289e-05,0.0007211487838280153,0.0007724123022032382,0.3272744889466494,0.272864413156552
138.69264308038504,5.1245169133142436e-05,0.0007210187777735336,0.000772263946906676,0.32727255911881314,0.2728824424145938
138.7176460807601,5.122682974117901e-05,0.0007208888185846313,0.0007721156483258103,0.3272706299652879,0.27290046842268006
138.74264908113514,5.120850019228363e-05,0.0007207589062359713,0.0007719674064282549,0.3272687014857201,0.27291849118198225
138.7676520815102,5.119018047941364e-05,0.0007206290407022347,0.0007718192211816484,0.32726677367975676,0.2729365106936712
138.79265508188524,5.1171870595532665e-05,0.0007204992219581209,0.0007716710925536536,0.3272648465470448,0.2729545269589171
138.8176580822603,5.115357053361063e-05,0.0007203694499783476,0.0007715230205119582,0.32726292008723157,0.2729725399788895
138.84266108263532,5.113528028662376e-05,0.0007202397247376504,0.0007713750050242742,0.3272609942999645,0.27299054975475734
138.86766408301037,5.1116999847554505e-05,0.0007201100462107835,0.000771227046058338,0.32725906918489156,0.27300855628768894
138.89266708338542,5.109872920939163e-05,0.000719980414372519,0.0007710791435819106,0.3272571447416607,0.27302655957885197
138.91767008376047,5.108046836513016e-05,0.0007198508291976471,0.0007709312975627772,0.32725522096992016,0.2730445596294135
138.94267308413552,5.106221730777137e-05,0.0007197212906609766,0.0007707835079687479,0.3272532978693185,0.27306255644053984
138.96767608451057,5.1043976030322786e-05,0.000719591798737334,0.0007706357747676568,0.32725137543950455,0.27308055001339687
138.99267908488562,5.1025744525798184e-05,0.000719462353401564,0.0007704880979273622,0.3272494536801273,0.2730985403491497
139.01768208526065,5.1007522787217584e-05,0.0007193329546285297,0.0007703404774157472,0.327247532590836,0.27311652744896286
139.0426850856357,5.098931080760718e-05,0.0007192036023931116,0.0007701929132007188,0.3272456121712801,0.27313451131400024
139.06768808601075,5.097110857999946e-05,0.0007190742966702088,0.0007700454052502083,0.3272436924211095,0.27315249194542507
139.0926910863858,5.0952916097433104e-05,0.0007189450374347385,0.0007698979535321716,0.32724177333997406,0.27317046934440004
139.11769408676085,5.0934733352952994e-05,0.0007188158246616357,0.0007697505580145887,0.3272398549275241,0.27318844351208715
139.1426970871359,5.091656033961022e-05,0.0007186866583258534,0.0007696032186654637,0.32723793718341004,0.27320641444964777
139.16770008751095,5.089839705046209e-05,0.0007185575384023628,0.000769455935452825,0.3272360201072827,0.2732243821582427
139.19270308788597,5.088024347857209e-05,0.0007184284648661531,0.0007693087083447251,0.32723410369879297,0.273242346639032
139.21770608826102,5.086209961700984e-05,0.0007182994376922308,0.0007691615373092407,0.3272321879575921,0.2732603078931753
139.24270908863608,5.084396545885121e-05,0.0007181704568556214,0.0007690144223144726,0.32723027288333156,0.27327826592183135
139.26771208901113,5.0825840997178224e-05,0.0007180415223313676,0.0007688673633285459,0.32722835847566306,0.2732962207261585
139.29271508938618,5.0807726225079025e-05,0.0007179126340945303,0.0007687203603196093,0.32722644473423845,0.27331417230731436
139.31771808976123,5.078962113564797e-05,0.0007177837921201882,0.0007685734132558362,0.32722453165871007,0.2733321206664559
139.34272109013628,5.0771525721985556e-05,0.000717654996383438,0.0007684265221054236,0.32722261924873025,0.2733500658047396
139.3677240905113,5.075343997719841e-05,0.0007175262468593943,0.0007682796868365927,0.32722070750395166,0.2733680077233211
139.39272709088635,5.073536389439926e-05,0.0007173975435231891,0.0007681329074175884,0.32721879642402724,0.2733859464233556
139.4177300912614,5.0717297466707024e-05,0.0007172688863499728,0.0007679861838166798,0.3272168860086101,0.27340388190599774
139.44273309163646,5.069924068724674e-05,0.0007171402753149135,0.0007678395160021602,0.3272149762573537,0.2734218141724013
139.4677360920115,5.068119354914954e-05,0.0007170117103931968,0.0007676929039423463,0.3272130671699116,0.27343974322371956
139.49273909238656,5.0663156045552666e-05,0.0007168831915600266,0.0007675463476055792,0.3272111587459378,0.2734576690611052
139.5177420927616,5.0645128169599487e-05,0.000716754718790624,0.0007673998469602235,0.3272092509850863,0.2734755916857103
139.54274509313663,5.062710991443948e-05,0.0007166262920602286,0.000767253401974668,0.3272073438870115,0.2734935110986862
139.56774809351168,5.060910127322815e-05,0.0007164979113440967,0.0007671070126173249,0.327205437451368,0.2735114273011838
139.59275109388673,5.0591102239127135e-05,0.0007163695766175033,0.0007669606788566304,0.3272035316778106,0.2735293402943532
139.61775409426178,5.057311280530418e-05,0.0007162412878557406,0.0007668144006610448,0.32720162656599444,0.2735472500793441
139.64275709463683,5.055513296493305e-05,0.0007161130450341187,0.0007666681779990518,0.3271997221155748,0.27356515665730535
139.6677600950119,5.0537162711193586e-05,0.0007159848481279651,0.0007665220108391587,0.32719781832620726,0.27358306002938526
139.69276309538694,5.051920203727173e-05,0.0007158566971126255,0.0007663758991498972,0.3271959151975476,0.2736009601967316
139.71776609576196,5.050125093635944e-05,0.0007157285919634628,0.0007662298428998223,0.32719401272925186,0.2736188571604914
139.742769096137,5.04833094016547e-05,0.0007156005326558576,0.0007660838420575123,0.3271921109209763,0.2736367509218112
139.76777209651206,5.0465377426361566e-05,0.0007154725191652081,0.0007659378965915696,0.3271902097723774,0.27365464148183694
139.7927750968871,5.0447455003690134e-05,0.0007153445514669302,0.0007657920064706203,0.327188309283112,0.2736725288417138
139.81777809726216,5.0429542126856517e-05,0.0007152166295364574,0.0007656461716633139,0.327186409452837,0.27369041300258634
139.84278109763721,5.041163878908286e-05,0.0007150887533492407,0.0007655003921383236,0.3271845102812097,0.2737082939655987
139.86778409801224,5.0393744983597297e-05,0.0007149609228807489,0.0007653546678643462,0.32718261176788754,0.27372617173189423
139.8927870983873,5.0375860703633966e-05,0.0007148331381064677,0.0007652089988101017,0.32718071391252823,0.2737440463026158
139.91779009876234,5.035798594243305e-05,0.0007147053990019009,0.000765063384944334,0.32717881671478966,0.2737619176789055
139.9427930991374,5.03401206932407e-05,0.0007145777055425698,0.0007649178262358105,0.3271769201743301,0.273779785861905
139.96779609951244,5.0322264949309044e-05,0.0007144500577040127,0.0007647723226533217,0.3271750242908078,0.2737976508527552
139.9927990998875,5.030441870389622e-05,0.0007143224554617861,0.0007646268741656824,0.3271731290638816,0.27381551265259646
140.01780210026254,5.028658195026633e-05,0.0007141948987914634,0.0007644814807417298,0.3271712344932103,0.2738333712625685
140.04280510063757,5.026875468168945e-05,0.0007140673876686357,0.0007643361423503251,0.327169340578453,0.2738512266838105
140.06780810101262,5.0250936891441586e-05,0.0007139399220689113,0.0007641908589603528,0.32716744731926906,0.273869078917461
140.09281110138767,5.023312857280476e-05,0.0007138125019679159,0.0007640456305407206,0.3271655547153181,0.2738869279646578
140.11781410176272,5.0215329719066895e-05,0.000713685127341293,0.0007639004570603599,0.32716366276625997,0.27390477382653833
140.14281710213777,5.019754032352189e-05,0.0007135577981647034,0.0007637553384882253,0.32716177147175474,0.27392261650423916
140.16782010251282,5.017976037946956e-05,0.0007134305144138247,0.0007636102747932943,0.3271598808314627,0.27394045599889644
140.19282310288787,5.0161989880215675e-05,0.0007133032760643525,0.0007634652659445681,0.32715799084504427,0.27395829231164565
140.2178261032629,5.014422881907193e-05,0.0007131760830919996,0.0007633203119110715,0.3271561015121604,0.2739761254436216
140.24282910363794,5.0126477189355895e-05,0.0007130489354724956,0.0007631754126618515,0.32715421283247204,0.2739939553959586
140.267832104013,5.010873498439109e-05,0.0007129218331815881,0.0007630305681659792,0.3271523248056404,0.27401178216979033
140.29283510438805,5.0091002197506966e-05,0.0007127947761950416,0.0007628857783925486,0.3271504374313269,0.2740296057662498
140.3178381047631,5.007327882203882e-05,0.0007126677644886381,0.0007627410433106769,0.32714855070919335,0.2740474261864695
140.34284110513815,5.005556485132787e-05,0.0007125407980381767,0.0007625963628895045,0.3271466646389017,0.2740652434315812
140.3678441055132,5.0037860278721234e-05,0.0007124138768194736,0.0007624517370981949,0.32714477922011403,0.2740830575027161
140.39284710588822,5.002016509757192e-05,0.0007122870008083627,0.0007623071659059347,0.32714289445249284,0.27410086840100495
140.41785010626327,5.0002479301238727e-05,0.0007121601699806947,0.0007621626492819334,0.3271410103357007,0.2741186761275777
140.44285310663832,4.998480288308643e-05,0.0007120333843123374,0.0007620181871954238,0.32713912686940055,0.2741364806835637
140.46785610701338,4.9967135836485626e-05,0.0007119066437791762,0.0007618737796156619,0.32713724405325545,0.27415428207009196
140.49285910738843,4.994947815481274e-05,0.0007117799483571135,0.0007617294265119262,0.32713536188692877,0.27417208028829054
140.51786210776348,4.993182983145012e-05,0.0007116532980220687,0.0007615851278535188,0.32713348037008405,0.27418987533928707
140.54286510813853,4.991419085978585e-05,0.0007115266927499786,0.0007614408836097644,0.3271315995023852,0.2742076672242086
140.56786810851355,4.9896561233213994e-05,0.0007114001325167969,0.0007612966937500108,0.3271297192834961,0.27422545594418146
140.5928711088886,4.9878940945134295e-05,0.0007112736172984942,0.0007611525582436285,0.3271278397130811,0.2742432415003316
140.61787410926365,4.9861329988952426e-05,0.0007111471470710589,0.0007610084770600113,0.32712596079080475,0.2742610238937841
140.6428771096387,4.984372835807985e-05,0.0007110207218104957,0.0007608644501685756,0.32712408251633174,0.2742788031256636
140.66788011001375,4.982613604593384e-05,0.000710894341492827,0.0007607204775387608,0.327122204889327,0.27429657919709416
140.6928831103888,4.980855304593748e-05,0.0007107680060940917,0.0007605765591400292,0.3271203279094557,0.27431435210919913
140.71788611076386,4.9790979351519656e-05,0.0007106417155903461,0.0007604326949418658,0.3271184515763834,0.2743321218631013
140.74288911113888,4.977341495611506e-05,0.0007105154699576635,0.0007602888849137786,0.32711657588977566,0.2743498884599229
140.76789211151393,4.975585985316414e-05,0.0007103892691721338,0.0007601451290252979,0.3271147008492984,0.2743676519007856
140.79289511188898,4.973831403611315e-05,0.0007102631132098644,0.0007600014272459775,0.3271128264546177,0.27438541218681034
140.81789811226403,4.972077749841413e-05,0.0007101370020469792,0.0007598577795453934,0.3271109527053999,0.27440316931911757
140.84290111263908,4.9703250233524875e-05,0.0007100109356596196,0.0007597141858931445,0.3271090796013117,0.2744209232988271
140.86790411301413,4.968573223490894e-05,0.0007098849140239435,0.0007595706462588524,0.32710720714201974,0.2744386741270582
140.89290711338919,4.9668223496035656e-05,0.0007097589371161259,0.0007594271606121616,0.32710533532719116,0.27445642180492946
140.9179101137642,4.965072401038012e-05,0.0007096330049123587,0.0007592837289227388,0.32710346415649316,0.27447416633355887
140.94291311413926,4.963323377142311e-05,0.0007095071173888504,0.0007591403511602735,0.32710159362959335,0.27449190771406395
140.9679161145143,4.961575277265119e-05,0.0007093812745218271,0.0007589970272944783,0.3270997237461593,0.2745096459475615
140.99291911488936,4.959828100755668e-05,0.0007092554762875308,0.0007588537572950875,0.3270978545058591,0.2745273810351678
141.0179221152644,4.9580818469637594e-05,0.0007091297226622212,0.0007587105411318587,0.3270959859083608,0.27454511297799844
141.04292511563946,4.956336515239768e-05,0.0007090040136221743,0.000758567378774572,0.32709411795333293,0.27456284177716855
141.0679281160145,4.9545921049346385e-05,0.0007088783491436833,0.0007584242701930297,0.32709225064044406,0.27458056743379256
141.09293111638954,4.952848615399891e-05,0.0007087527292030581,0.000758281215357057,0.32709038396936313,0.27459828994898433
141.1179341167646,4.95110604598761e-05,0.0007086271537766249,0.0007581382142365009,0.32708851793975907,0.2746160093238572
141.14293711713964,4.949364396050453e-05,0.0007085016228407273,0.0007579952668012318,0.32708665255130137,0.27463372555952387
141.1679401175147,4.9476236649416485e-05,0.0007083761363717255,0.0007578523730211419,0.3270847878036595,0.27465143865709635
141.19294311788974,4.945883852014989e-05,0.0007082506943459962,0.000757709532866146,0.32708292369650327,0.2746691486176862
141.2179461182648,4.9441449566248394e-05,0.0007081252967399333,0.0007575667463061817,0.3270810602295026,0.2746868554424044
141.24294911863984,4.942406978126129e-05,0.0007079999435299468,0.0007574240133112081,0.3270791974023278,0.2747045591323612
141.26795211901486,4.9406699158743576e-05,0.0007078746346924641,0.0007572813338512077,0.3270773352146494,0.2747222596886663
141.29295511938992,4.938933769225584e-05,0.0007077493702039285,0.0007571387078961844,0.3270754736661379,0.274739957112429
141.31795811976497,4.937198537536441e-05,0.0007076241500408008,0.0007569961354161652,0.3270736127564643,0.2747576514047578
141.34296112014002,4.935464220164121e-05,0.0007074989741795576,0.0007568536163811988,0.3270717524852997,0.27477534256676056
141.36796412051507,4.9337308164663836e-05,0.0007073738425966929,0.0007567111507613567,0.3270698928523155,0.2747930305995448
141.39296712089012,4.9319983258015494e-05,0.000707248755268717,0.0007565687385267325,0.3270680338571833,0.27481071550421726
141.41797012126517,4.9302667475285055e-05,0.0007071237121721566,0.0007564263796474417,0.32706617549957484,0.2748283972818842
141.4429731216402,4.928536081006701e-05,0.0007069987132835556,0.0007562840740936226,0.32706431777916223,0.2748460759336512
141.46797612201524,4.926806325596141e-05,0.0007068737585794738,0.0007561418218354352,0.3270624606956177,0.2748637514606233
141.4929791223903,4.925077480657402e-05,0.0007067488480364878,0.0007559996228430619,0.32706060424861366,0.274881423863905
141.51798212276535,4.923349545551615e-05,0.000706623981631191,0.0007558574770867071,0.32705874843782295,0.27489909314460015
141.5429851231404,4.921622519640471e-05,0.0007064991593401931,0.0007557153845365979,0.3270568932629184,0.274916759303812
141.56798812351545,4.919896402286225e-05,0.0007063743811401205,0.0007555733451629828,0.3270550387235732,0.27493442234264326
141.5929911238905,4.918171192851685e-05,0.0007062496470076159,0.0007554313589361328,0.32705318481946083,0.27495208226219603
141.61799412426552,4.916446890700227e-05,0.0007061249569193387,0.000755289425826341,0.32705133155025473,0.27496973906357186
141.64299712464057,4.9147234951957726e-05,0.0007060003108519645,0.0007551475458039223,0.32704947891562886,0.2749873927478717
141.66800012501562,4.9130010057028085e-05,0.0007058757087821856,0.0007550057188392137,0.3270476269152572,0.2750050433161959
141.69300312539067,4.911279421586377e-05,0.0007057511506867106,0.0007548639449025744,0.327045775548814,0.27502269076964425
141.71800612576573,4.9095587422120776e-05,0.0007056266365422649,0.0007547222239643857,0.32704392481597383,0.27504033510931597
141.74300912614078,4.907838966946062e-05,0.0007055021663255898,0.0007545805559950504,0.3270420747164114,0.27505797633630963
141.76801212651583,4.9061200951550386e-05,0.0007053777400134433,0.0007544389409649937,0.32704022524980164,0.2750756144517233
141.79301512689085,4.904402126206274e-05,0.0007052533575826,0.0007542973788446628,0.32703837641581973,0.2750932494566544
141.8180181272659,4.90268505946758e-05,0.0007051290190098502,0.000754155869604526,0.32703652821414103,0.27511088135219985
141.84302112764095,4.900968894307328e-05,0.0007050047242720013,0.0007540144132150746,0.3270346806444412,0.27512851013945594
141.868024128016,4.8992536300944424e-05,0.0007048804733458766,0.000753873009646821,0.32703283370639596,0.27514613581951836
141.89302712839105,4.897539266198396e-05,0.0007047562662083159,0.0007537316588702998,0.3270309873996815,0.2751637583934822
141.9180301287661,4.895825801989217e-05,0.0007046321028361754,0.0007535903608560676,0.32702914172397407,0.2751813778624421
141.94303312914113,4.894113236837482e-05,0.0007045079832063276,0.0007534491155747024,0.32702729667895014,0.275198994227492
141.96803612951618,4.892401570114316e-05,0.0007043839072956609,0.000753307922996804,0.3270254522642864,0.2752166074897253
141.99303912989123,4.890690801191399e-05,0.0007042598750810803,0.0007531667830929943,0.32702360847965983,0.27523421765023487
142.01804213026628,4.888980929440957e-05,0.0007041358865395074,0.000753025695833917,0.32702176532474764,0.2752518247101129
142.04304513064133,4.887271954235763e-05,0.0007040119416478794,0.000752884661190237,0.3270199227992271,0.27526942867045107
142.06804813101638,4.885563874949142e-05,0.00070388804038315,0.0007527436791326415,0.32701808090277584,0.27528702953234047
142.09305113139143,4.8838566909549634e-05,0.0007037641827222893,0.0007526027496318389,0.32701623963507176,0.2753046272968716
142.11805413176646,4.882150401627649e-05,0.0007036403686422835,0.0007524618726585601,0.3270143989957928,0.2753222219651344
142.1430571321415,4.880445006342155e-05,0.0007035165981201349,0.0007523210481835565,0.32701255898461734,0.27533981353821824
142.16806013251656,4.878740504473995e-05,0.0007033928711328618,0.0007521802761776017,0.32701071960122374,0.2753574020172119
142.1930631328916,4.877036895399223e-05,0.0007032691876574991,0.0007520395566114913,0.3270088808452908,0.27537498740320365
142.21806613326666,4.8753341784944394e-05,0.0007031455476710976,0.000751898889456042,0.3270070427164974,0.2753925696972811
142.2430691336417,4.873632353136784e-05,0.0007030219511507242,0.0007517582746820921,0.3270052052145226,0.27541014890053134
142.26807213401676,4.871931418703949e-05,0.0007028983980734623,0.0007516177122605018,0.3270033683390459,0.27542772501404084
142.29307513439178,4.87023137457416e-05,0.0007027748884164109,0.0007514772021621525,0.3270015320897468,0.27544529803889545
142.31807813476684,4.868532220126189e-05,0.0007026514221566851,0.000751336744357947,0.32699969646630506,0.27546286797618064
142.3430811351419,4.86683395473935e-05,0.0007025279992714166,0.0007511963388188101,0.32699786146840076,0.27548043482698115
142.36808413551694,4.865136577793497e-05,0.0007024046197377527,0.0007510559855156877,0.3269960270957141,0.27549799859238117
142.393087135892,4.863440088669028e-05,0.0007022812835328569,0.0007509156844195472,0.3269941933479256,0.2755155592734643
142.41809013626704,4.861744486746876e-05,0.0007021579906339087,0.0007507754355013774,0.3269923602247158,0.2755331168713137
142.4430931366421,4.860049771408517e-05,0.0007020347410181037,0.0007506352387321889,0.3269905277257657,0.2755506713870118
142.4680961370171,4.858355942035967e-05,0.0007019115346626536,0.0007504950940830133,0.32698869585075635,0.27556822282164045
142.49309913739216,4.856662998011774e-05,0.0007017883715447857,0.0007503550015249034,0.32698686459936904,0.27558577117628114
142.51810213776722,4.854970938719029e-05,0.0007016652516417437,0.000750214961028934,0.32698503397128537,0.2756033164520146
142.54310513814227,4.853279763541361e-05,0.000701542174930787,0.0007500749725662006,0.3269832039661871,0.27562085864992103
142.56810813851732,4.851589471862934e-05,0.000701419141389191,0.0007499350361078204,0.3269813745837561,0.27563839777108007
142.59311113889237,4.849900063068446e-05,0.0007012961509942474,0.0007497951516249318,0.32697954582367467,0.27565593381657083
142.61811413926742,4.848211536543134e-05,0.0007011732037232632,0.0007496553190886946,0.32697771768562517,0.27567346678747184
142.64311713964244,4.846523891672771e-05,0.0007010502995535619,0.0007495155384702896,0.32697589016929013,0.27569099668486097
142.6681201400175,4.8448371278436565e-05,0.0007009274384624824,0.000749375809740919,0.3269740632743526,0.2757085235098157
142.69312314039254,4.8431512444426334e-05,0.0007008046204273798,0.0007492361328718061,0.32697223700049544,0.27572604726341277
142.7181261407676,4.841466240857072e-05,0.0007006818454256249,0.0007490965078341956,0.32697041134740196,0.27574356794672844
142.74312914114265,4.839782116474879e-05,0.0007005591134346046,0.0007489569345993534,0.32696858631475567,0.2757610855608384
142.7681321415177,4.8380988706844905e-05,0.0007004364244317212,0.0007488174131385661,0.3269667619022402,0.27577860010681776
142.79313514189275,4.836416502874876e-05,0.0007003137783943935,0.0007486779434231422,0.32696493810953964,0.2757961115857411
142.81813814226777,4.834735012435537e-05,0.0007001911753000555,0.0007485385254244109,0.32696311493633795,0.2758136199986823
142.84314114264282,4.833054398756499e-05,0.0007000686151261571,0.0007483991591137222,0.32696129238231947,0.2758311253467149
142.86814414301787,4.8313746612283265e-05,0.0006999460978501643,0.0007482598444624476,0.3269594704471689,0.2758486276309117
142.89314714339292,4.829695799242109e-05,0.0006998236234495585,0.0007481205814419795,0.3269576491305708,0.2758661268523451
142.91815014376797,4.828017812189464e-05,0.000699701191901837,0.0007479813700237317,0.3269558284322103,0.27588362301208663
142.94315314414303,4.826340699462539e-05,0.0006995788031845132,0.0007478422101791386,0.32695400835177263,0.2759011161112076
142.96815614451808,4.82466446045401e-05,0.0006994564572751156,0.0007477031018796557,0.32695218888894306,0.27591860615077857
142.9931591448931,4.82298909455708e-05,0.0006993341541511889,0.0007475640450967597,0.3269503700434073,0.2759360931318696
143.01816214526815,4.8213146011654747e-05,0.0006992118937902931,0.0007474250398019479,0.3269485518148513,0.27595357705555024
143.0431651456432,4.819640979673451e-05,0.0006990896761700044,0.0007472860859667389,0.3269467342029609,0.27597105792288934
143.06816814601825,4.817968229475789e-05,0.0006989675012679141,0.000747147183562672,0.32694491720742247,0.27598853573495524
143.0931711463933,4.816296349967794e-05,0.0006988453690616296,0.0007470083325613076,0.32694310082792244,0.2760060104928158
143.11817414676835,4.814625340545297e-05,0.0006987232795287739,0.0007468695329342269,0.3269412850641476,0.27602348219753825
143.1431771471434,4.812955200604651e-05,0.0006986012326469853,0.0007467307846530318,0.32693946991578476,0.27604095085018926
143.16818014751843,4.811285929542737e-05,0.0006984792283939183,0.0007465920876893456,0.32693765538252106,0.27605841645183493
143.19318314789348,4.8096175267569496e-05,0.0006983572667472423,0.0007464534420148118,0.32693584146404386,0.27607587900354086
143.21818614826853,4.8079499916452146e-05,0.0006982353476846428,0.0007463148476010949,0.3269340281600407,0.2760933385063721
143.24318914864358,4.806283323605977e-05,0.0006981134711838207,0.0007461763044198805,0.32693221547019924,0.276110794961393
143.26819214901863,4.8046175220382e-05,0.0006979916372224925,0.0007460378124428744,0.32693040339420754,0.27612824836966754
143.29319514939368,4.8029525863413724e-05,0.0006978698457783903,0.000745899371641804,0.3269285919317537,0.276145698732259
143.31819814976873,4.801288515915499e-05,0.0006977480968292617,0.0007457609819884167,0.3269267810825262,0.27616314605023023
143.34320115014376,4.7996253101611094e-05,0.0006976263903528701,0.0007456226434544811,0.3269249708462136,0.27618059032464337
143.3682041505188,4.797962968479243e-05,0.0006975047263269935,0.000745484356011786,0.32692316122250464,0.27619803155656014
143.39320715089386,4.796301490271468e-05,0.0006973831047294265,0.0007453461196321411,0.3269213522110884,0.2762154697470417
143.4182101512689,4.7946408749398625e-05,0.0006972615255379785,0.0007452079342873771,0.3269195438116541,0.2762329048971485
143.44321315164396,4.7929811218870284e-05,0.0006971399887304747,0.0007450697999493449,0.32691773602389124,0.27625033700794066
143.468216152019,4.7913222305160805e-05,0.0006970184942847557,0.0007449317165899165,0.3269159288474893,0.27626776608047754
143.49321915239406,4.789664200230652e-05,0.0006968970421786774,0.0007447936841809839,0.32691412228213834,0.27628519211581803
143.51822215276908,4.7880070304348933e-05,0.0006967756323901113,0.0007446557026944602,0.32691231632752826,0.27630261511502047
143.54322515314414,4.786350720533463e-05,0.000696654264896944,0.0007445177721022787,0.32691051098334944,0.2763200350791427
143.5682281535192,4.7846952699315416e-05,0.000696532939677078,0.0007443798923763935,0.32690870624929236,0.276337452009242
143.59323115389424,4.783040678034822e-05,0.0006964116567084309,0.0007442420634887791,0.3269069021250477,0.2763548659063749
143.6182341542693,4.78138694424951e-05,0.0006962904159689356,0.0007441042854114307,0.32690509861030626,0.27637227677159765
143.64323715464434,4.7797340679823256e-05,0.0006961692174365406,0.0007439665581163639,0.32690329570475934,0.2763896846059658
143.6682401550194,4.7780820486405014e-05,0.0006960480610892095,0.0007438288815756146,0.3269014934080982,0.2764070894105344
143.6932431553944,4.776430885631782e-05,0.0006959269469049216,0.0007436912557612394,0.3268996917200143,0.2764244911863578
143.71824615576946,4.774780578364421e-05,0.000695805874861671,0.0007435536806453153,0.3268978906401995,0.2764418899344901
143.74324915614451,4.773131126247185e-05,0.0006956848449374676,0.0007434161561999394,0.3268960901683456,0.2764592856559846
143.76825215651957,4.771482528689352e-05,0.0006955638571103362,0.0007432786823972298,0.3268942903041449,0.27647667835189416
143.79325515689462,4.769834785100712e-05,0.0006954429113583173,0.0007431412592093244,0.3268924910472896,0.27649406802327103
143.81825815726967,4.768187894891558e-05,0.0006953220076594662,0.0007430038866083818,0.3268906923974725,0.27651145467116695
143.84326115764472,4.766541857472698e-05,0.000695201145991854,0.000742866564566581,0.3268888943543862,0.27652883829663305
143.86826415801974,4.7648966722554474e-05,0.0006950803263335669,0.0007427292930561214,0.3268870969177238,0.27654621890072
143.8932671583948,4.7632523386516236e-05,0.0006949595486627055,0.0007425920720492218,0.3268853000871783,0.2765635964844779
143.91827015876984,4.761608856073559e-05,0.0006948388129573869,0.0007424549015181224,0.3268835038624433,0.27658097104895635
143.9432731591449,4.759966223934089e-05,0.0006947181191957426,0.0007423177814350835,0.3268817082432124,0.2765983425952042
143.96827615951995,4.758324441646557e-05,0.0006945974673559195,0.0007421807117723851,0.32687991322917936,0.27661571112427
143.993279159895,4.75668350862481e-05,0.0006944768574160797,0.0007420436925023278,0.32687811882003814,0.27663307663720166
144.01828216027005,4.755043424283202e-05,0.0006943562893544005,0.0007419067235972326,0.3268763250154831,0.27665043913504644
144.04328516064507,4.753404188036594e-05,0.0006942357631490743,0.0007417698050294402,0.3268745318152085,0.2766677986188512
144.06828816102012,4.751765799300343e-05,0.0006941152787783084,0.0007416329367713119,0.32687273921890914,0.27668515508966224
144.09329116139517,4.750128257490319e-05,0.0006939948362203258,0.000741496118795229,0.3268709472262798,0.2767025085485252
144.11829416177022,4.7484915620228896e-05,0.000693874435453364,0.000741359351073593,0.32686915583701553,0.27671985899648527
144.14329716214527,4.746855712314927e-05,0.000693754076455676,0.0007412226335788253,0.3268673650508116,0.2767372064345871
144.16830016252032,4.745220707783807e-05,0.0006936337592055297,0.0007410859662833678,0.32686557486736345,0.2767545508638748
144.19330316289535,4.7435865478474053e-05,0.0006935134836812084,0.0007409493491596824,0.3268637852863668,0.27677189228539184
144.2183061632704,4.7419532319240954e-05,0.0006933932498610098,0.0007408127821802507,0.32686199630751744,0.2767892307001813
144.24330916364545,4.740320759432757e-05,0.0006932730577232472,0.0007406762653175748,0.3268602079305115,0.2768065661092856
144.2683121640205,4.7386891297927665e-05,0.0006931529072462488,0.0007405397985441764,0.3268584201550453,0.27682389851374667
144.29331516439555,4.7370583424240026e-05,0.0006930327984083577,0.0007404033818325977,0.3268566329808152,0.27684122791460586
144.3183181647706,4.735428396746841e-05,0.0006929127311879322,0.0007402670151554007,0.326854846407518,0.276858554312904
144.34332116514565,4.7337992921821536e-05,0.0006927927055633454,0.0007401306984851669,0.3268530604348505,0.2768758777096814
144.36832416552068,4.7321710281513174e-05,0.0006926727215129858,0.000739994431794499,0.3268512750625099,0.2768931981059778
144.39332716589573,4.730543604076199e-05,0.0006925527790152561,0.0007398582150560181,0.32684949029019345,0.2769105155028324
144.41833016627078,4.728917019379165e-05,0.0006924328780485746,0.0007397220482423662,0.3268477061175986,0.2769278299012839
144.44333316664583,4.727291273483081e-05,0.0006923130185913744,0.0007395859313262052,0.32684592254442324,0.2769451413023704
144.46833616702088,4.7256663658113046e-05,0.0006921932006221034,0.0007394498642802164,0.32684413957036507,0.2769624497071295
144.49333916739593,4.724042295787692e-05,0.0006920734241192245,0.0007393138470771014,0.3268423571951223,0.27697975511659834
144.51834216777098,4.7224190628365924e-05,0.0006919536890612156,0.0007391778796895815,0.32684057541839323,0.2769970575318133
144.543345168146,4.720796666382852e-05,0.0006918339954265694,0.0007390419620903979,0.3268387942398764,0.2770143569538104
144.56834816852106,4.719175105851804e-05,0.0006917143431937932,0.0007389060942523113,0.3268370136592705,0.2770316533836251
144.5933511688961,4.717554380669284e-05,0.0006915947323414096,0.0007387702761481025,0.3268352336762745,0.2770489468222923
144.61835416927116,4.7159344902616145e-05,0.000691475162847956,0.0007386345077505722,0.32683345429058747,0.2770662372708464
144.6433571696462,4.714315434055612e-05,0.0006913556346919845,0.0007384987890325406,0.3268316755019087,0.27708352473032116
144.66836017002126,4.7126972114785874e-05,0.0006912361478520619,0.0007383631199668478,0.3268298973099379,0.2771008092017499
144.6933631703963,4.711079821958338e-05,0.0006911167023067701,0.0007382275005263535,0.32682811971437464,0.2771180906861654
144.71836617077133,4.709463264923157e-05,0.0006909972980347058,0.0007380919306839373,0.3268263427149189,0.2771353691845998
144.74336917114638,4.707847539801824e-05,0.00069087793501448,0.0007379564104124983,0.3268245663112708,0.2771526446980849
144.76837217152143,4.706232646023609e-05,0.000690758613224719,0.0007378209396849551,0.3268227905031307,0.27716991722765183
144.79337517189649,4.704618583018274e-05,0.0006906393326440639,0.0007376855184742467,0.32682101529019913,0.27718718677433113
144.81837817227154,4.7030053502160685e-05,0.0006905200932511702,0.0007375501467533309,0.3268192406721768,0.27720445333915295
144.8433811726466,4.701392947047729e-05,0.0006904008950247081,0.0007374148244951854,0.3268174666487647,0.27722171692314684
144.86838417302164,4.699781372944482e-05,0.000690281737943363,0.0007372795516728079,0.3268156932196639,0.27723897752734183
144.89338717339666,4.6981706273380406e-05,0.0006901626219858347,0.0007371443282592151,0.3268139203845758,0.2772562351527663
144.9183901737717,4.6965607096606014e-05,0.0006900435471308376,0.0007370091542274436,0.3268121481432019,0.27727348980044836
144.94339317414676,4.694951619344853e-05,0.0006899245133571009,0.0007368740295505495,0.326810376495244,0.2772907414714153
144.9683961745218,4.693343355823966e-05,0.0006898055206433687,0.0007367389542016084,0.32680860544040397,0.2773079901666941
144.99339917489687,4.691735918531598e-05,0.0006896865689683993,0.0007366039281537153,0.326806834978384,0.27732523588731106
145.01840217527192,4.690129306901891e-05,0.000689567658310966,0.000736468951379985,0.32680506510888635,0.27734247863429207
145.04340517564697,4.688523520369471e-05,0.0006894487886498567,0.0007363340238535515,0.3268032958316136,0.27735971840866236
145.068408176022,4.6869185583694504e-05,0.0006893299599638739,0.0007361991455475685,0.32680152714626853,0.2773769552114467
145.09341117639704,4.6853144203374183e-05,0.0006892111722318345,0.0007360643164352087,0.326799759052554,0.2773941890436693
145.1184141767721,4.683711105709453e-05,0.0006890924254325702,0.0007359295364896647,0.3267979915501732,0.277411419906354
145.14341717714714,4.682108613922114e-05,0.0006889737195449273,0.0007357948056841484,0.32679622463882946,0.27742864780052384
145.1684201775222,4.68050694441244e-05,0.0006888550545477666,0.000735660123991891,0.3267944583182263,0.27744587272720156
145.19342317789724,4.678906096617954e-05,0.0006887364304199636,0.0007355254913861431,0.32679269258806737,0.2774630946874092
145.2184261782723,4.67730606997666e-05,0.0006886178471404082,0.0007353909078401747,0.3267909274480567,0.2774803136821684
145.24342917864732,4.675706863927041e-05,0.0006884993046880048,0.0007352563733272752,0.3267891628978984,0.27749752971250025
145.26843217902237,4.674108477908057e-05,0.0006883808030416725,0.000735121887820753,0.3267873989372968,0.2775147427794252
145.29343517939742,4.6725109113591525e-05,0.0006882623421803446,0.0007349874512939361,0.32678563556595636,0.2775319528839634
145.31843817977247,4.670914163720248e-05,0.0006881439220829694,0.0007348530637201719,0.32678387278358184,0.27754916002713415
145.34344118014752,4.669318234431744e-05,0.0006880255427285093,0.0007347187250728267,0.32678211058987816,0.27756636420995656
145.36844418052257,4.667723122934518e-05,0.0006879072040959411,0.0007345844353252863,0.32678034898455044,0.27758356543344903
145.39344718089762,4.6661288286699254e-05,0.0006877889061642563,0.0007344501944509555,0.3267785879673039,0.2776007636986294
145.41845018127265,4.6645353510798e-05,0.0006876706489124611,0.0007343160024232591,0.3267768275378442,0.2776179590065151
145.4434531816477,4.662942689606445e-05,0.0006875524323195753,0.0007341818592156398,0.32677506769587694,0.277635151358123
145.46845618202275,4.661350843692648e-05,0.0006874342563646341,0.0007340477648015606,0.3267733084411081,0.27765234075446943
145.4934591823978,4.65975981278167e-05,0.0006873161210266863,0.000733913719154503,0.32677154977324363,0.2776695271965702
145.51846218277285,4.6581695963172434e-05,0.0006871980262847955,0.000733779722247968,0.32676979169198994,0.27768671068544054
145.5434651831479,4.656580193743579e-05,0.0006870799721180398,0.0007336457740554755,0.32676803419705347,0.27770389122209527
145.56846818352295,4.654991604505361e-05,0.0006869619585055114,0.0007335118745505651,0.32676627728814095,0.2777210688075486
145.59347118389798,4.653403828047746e-05,0.0006868439854263172,0.0007333780237067946,0.32676452096495917,0.2777382434428143
145.61847418427303,4.651816863816363e-05,0.0006867260528595779,0.0007332442214977415,0.3267627652272153,0.2777554151289055
145.64347718464808,4.650230711257314e-05,0.000686608160784429,0.0007331104678970021,0.3267610100746166,0.2777725838668349
145.66848018502313,4.648645369817175e-05,0.0006864903091800201,0.0007329767628781919,0.3267592555068705,0.27778974965761466
145.69348318539818,4.647060838942992e-05,0.0006863724980255153,0.0007328431064149453,0.32675750152368466,0.27780691250225636
145.71848618577323,4.645477118082283e-05,0.0006862547273000928,0.0007327094984809156,0.32675574812476693,0.27782407240177115
145.74348918614828,4.643894206683034e-05,0.0006861369969829454,0.0007325759390497757,0.3267539953098254,0.27784122935716965
145.7684921865233,4.642312104193707e-05,0.0006860193070532799,0.000732442428095217,0.3267522430785683,0.27785838336946184
145.79349518689835,4.640730810063225e-05,0.0006859016574903171,0.0007323089655909494,0.326750491430704,0.27787553443965735
145.8184981872734,4.639150323740988e-05,0.0006857840482732927,0.0007321755515107026,0.32674874036594126,0.27789268256876515
145.84350118764846,4.63757064467686e-05,0.0006856664793814563,0.0007320421858282249,0.3267469898839888,0.2779098277577938
145.8685041880235,4.635991772321177e-05,0.0006855489507940716,0.0007319088685172835,0.3267452399845557,0.2779269700077513
145.89350718839856,4.63441370612474e-05,0.0006854314624904167,0.0007317755995516641,0.32674349066735114,0.2779441093196451
145.9185101887736,4.6328364455388165e-05,0.000685314014449784,0.0007316423789051722,0.32674174193208455,0.2779612456944821
145.94351318914863,4.631259990015146e-05,0.00068519660665148,0.0007315092065516315,0.3267399937784655,0.2779783791332688
145.96851618952368,4.6296843390059266e-05,0.000685079239074825,0.0007313760824648843,0.32673824620620384,0.2779955096370111
145.99351918989873,4.628109491963827e-05,0.000684961911699154,0.0007312430066187922,0.32673649921500947,0.27801263720671443
146.01852219027379,4.626535448341983e-05,0.0006848446245038158,0.0007311099789872356,0.3267347528045927,0.2780297618433836
146.04352519064884,4.624962207593991e-05,0.0006847273774681738,0.0007309769995441136,0.32673300697466373,0.2780468835480231
146.0685281910239,4.6233897691739136e-05,0.000684610170571605,0.0007308440682633441,0.32673126172493333,0.2780640023216367
146.09353119139894,4.6218181325362776e-05,0.0006844930037935008,0.0007307111851188636,0.3267295170551121,0.27808111816522774
146.11853419177396,4.620247297136076e-05,0.0006843758771132668,0.0007305783500846275,0.326727772964911,0.2780982310797991
146.143537192149,4.618677262428757e-05,0.0006842587905103221,0.0007304455631346097,0.3267260294540413,0.27811534106635305
146.16854019252406,4.617108027870239e-05,0.0006841417439641007,0.0007303128242428031,0.3267242865222142,0.2781324481258914
146.1935431928991,4.6155395929169e-05,0.0006840247374540502,0.0007301801333832192,0.3267225441691413,0.2781495522594154
146.21854619327416,4.613971957025578e-05,0.0006839077709596323,0.000730047490529888,0.32672080239453427,0.27816665346792585
146.24354919364922,4.612405119653574e-05,0.0006837908444603228,0.0007299148956568586,0.32671906119810507,0.278183751752423
146.26855219402424,4.610839080258652e-05,0.0006836739579356118,0.0007297823487381983,0.32671732057956576,0.2782008471139066
146.2935551943993,4.609273838299028e-05,0.0006835571113650026,0.0007296498497479929,0.32671558053862865,0.2782179395533758
146.31855819477434,4.607709393233386e-05,0.0006834403047280135,0.0007295173986603474,0.32671384107500623,0.27823502907182945
146.3435611951494,4.6061457445208664e-05,0.0006833235380041763,0.0007293849954493849,0.3267121021884112,0.2782521156702657
146.36856419552444,4.604582891621067e-05,0.0006832068111730366,0.0007292526400892473,0.32671036387855634,0.2782691993496822
146.3935671958995,4.6030208339940465e-05,0.0006830901242141545,0.0007291203325540949,0.3267086261451547,0.27828628011107615
146.41857019627454,4.6014595711003194e-05,0.0006829734771071036,0.0007289880728181069,0.32670688898791966,0.27830335795544425
146.44357319664957,4.599899102400861e-05,0.0006828568698314718,0.0007288558608554805,0.32670515240656456,0.2783204328837826
146.46857619702462,4.5983394273570955e-05,0.0006827403023668606,0.0007287236966404316,0.326703416400803,0.2783375048970869
146.49357919739967,4.596780545430911e-05,0.0006826237746928857,0.0007285915801471948,0.32670168097034896,0.27835457399635233
146.51858219777472,4.5952224560846504e-05,0.0006825072867891764,0.000728459511350023,0.3266999461149162,0.27837164018257343
146.54358519814977,4.593665158781112e-05,0.0006823908386353765,0.0007283274902231876,0.3266982118342191,0.2783887034567444
146.56858819852482,4.592108652983546e-05,0.0006822744302111428,0.0007281955167409783,0.3266964781279719,0.27840576381985876
146.59359119889987,4.5905529381556605e-05,0.0006821580614961469,0.0007280635908777035,0.3266947449958893,0.2784228212729097
146.6185941992749,4.588998013761619e-05,0.0006820417324700737,0.0007279317126076899,0.32669301243768606,0.2784398758168897
146.64359719964995,4.587443879266033e-05,0.0006819254431126221,0.0007277998819052824,0.32669128045307705,0.27845692745279105
146.668600200025,4.585890534133972e-05,0.0006818091934035047,0.0007276680987448444,0.32668954904177744,0.2784739761816052
146.69360320040005,4.5843379778309564e-05,0.0006816929833224483,0.0007275363631007579,0.32668781820350257,0.27849102200432324
146.7186062007751,4.58278620982296e-05,0.0006815768128491932,0.0007274046749474228,0.326686087937968,0.27850806492193575
146.74360920115015,4.5812352295764075e-05,0.0006814606819634934,0.0007272730342592575,0.3266843582448893,0.27852510493543275
146.7686122015252,4.579685036558176e-05,0.0006813445906451173,0.000727141441010699,0.3266826291239825,0.27854214204580385
146.79361520190022,4.578135630235594e-05,0.0006812285388738466,0.0007270098951762025,0.32668090057496363,0.27855917625403803
146.81861820227527,4.576587010076436e-05,0.0006811125266294765,0.0007268783967302408,0.326679172597549,0.2785762075611239
146.84362120265033,4.5750391755489316e-05,0.0006809965538918165,0.0007267469456473058,0.326677445191455,0.27859323596804947
146.86862420302538,4.5734921261217574e-05,0.0006808806206406898,0.0007266155419019074,0.3266757183563983,0.27861026147580226
146.89362720340043,4.5719458612640404e-05,0.0006807647268559331,0.0007264841854685736,0.3266739920920958,0.27862728408536935
146.91863020377548,4.5704003804453566e-05,0.0006806488725173969,0.0007263528763218505,0.3266722663982644,0.2786443037977372
146.94363320415053,4.5688556831357276e-05,0.0006805330576049455,0.0007262216144363028,0.32667054127462136,0.27866132061389187
146.96863620452555,4.5673117688056276e-05,0.000680417282098457,0.0007260903997865133,0.32666881672088416,0.2786783345348189
146.9936392049006,4.5657686369259693e-05,0.0006803015459778226,0.0007259592323470823,0.3266670927367702,0.27869534556150327
147.01864220527565,4.5642262869681224e-05,0.000680185849222948,0.0007258281120926292,0.3266653693219974,0.2787123536949295
147.0436452056507,4.562684718403896e-05,0.0006800701918137519,0.0007256970389977909,0.32666364647628365,0.27872935893608164
147.06864820602576,4.561143930705548e-05,0.0006799545737301672,0.0007255660130372226,0.3266619241993471,0.2787463612859431
147.0936512064008,4.559603923345782e-05,0.00067983899495214,0.0007254350341855978,0.3266602024909061,0.27876336074549696
147.11865420677586,4.558064695797744e-05,0.0006797234554596303,0.0007253041024176078,0.3266584813506791,0.27878035731572576
147.14365720715088,4.55652624753503e-05,0.0006796079552326117,0.000725173217707962,0.32665676077838485,0.27879735099761144
147.16866020752593,4.554988578031673e-05,0.0006794924942510711,0.0007250423800313878,0.32665504077374224,0.27881434179213554
147.19366320790098,4.553451686762154e-05,0.0006793770724950095,0.000724911589362631,0.3266533213364703,0.278831329700279
147.21866620827603,4.5519155732013964e-05,0.0006792616899444411,0.000724780845676455,0.3266516024662883,0.27884831472302246
147.24366920865108,4.5503802368247664e-05,0.0006791463465793937,0.0007246501489476414,0.3266498841629157,0.2788652968613458
147.26867220902614,4.5488456771080726e-05,0.000679031042379909,0.0007245194991509897,0.3266481664260721,0.27888227611622857
147.2936752094012,4.547311893527565e-05,0.000678915777326042,0.0007243888962613176,0.3266464492554773,0.2788992524886498
147.3186782097762,4.545778885559938e-05,0.0006788005513978611,0.0007242583402534605,0.32664473265085137,0.27891622597958793
147.34368121015126,4.5442466526823205e-05,0.0006786853645754484,0.0007241278311022716,0.32664301661191436,0.278933196590021
147.3686842105263,4.5427151943722866e-05,0.0006785702168388996,0.0007239973687826225,0.32664130113838674,0.2789501643209266
147.39368721090136,4.5411845101078496e-05,0.0006784551081683237,0.0007238669532694022,0.326639586229989,0.27896712917328165
147.4186902112764,4.539654599367464e-05,0.0006783400385438434,0.000723736584537518,0.3266378718864419,0.2789840911480627
147.44369321165146,4.538125461630021e-05,0.0006782250079455948,0.000723606262561895,0.3266361581074664,0.2790010502462458
147.46869621202652,4.5365970963748514e-05,0.0006781100163537274,0.0007234759873174759,0.3266344448927835,0.2790180064688064
147.49369921240154,4.535069503081726e-05,0.0006779950637484044,0.0007233457587792217,0.32663273224211453,0.2790349598167196
147.5187022127766,4.533542681230849e-05,0.0006778801501098019,0.0007232155769221104,0.3266310201551809,0.27905191029095994
147.54370521315164,4.532016630302866e-05,0.0006777652754181101,0.0007230854417211388,0.3266293086317044,0.2790688578925014
147.5687082135267,4.530491349778859e-05,0.0006776504396535321,0.0007229553531513207,0.3266275976714068,0.2790858026223176
147.59371121390174,4.5289668391403456e-05,0.0006775356427962849,0.0007228253111876883,0.32662588727401004,0.27910274448138145
147.6187142142768,4.5274430978692804e-05,0.0006774208848265985,0.0007226953158052913,0.32662417743923644,0.2791196834706656
147.64371721465184,4.5259201254480523e-05,0.0006773061657247165,0.000722565366979197,0.3266224681668083,0.27913661959114217
147.66872021502687,4.5243979213594894e-05,0.0006771914854708959,0.0007224354646844908,0.3266207594564482,0.27915355284378257
147.69372321540192,4.522876485086847e-05,0.0006770768440454068,0.0007223056088962752,0.3266190513078789,0.27917048322955795
147.71872621577697,4.5213558161138215e-05,0.0006769622414285329,0.0007221757995896711,0.3266173437208233,0.2791874107494389
147.74372921615202,4.5198359139245405e-05,0.0006768476776005712,0.0007220460367398167,0.3266156366950046,0.27920433540439554
147.76873221652707,4.518316778003566e-05,0.0006767331525418321,0.0007219163203218678,0.32661393023014595,0.2792212571953974
147.79373521690212,4.516798407835892e-05,0.0006766186662326393,0.0007217866503109982,0.326612224325971,0.2792381761234136
147.81873821727717,4.5152808029069453e-05,0.0006765042186533296,0.000721657026682399,0.3266105189822032,0.27925509218941275
147.8437412176522,4.513763962702588e-05,0.0006763898097842534,0.0007215274494112794,0.32660881419856663,0.2792720053943629
147.86874421802725,4.5122478867091074e-05,0.0006762754396057743,0.0007213979184728653,0.32660710997478515,0.2792889157392318
147.8937472184023,4.5107325744132264e-05,0.0006761611080982688,0.0007212684338424011,0.326605406310583,0.27930582322498654
147.91875021877735,4.5092180253021e-05,0.0006760468152421274,0.0007211389954951484,0.3266037032056845,0.27932272785259377
147.9437532191524,4.5077042388633106e-05,0.0006759325610177533,0.0007210096034063864,0.3266020006598143,0.2793396296230196
147.96875621952745,4.50619121458487e-05,0.0006758183454055631,0.0007208802575514118,0.3266002986726972,0.27935652853722975
147.9937592199025,4.504678951955224e-05,0.0006757041683859866,0.0007207509579055389,0.326598597244058,0.27937342459618936
148.01876222027752,4.5031674504632475e-05,0.0006755900299394671,0.0007206217044440996,0.3265968963736218,0.2793903178008631
148.04376522065257,4.5016567095982346e-05,0.0006754759300464607,0.000720492497142443,0.32659519606111403,0.2794072081522152
148.06876822102763,4.500146728849918e-05,0.0006753618686874367,0.0007203633359759359,0.32659349630626006,0.2794240956512094
148.09377122140268,4.4986375077084543e-05,0.000675247845842878,0.0007202342209199625,0.3265917971087855,0.27944098029880887
148.11877422177773,4.4971290456644285e-05,0.0006751338614932804,0.0007201051519499247,0.3265900984684163,0.27945786209597634
148.14377722215278,4.49562134220885e-05,0.0006750199156191529,0.0007199761290412413,0.3265884003848783,0.2794747410436741
148.16878022252783,4.4941143968331596e-05,0.0006749060082010177,0.0007198471521693493,0.32658670285789787,0.27949161714286386
148.19378322290285,4.492608209029221e-05,0.0006747921392194102,0.0007197182213097024,0.32658500588720124,0.2795084903945069
148.2187862232779,4.491102778289322e-05,0.0006746783086548786,0.0007195893364377718,0.326583309472515,0.2795253607995641
148.24378922365295,4.4895981041061765e-05,0.0006745645164879847,0.0007194604975290464,0.32658161361356586,0.2795422283589956
148.268792224028,4.488094185972927e-05,0.0006744507626993029,0.0007193317045590321,0.32657991831008076,0.27955909307376137
148.29379522440306,4.486591023383137e-05,0.0006743370472694212,0.0007192029575032526,0.3265782235617868,0.2795759549448206
148.3187982247781,4.485088615830793e-05,0.0006742233701789405,0.0007190742563372484,0.32657652936841114,0.27959281397313224
148.34380122515313,4.4835869628103097e-05,0.0006741097314084749,0.000718945601036578,0.3265748357296814,0.27960967015965454
148.36880422552818,4.4820860638165194e-05,0.0006739961309386509,0.0007188169915768162,0.326573142645325,0.2796265235053455
148.39380722590323,4.4805859183446796e-05,0.000673882568750109,0.0007186884279335558,0.3265714501150698,0.2796433740111624
148.41881022627828,4.479086525890471e-05,0.0006737690448235022,0.0007185599100824069,0.32656975813864386,0.2796602216780622
148.44381322665333,4.477587885949994e-05,0.0006736555591394966,0.0007184314379989966,0.32656806671577526,0.2796770665070013
148.46881622702838,4.476089998019773e-05,0.0006735421116787715,0.0007183030116589693,0.3265663758461923,0.27969390849893566
148.49381922740343,4.474592861596752e-05,0.0006734287024220191,0.0007181746310379866,0.3265646855296236,0.27971074765482073
148.51882222777846,4.473096476178297e-05,0.0006733153313499445,0.0007180462961117274,0.3265629957657977,0.2797275839756115
148.5438252281535,4.471600841262188e-05,0.0006732019984432659,0.0007179180068558878,0.32656130655444365,0.2797444174622624
148.56882822852856,4.4701059563466326e-05,0.0006730887036827144,0.0007177897632461807,0.3265596178952903,0.2797612481157275
148.5938312289036,4.468611820930255e-05,0.0006729754470490343,0.0007176615652583369,0.326557929788067,0.2797780759369603
148.61883422927866,4.467118434512096e-05,0.0006728622285229825,0.0007175334128681034,0.32655624223250307,0.27979490092691384
148.6438372296537,4.4656257965916194e-05,0.0006727490480853293,0.0007174053060512455,0.32655455522832816,0.2798117230865407
148.66884023002876,4.464133906668702e-05,0.0006726359057168574,0.0007172772447835445,0.32655286877527195,0.27982854241679295
148.6938432304038,4.462642764243643e-05,0.000672522801398363,0.0007171492290407994,0.3265511828730644,0.27984535891862217
148.71884623077884,4.461152368817154e-05,0.0006724097351106545,0.0007170212587988261,0.32654949752143564,0.2798621725929795
148.7438492311539,4.459662719890367e-05,0.000672296706834554,0.0007168933340334576,0.32654781272011585,0.2798789834408157
148.76885223152894,4.458173816964829e-05,0.0006721837165508959,0.0007167654547205442,0.3265461284688356,0.27989579146308075
148.793855231904,4.456685659542503e-05,0.0006720707642405277,0.0007166376208359527,0.3265444447673254,0.27991259666072443
148.81885823227904,4.4551982471257684e-05,0.0006719578498843099,0.0007165098323555675,0.3265427616153162,0.27992939903469594
148.8438612326541,4.453711579217419e-05,0.0006718449734631157,0.0007163820892552899,0.3265410790125389,0.279946198585944
148.86886423302911,4.452225655320665e-05,0.0006717321349578311,0.0007162543915110377,0.32653939695872464,0.27996299531541685
148.89386723340417,4.4507404749391256e-05,0.0006716193343493551,0.0007161267390987464,0.3265377154536048,0.2799797892240623
148.91887023377922,4.44925603757684e-05,0.0006715065716185993,0.0007159991319943677,0.32653603449691093,0.27999658031282765
148.94387323415427,4.447772342738257e-05,0.0006713938467464883,0.0007158715701738709,0.32653435408837456,0.2800133685826597
148.96887623452932,4.4462893899282424e-05,0.0006712811597139596,0.000715744053613242,0.32653267422772775,0.2800301540345047
148.99387923490437,4.444807178652069e-05,0.0006711685105019633,0.000715616582288484,0.3265309949147024,0.28004693666930863
149.01888223527942,4.443325708415428e-05,0.0006710558990914622,0.0007154891561756165,0.3265293161490307,0.28006371648801687
149.04388523565444,4.4418449787244194e-05,0.0006709433254634324,0.0007153617752506766,0.3265276379304451,0.28008049349157427
149.0688882360295,4.4403649890855515e-05,0.0006708307895988619,0.0007152344394897173,0.32652596025867814,0.28009726768092535
149.09389123640454,4.438885739005748e-05,0.0006707182914787522,0.0007151071488688097,0.32652428313346266,0.28011403905701404
149.1188942367796,4.437407227992344e-05,0.0006706058310841172,0.0007149799033640406,0.32652260655453136,0.2801308076207838
149.14389723715465,4.4359294555530805e-05,0.0006704934083959837,0.0007148527029515145,0.3265209305216174,0.28014757337317764
149.1689002375297,4.43445242119611e-05,0.0006703810233953912,0.0007147255476073523,0.32651925503445417,0.28016433631513815
149.19390323790475,4.432976124429998e-05,0.0006702686760633915,0.0007145984373076915,0.3265175800927749,0.28018109644760736
149.21890623827977,4.431500564763714e-05,0.0006701563663810499,0.0007144713720286871,0.32651590569631334,0.28019785377152684
149.24390923865482,4.430025741706636e-05,0.0006700440943294436,0.00071434435174651,0.3265142318448031,0.28021460828783773
149.26891223902987,4.4285516547685546e-05,0.000669931859889663,0.0007142173764373485,0.32651255853797834,0.28023135999748067
149.29391523940492,4.427078303459664e-05,0.0006698196630428108,0.0007140904460774073,0.326510885775573,0.28024810890139584
149.31891823977998,4.425605687290567e-05,0.0006697075037700026,0.0007139635606429083,0.32650921355732154,0.28026485500052295
149.34392124015503,4.424133805772274e-05,0.0006695953820523667,0.0007138367201100894,0.32650754188295833,0.28028159829580124
149.36892424053008,4.422662658416202e-05,0.0006694832978710437,0.0007137099244552057,0.326505870752218,0.2802983387881694
149.3939272409051,4.4211922447341745e-05,0.0006693712512071873,0.0007135831736545291,0.32650420016483533,0.28031507647856574
149.41893024128015,4.419722564238416e-05,0.0006692592420419634,0.0007134564676843475,0.3265025301205454,0.2803318113679281
149.4439332416552,4.418253616441563e-05,0.0006691472703565507,0.0007133298065209663,0.3265008606190834,0.28034854345719384
149.46893624203025,4.4167854008566534e-05,0.0006690353361321402,0.0007132031901407068,0.3264991916601845,0.28036527274729983
149.4939392424053,4.415317916997129e-05,0.0006689234393499363,0.0007130766185199076,0.32649752324358433,0.28038199923918244
149.51894224278035,4.413851164376838e-05,0.0006688115799911549,0.0007129500916349232,0.3264958553690185,0.2803987229337776
149.5439452431554,4.41238514251003e-05,0.0006686997580370251,0.0007128236094621254,0.3264941880362229,0.28041544383202077
149.56894824353043,4.410919850911362e-05,0.0006685879734687888,0.0007126971719779024,0.32649252124493355,0.28043216193484694
149.59395124390548,4.409455289095886e-05,0.0006684762262676994,0.0007125707791586583,0.3264908549948866,0.2804488772431907
149.61895424428053,4.4079914565790636e-05,0.000668364516415024,0.0007124444309808146,0.32648918928581844,0.280465589757986
149.64395724465558,4.406528352876756e-05,0.0006682528438920415,0.000712318127420809,0.32648752411746557,0.28048229948016656
149.66896024503063,4.405065977505227e-05,0.0006681412086800435,0.0007121918684550959,0.32648585948956477,0.2804990064106654
149.69396324540568,4.40360432998114e-05,0.0006680296107603343,0.0007120656540601458,0.3264841954018528,0.2805157105504152
149.71896624578073,4.4021434098215596e-05,0.0006679180501142305,0.000711939484212446,0.32648253185406684,0.2805324119003481
149.74396924615576,4.400683216543954e-05,0.0006678065267230612,0.0007118133588885007,0.32648086884594396,0.2805491104613959
149.7689722465308,4.399223749666186e-05,0.0006676950405681676,0.0007116872780648294,0.32647920637722166,0.28056580623448985
149.79397524690586,4.3977650087065216e-05,0.0006675835916309041,0.0007115612417179693,0.3264775444476375,0.28058249922056067
149.8189782472809,4.396306993183626e-05,0.000667472179892637,0.0007114352498244733,0.3264758830569291,0.28059918942053874
149.84398124765596,4.394849702616562e-05,0.0006673608053347453,0.0007113093023609109,0.32647422220483435,0.2806158768353539
149.868984248031,4.3933931365247926e-05,0.0006672494679386203,0.0007111833993038683,0.32647256189109153,0.28063256146593546
149.89398724840606,4.391937294428178e-05,0.0006671381676856657,0.0007110575406299475,0.32647090211543867,0.28064924331321245
149.91899024878109,4.390482175846977e-05,0.0006670269045572978,0.0007109317263157676,0.3264692428776142,0.2806659223781133
149.94399324915614,4.389027780301842e-05,0.0006669156785349448,0.0007108059563379633,0.3264675841773568,0.280682598661566
149.9689962495312,4.3875741073138255e-05,0.000666804489600048,0.0007106802306731863,0.3264659260144051,0.280699272164498
149.99399924990624,4.3861211564043776e-05,0.0006666933377340605,0.0007105545492981044,0.3264642683884981,0.2807159428878365
150.0190022502813,4.384668927095341e-05,0.000666582222918448,0.0007104289121894014,0.3264626112993748,0.28073261083250806
150.04400525065634,4.383217418908958e-05,0.0006664711451346886,0.0007103033193237782,0.32646095474677456,0.2807492759994388
150.0690082510314,4.3817666313678634e-05,0.0006663601043642726,0.0007101777706779512,0.3264592987304368,0.2807659383895543
150.0940112514064,4.38031656399509e-05,0.0006662491005887028,0.0007100522662286537,0.32645764325010096,0.2807825980037799
150.11901425178146,4.37886721631406e-05,0.000666138133789494,0.0007099268059526345,0.3264559883055069,0.28079925484304036
150.14401725215652,4.377418587848593e-05,0.0006660272039481737,0.0007098013898266596,0.3264543338963945,0.2808159089082599
150.16902025253157,4.375970678122903e-05,0.0006659163110462815,0.0007096760178275105,0.326452680022504,0.2808325602003624
150.19402325290662,4.374523486661595e-05,0.0006658054550653694,0.0007095506899319853,0.3264510266835755,0.2808492087202712
150.21902625328167,4.373077012989672e-05,0.0006656946359870014,0.0007094254061168982,0.3264493738793495,0.28086585446890916
150.24402925365672,4.371631256632522e-05,0.0006655838537927544,0.0007093001663590796,0.32644772160956664,0.2808824974471988
150.26903225403174,4.370186217115933e-05,0.0006654731084642168,0.000709174970635376,0.32644606987396757,0.280899137656062
150.2940352544068,4.368741893966078e-05,0.0006653623999829896,0.0007090498189226504,0.3264444186722934,0.2809157750964204
150.31903825478184,4.367298286709526e-05,0.0006652517283306862,0.0007089247111977814,0.32644276800428507,0.28093240976919504
150.3440412551569,4.3658553948732345e-05,0.0006651410934889319,0.0007087996474376643,0.32644111786968394,0.2809490416753065
150.36904425553195,4.364413217984554e-05,0.0006650304954393646,0.0007086746276192101,0.32643946826823134,0.2809656708156749
150.394047255907,4.362971755571222e-05,0.0006649199341636341,0.0007085496517193463,0.326437819199669,0.28098229719122
150.41905025628202,4.361531007161372e-05,0.0006648094096434026,0.0007084247197150162,0.3264361706637387,0.28099892080286093
150.44405325665707,4.360090972283517e-05,0.0006646989218603442,0.0007082998315831793,0.3264345226601823,0.28101554165151654
150.46905625703212,4.358651650466569e-05,0.0006645884707961455,0.0007081749873008112,0.3264328751887419,0.28103215973810514
150.49405925740717,4.357213041239823e-05,0.0006644780564325051,0.0007080501868449033,0.3264312282491599,0.28104877506354453
150.51906225778222,4.355775144132965e-05,0.0006643676787511338,0.0007079254301924634,0.32642958184117854,0.2810653876287521
150.54406525815727,4.3543379586760664e-05,0.0006642573377337545,0.0007078007173205151,0.3264279359645405,0.28108199743464485
150.56906825853233,4.352901484399589e-05,0.0006641470333621025,0.0007076760482060984,0.32642629061898865,0.2810986044821392
150.59407125890735,4.351465720834383e-05,0.000664036765617925,0.0007075514228262688,0.32642464580426583,0.2811152087721512
150.6190742592824,4.350030667511676e-05,0.0006639265344829812,0.000707426841158098,0.3264230015201152,0.2811318103055964
150.64407725965745,4.348596323963095e-05,0.0006638163399390425,0.0007073023031786735,0.32642135776627995,0.28114840908339
150.6690802600325,4.347162689720644e-05,0.0006637061819678927,0.0007071778088650992,0.3264197145425036,0.28116500510644654
150.69408326040755,4.345729764316717e-05,0.0006635960605513272,0.0007070533581944944,0.3264180718485297,0.2811815983756803
150.7190862607826,4.34429754728409e-05,0.0006634859756711539,0.0007069289511439948,0.32641642968410206,0.281198188892005
150.74408926115765,4.342866038155927e-05,0.0006633759273091926,0.0007068045876907519,0.3264147880489645,0.28121477665633393
150.76909226153268,4.3414352364657785e-05,0.0006632659154472752,0.000706680267811933,0.3264131469428613,0.2812313616695799
150.79409526190773,4.3400051417475696e-05,0.0006631559400672453,0.000706555991484721,0.3264115063655365,0.28124794393265534
150.81909826228278,4.3385757535356186e-05,0.000663046001150959,0.0007064317586863153,0.3264098663167347,0.2812645234464722
150.84410126265783,4.337147071364624e-05,0.0006629360986802845,0.0007063075693939308,0.3264082267962004,0.28128110021194186
150.86910426303288,4.335719094769668e-05,0.0006628262326371016,0.0007061834235847983,0.3264065878036784,0.2812976742299754
150.89410726340793,4.334291823286213e-05,0.0006627164030033022,0.0007060593212361644,0.3264049493389137,0.2813142455014835
150.91911026378298,4.332865256450106e-05,0.0006626066097607905,0.0007059352623252916,0.32640331140165113,0.2813308140273761
150.944113264158,4.331439393797578e-05,0.0006624968528914825,0.0007058112468294583,0.32640167399163617,0.2813473798085629
150.96911626453306,4.330014234865234e-05,0.000662387132377306,0.0007056872747259583,0.32640003710861415,0.2813639428459532
150.9941192649081,4.328589779190067e-05,0.0006622774482002011,0.0007055633459921017,0.3263984007523306,0.28138050314045565
151.01912226528316,4.327166026309449e-05,0.0006621678003421196,0.0007054394606052141,0.3263967649225314,0.28139706069297865
151.0441252656582,4.32574297576113e-05,0.0006620581887850254,0.0007053156185426367,0.32639512961896233,0.28141361550443006
151.06912826603326,4.324320627083244e-05,0.0006619486135108942,0.0007051918197817266,0.3263934948413695,0.28143016757571726
151.0941312664083,4.322898979814302e-05,0.0006618390745017139,0.000705068064299857,0.3263918605894991,0.2814467169077472
151.11913426678333,4.3214780334931956e-05,0.0006617295717394843,0.0007049443520744163,0.3263902268630976,0.28146326350142636
151.14413726715838,4.3200577876591915e-05,0.0006616201052062165,0.0007048206830828084,0.3263885936619114,0.28147980735766087
151.16914026753344,4.3186382418519394e-05,0.0006615106748839342,0.0007046970573024536,0.3263869609856874,0.2814963484773563
151.1941432679085,4.317219395611466e-05,0.0006614012807546728,0.0007045734747107875,0.3263853288341725,0.2815128868614178
151.21914626828354,4.3158012484781745e-05,0.0006612919228004794,0.0007044499352852611,0.3263836972071135,0.2815294225107501
151.2441492686586,4.314383799992846e-05,0.0006611826010034132,0.0007043264390033417,0.3263820661042579,0.28154595542625743
151.26915226903364,4.312967049696638e-05,0.0006610733153455451,0.0007042029858425115,0.32638043552535284,0.2815624856088436
151.29415526940866,4.31155099713109e-05,0.0006609640658089581,0.000704079575780269,0.32637880547014597,0.281579013059412
151.3191582697837,4.310135641838107e-05,0.0006608548523757467,0.0007039562087941278,0.326377175938385,0.2815955377788656
151.34416127015876,4.3087209833599785e-05,0.0006607456750280172,0.000703832884861617,0.3263755469298177,0.28161205976810677
151.36916427053382,4.307307021239367e-05,0.0006606365337478883,0.0007037096039602819,0.32637391844419217,0.28162857902803756
151.39416727090887,4.305893755019311e-05,0.0006605274285174899,0.000703586366067683,0.32637229048125654,0.2816450955595596
151.41917027128392,4.304481184243222e-05,0.0006604183593189639,0.0007034631711613961,0.3263706630407592,0.28166160936357393
151.44417327165897,4.3030693084548866e-05,0.0006603093261344641,0.000703340019219013,0.3263690361224486,0.2816781204409813
151.469176272034,4.301658127198468e-05,0.0006602003289461562,0.0007032169102181409,0.3263674097260734,0.28169462879268187
151.49417927240904,4.3002476400184966e-05,0.0006600913677362171,0.0007030938441364021,0.3263657838513825,0.2817111344195755
151.5191822727841,4.298837846459883e-05,0.0006599824424868361,0.0007029708209514349,0.32636415849812483,0.28172763732256156
151.54418527315914,4.297428746067907e-05,0.0006598735531802138,0.0007028478406408929,0.3263625336660495,0.2817441375025389
151.5691882735342,4.296020338388223e-05,0.0006597646997985629,0.0007027249031824451,0.3263609093549059,0.281760634960406
151.59419127390925,4.294612622966855e-05,0.0006596558823241078,0.0007026020085537763,0.3263592855644435,0.2817771296970608
151.6191942742843,4.2932055993502025e-05,0.0006595471007390842,0.0007024791567325862,0.3263576622944119,0.28179362171340094
151.64419727465932,4.2917992670850334e-05,0.0006594383550257401,0.0007023563476965904,0.3263560395445608,0.2818101110103235
151.66920027503437,4.2903936257184864e-05,0.0006593296451663347,0.0007022335814235196,0.3263544173146404,0.2818265975887252
151.69420327540942,4.288988674798073e-05,0.0006592209711431392,0.0007021108578911199,0.32635279560440056,0.28184308144950226
151.71920627578447,4.287584413871674e-05,0.0006591123329384364,0.0007019881770771531,0.3263511744135916,0.28185956259355044
151.74420927615952,4.286180842487541e-05,0.0006590037305345208,0.0007018655389593962,0.3263495537419641,0.2818760410217651
151.76921227653457,4.284777960194294e-05,0.0006588951639136985,0.0007017429435156415,0.3263479335892685,0.2818925167350412
151.79421527690963,4.2833757665409255e-05,0.0006587866330582875,0.0007016203907236968,0.32634631395525565,0.28190898973427314
151.81921827728465,4.281974261076793e-05,0.0006586781379506172,0.0007014978805613851,0.3263446948396764,0.28192546002035496
151.8442212776597,4.280573443351621e-05,0.0006585696785730285,0.0007013754130065447,0.32634307624228176,0.28194192759418024
151.86922427803475,4.279173312915507e-05,0.0006584612549078743,0.0007012529880370293,0.3263414581628231,0.2819583924566421
151.8942272784098,4.277773869318917e-05,0.0006583528669375187,0.0007011306056307079,0.32633984060105176,0.2819748546086333
151.91923027878485,4.2763751121126794e-05,0.000658244514644338,0.0007010082657654648,0.32633822355671926,0.28199131405104605
151.9442332791599,4.274977040847993e-05,0.0006581361980107196,0.0007008859684191996,0.3263366070295773,0.2820077707847722
151.96923627953495,4.273579655076423e-05,0.0006580279170190627,0.000700763713569827,0.3263349910193778,0.28202422481070305
151.99423927990998,4.272182954349901e-05,0.000657919671651778,0.000700641501195277,0.3263333755258727,0.28204067612972955
152.01924228028503,4.270786938220723e-05,0.0006578114618912878,0.000700519331273495,0.3263317605488143,0.28205712474274225
152.04424528066008,4.269391606241552e-05,0.0006577032877200258,0.0007003972037824413,0.32633014608795485,0.2820735706506312
152.06924828103513,4.267996957965416e-05,0.0006575951491204376,0.0007002751187000918,0.3263285321430469,0.282090013854286
152.09425128141018,4.2666029929457114e-05,0.0006574870460749802,0.0007001530760044374,0.3263269187138431,0.28210645435459586
152.11925428178523,4.2652097107361924e-05,0.000657378978566122,0.0007000310756734839,0.3263253058000963,0.28212289215244946
152.14425728216028,4.2638171108909824e-05,0.000657270946576343,0.0006999091176852528,0.3263236934015593,0.28213932724873514
152.1692602825353,4.2624251929645694e-05,0.0006571629500881349,0.0006997872020177805,0.3263220815179855,0.28215575964434075
152.19426328291036,4.2610339565117995e-05,0.0006570549890840005,0.0006996653286491185,0.326320470149128,0.28217218934015376
152.2192662832854,4.259643401087887e-05,0.0006569470635464544,0.0006995434975573333,0.3263188592947403,0.2821886163370611
152.24426928366046,4.2582535262484075e-05,0.0006568391734580227,0.0006994217087205067,0.32631724895457603,0.28220504063594937
152.2692722840355,4.256864331549298e-05,0.0006567313188012427,0.0006992999621167357,0.3263156391283889,0.28222146223770467
152.29427528441056,4.2554758165468604e-05,0.0006566234995586637,0.0006991782577241324,0.32631402981593294,0.2822378811432127
152.3192782847856,4.254087980797756e-05,0.0006565157157128459,0.0006990565955208234,0.32631242101696206,0.28225429735335866
152.34428128516063,4.252700823859008e-05,0.0006564079672463611,0.0006989349754849512,0.32631081273123064,0.2822707108690274
152.36928428553568,4.2513143452880005e-05,0.0006563002541417929,0.0006988133975946728,0.326309204958493,0.28228712169110326
152.39428728591074,4.249928544642477e-05,0.0006561925763817357,0.0006986918618281605,0.3263075976985037,0.2823035298204702
152.4192902862858,4.248543421480546e-05,0.0006560849339487959,0.0006985703681636014,0.3263059909510175,0.2823199352580117
152.44429328666084,4.247158975360671e-05,0.000655977326825591,0.0006984489165791977,0.32630438471578915,0.28233633800461083
152.4692962870359,4.245775205841676e-05,0.0006558697549947499,0.0006983275070531666,0.3263027789925737,0.2823527380611502
152.49429928741094,4.2443921124827475e-05,0.0006557622184389131,0.0006982061395637405,0.3263011737811264,0.28236913542851205
152.51930228778596,4.243009694843429e-05,0.0006556547171407323,0.0006980848140891666,0.32629956908120256,0.2823855301075781
152.544305288161,4.24162795248362e-05,0.0006555472510828707,0.0006979635306077069,0.3262979648925576,0.28240192209922976
152.56930828853606,4.2402468849635824e-05,0.0006554398202480025,0.0006978422890976384,0.3262963612149472,0.28241831140434787
152.59431128891111,4.238866491843932e-05,0.0006553324246188139,0.0006977210895372532,0.32629475804812713,0.2824346980238129
152.61931428928617,4.237486772685647e-05,0.0006552250641780018,0.0006975999319048583,0.32629315539185344,0.2824510819585048
152.64431728966122,4.2361077270500575e-05,0.0006551177389082749,0.0006974788161787755,0.32629155324588205,0.2824674632093033
152.66932029003624,4.2347293544988575e-05,0.0006550104487923532,0.0006973577423373418,0.32628995160996943,0.2824838417770875
152.6943232904113,4.233351654594088e-05,0.0006549031938129676,0.0006972367103589085,0.3262883504838719,0.2825002176627362
152.71932629078634,4.2319746268981526e-05,0.0006547959739528606,0.0006971157202218421,0.326286749867346,0.2825165908671276
152.7443292911614,4.23059827097381e-05,0.0006546887891947862,0.0006969947719045243,0.3262851497601486,0.28253296139113965
152.76933229153644,4.229222586384172e-05,0.0006545816395215092,0.0006968738653853509,0.32628355016203636,0.2825493292356498
152.7943352919115,4.227847572692711e-05,0.0006544745249158061,0.0006967530006427332,0.32628195107276653,0.282565694401535
152.81933829228655,4.226473229463245e-05,0.0006543674453604645,0.000696632177655097,0.3262803524920962,0.28258205688967186
152.84434129266157,4.225099556259958e-05,0.0006542604008382835,0.0006965113964008831,0.3262787544197827,0.2825984167009365
152.86934429303662,4.2237265526473756e-05,0.0006541533913320728,0.0006963906568585466,0.32627715685558356,0.28261477383620465
152.89434729341167,4.2223542181903864e-05,0.0006540464168246541,0.000696269959006558,0.3262755597992565,0.2826311282963516
152.91935029378672,4.220982552454228e-05,0.00065393947729886,0.0006961493028234023,0.3262739632505592,0.28264748008225227
152.94435329416177,4.2196115550044936e-05,0.0006538325727375342,0.0006960286882875791,0.3262723672092497,0.28266382919478106
152.96935629453682,4.2182412254071264e-05,0.0006537257031235319,0.0006959081153776032,0.32627077167508617,0.28268017563481196
152.99435929491187,4.216871563228425e-05,0.0006536188684397193,0.0006957875840720036,0.3262691766478268,0.2826965194032185
153.0193622952869,4.215502568035039e-05,0.0006535120686689741,0.0006956670943493245,0.32626758212723006,0.28271286050087385
153.04436529566195,4.214134239393965e-05,0.0006534053037941846,0.0006955466461881243,0.3262659881130545,0.2827291989286508
153.069368296037,4.212766576872557e-05,0.0006532985737982508,0.0006954262395669765,0.3262643946050589,0.28274553468742153
153.09437129641205,4.2113995800385186e-05,0.0006531918786640837,0.0006953058744644688,0.32626280160300203,0.282761867778058
153.1193742967871,4.210033248459903e-05,0.0006530852183746055,0.0006951855508592045,0.326261209106643,0.2827781982014316
153.14437729716215,4.208667581705113e-05,0.0006529785929127495,0.0006950652687298007,0.32625961711574114,0.2827945259584133
153.1693802975372,4.207302579342903e-05,0.0006528720022614602,0.0006949450280548892,0.32625802563005557,0.28281085104987375
153.19438329791222,4.205938240942379e-05,0.0006527654464036932,0.000694824828813117,0.3262564346493459,0.28282717347668307
153.21938629828728,4.2045745660729886e-05,0.0006526589253224151,0.000694704670983145,0.3262548441733717,0.28284349323971103
153.24438929866233,4.203211554304537e-05,0.000652552439000604,0.0006945845545436494,0.32625325420189294,0.2828598103398269
153.26939229903738,4.201849205207171e-05,0.0006524459874212486,0.0006944644794733203,0.3262516647346694,0.28287612477789953
153.29439529941243,4.200487518351392e-05,0.000652339570567349,0.0006943444457508629,0.32625007577146126,0.2828924365547974
153.31939829978748,4.199126493308046e-05,0.0006522331884219165,0.000694224453354997,0.3262484873120288,0.2829087456713885
153.34440130016253,4.1977661296483266e-05,0.0006521268409679733,0.0006941045022644566,0.32624689935613244,0.2829250521285405
153.36940430053755,4.1964064269437754e-05,0.0006520205281885526,0.0006939845924579904,0.3262453119035327,0.28294135592712055
153.3944073009126,4.195047384766278e-05,0.0006519142500666987,0.0006938647239143614,0.32624372495399023,0.2829576570679954
153.41941030128766,4.193689002688071e-05,0.0006518080065854669,0.0006937448966123476,0.32624213850726597,0.2829739555520314
153.4444133016627,4.1923312802817345e-05,0.000651701797727924,0.0006936251105307413,0.326240552563121,0.2829902513800945
153.46941630203776,4.190974217120195e-05,0.0006515956234771472,0.0006935053656483491,0.32623896712131645,0.2830065445530501
153.4944193024128,4.1896178127767256e-05,0.0006514894838162253,0.0006933856619439925,0.32623738218161363,0.2830228350717633
153.51942230278786,4.188262066824944e-05,0.0006513833787282575,0.0006932659993965069,0.326235797743774,0.2830391229370987
153.54442530316288,4.186906978838813e-05,0.0006512773081963546,0.0006931463779847427,0.3262342138075592,0.2830554081499206
153.56942830353793,4.185552548392637e-05,0.000651171272203638,0.0006930267976875643,0.326232630372731,0.28307169071109267
153.59443130391298,4.184198775061068e-05,0.0006510652707332401,0.0006929072584838508,0.32623104743905124,0.2830879706214784
153.61943430428803,4.182845658419102e-05,0.0006509593037683047,0.0006927877603524956,0.3262294650062821,0.28310424788194066
153.6444373046631,4.181493198042077e-05,0.000650853371291986,0.0006926683032724068,0.3262278830741858,0.2831205224933421
153.66944030503814,4.1801413935056745e-05,0.0006507474732874497,0.0006925488872225065,0.32622630164252475,0.28313679445654466
153.6944433054132,4.178790244385921e-05,0.0006506416097378722,0.0006924295121817313,0.3262247207110614,0.2831530637724101
153.7194463057882,4.177439750259182e-05,0.0006505357806264406,0.0006923101781290324,0.32622314027955845,0.28316933044179976
153.74444930616326,4.176089910702166e-05,0.0006504299859363533,0.0006921908850433749,0.3262215603477787,0.2831855944655744
153.7694523065383,4.174740725291926e-05,0.0006503242256508195,0.0006920716329037388,0.32621998091548526,0.28320185584459445
153.79445530691336,4.173392193605854e-05,0.0006502184997530594,0.0006919524216891179,0.32621840198244106,0.28321811457971996
153.81945830728841,4.172044315221684e-05,0.000650112808226304,0.0006918332513785209,0.32621682354840953,0.2832343706718105
153.84446130766347,4.1706970897174916e-05,0.0006500071510537952,0.0006917141219509701,0.32621524561315407,0.28325062412172525
153.86946430803852,4.169350516671692e-05,0.0006499015282187859,0.0006915950333855028,0.3262136681764382,0.28326687493032293
153.89446730841354,4.168004595663042e-05,0.0006497959397045399,0.0006914759856611703,0.3262120912380257,0.2832831230984619
153.9194703087886,4.166659326270635e-05,0.0006496903854943314,0.0006913569787570377,0.3262105147976804,0.28329936862700006
153.94447330916364,4.165314708073907e-05,0.0006495848655714463,0.0006912380126521853,0.32620893885516633,0.2833156115167949
153.9694763095387,4.1639707406526334e-05,0.0006494793799191806,0.000691119087325707,0.32620736341024775,0.2833318517687035
153.99447930991374,4.1626274235869274e-05,0.0006493739285208417,0.0006910002027567109,0.3262057884626889,0.2833480893835825
154.0194823102888,4.1612847564572394e-05,0.0006492685113597475,0.0006908813589243198,0.32620421401225425,0.2833643243622882
154.04448531066384,4.1599427388443625e-05,0.0006491631284192268,0.0006907625558076704,0.32620264005870847,0.2833805567056764
154.06948831103887,4.1586013703294235e-05,0.0006490577796826193,0.0006906437933859136,0.32620106660181625,0.2833967864146025
154.09449131141392,4.1572606504938876e-05,0.0006489524651332755,0.0006905250716382143,0.3261994936413426,0.28341301348992143
154.11949431178897,4.155920578919557e-05,0.0006488471847545565,0.0006904063905437521,0.3261979211770525,0.28342923793248787
154.14449731216402,4.154581155188574e-05,0.0006487419385298346,0.0006902877500817203,0.3261963492087112,0.28344545974315594
154.16950031253907,4.153242378883414e-05,0.0006486367264424925,0.0006901691502313266,0.32619477773608413,0.2834616789227794
154.19450331291412,4.15190424958689e-05,0.0006485315484759238,0.0006900505909717927,0.3261932067589367,0.2834778954722115
154.21950631328917,4.150566766882151e-05,0.000648426404613533,0.0006899320722823546,0.3261916362770346,0.2834941093923053
154.2445093136642,4.1492299303526836e-05,0.0006483212948387354,0.0006898135941422622,0.3261900662901437,0.28351032068391313
154.26951231403925,4.147893739582304e-05,0.0006482162191349567,0.0006896951565307797,0.32618849679802986,0.2835265293478872
154.2945153144143,4.146558194155169e-05,0.0006481111774856334,0.0006895767594271851,0.3261869278004592,0.2835427353850791
154.31951831478935,4.1452232936557686e-05,0.0006480061698742133,0.0006894584028107711,0.32618535929719805,0.2835589387963402
154.3445213151644,4.143889037668926e-05,0.0006479011962841543,0.0006893400866608435,0.3261837912880127,0.28357513958252123
154.36952431553945,4.1425554257797994e-05,0.0006477962566989251,0.0006892218109567231,0.32618222377266975,0.28359133774447265
154.3945273159145,4.141222457573881e-05,0.0006476913511020055,0.0006891035756777443,0.3261806567509359,0.2836075332830445
154.41953031628952,4.139890132636997e-05,0.0006475864794768857,0.0006889853808032557,0.3261790902225779,0.2836237261990864
154.44453331666458,4.138558450555302e-05,0.0006474816418070665,0.0006888672263126195,0.32617752418736284,0.28363991649344744
154.46953631703963,4.137227410915289e-05,0.0006473768380760596,0.0006887491121852125,0.32617595864505783,0.2836561041669765
154.49453931741468,4.135897013303782e-05,0.0006472720682673871,0.000688631038400425,0.3261743935954301,0.28367228922052196
154.51954231778973,4.134567257307936e-05,0.0006471673323645823,0.0006885130049376617,0.3261728290382471,0.2836884716549317
154.54454531816478,4.133238142515238e-05,0.0006470626303511885,0.0006883950117763408,0.3261712649732764,0.28370465147105334
154.56954831853983,4.1319096685135066e-05,0.0006469579622107602,0.0006882770588958953,0.3261697014002858,0.2837208286697339
154.59455131891485,4.130581834890893e-05,0.0006468533279268622,0.000688159146275771,0.3261681383190429,0.28373700325182016
154.6195543192899,4.1292546412358757e-05,0.0006467487274830699,0.0006880412738954287,0.32616657572931607,0.28375317521815846
154.64455731966495,4.127928087137267e-05,0.0006466441608629697,0.0006879234417343424,0.3261650136308732,0.2837693445695947
154.66956032004,4.126602172184208e-05,0.0006465396280501581,0.0006878056497720002,0.3261634520234827,0.28378551130697427
154.69456332041506,4.125276895966171e-05,0.0006464351290282426,0.0006876878979879043,0.32616189090691294,0.2838016754311424
154.7195663207901,4.123952258072955e-05,0.0006463306637808412,0.0006875701863615708,0.32616033028093266,0.2838178369429436
154.74456932116513,4.122628258094693e-05,0.0006462262322915825,0.0006874525148725294,0.3261587701453104,0.2838339958432222
154.76957232154018,4.121304895621841e-05,0.0006461218345441055,0.000687334883500324,0.3261572104998152,0.2838501521328221
154.79457532191523,4.1199821702451866e-05,0.0006460174705220599,0.0006872172922245118,0.32615565134421604,0.2838663058125867
154.81957832229028,4.118660081555847e-05,0.0006459131402091061,0.0006870997410246645,0.3261540926782821,0.28388245688335906
154.84458132266533,4.117338629145266e-05,0.0006458088435889146,0.0006869822298803673,0.3261525345017826,0.2838986053459817
154.86958432304039,4.1160178126052156e-05,0.0006457045806451672,0.0006868647587712194,0.3261509768144872,0.28391475120129694
154.89458732341544,4.1146976315277927e-05,0.0006456003513615556,0.0006867473276768335,0.32614941961616534,0.2839308944501466
154.91959032379046,4.113378085505427e-05,0.0006454961557217822,0.0006866299365768365,0.3261478629065868,0.283947035093372
154.9445933241655,4.1120591741308656e-05,0.00064539199370956,0.0006865125854508687,0.3261463066855215,0.2839631731318142
154.96959632454056,4.1107408969971906e-05,0.0006452878653086123,0.0006863952742785842,0.32614475095273954,0.28397930856631376
154.9945993249156,4.1094232536978066e-05,0.0006451837705026733,0.0006862780030396513,0.32614319570801104,0.2839954413977108
155.01960232529066,4.108106243826445e-05,0.0006450797092754873,0.0006861607717137517,0.3261416409511063,0.2840115716268452
155.0446053256657,4.106789866977161e-05,0.0006449756816108093,0.000686043580280581,0.3261400866817959,0.2840276992545563
155.06960832604076,4.1054741227443367e-05,0.0006448716874924047,0.000685926428719848,0.32613853289985034,0.284043824281683
155.0946113264158,4.1041590107226805e-05,0.0006447677269040495,0.0006858093170112763,0.32613697960504046,0.2840599467090639
155.11961432679084,4.102844530507218e-05,0.0006446637998295298,0.000685692245134602,0.3261354267971371,0.2840760665375372
155.1446173271659,4.101530681693308e-05,0.0006445599062526427,0.0006855752130695758,0.3261338744759114,0.28409218376794054
155.16962032754094,4.100217463876628e-05,0.0006444560461571951,0.0006854582207959614,0.3261323226411345,0.2841082984011113
155.194623327916,4.098904876653181e-05,0.0006443522195270049,0.0006853412682935367,0.3261307712925777,0.28412441043788644
155.21962632829104,4.097592919619294e-05,0.0006442484263459001,0.0006852243555420931,0.3261292204300126,0.2841405198791025
155.2446293286661,4.096281592371613e-05,0.0006441446665977194,0.0006851074825214356,0.3261276700532107,0.28415662672559555
155.26963232904112,4.094970894507112e-05,0.0006440409402663118,0.0006849906492113829,0.3261261201619438,0.28417273097820134
155.29463532941617,4.093660825623082e-05,0.0006439372473355362,0.000684873855591767,0.32612457075598383,0.2841888326377552
155.31963832979122,4.0923513853171406e-05,0.0006438335877892627,0.0006847571016424341,0.3261230218351028,0.284204931705092
155.34464133016627,4.091042573187224e-05,0.0006437299616113712,0.0006846403873432434,0.326121473399073,0.2842210281810463
155.36964433054132,4.089734388831592e-05,0.0006436263687857523,0.0006845237126740682,0.32611992544766666,0.28423712206645213
155.39464733091637,4.0884268318488254e-05,0.0006435228092963068,0.0006844070776147951,0.32611837798065624,0.2842532133621433
155.41965033129142,4.087119901837823e-05,0.0006434192831269462,0.0006842904821453244,0.3261168309978145,0.28426930206895307
155.44465333166644,4.085813598397808e-05,0.0006433157902615917,0.0006841739262455698,0.32611528449891414,0.2842853881877143
155.4696563320415,4.08450792112832e-05,0.0006432123306841752,0.0006840574098954585,0.32611373848372804,0.28430147171925957
155.49465933241655,4.083202869629221e-05,0.0006431089043786392,0.0006839409330749314,0.32611219295202926,0.28431755266442094
155.5196623327916,4.081898443500692e-05,0.0006430055113289362,0.0006838244957639431,0.326110647903591,0.2843336310240301
155.54466533316665,4.0805946423432334e-05,0.000642902151519029,0.0006837080979424613,0.3261091033381866,0.2843497067989183
155.5696683335417,4.0792914657576646e-05,0.0006427988249328909,0.0006835917395904675,0.32610755925558954,0.2843657799899165
155.59467133391675,4.077988913345122e-05,0.0006426955315545051,0.0006834754206879564,0.32610601565557334,0.2843818505978552
155.61967433429177,4.076686984707065e-05,0.0006425922713678661,0.0006833591412149368,0.32610447253791197,0.28439791862356445
155.64467733466682,4.0753856794452634e-05,0.0006424890443569772,0.0006832429011514298,0.32610292990237905,0.284413984067874
155.66968033504187,4.074084997161811e-05,0.0006423858505058531,0.0006831267004774712,0.32610138774874886,0.28443004693161306
155.69468333541693,4.072784937459118e-05,0.0006422826897985185,0.0006830105391731098,0.3260998460767955,0.2844461072156106
155.71968633579198,4.0714854999399104e-05,0.0006421795622190082,0.0006828944172184074,0.3260983048862932,0.28446216492069504
155.74468933616703,4.070186684207231e-05,0.0006420764677513673,0.0006827783345934395,0.32609676417701655,0.2844782200476945
155.76969233654208,4.06888848986444e-05,0.0006419734063796512,0.0006826622912782955,0.32609522394874013,0.28449427259743676
155.7946953369171,4.0675909165152145e-05,0.0006418703780879256,0.0006825462872530777,0.32609368420123863,0.28451032257074904
155.81969833729215,4.066293963763544e-05,0.0006417673828602662,0.0006824303224979016,0.32609214493428695,0.28452636996845826
155.8447013376672,4.064997631213738e-05,0.0006416644206807591,0.0006823143969928965,0.3260906061476602,0.2845424147913909
155.86970433804225,4.063701918470419e-05,0.0006415614915335008,0.000682198510718205,0.3260890678411335,0.2845584570403731
155.8947073384173,4.0624068251385246e-05,0.0006414585954025974,0.0006820826636539827,0.3260875300144821,0.28457449671623053
155.91971033879236,4.0611123508233075e-05,0.0006413557322721658,0.0006819668557803989,0.32608599266748145,0.2845905338197885
155.9447133391674,4.059818495130335e-05,0.0006412529021263329,0.0006818510870776363,0.32608445579990725,0.2846065683518719
155.96971633954243,4.05852525766549e-05,0.0006411501049492358,0.0006817353575258907,0.3260829194115351,0.28462260031330533
155.99471933991748,4.0572326380349644e-05,0.0006410473407250214,0.000681619667105371,0.32608138350214094,0.2846386297049129
156.01972234029253,4.0559406358452674e-05,0.0006409446094378471,0.0006815040157962998,0.32607984807150076,0.28465465652751826
156.04472534066758,4.0546492507032215e-05,0.0006408419110718808,0.000681388403578913,0.32607831311939073,0.2846706807819448
156.06972834104263,4.053358482215961e-05,0.0006407392456112998,0.0006812728304334594,0.3260767786455871,0.2846867024690154
156.09473134141768,4.052068329990934e-05,0.0006406366130402921,0.0006811572963402015,0.3260752446498663,0.2847027215895526
156.11973434179274,4.050778793635899e-05,0.0006405340133430556,0.0006810418012794146,0.32607371113200495,0.2847187381443786
156.14473734216776,4.049489872758929e-05,0.0006404314465037984,0.0006809263452313876,0.32607217809177963,0.28473475213431504
156.1697403425428,4.048201566968406e-05,0.0006403289125067385,0.0006808109281764226,0.32607064552896736,0.28475076356018336
156.19474334291786,4.046913875873023e-05,0.0006402264113361042,0.0006806955500948344,0.32606911344334494,0.2847667724228045
156.2197463432929,4.0456267990817885e-05,0.0006401239429761341,0.000680580210966952,0.32606758183468965,0.28478277872299906
156.24474934366796,4.0443403362040186e-05,0.0006400215074110764,0.0006804649107731166,0.3260660507027786,0.28479878246158713
156.269752344043,4.043054486849341e-05,0.0006399191046251898,0.0006803496494936831,0.3260645200473893,0.2848147836393885
156.29475534441806,4.041769250627691e-05,0.0006398167346027429,0.0006802344271090197,0.32606298986829924,0.2848307822572226
156.3197583447931,4.04048462714932e-05,0.0006397143973280143,0.0006801192435995075,0.32606146016528614,0.2848467783159083
156.34476134516814,4.0392006160247804e-05,0.0006396120927852929,0.0006800040989455407,0.3260599309381278,0.2848627718162644
156.3697643455432,4.03791721686494e-05,0.0006395098209588773,0.0006798889931275266,0.3260584021866021,0.28487876275910895
156.39476734591824,4.036634429280976e-05,0.0006394075818330763,0.0006797739261258861,0.3260568739104872,0.2848947511452598
156.4197703462933,4.0353522528843705e-05,0.000639305375392209,0.0006796588979210527,0.3260553461095614,0.2849107369755344
156.44477334666834,4.034070687286918e-05,0.0006392032016206041,0.0006795439084934733,0.3260538187836029,0.28492672025074967
156.4697763470434,4.032789732100718e-05,0.0006391010605026005,0.0006794289578236077,0.3260522919323903,0.2849427009717223
156.49477934741842,4.0315093869381814e-05,0.0006389989520225474,0.0006793140458919292,0.3260507655557023,0.28495867913926853
156.51978234779347,4.030229651412021e-05,0.0006388968761648033,0.0006791991726789235,0.3260492396533175,0.28497465475420425
156.54478534816852,4.0289505251352624e-05,0.0006387948329137372,0.0006790843381650897,0.326047714225015,0.2849906278173449
156.56978834854357,4.027672007721235e-05,0.000638692822253728,0.0006789695423309404,0.3260461892705738,0.28500659832950553
156.59479134891862,4.026394098783578e-05,0.0006385908441691648,0.0006788547851570005,0.32604466478977306,0.28502256629150086
156.61979434929367,4.025116797936233e-05,0.0006384888986444461,0.0006787400666238084,0.3260431407823921,0.2850385317041451
156.64479734966872,4.0238401047934516e-05,0.0006383869856639809,0.0006786253867119154,0.32604161724821046,0.28505449456825227
156.66980035004374,4.022564018969791e-05,0.000638285105212188,0.0006785107454018858,0.32604009418700763,0.2850704548846357
156.6948033504188,4.021288540080108e-05,0.0006381832572734959,0.0006783961426742969,0.3260385715985635,0.2850864126541087
156.71980635079385,4.020013667739571e-05,0.0006380814418323433,0.000678281578509739,0.3260370494826578,0.28510236787748394
156.7448093511689,4.0187394015636524e-05,0.0006379796588731787,0.0006781670528888152,0.32603552783907064,0.2851183205555737
156.76981235154395,4.017465741168128e-05,0.0006378779083804606,0.0006780525657921419,0.32603400666758214,0.28513427068918995
156.794815351919,4.016192686169077e-05,0.0006377761903386575,0.0006779381172003483,0.3260324859679726,0.28515021827914433
156.81981835229405,4.0149202361828843e-05,0.0006376745047322477,0.0006778237070940766,0.3260309657400224,0.28516616332624795
156.84482135266907,4.013648390826241e-05,0.0006375728515457195,0.0006777093354539818,0.32602944598351213,0.2851821058313116
156.86982435304412,4.012377149716136e-05,0.0006374712307635705,0.0006775950022607319,0.3260279266982225,0.2851980457951457
156.89482735341917,4.0111065124698646e-05,0.000637369642370309,0.0006774807074950076,0.3260264078839343,0.28521398321856023
156.91983035379423,4.009836478705026e-05,0.0006372680863504529,0.0006773664511375032,0.3260248895404286,0.28522991810236487
156.94483335416928,4.0085670480395196e-05,0.0006371665626885298,0.000677252233168925,0.3260233716674863,0.28524585044736883
156.96983635454433,4.00729822009155e-05,0.0006370650713690772,0.0006771380535699927,0.32602185426488883,0.285261780254381
156.99483935491935,4.006029994479623e-05,0.0006369636123766428,0.000677023912321439,0.32602033733241753,0.2852777075242097
157.0198423552944,4.0047623708225425e-05,0.0006368621856957835,0.0006769098094040089,0.32601882086985384,0.2852936322576632
157.04484535566945,4.0034953487394186e-05,0.0006367607913110666,0.0006767957447984608,0.3260173048769795,0.28530955445554906
157.0698483560445,4.002228927849662e-05,0.0006366594292070689,0.0006766817184855655,0.32601578935357617,0.28532547411867465
157.09485135641955,4.000963107772981e-05,0.0006365580993683772,0.000676567730446107,0.3260142742994259,0.2853413912478469
157.1198543567946,3.999697888129389e-05,0.000636456801779588,0.0006764537806608819,0.32601275971431065,0.2853573058438723
157.14485735716966,3.9984332685391966e-05,0.0006363555364253077,0.0006763398691106997,0.3260112455980126,0.28537321790755704
157.16986035754468,3.997169248623017e-05,0.0006362543032901526,0.0006762259957763827,0.32600973195031413,0.28538912743970685
157.19486335791973,3.9959058280017586e-05,0.0006361531023587483,0.0006761121606387659,0.32600821877099767,0.2854050344411272
157.21986635829478,3.9946430062966345e-05,0.0006360519336157306,0.000675998363678697,0.3260067060598458,0.285420938912623
157.24486935866983,3.9933807831291544e-05,0.0006359507970457452,0.0006758846048770368,0.3260051938166412,0.2854368408549989
157.26987235904488,3.9921191581211276e-05,0.0006358496926334472,0.0006757708842146584,0.32600368204116686,0.2854527402690591
157.29487535941993,3.9908581308946615e-05,0.0006357486203635016,0.0006756572016724481,0.3260021707332057,0.2854686371556075
157.31987835979498,3.989597701072163e-05,0.0006356475802205831,0.0006755435572313047,0.3260006598925408,0.2854845315154475
157.34488136017,3.988337868276337e-05,0.0006355465721893765,0.0006754299508721399,0.3259991495189555,0.2855004233493822
157.36988436054506,3.987078632130183e-05,0.0006354455962545756,0.0006753163825758774,0.3259976396122331,0.28551631265821437
157.3948873609201,3.9858199922570025e-05,0.0006353446524008845,0.0006752028523234546,0.3259961301721573,0.2855321994427462
157.41989036129516,3.984561948280392e-05,0.0006352437406130171,0.000675089360095821,0.3259946211985116,0.28554808370377976
157.4448933616702,3.983304499824245e-05,0.0006351428608756964,0.0006749759058739388,0.3259931126910798,0.2855639654421165
157.46989636204526,3.9820476465127527e-05,0.0006350420131736558,0.0006748624896387833,0.32599160464964594,0.2855798446585576
157.4948993624203,3.980791387970401e-05,0.0006349411974916379,0.0006747491113713419,0.325990097073994,0.28559572135390393
157.51990236279534,3.979535723821975e-05,0.0006348404138143954,0.0006746357710526151,0.3259885899639082,0.28561159552895576
157.5449053631704,3.9782806536925496e-05,0.0006347396621266902,0.0006745224686636157,0.3259870833191729,0.2856274671845132
157.56990836354544,3.977026177207503e-05,0.0006346389424132942,0.0006744092041853692,0.3259855771395726,0.2856433363213759
157.5949113639205,3.975772293992503e-05,0.0006345382546589889,0.0006742959775989139,0.32598407142489183,0.2856592029403431
157.61991436429554,3.9745190036735154e-05,0.0006344375988485653,0.0006741827888853005,0.3259825661749152,0.2856750670422137
157.6449173646706,3.973266305876798e-05,0.0006343369749668245,0.0006740696380255924,0.32598106138942784,0.28569092862778617
157.66992036504564,3.972014200228906e-05,0.0006342363829985766,0.0006739565250008657,0.32597955706821463,0.2857067876978587
157.69492336542066,3.9707626863566885e-05,0.000634135822928642,0.0006738434497922088,0.3259780532110606,0.2857226442532289
157.71992636579571,3.9695117638872844e-05,0.00063403529474185,0.0006737304123807229,0.32597654981775115,0.2857384982946943
157.74492936617077,3.968261432448131e-05,0.0006339347984230401,0.0006736174127475214,0.3259750468880716,0.28575434982305176
157.76993236654582,3.9670116916669574e-05,0.0006338343339570612,0.0006735044508737308,0.3259735444218075,0.28577019883909793
157.79493536692087,3.9657625411717846e-05,0.0006337339013287719,0.0006733915267404897,0.32597204241874445,0.28578604534362906
157.81993836729592,3.964513980590928e-05,0.0006336335005230401,0.0006732786403289494,0.32597054087866834,0.285801889337441
157.84494136767097,3.963266009552995e-05,0.0006335331315247437,0.0006731657916202737,0.32596903980136505,0.28581773082132916
157.869944368046,3.962018627686886e-05,0.0006334327943187701,0.000673052980595639,0.32596753918662064,0.28583356979608865
157.89494736842104,3.960771834621789e-05,0.0006333324888900158,0.0006729402072362337,0.3259660390342213,0.28584940626251426
157.9199503687961,3.959525629987189e-05,0.0006332322152233875,0.0006728274715232593,0.3259645393439533,0.28586524022140025
157.94495336917115,3.958280013412861e-05,0.000633131973303801,0.0006727147734379296,0.3259630401156032,0.2858810716735406
157.9699563695462,3.957034984528869e-05,0.0006330317631161819,0.0006726021129614706,0.32596154134895744,0.2858969006197289
157.99495936992125,3.955790542965572e-05,0.0006329315846454653,0.000672489490075121,0.3259600430438028,0.2859127270607583
158.0199623702963,3.954546688353615e-05,0.0006328314378765957,0.0006723769047601319,0.3259585451999262,0.28592855099742176
158.04496537067132,3.953303420323937e-05,0.0006327313227945275,0.0006722643569977669,0.32595704781711454,0.2859443724305116
158.06996837104637,3.952060738507763e-05,0.0006326312393842241,0.0006721518467693017,0.32595555089515493,0.28596019136081996
158.09497137142142,3.9508186425366106e-05,0.0006325311876306586,0.0006720393740560247,0.3259540544338346,0.2859760077891385
158.11997437179647,3.949577132042288e-05,0.0006324311675188137,0.0006719269388392366,0.3259525584329409,0.28599182171625864
158.14497737217152,3.9483362066568893e-05,0.0006323311790336818,0.0006718145411002507,0.3259510628922614,0.28600763314297123
158.16998037254658,3.947095866012799e-05,0.0006322312221602644,0.0006717021808203923,0.3259495678115837,0.2860234420700669
158.19498337292163,3.945856109742694e-05,0.0006321312968835726,0.0006715898579809995,0.3259480731906955,0.28603924849833584
158.21998637329665,3.9446169374795325e-05,0.0006320314031886273,0.0006714775725634225,0.32594657902938484,0.2860550524285678
158.2449893736717,3.9433783488565645e-05,0.000631931541060458,0.0006713653245490237,0.3259450853274396,0.2860708538615524
158.26999237404675,3.9421403435073286e-05,0.0006318317104841046,0.0006712531139191779,0.325943592084648,0.28608665279807854
158.2949953744218,3.94090292106565e-05,0.0006317319114446161,0.0006711409406552726,0.3259420993007983,0.286102449238935
158.31999837479685,3.939666081165641e-05,0.000631632143927051,0.0006710288047387074,0.32594060697567895,0.28611824318491014
158.3450013751719,3.938429823441703e-05,0.0006315324079164769,0.000670916706150894,0.32593911510907847,0.2861340346367919
158.37000437554696,3.9371941475285197e-05,0.0006314327033979713,0.0006708046448732565,0.3259376237007855,0.28614982359536784
158.39500737592198,3.9359590530610665e-05,0.0006313330303566211,0.0006706926208872317,0.32593613275058886,0.28616561006142516
158.42001037629703,3.9347245396746016e-05,0.0006312333887775219,0.0006705806341742679,0.32593464225827756,0.2861813940357507
158.44501337667208,3.933490607004669e-05,0.0006311337786457797,0.0006704686847158264,0.32593315222364055,0.286197175519131
158.47001637704713,3.9322572546871e-05,0.0006310341999465093,0.0006703567724933802,0.32593166264646706,0.28621295451235207
158.49501937742218,3.931024482358012e-05,0.000630934652664835,0.0006702448974884151,0.32593017352654646,0.28622873101619967
158.52002237779723,3.9297922896538054e-05,0.0006308351367858906,0.0006701330596824287,0.32592868486366816,0.2862445050314591
158.54502537817228,3.928560676211166e-05,0.0006307356522948192,0.0006700212590569309,0.32592719665762176,0.28626027655891534
158.5700283785473,3.927329641667067e-05,0.0006306361991767733,0.000669909495593444,0.32592570890819694,0.28627604559935305
158.59503137892236,3.9260991856587605e-05,0.0006305367774169146,0.0006697977692735022,0.32592422161518353,0.2862918121535564
158.6200343792974,3.9248693078237875e-05,0.0006304373870004144,0.0006696860800786523,0.3259227347783716,0.28630757622230935
158.64503737967246,3.923640007799971e-05,0.0006303380279124532,0.0006695744279904529,0.3259212483975511,0.2863233378063953
158.6700403800475,3.922411285225417e-05,0.0006302387001382208,0.000669462812990475,0.32591976247251236,0.2863390969065974
158.69504338042256,3.9211831397385156e-05,0.0006301394036629166,0.0006693512350603017,0.32591827700304565,0.28635485352369844
158.7200463807976,3.919955570977941e-05,0.000630040138471749,0.0006692396941815284,0.3259167919889416,0.28637060765848077
158.74504938117263,3.9187285785826484e-05,0.0006299409045499361,0.0006691281903357626,0.32591530742999064,0.28638635931172635
158.77005238154769,3.917502162191875e-05,0.0006298417018827046,0.0006690167235046234,0.3259138233259836,0.28640210848421693
158.79505538192274,3.916276321445141e-05,0.0006297425304552913,0.0006689052936697427,0.32591233967671135,0.28641785517673374
158.8200583822978,3.91505105598225e-05,0.000629643390252942,0.0006687939008127644,0.3259108564819649,0.28643359939005764
158.84506138267284,3.913826365443285e-05,0.0006295442812609116,0.0006686825449153445,0.32590937374153534,0.28644934112496917
158.8700643830479,3.9126022494686125e-05,0.0006294452034644645,0.0006685712259591507,0.325907891455214,0.28646508038224855
158.89506738342294,3.911378707698878e-05,0.0006293461568488744,0.0006684599439258632,0.3259064096227921,0.28648081716267554
158.92007038379796,3.910155739775011e-05,0.0006292471413994242,0.0006683486987971742,0.32590492824406125,0.28649655146702957
158.945073384173,3.908933345338217e-05,0.0006291481571014058,0.000668237490554788,0.3259034473188131,0.28651228329608974
158.97007638454807,3.907711524029986e-05,0.0006290492039401208,0.0006681263191804206,0.3259019668468394,0.28652801265063477
158.99507938492312,3.906490275492087e-05,0.0006289502819008798,0.0006680151846558006,0.32590048682793205,0.2865437395314429
159.02008238529817,3.905269599366567e-05,0.0006288513909690027,0.0006679040869626684,0.325899007261883,0.28655946393929216
159.04508538567322,3.904049495295756e-05,0.0006287525311298186,0.0006677930260827762,0.3258975281484845,0.2865751858749601
159.07008838604824,3.9028299629222603e-05,0.000628653702368666,0.0006676820019978886,0.3258960494875287,0.286590905339224
159.0950913864233,3.901611001888966e-05,0.000628554904670892,0.0006675710146897817,0.3258945712788081,0.28660662233286066
159.12009438679834,3.900392611839039e-05,0.0006284561380218539,0.0006674600641402444,0.32589309352211526,0.2866223368566466
159.1450973871734,3.8991747924159224e-05,0.0006283574024069173,0.0006673491503310765,0.32589161621724266,0.28663804891135797
159.17010038754844,3.897957543263339e-05,0.0006282586978114575,0.0006672382732440909,0.32589013936398326,0.28665375849777047
159.1951033879235,3.8967408640252876e-05,0.0006281600242208589,0.0006671274328611119,0.32588866296212987,0.28666946561665957
159.22010638829855,3.895524754346048e-05,0.0006280613816205149,0.0006670166291639754,0.32588718701147557,0.28668517026880025
159.24510938867357,3.894309213870176e-05,0.0006279627699958284,0.0006669058621345302,0.32588571151181345,0.2867008724549672
159.27011238904862,3.8930942422425006e-05,0.000627864189332211,0.000666795131754636,0.3258842364629369,0.28671657217593477
159.29511538942367,3.891879839108133e-05,0.000627765639615084,0.0006666844380061653,0.3258827618646392,0.2867322694324768
159.32011838979872,3.8906660041124604e-05,0.0006276671208298773,0.0006665737808710019,0.3258812877167141,0.28674796422536697
159.34512139017377,3.889452736901145e-05,0.0006275686329620305,0.0006664631603310419,0.32587981401895505,0.2867636565553784
159.37012439054882,3.888240037120125e-05,0.0006274701759969919,0.0006663525763681931,0.3258783407711559,0.28677934642328395
159.39512739092388,3.887027904415616e-05,0.0006273717499202191,0.0006662420289643752,0.32587686797311066,0.2867950338298561
159.4201303912989,3.8858163384341104e-05,0.0006272733547171789,0.0006661315181015201,0.32587539562461326,0.286810718775867
159.44513339167395,3.8846053388223706e-05,0.0006271749903733471,0.0006660210437615708,0.3258739237254579,0.2868264012620884
159.470136392049,3.883394905227439e-05,0.0006270766568742086,0.0006659106059264831,0.325872452275439,0.2868420812892917
159.49513939242405,3.882185037296631e-05,0.0006269783542052575,0.0006658002045782239,0.32587098127435077,0.2868577588582478
159.5201423927991,3.8809757346775395e-05,0.0006268800823519968,0.0006656898396987721,0.32586951072198783,0.2868734339697276
159.54514539317415,3.879766997018027e-05,0.0006267818412999389,0.0006655795112701191,0.3258680406181449,0.28688910662450123
159.5701483935492,3.8785588239662345e-05,0.000626683631034605,0.0006654692192742674,0.32586657096261684,0.2869047768233387
159.59515139392423,3.877351215170575e-05,0.0006265854515415257,0.0006653589636932315,0.3258651017551984,0.28692044456700955
159.62015439429928,3.876144170279735e-05,0.00062648730280624,0.0006652487445090374,0.3258636329956847,0.286936109856283
159.64515739467433,3.874937688942673e-05,0.0006263891848142968,0.0006651385617037235,0.32586216468387097,0.2869517726919279
159.67016039504938,3.8737317708086244e-05,0.0006262910975512535,0.0006650284152593397,0.32586069681955243,0.2869674330747128
159.69516339542443,3.872526415527093e-05,0.0006261930410026767,0.0006649183051579475,0.32585922940252454,0.2869830910054058
159.72016639579948,3.8713216227478604e-05,0.000626095015154142,0.0006648082313816206,0.32585776243258285,0.2869987464847747
159.74516939617453,3.870117392120975e-05,0.0006259970199912341,0.0006646981939124439,0.325856295909523,0.28701439951358687
159.77017239654955,3.868913723296763e-05,0.000625899055499547,0.0006645881927325147,0.32585482983314085,0.28703005009260935
159.7951753969246,3.867710615925816e-05,0.0006258011216646829,0.0006644782278239411,0.3258533642032322,0.2870456982226089
159.82017839729966,3.866508069659002e-05,0.0006257032184722538,0.0006643682991688438,0.3258518990195932,0.2870613439043518
159.8451813976747,3.865306084147458e-05,0.0006256053459078802,0.0006642584067493548,0.32585043428202,0.287076987138604
159.87018439804976,3.864104659042596e-05,0.0006255075039571922,0.0006641485505476182,0.3258489699903088,0.2870926279261312
159.8951873984248,3.8629037939960925e-05,0.0006254096926058282,0.0006640387305457892,0.32584750614425617,0.28710826626769864
159.92019039879986,3.8617034886598994e-05,0.000625311911839436,0.0006639289467260351,0.3258460427436586,0.28712390216407113
159.94519339917488,3.860503742686238e-05,0.0006252141616436723,0.0006638191990705348,0.32584457978831266,0.28713953561601324
159.97019639954993,3.859304555727597e-05,0.0006251164420042027,0.0006637094875614787,0.32584311727801524,0.2871551666242892
159.99519939992499,3.8581059274367385e-05,0.0006250187529067016,0.000663599812181069,0.3258416552125632,0.2871707951896628
160.02020240030004,3.856907857466693e-05,0.0006249210943368526,0.0006634901729115196,0.32584019359175354,0.2871864213128975
160.0452054006751,3.85571034547076e-05,0.0006248234662803485,0.0006633805697350561,0.3258387324153835,0.28720204499475643
160.07020840105014,3.854513391102507e-05,0.0006247258687228904,0.0006632710026339154,0.3258372716832504,0.2872176662360023
160.0952114014252,3.853316994015773e-05,0.0006246283016501888,0.0006631614715903465,0.3258358113951515,0.28723328503739753
160.1202144018002,3.852121153864664e-05,0.000624530765047963,0.0006630519765866097,0.3258343515508844,0.2872489013997041
160.14521740217526,3.850925870303551e-05,0.0006244332589019412,0.0006629425176049767,0.32583289215024686,0.28726451532368374
160.1702204025503,3.8497311429870805e-05,0.0006243357831978604,0.0006628330946277311,0.3258314331930365,0.28728012681009774
160.19522340292536,3.8485369715701605e-05,0.0006242383379214666,0.0006627237076371682,0.3258299746790512,0.287295735859707
160.22022640330042,3.84734335570797e-05,0.0006241409230585148,0.0006626143566155945,0.3258285166080891,0.2873113424732723
160.24522940367547,3.846150295055952e-05,0.000624043538594769,0.0006625050415453285,0.3258270589799483,0.2873269466515537
160.27023240405052,3.844957789269821e-05,0.0006239461845160016,0.0006623957624086997,0.32582560179442704,0.2873425483953112
160.29523540442554,3.8437658380055563e-05,0.0006238488608079943,0.0006622865191880499,0.32582414505132373,0.2873581477053043
160.3202384048006,3.8425744409194015e-05,0.0006237515674565376,0.0006621773118657316,0.3258226887504369,0.28737374458229226
160.34524140517564,3.841383597667869e-05,0.0006236543044474306,0.0006620681404241092,0.3258212328915651,0.2873893390270338
160.3702444055507,3.8401933079077376e-05,0.0006235570717664815,0.0006619590048455589,0.3258197774745072,0.2874049310402874
160.39524740592574,3.8390035712960506e-05,0.0006234598693995075,0.000661849905112468,0.325818322499062,0.28742052062281126
160.4202504063008,3.8378143874901174e-05,0.0006233626973323343,0.0006617408412072355,0.32581686796502857,0.28743610777536305
160.44525340667585,3.836625756147513e-05,0.0006232655555507966,0.0006616318131122717,0.3258154138722059,0.28745169249870023
160.47025640705087,3.835437676926079e-05,0.000623168444040738,0.0006615228208099987,0.3258139602203934,0.28746727479357986
160.49525940742592,3.8342501494839165e-05,0.0006230713627880107,0.0006614138642828498,0.32581250700939024,0.2874828546607586
160.52026240780097,3.833063173479396e-05,0.0006229743117784759,0.0006613049435132698,0.3258110542389961,0.2874984321009929
160.54526540817602,3.8318767485711534e-05,0.0006228772909980035,0.000661196058483715,0.3258096019090105,0.28751400711503866
160.57026840855107,3.830690874418083e-05,0.0006227803004324724,0.0006610872091766532,0.3258081500192332,0.2875295797036515
160.59527140892612,3.8295055506793496e-05,0.0006226833400677699,0.0006609783955745634,0.325806698569464,0.2875451498675868
160.62027440930117,3.828320777014376e-05,0.0006225864098897926,0.0006608696176599363,0.3258052475595028,0.2875607176075994
160.6452774096762,3.8271365530828547e-05,0.0006224895098844457,0.0006607608754152743,0.32580379698914996,0.2875762829244439
160.67028041005125,3.825952878544733e-05,0.0006223926400376428,0.0006606521688230901,0.3258023468582054,0.28759184581887465
160.6952834104263,3.824769753060227e-05,0.0006222958003353066,0.0006605434978659089,0.32580089716646965,0.2876074062916454
160.72028641080135,3.823587176289815e-05,0.0006221989907633687,0.0006604348625262669,0.32579944791374316,0.2876229643435097
160.7452894111764,3.822405147894236e-05,0.000622102211307769,0.0006603262627867114,0.3257979990998263,0.2876385199752207
160.77029241155145,3.821223667534492e-05,0.0006220054619544568,0.0006602176986298017,0.3257965507245201,0.28765407318753133
160.7952954119265,3.820042734871846e-05,0.0006219087426893894,0.0006601091700381078,0.325795102787625,0.28766962398119394
160.82029841230153,3.8188623495678265e-05,0.0006218120534985335,0.0006600006769942118,0.3257936552889423,0.2876851723569607
160.84530141267658,3.817682511284216e-05,0.0006217153943678639,0.0006598922194807061,0.3257922082282729,0.28770071831558336
160.87030441305163,3.8165032196830656e-05,0.0006216187652833647,0.0006597837974801953,0.32579076160541787,0.2877162618578134
160.89530741342668,3.8153244744266824e-05,0.0006215221662310282,0.000659675410975295,0.3257893154201787,0.2877318029844019
160.92031041380173,3.814146275177638e-05,0.0006214255971968559,0.0006595670599486322,0.3257878696723567,0.28774734169609945
160.94531341417678,3.812968621598761e-05,0.0006213290581668575,0.0006594587443828451,0.3257864243617534,0.2877628779936565
160.97031641455183,3.8117915133531435e-05,0.0006212325491270519,0.0006593504642605833,0.3257849794881706,0.2877784118778231
160.99531941492685,3.810614950104135e-05,0.0006211360700634664,0.0006592422195645077,0.32578353505140994,0.2877939433493489
161.0203224153019,3.809438931515345e-05,0.0006210396209621368,0.0006591340102772903,0.3257820910512734,0.2878094724089832
161.04532541567696,3.808263457250644e-05,0.0006209432018091079,0.0006590258363816144,0.32578064748756297,0.287824999057475
161.070328416052,3.80708852697416e-05,0.0006208468125904332,0.0006589176978601748,0.3257792043600808,0.28784052329557286
161.09533141642706,3.8059141403502815e-05,0.0006207504532921744,0.0006588095946956773,0.3257777616686291,0.28785604512402513
161.1203344168021,3.804740297043656e-05,0.0006206541239004023,0.0006587015268708389,0.32577631941301033,0.2878715645435797
161.14533741717713,3.8035669967191877e-05,0.0006205578244011965,0.0006585934943683884,0.325774877593027,0.28788708155498416
161.17034041755218,3.80239423904204e-05,0.0006204615547806444,0.0006584854971710647,0.32577343620848154,0.2879025961589857
161.19534341792723,3.801222023677635e-05,0.0006203653150248429,0.0006583775352616192,0.32577199525917694,0.2879181083563313
161.22034641830228,3.800050350291651e-05,0.0006202691051198971,0.0006582696086228136,0.32577055474491595,0.2879336181477674
161.24534941867734,3.7988792185500266e-05,0.0006201729250519208,0.000658161717237421,0.3257691146655015,0.28794912553404023
161.2703524190524,3.797708628118955e-05,0.0006200767748070365,0.000658053861088226,0.3257676750207368,0.2879646305158956
161.29535541942744,3.7965385786648876e-05,0.0006199806543713751,0.000657946040158024,0.3257662358104249,0.287980133094079
161.32035841980246,3.7953690698545356e-05,0.0006198845637310766,0.0006578382544296219,0.3257647970343693,0.2879956332693356
161.3453614201775,3.794200101354859e-05,0.0006197885028722888,0.0006577305038858374,0.3257633586923734,0.2880111310424102
161.37036442055256,3.793031672833082e-05,0.0006196924717811685,0.0006576227885094993,0.3257619207842406,0.2880266264140473
161.3953674209276,3.791863783956682e-05,0.0006195964704438814,0.0006575151082834482,0.3257604833097749,0.2880421193849909
161.42037042130266,3.790696434393393e-05,0.0006195004988466012,0.0006574074631905351,0.3257590462687799,0.28805760995598484
161.44537342167771,3.789529623811202e-05,0.0006194045569755106,0.0006572998532136226,0.32575760966105954,0.28807309812777254
161.47037642205277,3.788363351878355e-05,0.0006193086448168005,0.000657192278335584,0.32575617348641794,0.28808858390109704
161.4953794224278,3.787197618263354e-05,0.0006192127623566708,0.0006570847385393043,0.32575473774465924,0.28810406727670107
161.52038242280284,3.786032422634949e-05,0.0006191169095813293,0.0006569772338076787,0.32575330243558764,0.28811954825532704
161.5453854231779,3.784867764662152e-05,0.000619021086476993,0.0006568697641236145,0.32575186755900765,0.28813502683771697
161.57038842355294,3.7837036440142276e-05,0.0006189252930298869,0.0006567623294700291,0.3257504331147237,0.28815050302461254
161.595391423928,3.7825400603606926e-05,0.0006188295292262451,0.000656654929829852,0.32574899910254046,0.2881659768167551
161.62039442430304,3.781377013371321e-05,0.0006187337950523096,0.0006565475651860228,0.3257475655222627,0.2881814482148856
161.6453974246781,3.780214502716137e-05,0.0006186380904943313,0.0006564402355214927,0.32574613237369526,0.28819691721974483
161.67040042505312,3.7790525280654235e-05,0.0006185424155385697,0.000656332940819224,0.3257446996566431,0.288212383832073
161.69540342542817,3.77789108908971e-05,0.0006184467701712922,0.0006562256810621894,0.3257432673709114,0.2882278480526101
161.72040642580322,3.7767301854597835e-05,0.0006183511543787754,0.0006561184562333733,0.3257418355163053,0.2882433098820958
161.74540942617827,3.775569816846684e-05,0.0006182555681473041,0.0006560112663157709,0.3257404040926303,0.28825876932126937
161.77041242655332,3.7744099829217026e-05,0.0006181600114631713,0.0006559041112923883,0.3257389730996916,0.28827422637086975
161.79541542692837,3.773250683356383e-05,0.000618064484312679,0.0006557969911462428,0.3257375425372949,0.2882896810316355
161.82041842730342,3.7720919178225224e-05,0.0006179689866821374,0.0006556899058603626,0.325736112405246,0.2883051333043049
161.84542142767845,3.77093368599217e-05,0.000617873518557865,0.0006555828554177867,0.32573468270335054,0.2883205831896159
161.8704244280535,3.769775987537622e-05,0.000617778079926189,0.0006554758398015652,0.32573325343141457,0.28833603068830604
161.89542742842855,3.7686188221314326e-05,0.0006176826707734449,0.0006553688589947591,0.32573182458924405,0.2883514758011126
161.9204304288036,3.767462189446403e-05,0.0006175872910859767,0.0006552619129804407,0.3257303961766451,0.28836691852877244
161.94543342917865,3.766306089155588e-05,0.0006174919408501369,0.0006551550017416928,0.3257289681934242,0.2883823588720221
161.9704364295537,3.765150520932291e-05,0.0006173966200522863,0.0006550481252616092,0.32572754063938747,0.28839779683159783
161.99543942992875,3.763995484450068e-05,0.0006173013286787943,0.0006549412835232949,0.32572611351434155,0.2884132324082354
162.02044243030377,3.762840979382724e-05,0.0006172060667160385,0.0006548344765098658,0.3257246868180931,0.28842866560267044
162.04544543067883,3.7616870054043135e-05,0.0006171108341504051,0.0006547277042044482,0.32572326055044876,0.28844409641563806
162.07044843105388,3.760533562189142e-05,0.0006170156309682884,0.0006546209665901798,0.32572183471121546,0.2884595248478732
162.09545143142893,3.759380649411764e-05,0.0006169204571560915,0.0006545142636502091,0.3257204093002002,0.28847495090011027
162.12045443180398,3.7582282667469855e-05,0.0006168253127002255,0.0006544075953676953,0.32571898431720997,0.28849037457308346
162.14545743217903,3.757076413869857e-05,0.0006167301975871103,0.0006543009617258089,0.3257175597620521,0.28850579586752667
162.17046043255408,3.7559250904556847e-05,0.0006166351118031738,0.0006541943627077307,0.3257161356345337,0.2885212147841733
162.1954634329291,3.754774296180017e-05,0.0006165400553348525,0.0006540877982966527,0.32571471193446244,0.2885366313237565
162.22046643330415,3.7536240307186545e-05,0.000616445028168591,0.0006539812684757775,0.32571328866164573,0.28855204548700913
162.2454694336792,3.752474293747643e-05,0.0006163500302908426,0.0006538747732283191,0.3257118658158913,0.28856745727466365
162.27047243405426,3.751325084943281e-05,0.0006162550616880687,0.0006537683125375015,0.32571044339700683,0.28858286668745214
162.2954754344293,3.7501764039821095e-05,0.0006161601223467391,0.0006536618863865602,0.3257090214048004,0.28859827372610647
162.32047843480436,3.7490282505409225e-05,0.000616065212253332,0.0006535554947587412,0.3257075998390798,0.28861367839135804
162.3454814351794,3.7478806242967566e-05,0.000615970331394334,0.0006534491376373016,0.3257061786996534,0.288629080683938
162.37048443555443,3.7467335249269e-05,0.0006158754797562398,0.0006533428150055088,0.3257047579863292,0.2886444806045771
162.39548743592948,3.7455869521088825e-05,0.0006157806573255525,0.0006532365268466414,0.3257033376989158,0.2886598781540058
162.42049043630453,3.744440905520483e-05,0.0006156858640887835,0.0006531302731439884,0.3257019178372214,0.2886752733329542
162.44549343667958,3.74329538483973e-05,0.0006155911000324527,0.00065302405388085,0.3257004984010548,0.28869066614215205
162.47049643705463,3.7421503897448927e-05,0.000615496365143088,0.0006529178690405368,0.32569907939022463,0.2887060565823288
162.4954994374297,3.7410059199144904e-05,0.0006154016594072258,0.0006528117186063707,0.3256976608045397,0.2887214446542135
162.52050243780474,3.739861975027287e-05,0.0006153069828114107,0.0006527056025616837,0.32569624264380903,0.288736830358535
162.54550543817976,3.7387185547622913e-05,0.0006152123353421958,0.0006525995208898187,0.3256948249078415,0.2887522136960216
162.5705084385548,3.737575658798757e-05,0.000615117716986142,0.0006524934735741295,0.3256934075964464,0.2887675946674015
162.59551143892986,3.7364332868161844e-05,0.0006150231277298187,0.0006523874605979806,0.32569199070943294,0.2887829732734024
162.6205144393049,3.735291438494318e-05,0.0006149285675598038,0.0006522814819447469,0.3256905742466105,0.2887983495147517
162.64551743967996,3.7341501135131467e-05,0.0006148340364626831,0.0006521755375978145,0.32568915820778865,0.2888137233921765
162.67052044005501,3.733009311552904e-05,0.000614739534425051,0.00065206962754058,0.325687742592777,0.2888290949064035
162.69552344043007,3.7318690322940674e-05,0.0006146450614335097,0.0006519637517564504,0.32568632740138526,0.28884446405815917
162.7205264408051,3.73072927541736e-05,0.0006145506174746702,0.0006518579102288438,0.32568491263342325,0.2888598308481695
162.74552944118014,3.7295900406037444e-05,0.000614456202535151,0.0006517521029411884,0.3256834982887009,0.2888751952771603
162.7705324415552,3.728451327534431e-05,0.0006143618166015794,0.0006516463298769237,0.3256820843670284,0.288890557345857
162.79553544193024,3.7273131358908716e-05,0.0006142674596605908,0.0006515405910194995,0.32568067086821584,0.2889059170549846
162.8205384423053,3.726175465354763e-05,0.0006141731316988287,0.0006514348863523763,0.32567925779207346,0.2889212744052678
162.84554144268034,3.725038315608041e-05,0.0006140788327029448,0.0006513292158590252,0.32567784513841186,0.28893662939743114
162.8705444430554,3.723901686332888e-05,0.0006139845626595991,0.000651223579522928,0.3256764329070414,0.2889519820321986
162.89554744343042,3.722765577211728e-05,0.0006138903215554599,0.0006511179773275772,0.32567502109777285,0.2889673323102938
162.92055044380547,3.7216299879272236e-05,0.0006137961093772032,0.0006510124092564754,0.32567360971041687,0.28898268023244034
162.94555344418052,3.720494918162284e-05,0.0006137019261115136,0.0006509068752931364,0.3256721987447843,0.2889980257993612
162.97055644455557,3.719360367600057e-05,0.0006136077717450838,0.0006508013754210844,0.32567078820068623,0.2890133690117791
162.99555944493062,3.7182263359239335e-05,0.0006135136462646148,0.0006506959096238542,0.32566937807793367,0.28902870987041646
163.02056244530567,3.717092822817546e-05,0.0006134195496568154,0.0006505904778849908,0.3256679683763379,0.28904404837599534
163.04556544568072,3.7159598279647674e-05,0.0006133254819084028,0.0006504850801880504,0.32566655909571013,0.2890593845292375
163.07056844605574,3.714827351049712e-05,0.0006132314430061024,0.0006503797165165995,0.32566515023586184,0.28907471833086434
163.0955714464308,3.7136953917567324e-05,0.0006131374329366475,0.0006502743868542148,0.3256637417966046,0.2890900497815969
163.12057444680585,3.712563949770424e-05,0.0006130434516867796,0.0006501690911844839,0.3256623337777501,0.289105378882156
163.1455774471809,3.711433024775623e-05,0.0006129494992432485,0.0006500638294910047,0.32566092617910997,0.2891207056332619
163.17058044755595,3.710302616457403e-05,0.0006128555755928122,0.0006499586017573862,0.3256595190004962,0.2891360300356349
163.195583447931,3.7091727245010795e-05,0.0006127616807222363,0.000649853407967247,0.32565811224172075,0.28915135208999454
163.22058644830602,3.708043348592209e-05,0.000612667814618295,0.0006497482481042171,0.32565670590259577,0.28916667179706035
163.24558944868107,3.706914488416581e-05,0.0006125739772677706,0.0006496431221519363,0.32565529998293347,0.2891819891575514
163.27059244905612,3.70578614366023e-05,0.0006124801686574529,0.0006495380300940552,0.32565389448254606,0.2891973041721864
163.29559544943118,3.7046583140094275e-05,0.0006123863887741407,0.000649432971914235,0.32565248940124614,0.28921261684168387
163.32059844980623,3.703530999150685e-05,0.0006122926376046402,0.0006493279475961471,0.32565108473884613,0.2892279271667618
163.34560145018128,3.70240419877075e-05,0.0006121989151357659,0.0006492229571234733,0.3256496804951588,0.28924323514813804
163.37060445055633,3.701277912556609e-05,0.0006121052213543403,0.0006491180004799063,0.32564827666999685,0.28925854078652996
163.39560745093135,3.700152140195489e-05,0.0006120115562471943,0.0006490130776491492,0.32564687326317326,0.28927384408265466
163.4206104513064,3.699026881374851e-05,0.0006119179198011663,0.0006489081886149148,0.3256454702745009,0.289289145037229
163.44561345168145,3.6979021357823956e-05,0.0006118243120031032,0.0006488033333609272,0.325644067703793,0.2893044436509694
163.4706164520565,3.69677790310606e-05,0.0006117307328398598,0.0006486985118709204,0.32564266555086274,0.289319739924592
163.49561945243155,3.695654183034021e-05,0.0006116371822982988,0.000648593724128639,0.32564126381552344,0.2893350338588125
163.5206224528066,3.694530975254689e-05,0.0006115436603652911,0.000648488970117838,0.32563986249758853,0.2893503254543464
163.54562545318166,3.6934082794567123e-05,0.0006114501670277157,0.0006483842498222828,0.3256384615968716,0.2893656147119089
163.57062845355668,3.692286095328978e-05,0.0006113567022724596,0.0006482795632257493,0.3256370611131863,0.28938090163221475
163.59563145393173,3.691164422560604e-05,0.0006112632660864175,0.0006481749103120235,0.32563566104634645,0.28939618621597846
163.62063445430678,3.69004326084095e-05,0.0006111698584564924,0.0006480702910649018,0.3256342613961659,0.2894114684639142
163.64563745468183,3.6889226098596075e-05,0.0006110764793695953,0.0006479657054681914,0.3256328621624587,0.2894267483767357
163.67064045505688,3.6878024693064076e-05,0.0006109831288126452,0.0006478611535057092,0.3256314633450388,0.28944202595515656
163.69564345543193,3.686682838871413e-05,0.000610889806772569,0.0006477566351612831,0.3256300649437206,0.2894573011998899
163.72064645580699,3.685563718244924e-05,0.0006107965132363016,0.0006476521504187508,0.3256286669583184,0.28947257411164856
163.745649456182,3.684445107117475e-05,0.0006107032481907859,0.0006475476992619607,0.3256272693886465,0.2894878446911451
163.77065245655706,3.6833270051798345e-05,0.0006106100116229729,0.0006474432816747712,0.32562587223451966,0.28950311293909164
163.7956554569321,3.6822094121230064e-05,0.0006105168035198213,0.0006473388976410513,0.32562447549575246,0.28951837885620013
163.82065845730716,3.681092327638229e-05,0.0006104236238682979,0.0006472345471446802,0.3256230791721596,0.2895336424431821
163.8456614576822,3.679975751416975e-05,0.0006103304726553776,0.0006471302301695474,0.32562168326355606,0.2895489037007487
163.87066445805726,3.67885968315095e-05,0.000610237349868043,0.0006470259466995525,0.32562028776975677,0.2895641626296109
163.8956674584323,3.677744122532095e-05,0.0006101442554932847,0.0006469216967186056,0.3256188926905768,0.28957941923047914
163.92067045880734,3.676629069252584e-05,0.0006100511895181016,0.0006468174802106275,0.32561749802583156,0.28959467350406376
163.9456734591824,3.675514523004821e-05,0.0006099581519295,0.0006467132971595482,0.3256161037753361,0.28960992545107467
163.97067645955744,3.6744004834814473e-05,0.0006098651427144942,0.0006466091475493087,0.32561470993890607,0.2896251750722214
163.9956794599325,3.673286950375337e-05,0.0006097721618601069,0.0006465050313638602,0.3256133165163569,0.28964042236821325
164.02068246030754,3.672173923379592e-05,0.0006096792093533681,0.000646400948587164,0.3256119235075043,0.28965566733975917
164.0456854606826,3.671061402187553e-05,0.0006095862851813162,0.0006462968992031918,0.32561053091216396,0.2896709099875677
164.07068846105764,3.66994938649279e-05,0.0006094933893309973,0.0006461928831959251,0.3256091387301518,0.28968615031234723
164.09569146143266,3.668837875989105e-05,0.0006094005217894652,0.0006460889005493563,0.3256077469612838,0.2897013883148057
164.12069446180772,3.66772687037053e-05,0.0006093076825437819,0.0006459849512474872,0.32560635560537604,0.2897166239956507
164.14569746218277,3.666616369331331e-05,0.0006092148715810171,0.0006458810352743304,0.3256049646622447,0.2897318573555896
164.17070046255782,3.665506372566006e-05,0.0006091220888882485,0.0006457771526139085,0.32560357413170615,0.28974708839532937
164.19570346293287,3.664396879769282e-05,0.0006090293344525615,0.0006456733032502544,0.32560218401357677,0.2897623171155767
164.22070646330792,3.663287890636118e-05,0.0006089366082610496,0.0006455694871674108,0.325600794307673,0.28977754351703794
164.24570946368297,3.662179404861704e-05,0.0006088439103008141,0.0006454657043494311,0.3255994050138116,0.2897927676004191
164.270712464058,3.661071422141462e-05,0.000608751240558964,0.0006453619547803786,0.32559801613180933,0.2898079893664259
164.29571546443304,3.659963942171039e-05,0.000608658599022616,0.0006452582384443264,0.3255966276614829,0.2898232088157637
164.3207184648081,3.658856964646319e-05,0.0006085659856788951,0.0006451545553253583,0.32559523960264936,0.28983842594913756
164.34572146518315,3.65775048926341e-05,0.0006084734005149339,0.000645050905407568,0.3255938519551258,0.2898536407672523
164.3707244655582,3.6566445157186546e-05,0.0006083808435178729,0.0006449472886750594,0.3255924647187294,0.28986885327081224
164.39572746593325,3.655539043708621e-05,0.0006082883146748602,0.0006448437051119463,0.3255910778932773,0.28988406346052153
164.4207304663083,3.65443407293011e-05,0.000608195813973052,0.0006447401547023531,0.3255896914785871,0.28989927133708393
164.44573346668332,3.653329603080149e-05,0.0006081033413996122,0.0006446366374304137,0.3255883054744761,0.28991447690120287
164.47073646705837,3.652225633855995e-05,0.0006080108969417124,0.0006445331532802723,0.3255869198807621,0.28992968015358156
164.49573946743342,3.6511221649551343e-05,0.0006079184805865321,0.0006444297022360835,0.32558553469726276,0.2899448810949227
164.52074246780847,3.650019196075281e-05,0.0006078260923212586,0.0006443262842820114,0.3255841499237958,0.2899600797259289
164.54574546818353,3.648916726914376e-05,0.000607733732133087,0.0006442228994022307,0.3255827655601793,0.2899752760473023
164.57074846855858,3.647814757170593e-05,0.0006076414000092202,0.0006441195475809261,0.3255813816062312,0.28999047005974465
164.59575146893363,3.646713286542329e-05,0.0006075490959368687,0.000644016228802292,0.3255799980617697,0.2900056617639576
164.62075446930865,3.6456123147282104e-05,0.0006074568199032512,0.0006439129430505333,0.32557861492661305,0.2900208511606423
164.6457574696837,3.64451184142709e-05,0.0006073645718955935,0.0006438096903098644,0.32557723220057955,0.2900360382504997
164.67076047005875,3.643411866338048e-05,0.0006072723519011297,0.0006437064705645102,0.3255758498834878,0.2900512230342303
164.6957634704338,3.642312389160394e-05,0.0006071801599071015,0.0006436032837987054,0.32557446797515627,0.29006640551253443
164.72076647080885,3.6412134095936615e-05,0.0006070879959007582,0.0006435001299966948,0.32557308647540373,0.290081585686112
164.7457694711839,3.6401149273376116e-05,0.0006069958598693571,0.0006433970091427332,0.3255717053840489,0.29009676355566255
164.77077247155896,3.639016942092232e-05,0.000606903751800163,0.0006432939212210854,0.3255703247009107,0.2901119391218855
164.79577547193398,3.637919453557738e-05,0.0006068116716804487,0.0006431908662160261,0.32556894442580814,0.2901271123854797
164.82077847230903,3.636822461434568e-05,0.0006067196194974945,0.0006430878441118402,0.32556756455856045,0.2901422833471439
164.84578147268408,3.635725965423387e-05,0.0006066275952385882,0.0006429848548928221,0.32556618509898666,0.2901574520075765
164.87078447305913,3.634629965225086e-05,0.0006065355988910258,0.0006428818985432767,0.3255648060469062,0.2901726183674754
164.89578747343418,3.633534460540784e-05,0.0006064436304421108,0.0006427789750475186,0.32556342740213845,0.29018778242753834
164.92079047380923,3.63243945107182e-05,0.0006063516898791543,0.0006426760843898725,0.32556204916450304,0.29020294418846276
164.94579347418428,3.631344936519762e-05,0.0006062597771894752,0.0006425732265546728,0.32556067133381955,0.2902181036509457
164.9707964745593,3.630250916586404e-05,0.0006061678923604002,0.0006424704015262643,0.3255592939099078,0.2902332608156839
164.99579947493436,3.629157390973757e-05,0.0006060760353792633,0.0006423676092890009,0.3255579168925876,0.29024841568337384
165.0208024753094,3.628064359384065e-05,0.0006059842062334066,0.0006422648498272472,0.3255565402816789,0.29026356825471167
165.04580547568446,3.626971821519791e-05,0.0006058924049101796,0.0006421621231253776,0.32555516407700186,0.29027871853039316
165.0708084760595,3.625879777083624e-05,0.0006058006313969397,0.0006420594291677759,0.32555378827837655,0.2902938665111138
165.09581147643456,3.624788225778477e-05,0.0006057088856810517,0.0006419567679388364,0.32555241288562337,0.2903090121975687
165.1208144768096,3.623697167307484e-05,0.0006056171677498881,0.0006418541394229629,0.3255510378985626,0.2903241555904528
165.14581747718464,3.622606601374008e-05,0.0006055254775908294,0.0006417515436045694,0.32554966331701485,0.29033929669046066
165.1708204775597,3.621516527681628e-05,0.0006054338151912631,0.0006416489804680793,0.32554828914080064,0.29035443549828643
165.19582347793474,3.6204269459341505e-05,0.0006053421805385848,0.0006415464499979263,0.3255469153697407,0.2903695720146241
165.2208264783098,3.6193378558356026e-05,0.0006052505736201978,0.0006414439521785538,0.3255455420036559,0.2903847062401672
165.24582947868484,3.618249257090236e-05,0.0006051589944235127,0.000641341486994415,0.32554416904236705,0.2903998381756091
165.2708324790599,3.617161149402523e-05,0.0006050674429359478,0.000641239054429973,0.32554279648569534,0.2904149678216427
165.29583547943494,3.6160735324771605e-05,0.0006049759191449292,0.0006411366544697008,0.3255414243334617,0.2904300951789607
165.32083847980996,3.614986406019065e-05,0.0006048844230378906,0.0006410342870980813,0.32554005258548757,0.29044522024825536
165.34584148018502,3.613899769733374e-05,0.0006047929546022729,0.0006409319522996067,0.3255386812415942,0.2904603430302188
165.37084448056007,3.612813623325448e-05,0.0006047015138255251,0.0006408296500587796,0.325537310301603,0.29047546352554265
165.39584748093512,3.6117279665008694e-05,0.0006046101006951035,0.0006407273803601122,0.3255359397653356,0.2904905817349184
165.42085048131017,3.610642798965441e-05,0.000604518715198472,0.0006406251431881264,0.3255345696326136,0.290505697659037
165.44585348168522,3.6095581204251867e-05,0.0006044273573231021,0.0006405229385273541,0.32553319990325885,0.2905208112985893
165.47085648206024,3.608473930586352e-05,0.0006043360270564732,0.0006404207663623367,0.3255318305770931,0.2905359226542658
165.4958594824353,3.6073902291554005e-05,0.0006042447243860716,0.0006403186266776257,0.32553046165393845,0.2905510317267566
165.52086248281034,3.606307015839018e-05,0.0006041534492993918,0.000640216519457782,0.3255290931336169,0.29056613851675156
165.5458654831854,3.605224290344111e-05,0.0006040622017839354,0.0006401144446873766,0.3255277250159506,0.29058124302494015
165.57086848356045,3.6041420523778034e-05,0.0006039709818272118,0.0006400124023509898,0.3255263573007619,0.2905963452520116
165.5958714839355,3.6030603016474433e-05,0.0006038797894167379,0.0006399103924332124,0.3255249899878732,0.29061144519865484
165.62087448431055,3.6019790378605936e-05,0.0006037886245400381,0.0006398084149186441,0.325523623077107,0.2906265428655584
165.64587748468557,3.60089826072504e-05,0.0006036974871846445,0.0006397064697918948,0.3255222565682858,0.29064163825341055
165.67088048506062,3.5998179699487844e-05,0.0006036063773380963,0.0006396045570375841,0.3255208904612325,0.29065673136289927
165.69588348543567,3.59873816524005e-05,0.0006035152949879406,0.0006395026766403411,0.3255195247557698,0.2906718221947122
165.72088648581072,3.5976588463072774e-05,0.0006034242401217322,0.000639400828584805,0.3255181594517206,0.29068691074953673
165.74588948618577,3.596580012859127e-05,0.0006033332127270326,0.0006392990128556239,0.32551679454890786,0.2907019970280598
165.77089248656083,3.5955016646044776e-05,0.0006032422127914117,0.0006391972294374564,0.32551543004715483,0.2907170810309682
165.79589548693588,3.594423801252424e-05,0.0006031512403024465,0.0006390954783149708,0.3255140659462847,0.2907321627589483
165.8208984873109,3.593346422512283e-05,0.0006030602952477214,0.0006389937594728442,0.3255127022461207,0.29074724221268616
165.84590148768595,3.592269528093584e-05,0.0006029693776148285,0.0006388920728957644,0.3255113389464865,0.2907623193928676
165.870904488061,3.5911931177060775e-05,0.0006028784873913672,0.000638790418568428,0.3255099760472054,0.2907773943001781
165.89590748843605,3.590117191059731e-05,0.0006027876245649445,0.0006386887964755418,0.3255086135481011,0.29079246693530286
165.9209104888111,3.5890417478647284e-05,0.0006026967891231749,0.0006385872066018222,0.32550725144899745,0.29080753729892667
165.94591348918615,3.587966787831472e-05,0.0006026059810536801,0.0006384856489319948,0.32550588974971817,0.29082260539173405
165.9709164895612,3.586892310670579e-05,0.0006025152003440897,0.0006383841234507955,0.3255045284500873,0.2908376712144093
165.99591948993623,3.585818316092886e-05,0.0006024244469820405,0.0006382826301429694,0.3255031675499289,0.2908527347676363
166.02092249031128,3.58474480380944e-05,0.0006023337209551766,0.000638181168993271,0.32550180704906706,0.29086779605209867
166.04592549068633,3.5836717735315124e-05,0.0006022430222511497,0.0006380797399864648,0.3255004469473261,0.2908828550684798
166.07092849106138,3.582599224970585e-05,0.0006021523508576191,0.000637978343107325,0.32549908724453036,0.29089791181746255
166.09593149143643,3.5815271578383576e-05,0.0006020617067622511,0.0006378769783406347,0.3254977279405043,0.2909129662997297
166.12093449181148,3.5804555718467443e-05,0.00060197108995272,0.0006377756456711875,0.3254963690350725,0.2909280185159636
166.14593749218653,3.579384466707877e-05,0.000601880500416707,0.0006376743450837858,0.3254950105280597,0.29094306846684637
166.17094049256156,3.5783138421341005e-05,0.0006017899381419011,0.0006375730765632421,0.3254936524192905,0.2909581161530597
166.1959434929366,3.5772436978379746e-05,0.0006016994031159984,0.0006374718400943781,0.32549229470859,0.29097316157528513
166.22094649331166,3.5761740335322756e-05,0.0006016088953267025,0.0006373706356620252,0.325490937395783,0.2909882047342038
166.2459494936867,3.575104848929994e-05,0.0006015184147617245,0.0006372694632510244,0.3254895804806947,0.29100324563049645
166.27095249406176,3.574036143744335e-05,0.000601427961408783,0.0006371683228462263,0.3254882239631503,0.2910182842648437
166.2959554944368,3.5729679176887165e-05,0.0006013375352556035,0.0006370672144324906,0.32548686784297504,0.2910333206379258
166.32095849481186,3.5719001704767724e-05,0.0006012471362899193,0.0006369661379946871,0.32548551211999427,0.2910483547504226
166.34596149518688,3.5708329018223505e-05,0.0006011567644994711,0.0006368650935176947,0.3254841567940336,0.2910633866030138
166.37096449556194,3.56976611143951e-05,0.0006010664198720068,0.0006367640809864019,0.3254828018649185,0.29107841619637864
166.395967495937,3.568699799042526e-05,0.0006009761023952815,0.0006366631003857068,0.32548144733247475,0.2910934435311962
166.42097049631204,3.567633964345886e-05,0.0006008858120570581,0.000636562151700517,0.32548009319652815,0.2911084686081451
166.4459734966871,3.566568607064291e-05,0.0006007955488451064,0.0006364612349157493,0.32547873945690453,0.2911234914279038
166.47097649706214,3.565503726912655e-05,0.000600705312747204,0.0006363603500163306,0.32547738611343,0.29113851199115026
166.4959794974372,3.564439323606103e-05,0.0006006151037511355,0.0006362594969871965,0.3254760331659306,0.2911535302985624
166.5209824978122,3.5633753968599776e-05,0.0006005249218446929,0.0006361586758132926,0.32547468061423257,0.2911685463508176
166.54598549818726,3.562311946389827e-05,0.0006004347670156756,0.0006360578864795739,0.32547332845816224,0.29118356014859315
166.57098849856231,3.561248971911415e-05,0.0006003446392518903,0.0006359571289710045,0.32547197669754596,0.2911985716925658
166.59599149893737,3.560186473140719e-05,0.000600254538541151,0.0006358564032725581,0.3254706253322102,0.2912135809834121
166.62099449931242,3.5591244497939254e-05,0.000600164464871279,0.0006357557093692182,0.32546927436198175,0.29122858802180834
166.64599749968747,3.558062901587434e-05,0.000600074418230103,0.0006356550472459774,0.32546792378668726,0.2912435928084305
166.67100050006252,3.557001828237855e-05,0.000599984398605459,0.0006355544168878375,0.32546657360615344,0.2912585953439542
166.69600350043754,3.5559412294620106e-05,0.0005998944059851901,0.0006354538182798102,0.3254652238202073,0.2912735956290548
166.7210065008126,3.554881104976933e-05,0.000599804440357147,0.0006353532514069163,0.32546387442867586,0.29128859366440735
166.74600950118764,3.553821454499866e-05,0.0005997145017091873,0.000635252716254186,0.32546252543138626,0.2913035894506865
166.7710125015627,3.552762277748265e-05,0.0005996245900291762,0.0006351522128066588,0.32546117682816567,0.2913185829885668
166.79601550193775,3.5517035744397926e-05,0.0005995347053049862,0.000635051741049384,0.32545982861884143,0.29133357427872225
166.8210185023128,3.550645344292327e-05,0.0005994448475244968,0.0006349513009674201,0.32545848080324097,0.2913485633218268
166.84602150268785,3.5495875870239514e-05,0.000599355016675595,0.0006348508925458345,0.3254571333811918,0.2913635501185539
166.87102450306287,3.548530302352963e-05,0.000599265212746175,0.0006347505157697046,0.3254557863525216,0.2913785346695768
166.89602750343792,3.547473489997865e-05,0.0005991754357241382,0.0006346501706241168,0.325454439717058,0.29139351697556837
166.92103050381297,3.546417149677372e-05,0.000599085685597393,0.0006345498570941668,0.325453093474629,0.2914084970372013
166.94603350418802,3.545361281110409e-05,0.0005989959623538558,0.00063444957516496,0.32545174762506235,0.2914234748551478
166.97103650456307,3.544305884016108e-05,0.0005989062659814495,0.0006343493248216106,0.3254504021681861,0.29143845043008
166.99603950493812,3.5432509581138126e-05,0.0005988165964681045,0.0006342491060492426,0.3254490571038285,0.29145342376266953
167.02104250531318,3.5421965031230726e-05,0.0005987269538017583,0.000634148918832989,0.32544771243181764,0.2914683948535878
167.0460455056882,3.541142518763649e-05,0.0005986373379703562,0.0006340487631579926,0.3254463681519819,0.29148336370350586
167.07104850606325,3.540089004755507e-05,0.0005985477489618497,0.0006339486390094048,0.3254450242641498,0.29149833031309463
167.0960515064383,3.539035960818825e-05,0.0005984581867641984,0.0006338485463723866,0.3254436807681497,0.29151329468302456
167.12105450681335,3.537983386673985e-05,0.0005983686513653686,0.0006337484852321085,0.3254423376638104,0.2915282568139659
167.1460575071884,3.5369312820415824e-05,0.0005982791427533341,0.0006336484555737498,0.3254409949509605,0.29154321670658845
167.17106050756345,3.5358796466424154e-05,0.0005981896609160757,0.0006335484573824999,0.3254396526294289,0.2915581743615619
167.1960635079385,3.5348284801974906e-05,0.0005981002058415816,0.0006334484906435565,0.32543831069904455,0.2915731297795555
167.22106650831353,3.533777782428025e-05,0.0005980107775178469,0.0006333485553421272,0.3254369691596364,0.2915880829612383
167.24606950868858,3.5327275530554375e-05,0.000597921375932874,0.0006332486514634283,0.3254356280110336,0.29160303390727893
167.27107250906363,3.531677791801358e-05,0.0005978320010746725,0.0006331487789926862,0.32543428725306545,0.2916179826183458
167.29607550943868,3.530628498387622e-05,0.0005977426529312594,0.0006330489379151356,0.3254329468855612,0.2916329290951071
167.32107850981373,3.529579672536272e-05,0.0005976533314906582,0.000632949128216021,0.32543160690835027,0.2916478733382305
167.34608151018878,3.528531313969556e-05,0.0005975640367409003,0.0006328493498805958,0.3254302673212622,0.29166281534838356
167.37108451056383,3.52748342240993e-05,0.000597474768670024,0.0006327496028941232,0.32542892812412666,0.2916777551262335
167.39608751093886,3.526435997580054e-05,0.0005973855272660745,0.000632649887241875,0.32542758931677335,0.2916926926724472
167.4210905113139,3.5253890392027926e-05,0.0005972963125171043,0.0006325502029091323,0.3254262508990321,0.2917076279876913
167.44609351168896,3.524342547001221e-05,0.0005972071244111731,0.0006324505498811853,0.32542491287073283,0.29172256107263206
167.471096512064,3.5232965206986145e-05,0.0005971179629363478,0.000632350928143334,0.32542357523170556,0.2917374919279355
167.49609951243906,3.5222509600184577e-05,0.0005970288280807022,0.0006322513376808867,0.3254222379817804,0.29175242055426737
167.5211025128141,3.521205864684439e-05,0.0005969397198323172,0.0006321517784791616,0.32542090112078753,0.291767346952293
167.54610551318913,3.5201612344204515e-05,0.0005968506381792815,0.000632052250523486,0.3254195646485574,0.2917822711226775
167.57110851356418,3.519117068950591e-05,0.0005967615831096897,0.0006319527537991956,0.3254182285649203,0.2917971930660858
167.59611151393923,3.518073367999161e-05,0.0005966725546116444,0.000631853288291636,0.3254168928697068,0.2918121127831823
167.62111451431429,3.517030131290669e-05,0.0005965835526732552,0.0006317538539861618,0.3254155575627475,0.2918270302746313
167.64611751468934,3.515987358549826e-05,0.0005964945772826385,0.0006316544508681368,0.32541422264387315,0.29184194554109666
167.6711205150644,3.514945049501546e-05,0.000596405628427918,0.0006315550789229335,0.32541288811291447,0.29185685858324206
167.69612351543944,3.5139032038709485e-05,0.0005963167060972245,0.0006314557381359339,0.32541155396970245,0.2918717694017308
167.72112651581446,3.5128618213833566e-05,0.0005962278102786958,0.0006313564284925293,0.32541022021406807,0.2918866779972259
167.7461295161895,3.511820901764295e-05,0.0005961389409604766,0.0006312571499781195,0.32540888684584246,0.2919015843703901
167.77113251656456,3.5107804447394936e-05,0.0005960500981307189,0.0006311579025781138,0.3254075538648568,0.29191648852188584
167.79613551693961,3.509740450034884e-05,0.0005959612817775818,0.0006310586862779306,0.32540622127094243,0.2919313904523753
167.82113851731467,3.508700917376603e-05,0.0005958724918892314,0.0006309595010629975,0.3254048890639307,0.2919462901625203
167.84614151768972,3.5076618464909874e-05,0.0005957837284538407,0.0006308603469187506,0.32540355724365316,0.2919611876529824
167.87114451806477,3.50662323710458e-05,0.0005956949914595898,0.0006307612238306356,0.3254022258099413,0.29197608292442284
167.8961475184398,3.505585088944121e-05,0.0005956062808946662,0.0006306621317841074,0.32540089476262696,0.29199097597750256
167.92115051881484,3.5045474017365575e-05,0.0005955175967472637,0.0006305630707646293,0.3253995641015418,0.29200586681288226
167.9461535191899,3.503510175209037e-05,0.000595428939005584,0.0006304640407576743,0.32539823382651784,0.2920207554312223
167.97115651956494,3.5024734090889064e-05,0.0005953403076578351,0.0006303650417487241,0.32539690393738696,0.29203564183318276
167.99615951994,3.5014371031037193e-05,0.0005952517026922323,0.0006302660737232694,0.32539557443398126,0.29205052601942344
168.02116252031504,3.500401256981227e-05,0.0005951631240969982,0.0006301671366668105,0.32539424531613304,0.29206540799060376
168.0461655206901,3.4993658704493825e-05,0.0005950745718603618,0.0006300682305648556,0.32539291658367436,0.292080287747383
168.07116852106512,3.498330943236343e-05,0.0005949860459705599,0.0006299693554029233,0.3253915882364378,0.29209516529041996
168.09617152144017,3.497296475070461e-05,0.0005948975464158353,0.0006298705111665399,0.3253902602742557,0.2921100406203733
168.12117452181522,3.496262465680294e-05,0.0005948090731844386,0.0006297716978412416,0.3253889326969608,0.29212491373790134
168.14617752219027,3.495228914794601e-05,0.000594720626264627,0.0006296729154125731,0.3253876055043855,0.2921397846436621
168.17118052256532,3.494195822142338e-05,0.0005946322056446651,0.0006295741638660885,0.32538627869636283,0.29215465333831325
168.19618352294037,3.4931631874526635e-05,0.0005945438113128239,0.0006294754431873505,0.3253849522727255,0.29216951982251227
168.22118652331542,3.492131010454935e-05,0.0005944554432573817,0.0006293767533619311,0.32538362623330647,0.29218438409691627
168.24618952369045,3.491099290878712e-05,0.0005943671014666239,0.000629278094375411,0.3253823005779389,0.29219924616218207
168.2711925240655,3.490068028453749e-05,0.0005942787859288425,0.00062917946621338,0.3253809753064558,0.29221410601896625
168.29619552444055,3.489037222910004e-05,0.0005941904966323366,0.0006290808688614366,0.3253796504186906,0.29222896366792506
168.3211985248156,3.4880068739776354e-05,0.0005941022335654125,0.0006289823023051888,0.32537832591447646,0.2922438191097145
168.34620152519065,3.486976981386997e-05,0.000594013996716383,0.000628883766530253,0.3253770017936469,0.29225867234499014
168.3712045255657,3.485947544868644e-05,0.0005939257860735684,0.0006287852615222548,0.3253756780560355,0.2922735233744075
168.39620752594075,3.4849185641533305e-05,0.0005938376016252953,0.0006286867872668286,0.32537435470147585,0.2922883721986215
168.42121052631578,3.483890038972009e-05,0.0005937494433598978,0.0006285883437496179,0.3253730317298017,0.2923032188182871
168.44621352669083,3.482861969055828e-05,0.0005936613112657165,0.0006284899309562748,0.32537170914084684,0.2923180632340587
168.47121652706588,3.481834354136138e-05,0.0005935732053310993,0.0006283915488724607,0.32537038693444525,0.2923329054465906
168.49621952744093,3.4808071939444855e-05,0.0005934851255444005,0.0006282931974838454,0.3253690651104309,0.29234774545653663
168.52122252781598,3.4797804882126164e-05,0.000593397071893982,0.0006281948767761082,0.3253677436686379,0.2923625832645505
168.54622552819103,3.4787542366724724e-05,0.000593309044368212,0.0006280965867349368,0.32536642260890053,0.2923774188712855
168.57122852856608,3.477728439056195e-05,0.0005932210429554659,0.0006279983273460278,0.325365101931053,0.2923922522773947
168.5962315289411,3.476703095096123e-05,0.000593133067644126,0.0006279000985950872,0.3253637816349298,0.2924070834835308
168.62123452931615,3.475678204524788e-05,0.0005930451184225814,0.0006278019004678292,0.32536246172036537,0.2924219124903463
168.6462375296912,3.4746537670749255e-05,0.0005929571952792279,0.0006277037329499772,0.32536114218719436,0.29243673929849345
168.67124053006626,3.4736297824794626e-05,0.0005928692982024686,0.0006276055960272632,0.3253598230352514,0.2924515639086241
168.6962435304413,3.472606250471526e-05,0.0005927814271807132,0.0006275074896854285,0.32535850426437135,0.2924663863213898
168.72124653081636,3.4715831707844396e-05,0.0005926935822023784,0.0006274094139102227,0.32535718587438894,0.2924812065374419
168.7462495311914,3.47056054315172e-05,0.0005926057632558876,0.0006273113686874048,0.32535586786513937,0.29249602455743146
168.77125253156643,3.469538367307084e-05,0.0005925179703296714,0.0006272133540027422,0.32535455023645754,0.2925108403820091
168.79625553194148,3.4685166429844404e-05,0.0005924302034121667,0.0006271153698420111,0.3253532329881787,0.29252565401182534
168.82125853231653,3.4674953699178976e-05,0.0005923424624918177,0.0006270174161909966,0.3253519161201381,0.2925404654475303
168.84626153269159,3.466474547841758e-05,0.0005922547475570752,0.0006269194930354928,0.325350599632171,0.2925552746897739
168.87126453306664,3.4654541764905206e-05,0.0005921670585963972,0.0006268216003613024,0.325349283524113,0.2925700817392056
168.8962675334417,3.464434255598878e-05,0.0005920793955982481,0.0006267237381542369,0.3253479677957996,0.2925848865964748
168.92127053381674,3.4634147849017176e-05,0.0005919917585510993,0.0006266259064001164,0.3253466524470664,0.29259968926223046
168.94627353419176,3.462395764134127e-05,0.0005919041474434292,0.0006265281050847704,0.32534533747774913,0.29261448973712123
168.9712765345668,3.4613771930313814e-05,0.0005918165622637227,0.0006264303341940365,0.32534402288768366,0.2926292880217956
168.99627953494186,3.460359071328954e-05,0.0005917290030004717,0.0006263325937137612,0.32534270867670595,0.2926440841169017
169.0212825353169,3.459341398762514e-05,0.0005916414696421748,0.0006262348836298,0.32534139484465197,0.2926588780230873
169.04628553569196,3.4583241750679226e-05,0.0005915539621773377,0.0006261372039280169,0.32534008139135784,0.29267366974100006
169.07128853606702,3.4573073999812363e-05,0.0005914664805944725,0.0006260395545942849,0.32533876831665975,0.2926884592712872
169.09629153644207,3.4562910732387046e-05,0.0005913790248820985,0.0006259419356144855,0.32533745562039407,0.29270324661459574
169.1212945368171,3.455275194576773e-05,0.0005912915950287414,0.0006258443469745092,0.3253361433023972,0.2927180317715723
169.14629753719214,3.4542597637320765e-05,0.0005912041910229339,0.0006257467886602547,0.3253348313625055,0.2927328147428634
169.1713005375672,3.4532447804414475e-05,0.0005911168128532153,0.0006256492606576299,0.32533351980055575,0.29274759552911506
169.19630353794224,3.452230244441911e-05,0.000591029460508132,0.0006255517629525512,0.3253322086163845,0.29276237413097317
169.2213065383173,3.451216155470683e-05,0.0005909421339762369,0.0006254542955309437,0.3253308978098286,0.29277715054908326
169.24630953869234,3.4502025132651754e-05,0.0005908548332460898,0.0006253568583787415,0.3253295873807248,0.2927919247840906
169.2713125390674,3.44918931756299e-05,0.0005907675583062571,0.000625259451481887,0.32532827732891023,0.2928066968366402
169.29631553944242,3.448176568101924e-05,0.0005906803091453121,0.0006251620748263314,0.32532696765422187,0.29282146670737663
169.32131853981747,3.4471642646199645e-05,0.0005905930857518348,0.0006250647283980344,0.3253256583564968,0.29283623439694445
169.34632154019252,3.446152406855292e-05,0.0005905058881144119,0.0006249674121829649,0.32532434943557237,0.29285099990598773
169.37132454056757,3.4451409945462795e-05,0.0005904187162216371,0.0006248701261670999,0.3253230408912859,0.2928657632351503
169.39632754094262,3.4441300274314905e-05,0.0005903315700621103,0.0006247728703364252,0.32532173272347475,0.29288052438507567
169.42133054131767,3.443119505249683e-05,0.0005902444496244387,0.0006246756446769355,0.32532042493197655,0.2928952833564072
169.44633354169272,3.4421094277398044e-05,0.0005901573548972358,0.0006245784491746339,0.3253191175166289,0.2929100401497878
169.47133654206775,3.441099794640994e-05,0.0005900702858691224,0.0006244812838155324,0.3253178104772695,0.29292479476586014
169.4963395424428,3.440090605692582e-05,0.0005899832425287251,0.0006243841485856509,0.32531650381373606,0.2929395472052667
169.52134254281785,3.43908186063409e-05,0.0005898962248646779,0.0006242870434710188,0.3253151975258666,0.2929542974686496
169.5463455431929,3.43807355920523e-05,0.0005898092328656213,0.0006241899684576736,0.32531389161349905,0.29296904555665065
169.57134854356795,3.437065701145906e-05,0.0005897222665202027,0.0006240929235316618,0.32531258607647157,0.29298379146991144
169.596351543943,3.4360582861962135e-05,0.0005896353258170758,0.000623995908679038,0.32531128091462225,0.2929985352090732
169.62135454431805,3.4350513140964346e-05,0.0005895484107449014,0.0006238989238858657,0.32530997612778945,0.29301327677477695
169.64635754469307,3.434044784587047e-05,0.0005894615212923467,0.0006238019691382172,0.32530867171581146,0.2930280161676634
169.67136054506813,3.4330386974087104e-05,0.0005893746574480856,0.0006237050444221727,0.32530736767852675,0.293042753388373
169.69636354544318,3.4320330523022834e-05,0.0005892878192007989,0.0006236081497238217,0.32530606401577394,0.29305748843754587
169.72136654581823,3.431027849008808e-05,0.0005892010065391737,0.0006235112850292618,0.32530476072739156,0.29307222131582183
169.74636954619328,3.430023087269521e-05,0.0005891142194519043,0.0006234144503245995,0.3253034578132185,0.29308695202384055
169.77137254656833,3.429018766825843e-05,0.0005890274579276912,0.0006233176455959496,0.3253021552730935,0.29310168056224123
169.79637554694335,3.428014887419389e-05,0.0005889407219552416,0.0006232208708294355,0.3253008531068554,0.2931164069316629
169.8213785473184,3.4270114487919574e-05,0.0005888540115232696,0.0006231241260111892,0.32529955131434335,0.29313113113274436
169.84638154769345,3.4260084506855426e-05,0.0005887673266204956,0.0006230274111273511,0.32529824989539635,0.293145853166124
169.8713845480685,3.4250058928423216e-05,0.0005886806672356471,0.0006229307261640703,0.3252969488498537,0.29316057303244003
169.89638754844356,3.424003775004662e-05,0.0005885940333574578,0.0006228340711075044,0.32529564817755463,0.2931752907323303
169.9213905488186,3.423002096915122e-05,0.0005885074249746681,0.0006227374459438194,0.32529434787833855,0.2931900062664324
169.94639354919366,3.422000858316446e-05,0.0005884208420760255,0.00062264085065919,0.32529304795204494,0.29320471963538364
169.97139654956868,3.421000058951567e-05,0.0005883342846502835,0.0006225442852397992,0.3252917483985133,0.29321943083982105
169.99639954994373,3.4199996985636045e-05,0.0005882477526862025,0.0006224477496718385,0.32529044921758343,0.29323413988038144
170.02140255031878,3.418999776895867e-05,0.0005881612461725494,0.0006223512439415081,0.32528915040909495,0.2932488467577013
170.04640555069383,3.4180002936918505e-05,0.0005880747650980979,0.0006222547680350164,0.32528785197288773,0.2932635514724168
170.07140855106888,3.417001248695239e-05,0.0005879883094516281,0.0006221583219385804,0.3252865539088017,0.29327825402516383
170.09641155144394,3.416002641649903e-05,0.0005879018792219269,0.0006220619056384259,0.325285256216677,0.29329295441657804
170.121414551819,3.415004472299901e-05,0.0005878154743977875,0.0006219655191207865,0.32528395889635353,0.2933076526472948
170.146417552194,3.414006740389478e-05,0.0005877290949680103,0.000621869162371905,0.32528266194767175,0.29332234871794916
170.17142055256906,3.4130094456630634e-05,0.0005876427409214013,0.0006217728353780319,0.32528136537047175,0.2933370426291759
170.1964235529441,3.412012587865277e-05,0.0005875564122467739,0.0006216765381254266,0.3252800691645941,0.29335173438160966
170.22142655331916,3.4110161667409234e-05,0.0005874701089329477,0.000621580270600357,0.32527877332987915,0.2933664239758845
170.2464295536942,3.410020182034994e-05,0.000587383830968749,0.000621484032789099,0.32527747786616756,0.2933811114126345
170.27143255406926,3.4090246334926646e-05,0.0005872975783430107,0.0006213878246779373,0.3252761827732999,0.2933957966924933
170.29643555444432,3.408029520859298e-05,0.0005872113510445721,0.0006212916462531651,0.3252748880511171,0.2934104798160943
170.32143855481934,3.407034843880445e-05,0.0005871251490622793,0.0006211954975010838,0.32527359369945985,0.2934251607840706
170.3464415551944,3.406040602301839e-05,0.0005870389723849846,0.000621099378408003,0.3252722997181691,0.29343983959705505
170.37144455556944,3.4050467958693985e-05,0.0005869528210015471,0.0006210032889602411,0.325271006107086,0.29345451625568025
170.3964475559445,3.40405342432923e-05,0.0005868666949008323,0.0006209072291441247,0.3252697128660516,0.2934691907605784
170.42145055631954,3.403060487427624e-05,0.0005867805940717125,0.0006208111989459887,0.3252684199949071,0.2934838631123816
170.4464535566946,3.4020679849110564e-05,0.0005866945185030661,0.0006207151983521767,0.3252671274934938,0.29349853331172154
170.47145655706964,3.401075916526186e-05,0.0005866084681837785,0.0006206192273490404,0.32526583536165316,0.29351320135922965
170.49645955744467,3.400084282019859e-05,0.0005865224431027413,0.0006205232859229398,0.3252645435992266,0.2935278672555371
170.52146255781972,3.399093081139102e-05,0.0005864364432488524,0.0006204273740602434,0.32526325220605573,0.29354253100127475
170.54646555819477,3.3981023136311327e-05,0.0005863504686110169,0.0006203314917473282,0.3252619611819822,0.2935571925970733
170.57146855856982,3.397111979243346e-05,0.0005862645191781459,0.0006202356389705794,0.3252606705268478,0.29357185204356306
170.59647155894487,3.396122077723324e-05,0.000586178594939157,0.0006201398157163903,0.32525938024049433,0.2935865093413741
170.62147455931992,3.395132608818833e-05,0.0005860926958829745,0.0006200440219711628,0.32525809032276376,0.29360116449113616
170.64647755969497,3.394143572277824e-05,0.0005860068219985291,0.0006199482577213073,0.32525680077349817,0.29361581749347876
170.67148056007,3.393154967848428e-05,0.0005859209732747581,0.0006198525229532424,0.32525551159253957,0.2936304683490311
170.69648356044505,3.392166795278961e-05,0.0005858351497006048,0.0006197568176533944,0.3252542227797302,0.2936451170584222
170.7214865608201,3.391179054317924e-05,0.0005857493512650198,0.0006196611418081991,0.3252529343349125,0.29365976362228075
170.74648956119515,3.390191744713999e-05,0.0005856635779569594,0.0006195654954040993,0.32525164625792863,0.29367440804123507
170.7714925615702,3.389204866216051e-05,0.0005855778297653867,0.0006194698784275473,0.3252503585486213,0.29368905031591336
170.79649556194525,3.388218418573129e-05,0.0005854921066792714,0.0006193742908650027,0.32524907120683283,0.29370369044694344
170.8214985623203,3.387232401534463e-05,0.0005854064086875895,0.0006192787327029341,0.32524778423240613,0.2937183284349529
170.84650156269532,3.3862468148494676e-05,0.0005853207357793234,0.000619183203927818,0.32524649762518376,0.29373296428056894
170.87150456307037,3.3852616582677365e-05,0.000585235087943462,0.0006190877045261394,0.32524521138500867,0.29374759798441874
170.89650756344543,3.3842769315390484e-05,0.0005851494651690006,0.0006189922344843911,0.32524392551172376,0.29376222954712894
170.92151056382048,3.383292634413363e-05,0.0005850638674449411,0.0006188967937890747,0.32524264000517206,0.29377685896932604
170.94651356419553,3.38230876664082e-05,0.0005849782947602916,0.0006188013824266998,0.3252413548651967,0.29379148625163626
170.97151656457058,3.381325327971745e-05,0.0005848927471040668,0.0006187060003837843,0.32524007009164074,0.2938061113946855
170.99651956494563,3.3803423181566396e-05,0.000584807224465288,0.0006186106476468543,0.32523878568434766,0.2938207343990994
171.02152256532065,3.379359736946192e-05,0.0005847217268329824,0.0006185153242024443,0.3252375016431607,0.29383535526550336
171.0465255656957,3.378377584091267e-05,0.000584636254196184,0.0006184200300370967,0.3252362179679234,0.2938499739945225
171.07152856607075,3.377395859342914e-05,0.0005845508065439332,0.0006183247651373623,0.32523493465847925,0.2938645905867816
171.0965315664458,3.3764145624523606e-05,0.0005844653838652765,0.0006182295294898002,0.32523365171467195,0.2938792050429052
171.12153456682086,3.375433693171016e-05,0.0005843799861492674,0.0006181343230809776,0.32523236913634523,0.29389381736351766
171.1465375671959,3.374453251250471e-05,0.0005842946133849652,0.0006180391458974699,0.32523108692334285,0.2939084275492429
171.17154056757096,3.373473236442495e-05,0.0005842092655614359,0.0006179439979258609,0.32522980507550886,0.29392303560070465
171.19654356794598,3.37249364849904e-05,0.0005841239426677519,0.0006178488791527423,0.3252285235926871,0.2939376415185264
171.22154656832103,3.3715144871722344e-05,0.0005840386446929915,0.0006177537895647139,0.32522724247472173,0.29395224530333136
171.24654956869608,3.3705357522143885e-05,0.0005839533716262403,0.0006176587291483842,0.325225961721457,0.2939668469557424
171.27155256907113,3.3695574433779937e-05,0.0005838681234565893,0.0006175636978903693,0.325224681332737,0.29398144647638214
171.29655556944618,3.368579560415719e-05,0.0005837829001731367,0.0006174686957772939,0.32522340130840627,0.293996043865873
171.32155856982124,3.367602103080414e-05,0.0005836977017649864,0.0006173737227957905,0.32522212164830916,0.2940106391248371
171.3465615701963,3.366625071125107e-05,0.000583612528221249,0.0006172787789325001,0.3252208423522902,0.29402523225389615
171.3715645705713,3.365648464303005e-05,0.0005835273795310416,0.0006171838641740717,0.3252195634201941,0.2940398232536718
171.39656757094636,3.364672282367495e-05,0.0005834422556834871,0.000617088978507162,0.3252182848518654,0.2940544121247853
171.4215705713214,3.36369652507214e-05,0.0005833571566677153,0.0006169941219184368,0.32521700664714903,0.2940689988678576
171.44657357169646,3.362721192170687e-05,0.0005832720824728621,0.000616899294394569,0.3252157288058899,0.2940835834835095
171.4715765720715,3.361746283417056e-05,0.0005831870330880698,0.0006168044959222403,0.32521445132793286,0.29409816597236144
171.49657957244656,3.360771798565349e-05,0.0005831020085024869,0.0006167097264881404,0.32521317421312307,0.2941127463350336
171.52158257282161,3.359797737369843e-05,0.0005830170087052684,0.0006166149860789669,0.32521189746130563,0.2941273245721459
171.54658557319664,3.358824099584999e-05,0.0005829320336855757,0.0006165202746814257,0.3252106210723258,0.294141900684318
171.5715885735717,3.3578508849654466e-05,0.0005828470834325761,0.0006164255922822306,0.32520934504602894,0.29415647467216927
171.59659157394674,3.356878093266001e-05,0.0005827621579354436,0.0006163309388681036,0.32520806938226043,0.2941710465363188
171.6215945743218,3.355905724241652e-05,0.0005826772571833584,0.0006162363144257748,0.3252067940808657,0.2941856162773855
171.64659757469684,3.354933777647566e-05,0.000582592381165507,0.0006161417189419826,0.32520551914169055,0.29420018389598784
171.6716005750719,3.353962253239088e-05,0.000582507529871082,0.0006160471524034729,0.3252042445645804,0.29421474939274417
171.69660357544694,3.35299115077174e-05,0.0005824227032892829,0.0006159526147970003,0.3252029703493812,0.29422931276827247
171.72160657582197,3.352020470001222e-05,0.0005823379014093149,0.0006158581061093271,0.3252016964959388,0.2942438740231905
171.74660957619702,3.3510502106834066e-05,0.0005822531242203894,0.0006157636263272234,0.325200423004099,0.29425843315811584
171.77161257657207,3.350080372574347e-05,0.0005821683717117246,0.0006156691754374682,0.32519914987370796,0.2942729901736656
171.79661557694712,3.3491109554302724e-05,0.0005820836438725447,0.0006155747534268475,0.3251978771046117,0.29428754507045674
171.82161857732217,3.3481419590075866e-05,0.0005819989406920802,0.0006154803602821561,0.32519660469665645,0.294302097849106
171.84662157769722,3.347173383062872e-05,0.0005819142621595679,0.0006153859959901967,0.3251953326496886,0.2943166485102297
171.87162457807224,3.346205227352886e-05,0.0005818296082642508,0.0006152916605377797,0.3251940609635544,0.29433119705444405
171.8966275784473,3.345237491634559e-05,0.0005817449789953782,0.0006151973539117238,0.3251927896381004,0.29434574348236486
171.92163057882235,3.344270175665002e-05,0.0005816603743422055,0.0006151030760988555,0.3251915186731731,0.29436028779460777
171.9466335791974,3.343303279201498e-05,0.0005815757942939945,0.0006150088270860095,0.3251902480686191,0.2943748299917881
171.97163657957245,3.342336802001506e-05,0.0005814912388400135,0.0006149146068600285,0.32518897782428524,0.29438937007452093
171.9966395799475,3.3413707438226625e-05,0.0005814067079695365,0.0006148204154077632,0.3251877079400183,0.29440390804342104
172.02164258032255,3.3404051044227765e-05,0.0005813222016718442,0.0006147262527160719,0.32518643841566514,0.29441844389910293
172.04664558069757,3.339439883559834e-05,0.0005812377199362232,0.0006146321187718215,0.3251851692510727,0.2944329776421809
172.07164858107262,3.338475080991994e-05,0.0005811532627519666,0.0006145380135618865,0.32518390044608814,0.29444750927326896
172.09665158144767,3.33751069647759e-05,0.0005810688301083734,0.0006144439370731493,0.32518263200055864,0.2944620387929808
172.12165458182272,3.336546729775132e-05,0.0005809844219947492,0.0006143498892925006,0.3251813639143314,0.29447656620192986
172.14665758219778,3.3355831806433027e-05,0.0005809000384004055,0.0006142558702068386,0.3251800961872537,0.2944910915007294
172.17166058257283,3.33462004884096e-05,0.0005808156793146603,0.0006141618798030699,0.32517882881917304,0.29450561468999226
172.19666358294788,3.333657334127135e-05,0.0005807313447268375,0.0006140679180681089,0.3251775618099369,0.29452013577033115
172.2216665833229,3.3326950362610344e-05,0.0005806470346262673,0.0006139739849888777,0.32517629515939284,0.2945346547423584
172.24666958369795,3.3317331550020355e-05,0.0005805627490022862,0.0006138800805523065,0.3251750288673886,0.2945491716066862
172.271672584073,3.3307716901096916e-05,0.0005804784878442367,0.0006137862047453336,0.3251737629337719,0.2945636863639264
172.29667558444805,3.329810641343728e-05,0.0005803942511414679,0.0006136923575549052,0.32517249735839066,0.2945781990146905
172.3216785848231,3.328850008464046e-05,0.0005803100388833345,0.000613598538967975,0.3251712321410928,0.29459270955958994
172.34668158519816,3.3278897912307166e-05,0.0005802258510591977,0.0006135047489715049,0.3251699672817262,0.29460721799923567
172.3716845855732,3.326929989403986e-05,0.0005801416876584249,0.0006134109875524648,0.3251687027801391,0.29462172433423855
172.39668758594823,3.325970602744274e-05,0.0005800575486703899,0.0006133172546978326,0.3251674386361797,0.29463622856520905
172.42169058632328,3.32501163101217e-05,0.0005799734340844718,0.0006132235503945935,0.32516617484969623,0.2946507306927575
172.44669358669833,3.324053073968437e-05,0.0005798893438900568,0.0006131298746297412,0.3251649114205371,0.29466523071749384
172.47169658707338,3.323094931374013e-05,0.0005798052780765368,0.0006130362273902769,0.32516364834855077,0.29467972864002784
172.49669958744843,3.3221372029900057e-05,0.0005797212366333099,0.00061294260866321,0.3251623856335857,0.29469422446096893
172.52170258782348,3.3211798885776946e-05,0.0005796372195497804,0.0006128490184355574,0.32516112327549057,0.2947087181809263
172.54670558819853,3.3202229878985325e-05,0.0005795532268153588,0.0006127554566943441,0.3251598612741141,0.2947232098005089
172.57170858857356,3.319266500714145e-05,0.0005794692584194616,0.000612661923426603,0.32515859962930505,0.2947376993203254
172.5967115889486,3.318310426786326e-05,0.0005793853143515115,0.0006125684186193747,0.32515733834091237,0.2947521867409842
172.62171458932366,3.317354765877044e-05,0.0005793013946009373,0.0006124749422597078,0.325156077408785,0.2947666720630934
172.6467175896987,3.316399517748437e-05,0.000579217499157174,0.0006123814943346583,0.32515481683277186,0.294781155287261
172.67172059007376,3.315444682162815e-05,0.0005791336280096625,0.0006122880748312907,0.32515355661272227,0.2947956364140945
172.6967235904488,3.314490258882659e-05,0.0005790497811478502,0.0006121946837366768,0.3251522967484854,0.29481011544420127
172.72172659082386,3.3135362476706217e-05,0.0005789659585611902,0.0006121013210378964,0.32515103723991046,0.2948245923781884
172.74672959119889,3.312582648289525e-05,0.0005788821602391422,0.0006120079867220374,0.325149778086847,0.2948390672166627
172.77173259157394,3.311629460502362e-05,0.0005787983861711714,0.000611914680776195,0.3251485192891444,0.2948535399602307
172.796735591949,3.3106766840722965e-05,0.0005787146363467493,0.0006118214031874723,0.32514726084665213,0.2948680106094988
172.82173859232404,3.3097243187626624e-05,0.000578630910755354,0.0006117281539429806,0.32514600275922007,0.29488247916507293
172.8467415926991,3.3087723643369636e-05,0.0005785472093864689,0.0006116349330298385,0.32514474502669777,0.29489694562755886
172.87174459307414,3.307820820558876e-05,0.0005784635322295841,0.0006115417404351729,0.32514348764893514,0.29491140999756216
172.8967475934492,3.306869687192242e-05,0.0005783798792741953,0.0006114485761461177,0.325142230625782,0.294925872275688
172.9217505938242,3.305918964001078e-05,0.0005782962505098048,0.0006113554401498155,0.3251409739570884,0.29494033246254137
172.94675359419927,3.3049686507495635e-05,0.0005782126459259205,0.0006112623324334162,0.32513971764270444,0.29495479055872703
172.97175659457432,3.3040187472020535e-05,0.0005781290655120565,0.0006111692529840771,0.3251384616824801,0.2949692465648494
172.99675959494937,3.3030692531230706e-05,0.0005780455092577332,0.0006110762017889639,0.32513720607626584,0.2949837004815127
173.02176259532442,3.3021201682773056e-05,0.0005779619771524768,0.0006109831788352498,0.3251359508239119,0.2949981523093208
173.04676559569947,3.3011714924296195e-05,0.0005778784691858195,0.0006108901841101157,0.3251346959252686,0.29501260204887747
173.07176859607452,3.3002232253450406e-05,0.0005777949853472999,0.0006107972176007503,0.3251334413801866,0.295027049700786
173.09677159644954,3.299275366788769e-05,0.0005777115256264623,0.00061070427929435,0.32513218718851633,0.29504149526564966
173.1217745968246,3.298327916526168e-05,0.0005776280900128571,0.0006106113691781188,0.32513093335010856,0.2950559387440712
173.14677759719964,3.297380874322774e-05,0.0005775446784960409,0.0006105184872392686,0.32512967986481395,0.2950703801366534
173.1717805975747,3.2964342399442896e-05,0.0005774612910655761,0.000610425633465019,0.3251284267324834,0.29508481944399845
173.19678359794975,3.295488013156588e-05,0.0005773779277110313,0.0006103328078425972,0.32512717395296775,0.29509925666670855
173.2217865983248,3.294542193725706e-05,0.0005772945884219811,0.0006102400103592382,0.325125921526118,0.29511369180538555
173.24678959869985,3.293596781417853e-05,0.0005772112731880062,0.0006101472410021847,0.32512466945178536,0.29512812486063095
173.27179259907487,3.292651775999404e-05,0.0005771279819986931,0.0006100544997586871,0.32512341772982084,0.2951425558330461
173.29679559944992,3.291707177236899e-05,0.0005770447148436342,0.0006099617866160032,0.3251221663600758,0.2951569847232321
173.32179859982497,3.2907629848970494e-05,0.0005769614717124285,0.000609869101561399,0.3251209153424015,0.2951714115317897
173.34680160020002,3.289819198746733e-05,0.0005768782525946805,0.0006097764445821478,0.3251196646766494,0.29518583625931955
173.37180460057508,3.2888758185529924e-05,0.0005767950574800007,0.0006096838156655306,0.32511841436267097,0.29520025890642176
173.39680760095013,3.2879328440830395e-05,0.0005767118863580059,0.0006095912147988363,0.32511716440031785,0.29521467947369645
173.42181060132518,3.286990275104253e-05,0.0005766287392183185,0.0006094986419693611,0.3251159147894416,0.29522909796174335
173.4468136017002,3.286048111384178e-05,0.0005765456160505673,0.0006094060971644091,0.32511466552989404,0.295243514371162
173.47181660207525,3.285106352690524e-05,0.0005764625168443866,0.0006093135803712919,0.325113416621527,0.2952579287025516
173.4968196024503,3.2841649987911706e-05,0.0005763794415894172,0.0006092210915773289,0.3251121680641924,0.2952723409565111
173.52182260282535,3.283224049454159e-05,0.0005762963902753055,0.0006091286307698471,0.32511091985774226,0.29528675113363934
173.5468256032004,3.2822835044477025e-05,0.0005762133628917039,0.0006090361979361809,0.3251096720020286,0.2953011592345347
173.57182860357545,3.281343363540176e-05,0.0005761303594282709,0.0006089437930636727,0.3251084244969037,0.29531556525979535
173.5968316039505,3.28040362650012e-05,0.0005760473798746709,0.0006088514161396721,0.3251071773422196,0.2953299692100193
173.62183460432553,3.279464293096246e-05,0.0005759644242205745,0.0006087590671515369,0.3251059305378289,0.2953443710858042
173.64683760470058,3.278525363097423e-05,0.0005758814924556575,0.0006086667460866317,0.32510468408358384,0.29535877088774753
173.67184060507563,3.277586836272691e-05,0.0005757985845696024,0.0006085744529323294,0.325103437979337,0.2953731686164464
173.69684360545068,3.2766487123912534e-05,0.0005757157005520975,0.0006084821876760101,0.32510219222494086,0.2953875642724978
173.72184660582573,3.27571099122248e-05,0.0005756328403928368,0.0006083899503050616,0.3251009468202482,0.2954019578564983
173.74684960620078,3.274773672535905e-05,0.0005755500040815204,0.0006082977408068794,0.3250997017651117,0.2954163493690444
173.77185260657583,3.273836756101226e-05,0.0005754671916078541,0.0006082055591688664,0.3250984570593842,0.2954307388107321
173.79685560695086,3.2729002416883084e-05,0.0005753844029615502,0.0006081134053784333,0.32509721270291864,0.2954451261821574
173.8218586073259,3.271964129067177e-05,0.0005753016381323261,0.0006080212794229979,0.325095968695568,0.2954595114839159
173.84686160770096,3.2710284180080276e-05,0.0005752188971099057,0.0006079291812899861,0.32509472503718534,0.295473894716603
173.871864608076,3.270093108281215e-05,0.0005751361798840188,0.000607837110966831,0.32509348172762387,0.2954882758808138
173.89686760845106,3.26915819965726e-05,0.0005750534864444007,0.0006077450684409733,0.3250922387667367,0.29550265497714306
173.9218706088261,3.268223691906849e-05,0.0005749708167807931,0.0006076530536998616,0.32509099615437737,0.2955170320061855
173.94687360920113,3.26728958480083e-05,0.0005748881708829433,0.0006075610667309516,0.32508975389039907,0.2955314069685354
173.97187660957619,3.266355878110215e-05,0.0005748055487406045,0.0006074691075217066,0.3250885119746555,0.29554577986478686
173.99687960995124,3.265422571606179e-05,0.0005747229503435357,0.0006073771760595974,0.325087270407,0.2955601506955337
174.0218826103263,3.264489665060063e-05,0.0005746403756815021,0.0006072852723321028,0.3250860291872864,0.29557451946136953
174.04688561070134,3.2635571582433695e-05,0.0005745578247442747,0.0006071933963267083,0.32508478831536836,0.29558888616288764
174.0718886110764,3.262625050927765e-05,0.0005744752975216301,0.0006071015480309077,0.3250835477910997,0.2956032508006811
174.09689161145144,3.261693342885077e-05,0.000574392794003351,0.0006070097274322018,0.3250823076143344,0.29561761337534276
174.12189461182646,3.260762033887299e-05,0.0005743103141792261,0.0006069179345180991,0.3250810677849263,0.2956319738874651
174.1468976122015,3.259831123706583e-05,0.0005742278580390496,0.0006068261692761155,0.3250798283027296,0.2956463323376405
174.17190061257656,3.2589006121152483e-05,0.0005741454255726218,0.0006067344316937743,0.32507858916759835,0.2956606887264609
174.19690361295162,3.257970498885774e-05,0.0005740630167697488,0.0006066427217586066,0.3250773503793868,0.29567504305451814
174.22190661332667,3.2570407837908005e-05,0.0005739806316202426,0.0006065510394581506,0.3250761119379493,0.2956893953224038
174.24690961370172,3.256111466603134e-05,0.0005738982701139209,0.0006064593847799522,0.32507487384314016,0.2957037455307091
174.27191261407677,3.255182547095739e-05,0.0005738159322406076,0.000606367757711565,0.32507363609481393,0.29571809368002505
174.2969156144518,3.254254025041745e-05,0.000573733617990132,0.0006062761582405495,0.32507239869282517,0.29573243977094243
174.32191861482684,3.2533259002144406e-05,0.0005736513273523294,0.0006061845863544738,0.3250711616370284,0.2957467838040518
174.3469216152019,3.252398172387277e-05,0.000573569060317041,0.0006060930420409138,0.3250699249272785,0.29576112577994335
174.37192461557694,3.251470841333867e-05,0.0005734868168741138,0.0006060015252874525,0.3250686885634301,0.29577546569920715
174.396927615952,3.2505439068279863e-05,0.0005734045970134006,0.0006059100360816805,0.3250674525453382,0.29578980356243295
174.42193061632705,3.2496173686435685e-05,0.0005733224007247601,0.0006058185744111958,0.3250662168728577,0.2958041393702102
174.4469336167021,3.2486912265547114e-05,0.0005732402279980567,0.0006057271402636038,0.3250649815458437,0.2958184731231282
174.47193661707712,3.247765480335673e-05,0.0005731580788231605,0.0006056357336265173,0.3250637465641512,0.2958328048217759
174.49693961745217,3.246840129760869e-05,0.0005730759531899477,0.0006055443544875563,0.3250625119276355,0.29584713446674205
174.52194261782722,3.24591517460488e-05,0.0005729938510883001,0.0006054530028343489,0.3250612776361519,0.29586146205861513
174.54694561820227,3.244990614642445e-05,0.0005729117725081055,0.0006053616786545299,0.3250600436895557,0.2958757875979834
174.57194861857732,3.244066449648464e-05,0.0005728297174392572,0.0006052703819357418,0.32505881008770243,0.29589011108543484
174.59695161895237,3.243142679397997e-05,0.0005727476858716543,0.0006051791126656343,0.3250575768304475,0.2959044325215571
174.62195461932743,3.242219303666264e-05,0.0005726656777952021,0.0006050878708318648,0.3250563439176466,0.2959187519069378
174.64695761970245,3.241296322228646e-05,0.0005725836931998113,0.0006049966564220978,0.3250551113491554,0.295933069242164
174.6719606200775,3.2403737348606815e-05,0.0005725017320753985,0.0006049054694240053,0.32505387912482964,0.2959473845278228
174.69696362045255,3.2394515413380705e-05,0.0005724197944118859,0.0006048143098252666,0.32505264724452515,0.29596169776450093
174.7219666208276,3.238529741436673e-05,0.0005723378801992017,0.0006047231776135684,0.325051415708098,0.29597600895278475
174.74696962120265,3.2376083349325065e-05,0.0005722559894272799,0.000604632072776605,0.32505018451540396,0.29599031809326054
174.7719726215777,3.23668732160175e-05,0.0005721741220860602,0.0006045409953020777,0.3250489536662994,0.2960046251865142
174.79697562195275,3.23576670122074e-05,0.0005720922781654877,0.0006044499451776951,0.3250477231606403,0.2960189302331315
174.82197862232778,3.2348464735659735e-05,0.0005720104576555138,0.0006043589223911736,0.3250464929982829,0.2960332332336979
174.84698162270283,3.233926638414104e-05,0.0005719286605460952,0.0006042679269302363,0.32504526317908367,0.2960475341887986
174.87198462307788,3.2330071955419464e-05,0.0005718468868271948,0.0006041769587826143,0.3250440337028989,0.29606183309901857
174.89698762345293,3.232088144726472e-05,0.0005717651364887807,0.0006040860179360454,0.3250428045695851,0.29607612996494254
174.92199062382798,3.231169485744813e-05,0.0005716834095208272,0.0006039951043782753,0.3250415757789989,0.2960904247871549
174.94699362420303,3.230251218374257e-05,0.0005716017059133142,0.0006039042180970567,0.3250403473309969,0.2961047175662399
174.97199662457808,3.229333342392253e-05,0.0005715200256562272,0.0006038133590801498,0.3250391192254359,0.2961190083027815
174.9969996249531,3.228415857576407e-05,0.0005714383687395575,0.0006037225273153216,0.32503789146217255,0.29613329699736335
175.02200262532816,3.2274987637044795e-05,0.000571356735153302,0.0006036317227903469,0.3250366640410639,0.296147583650569
175.0470056257032,3.2265820605543935e-05,0.0005712751248874636,0.0006035409454930076,0.32503543696196685,0.2961618682629816
175.07200862607826,3.2256657479042277e-05,0.0005711935379320508,0.0006034501954110931,0.3250342102247385,0.29617615083518406
175.0970116264533,3.2247498255322185e-05,0.0005711119742770775,0.0006033594725323997,0.3250329838292359,0.29619043136775913
175.12201462682836,3.22383429321676e-05,0.0005710304339125639,0.0006032687768447315,0.32503175777531634,0.2962047098612893
175.1470176272034,3.222919150736403e-05,0.0005709489168285352,0.0006031781083358993,0.32503053206283705,0.29621898631635674
175.17202062757843,3.2220043978698565e-05,0.000570867423015023,0.0006030874669937216,0.3250293066916555,0.2962332607335434
175.19702362795348,3.221090034395983e-05,0.000570785952462064,0.0006029968528060238,0.32502808166162894,0.296247533113431
175.22202662832854,3.220176060093808e-05,0.0005707045051597009,0.0006029062657606389,0.3250268569726151,0.296261803456601
175.2470296287036,3.219262474742508e-05,0.0005706230810979819,0.0006028157058454069,0.3250256326244715,0.29627607176363463
175.27203262907864,3.21834927812142e-05,0.0005705416802669611,0.0006027251730481753,0.3250244086170558,0.29629033803511284
175.2970356294537,3.217436470010034e-05,0.0005704603026566982,0.0006026346673567985,0.3250231849502258,0.2963046022716163
175.32203862982874,3.2165240501879995e-05,0.0005703789482572585,0.0006025441887591385,0.3250219616238394,0.2963188644737256
175.34704163020376,3.215612018435122e-05,0.000570297617058713,0.0006024537372430643,0.3250207386377544,0.2963331246420208
175.3720446305788,3.21470037453136e-05,0.0005702163090511383,0.0006023633127964519,0.3250195159918288,0.2963473827770819
175.39704763095386,3.21378911825683e-05,0.0005701350242246168,0.0006022729154071851,0.32501829368592083,0.2963616388794887
175.42205063132891,3.2128782493918044e-05,0.0005700537625692365,0.0006021825450631546,0.3250170717198886,0.2963758929498206
175.44705363170397,3.2119677677167124e-05,0.0005699725240750909,0.0006020922017522581,0.3250158500935903,0.29639014498865685
175.47205663207902,3.211057673012136e-05,0.0005698913087322794,0.0006020018854624008,0.32501462880688425,0.29640439499657645
175.49705963245407,3.210147965058814e-05,0.0005698101165309068,0.0006019115961814949,0.3250134078596288,0.2964186429741581
175.5220626328291,3.2092386436376426e-05,0.0005697289474610839,0.0006018213338974603,0.32501218725168257,0.2964328889219803
175.54706563320414,3.208329708529668e-05,0.0005696478015129265,0.0006017310985982232,0.32501096698290405,0.29644713284062124
175.5720686335792,3.207421159516096e-05,0.0005695666786765567,0.0006016408902717176,0.3250097470531518,0.296461374730659
175.59707163395424,3.206512996378286e-05,0.0005694855789421018,0.0006015507089058847,0.3250085274622846,0.2964756145926712
175.6220746343293,3.2056052188977504e-05,0.000569404502299695,0.0006014605544886725,0.3250073082101612,0.2964898524272354
175.64707763470435,3.2046978268561594e-05,0.0005693234487394749,0.0006013704270080365,0.32500608929664054,0.29650408823492885
175.6720806350794,3.203790820035335e-05,0.0005692424182515857,0.000601280326451939,0.32500487072158146,0.29651832201632855
175.69708363545442,3.2028841982172554e-05,0.0005691614108261777,0.0006011902528083502,0.32500365248484314,0.2965325537720112
175.72208663582947,3.201977961184051e-05,0.0005690804264534058,0.0006011002060652463,0.3250024345862845,0.2965467835025534
175.74708963620452,3.201072108718007e-05,0.0005689994651234316,0.0006010101862106116,0.3250012170257649,0.2965610112085314
175.77209263657957,3.2001666406015644e-05,0.0005689185268264216,0.0006009201932324373,0.3249999998031435,0.2965752368905212
175.79709563695462,3.199261556617316e-05,0.0005688376115525482,0.0006008302271187213,0.3249987829182796,0.29658946054909846
175.82209863732967,3.198356856548009e-05,0.0005687567192919893,0.0006007402878574694,0.3249975663710327,0.29660368218483885
175.84710163770472,3.1974525401765445e-05,0.0005686758500349282,0.0006006503754366937,0.3249963501612622,0.2966179017983176
175.87210463807975,3.196548607285977e-05,0.0005685950037715543,0.0006005604898444141,0.3249951342888278,0.2966321193901097
175.8971076384548,3.1956450576595115e-05,0.000568514180492062,0.0006004706310686572,0.3249939187535891,0.29664633496079
175.92211063882985,3.19474189108051e-05,0.0005684333801866516,0.0006003807990974567,0.32499270355540577,0.29666054851093304
175.9471136392049,3.193839107332487e-05,0.0005683526028455289,0.0006002909939188538,0.3249914886941377,0.2966747600411131
175.97211663957995,3.192936706199108e-05,0.0005682718484589051,0.0006002012155208961,0.32499027416964466,0.2966889695519042
175.997119639955,3.1920346874641924e-05,0.0005681911170169973,0.0006001114638916393,0.32498905998178673,0.2967031770438802
176.02212264033002,3.191133050911713e-05,0.0005681104085100281,0.0006000217390191453,0.3249878461304239,0.29671738251761465
176.04712564070508,3.190231796325794e-05,0.0005680297229282253,0.0005999320408914832,0.32498663261541627,0.2967315859736809
176.07212864108013,3.189330923490712e-05,0.0005679490602618223,0.0005998423694967294,0.32498541943662407,0.29674578741265195
176.09713164145518,3.1884304321908956e-05,0.0005678684205010587,0.0005997527248229677,0.32498420659390753,0.2967599868351007
176.12213464183023,3.1875303222109275e-05,0.0005677878036361789,0.0005996631068582882,0.32498299408712705,0.2967741842415997
176.14713764220528,3.18663059333554e-05,0.0005677072096574331,0.0005995735155907885,0.324981781916143,0.2967883796327213
176.17214064258033,3.1857312453496185e-05,0.0005676266385550771,0.0005994839510085733,0.32498057008081593,0.2968025730090376
176.19714364295535,3.184832278038202e-05,0.0005675460903193724,0.0005993944130997543,0.3249793585810064,0.2968167643711205
176.2221466433304,3.183933691186476e-05,0.0005674655649405853,0.0005993049018524501,0.32497814741657505,0.29683095371954155
176.24714964370546,3.183035484579782e-05,0.0005673850624089886,0.0005992154172547864,0.3249769365873827,0.2968451410548722
176.2721526440805,3.182137658003612e-05,0.0005673045827148598,0.000599125959294896,0.32497572609329,0.2968593263776835
176.29715564445556,3.181240211243608e-05,0.0005672241258484824,0.0005990365279609185,0.324974515934158,0.2968735096885463
176.3221586448306,3.180343144085564e-05,0.0005671436918001455,0.0005989471232410011,0.3249733061098476,0.29688769098803136
176.34716164520566,3.179446456315425e-05,0.0005670632805601431,0.0005988577451232973,0.3249720966202198,0.296901870276709
176.37216464558068,3.178550147719287e-05,0.0005669828921187754,0.0005987683935959683,0.3249708874651358,0.2969160475551494
176.39716764595573,3.1776542180833956e-05,0.0005669025264663475,0.0005986790686471814,0.32496967864445675,0.29693022282392245
176.42217064633078,3.176758667194148e-05,0.0005668221835931704,0.000598589770265112,0.324968470158044,0.29694439608359785
176.44717364670583,3.175863494838093e-05,0.0005667418634895606,0.0005985004984379416,0.32496726200575876,0.296958567334745
176.4721766470809,3.1749687008019264e-05,0.0005666615661458398,0.0005984112531538591,0.32496605418746255,0.29697273657793316
176.49717964745594,3.174074284872498e-05,0.0005665812915523355,0.0005983220344010604,0.3249648467030169,0.29698690381373116
176.522182647831,3.1731802468368046e-05,0.0005665010396993802,0.0005982328421677483,0.3249636395522833,0.2970010690427078
176.547185648206,3.172286586481997e-05,0.0005664208105773127,0.0005981436764421326,0.3249624327351235,0.2970152322654315
176.57218864858106,3.1713933035953694e-05,0.0005663406041764763,0.00059805453721243,0.32496122625139917,0.2970293934824704
176.5971916489561,3.170500397964372e-05,0.0005662604204872205,0.0005979654244668642,0.32496002010097214,0.29704355269439264
176.62219464933116,3.169607869376601e-05,0.0005661802594999,0.000597876338193666,0.32495881428370427,0.2970577099017659
176.64719764970621,3.168715717619804e-05,0.0005661001212048747,0.0005977872783810728,0.32495760879945756,0.2970718651051576
176.67220065008127,3.167823942481877e-05,0.0005660200055925106,0.0005976982450173294,0.3249564036480941,0.29708601830513504
176.69720365045632,3.166932543750864e-05,0.0005659399126531786,0.0005976092380906873,0.3249551988294759,0.29710016950226525
176.72220665083134,3.166041521214962e-05,0.0005658598423772553,0.0005975202575894049,0.32495399434346517,0.29711431869711497
176.7472096512064,3.1651508746625115e-05,0.0005657797947551225,0.0005974313035017475,0.3249527901899242,0.29712846589025077
176.77221265158144,3.164260603882006e-05,0.0005656997697771677,0.0005973423758159878,0.32495158636871535,0.29714261108223894
176.7972156519565,3.163370708662087e-05,0.0005656197674337838,0.0005972534745204047,0.324950382879701,0.2971567542736455
176.82221865233154,3.1624811887915425e-05,0.0005655397877153691,0.0005971645996032845,0.32494917972274373,0.29717089546503633
176.8472216527066,3.161592044059311e-05,0.0005654598306123272,0.0005970757510529203,0.324947976897706,0.29718503465697693
176.87222465308164,3.160703274254479e-05,0.0005653798961150673,0.0005969869288576121,0.32494677440445047,0.2971991718500327
176.89722765345667,3.1598148791662827e-05,0.0005652999842140041,0.0005968981330056669,0.32494557224283993,0.29721330704476867
176.92223065383172,3.158926858584102e-05,0.0005652200948995575,0.0005968093634853985,0.3249443704127372,0.2972274402417497
176.94723365420677,3.158039212297467e-05,0.0005651402281621527,0.0005967206202851273,0.32494316891400504,0.2972415714415404
176.97223665458182,3.157151940096058e-05,0.0005650603839922207,0.0005966319033931813,0.3249419677465065,0.2972557006447052
176.99723965495687,3.1562650417697e-05,0.0005649805623801977,0.0005965432127978947,0.32494076691010454,0.29726982785180817
177.02224265533192,3.155378517108368e-05,0.0005649007633165252,0.0005964545484876089,0.3249395664046623,0.29728395306341326
177.04724565570697,3.1544923659021814e-05,0.0005648209867916504,0.0005963659104506722,0.3249383662300429,0.2972980762800841
177.072248656082,3.1536065879414104e-05,0.0005647412327960257,0.0005962772986754398,0.32493716638610975,0.2973121975023841
177.09725165645705,3.152721183016469e-05,0.0005646615013201087,0.0005961887131502734,0.3249359668727259,0.29732631673087645
177.1222546568321,3.151836150917919e-05,0.0005645817923543629,0.000596100153863542,0.32493476768975504,0.2973404339661241
177.14725765720715,3.1509514914364727e-05,0.0005645021058892565,0.0005960116208036212,0.3249335688370605,0.2973545492086897
177.1722606575822,3.150067204362985e-05,0.0005644224419152638,0.0005959231139588937,0.3249323703145059,0.2973686624591358
177.19726365795725,3.14918328948846e-05,0.0005643428004228639,0.0005958346333177485,0.3249311721219547,0.2973827737180246
177.2222666583323,3.1482997466040463e-05,0.0005642631814025416,0.000595746178868582,0.3249299742592708,0.297396882985918
177.24726965870732,3.147416575501042e-05,0.0005641835848447871,0.0005956577505997975,0.32492877672631787,0.2974109902633778
177.27227265908238,3.1465337759708885e-05,0.0005641040107400956,0.0005955693484998045,0.32492757952295986,0.2974250955509656
177.29727565945743,3.145651347805174e-05,0.000564024459078968,0.0005954809725570197,0.32492638264906054,0.2974391988492426
177.32227865983248,3.144769290795635e-05,0.0005639449298519106,0.0005953926227598669,0.3249251861044841,0.2974533001587698
177.34728166020753,3.143887604734152e-05,0.0005638654230494347,0.0005953042990967762,0.3249239898890945,0.2974673994801081
177.37228466058258,3.143006289412751e-05,0.0005637859386620572,0.0005952160015561847,0.3249227940027559,0.29748149681381797
177.39728766095763,3.1421253446236054e-05,0.0005637064766803005,0.0005951277301265365,0.3249215984453326,0.2974955921604598
177.42229066133265,3.1412447701590336e-05,0.0005636270370946919,0.0005950394847962822,0.32492040321668875,0.29750968552059365
177.4472936617077,3.140364565811497e-05,0.0005635476198957646,0.0005949512655538795,0.3249192083166889,0.2975237768947794
177.47229666208275,3.139484731373607e-05,0.0005634682250740564,0.0005948630723877925,0.32491801374519746,0.2975378662835766
177.4972996624578,3.138605266638117e-05,0.0005633888526201112,0.0005947749052864923,0.32491681950207885,0.2975519536875447
177.52230266283286,3.137726171397926e-05,0.0005633095025244778,0.000594686764238457,0.3249156255871978,0.29756603910724283
177.5473056632079,3.136847445446079e-05,0.0005632301747777104,0.0005945986492321712,0.3249144320004189,0.29758012254322985
177.57230866358296,3.1359690885757644e-05,0.0005631508693703684,0.0005945105602561261,0.32491323874160694,0.2975942039960645
177.59731166395798,3.135091100580318e-05,0.000563071586293017,0.0005944224972988202,0.3249120458106267,0.2976082834663052
177.62231466433303,3.1342134812532156e-05,0.000562992325536226,0.0005943344603487582,0.32491085320734314,0.2976223609545101
177.64731766470808,3.133336230388082e-05,0.000562913087090571,0.0005942464493944519,0.3249096609316212,0.2976364364612372
177.67232066508313,3.1324593477786846e-05,0.0005628338709466327,0.0005941584644244196,0.3249084689833259,0.29765050998704423
177.69732366545819,3.1315828332189347e-05,0.0005627546770949974,0.0005940705054271868,0.32490727736232244,0.29766458153248865
177.72232666583324,3.1307066865028885e-05,0.0005626755055262562,0.000593982572391285,0.32490608606847593,0.29767865109812774
177.7473296662083,3.129830907424746e-05,0.0005625963562310059,0.0005938946653052534,0.3249048951016517,0.2976927186845185
177.7723326665833,3.1289554957788516e-05,0.0005625172291998485,0.0005938067841576369,0.324903704461715,0.29770678429221775
177.79733566695836,3.128080451359692e-05,0.0005624381244233911,0.0005937189289369881,0.32490251414853144,0.29772084792178205
177.8223386673334,3.127205773961898e-05,0.0005623590418922463,0.0005936310996318653,0.32490132416196627,0.2977349095737677
177.84734166770846,3.126331463380246e-05,0.0005622799815970319,0.0005935432962308343,0.3249001345018852,0.29774896924873073
177.8723446680835,3.1254575194096525e-05,0.000562200943528371,0.0005934555187224675,0.3248989451681538,0.29776302694722706
177.89734766845856,3.124583941845181e-05,0.0005621219276768919,0.0005933677670953437,0.3248977561606379,0.2977770826698123
177.92235066883362,3.123710730482035e-05,0.0005620429340332283,0.0005932800413380486,0.32489656747920315,0.29779113641704175
177.94735366920864,3.1228378851155627e-05,0.000561963962588019,0.0005931923414391747,0.3248953791237154,0.2978051881894706
177.9723566695837,3.1219654055412546e-05,0.0005618850133319082,0.0005931046673873208,0.3248941910940407,0.2978192379876538
177.99735966995874,3.121093291554744e-05,0.0005618060862555453,0.0005930170191710928,0.32489300339004507,0.297833285812146
178.0223626703338,3.120221542951808e-05,0.0005617271813495849,0.000592929396779103,0.32489181601159445,0.2978473316635017
178.04736567070884,3.119350159528365e-05,0.0005616482986046869,0.0005928418001999705,0.32489062895855503,0.297861375542275
178.0723686710839,3.118479141080476e-05,0.0005615694380115165,0.0005927542294223213,0.3248894422307931,0.2978754174490199
178.09737167145894,3.117608487404345e-05,0.000561490599560744,0.0005926666844347874,0.3248882558281749,0.29788945738429023
178.12237467183397,3.116738198296319e-05,0.0005614117832430453,0.0005925791652260085,0.32488706975056686,0.2979034953486394
178.14737767220902,3.115868273552884e-05,0.000561332989049101,0.0005924916717846298,0.3248858839978354,0.2979175313426208
178.17238067258407,3.1149987129706714e-05,0.0005612542169695972,0.0005924042040993039,0.32488469856984703,0.29793156536678733
178.19738367295912,3.114129516346452e-05,0.0005611754669952253,0.0005923167621586897,0.3248835134664683,0.2979455974216919
178.22238667333417,3.11326068347714e-05,0.0005610967391166818,0.0005922293459514531,0.324882328687566,0.29795962750788707
178.24738967370922,3.11239221415979e-05,0.0005610180333246684,0.0005921419554662662,0.32488114423300674,0.29797365562592515
178.27239267408424,3.1115241081916e-05,0.0005609393496098924,0.0005920545906918084,0.3248799601026574,0.29798768177635826
178.2973956744593,3.110656365369908e-05,0.0005608606879630656,0.0005919672516167646,0.3248787762963849,0.29800170595973835
178.32239867483435,3.109788985492192e-05,0.0005607820483749057,0.0005918799382298276,0.32487759281405615,0.29801572817661703
178.3474016752094,3.1089219683560744e-05,0.000560703430836135,0.0005917926505196957,0.32487640965553805,0.2980297484275457
178.37240467558445,3.108055313759315e-05,0.0005606248353374816,0.0005917053884750748,0.32487522682069797,0.29804376671307553
178.3974076759595,3.1071890214998174e-05,0.0005605462618696784,0.0005916181520846766,0.32487404430940287,0.2980577830337575
178.42241067633455,3.1063230913756246e-05,0.0005604677104234635,0.0005915309413372197,0.32487286212152006,0.29807179739014233
178.44741367670957,3.105457523184922e-05,0.0005603891809895805,0.0005914437562214298,0.3248716802569169,0.2980858097827805
178.47241667708462,3.104592316726032e-05,0.0005603106735587779,0.0005913565967260383,0.3248704987154608,0.29809982021222226
178.49741967745967,3.103727471797421e-05,0.0005602321881218094,0.0005912694628397836,0.3248693174970191,0.2981138286790177
178.52242267783473,3.1028629881976935e-05,0.000560153724669434,0.000591182354551411,0.32486813660145947,0.29812783518371655
178.54742567820978,3.101998865725596e-05,0.0005600752831924159,0.0005910952718496718,0.3248669560286495,0.2981418397268684
178.57242867858483,3.101135104180014e-05,0.0005599968636815241,0.0005910082147233243,0.32486577577845677,0.2981558423090226
178.59743167895988,3.100271703359973e-05,0.0005599184661275335,0.0005909211831611332,0.3248645958507492,0.29816984293072823
178.6224346793349,3.099408663064639e-05,0.0005598400905212234,0.0005908341771518697,0.3248634162453945,0.29818384159253414
178.64743767970995,3.0985459830933166e-05,0.0005597617368533786,0.0005907471966843118,0.3248622369622606,0.298197838294989
178.672440680085,3.0976836632454514e-05,0.0005596834051147892,0.0005906602417472438,0.32486105800121545,0.29821183303864124
178.69744368046005,3.096821703320627e-05,0.0005596050952962502,0.0005905733123294564,0.3248598793621271,0.298225825824039
178.7224466808351,3.0959601031185676e-05,0.000559526807388562,0.0005904864084197477,0.3248587010448638,0.29823981665173027
178.74744968121016,3.095098862439136e-05,0.0005594485413825298,0.0005903995300069212,0.32485752304929355,0.29825380552226277
178.7724526815852,3.094237981082336e-05,0.0005593702972689642,0.0005903126770797876,0.3248563453752846,0.29826779243618395
178.79745568196023,3.0933774588483087e-05,0.0005592920750386811,0.0005902258496271642,0.3248551680227055,0.2982817773940411
178.82245868233528,3.092517295537332e-05,0.000559213874682501,0.0005901390476378744,0.3248539909914245,0.2982957603963813
178.84746168271033,3.0916574909498277e-05,0.00055913569619125,0.0005900522711007483,0.32485281428131,0.2983097414437513
178.87246468308538,3.0907980448863516e-05,0.0005590575395557593,0.0005899655200046228,0.3248516378922307,0.29832372053669765
178.89746768346043,3.0899389571476014e-05,0.0005589794047668649,0.0005898787943383409,0.3248504618240552,0.29833769767576673
178.92247068383548,3.089080227534412e-05,0.0005589012918154082,0.0005897920940907523,0.32484928607665214,0.2983516728615047
178.94747368421054,3.088221855847755e-05,0.0005588232006922358,0.0005897054192507133,0.3248481106498903,0.2983656460944574
178.97247668458556,3.087363841888745e-05,0.0005587451313881991,0.0005896187698070865,0.32484693554363847,0.2983796173751705
178.9974796849606,3.086506185458628e-05,0.0005586670838941547,0.000589532145748741,0.3248457607577656,0.29839358670418936
179.02248268533566,3.085648886358794e-05,0.0005585890582009647,0.0005894455470645527,0.3248445862921408,0.29840755408205927
179.0474856857107,3.084791944390768e-05,0.0005585110542994957,0.0005893589737434034,0.32484341214663287,0.29842151950932516
179.07248868608576,3.0839353593562125e-05,0.0005584330721806199,0.000589272425774182,0.3248422383211111,0.29843548298653183
179.0974916864608,3.08307913105693e-05,0.0005583551118352141,0.0005891859031457834,0.32484106481544456,0.2984494445142237
179.12249468683586,3.082223259294856e-05,0.0005582771732541607,0.0005890994058471093,0.3248398916295026,0.2984634040929452
179.1474976872109,3.0813677438720705e-05,0.0005581992564283472,0.0005890129338670679,0.32483871876315457,0.29847736172324024
179.17250068758594,3.080512584590784e-05,0.0005581213613486655,0.0005889264871945733,0.32483754621626987,0.2984913174056527
179.197503687961,3.079657781253347e-05,0.0005580434880060131,0.0005888400658185466,0.3248363739887179,0.2985052711407262
179.22250668833604,3.078803333662248e-05,0.0005579656363912929,0.0005887536697279153,0.32483520208036826,0.2985192229290042
179.2475096887111,3.0779492416201115e-05,0.0005578878064954121,0.0005886672989116132,0.3248340304910906,0.2985331727710297
179.27251268908614,3.077095504929698e-05,0.0005578099983092836,0.0005885809533585806,0.32483285922075456,0.2985471206673457
179.2975156894612,3.076242123393907e-05,0.000557732211823825,0.000588494633057764,0.3248316882692299,0.29856106661849485
179.32251868983622,3.0753890968157733e-05,0.0005576544470299593,0.000588408337998117,0.3248305176363865,0.2985750106250197
179.34752169021127,3.0745364249984665e-05,0.0005575767039186142,0.0005883220681685989,0.32482934732209423,0.2985889526874624
179.37252469058632,3.073684107745295e-05,0.0005574989824807226,0.0005882358235581755,0.3248281773262231,0.298602892806365
179.39752769096137,3.072832144859704e-05,0.0005574212827072225,0.0005881496041558196,0.3248270076486431,0.2986168309822693
179.42253069133642,3.071980536145272e-05,0.0005573436045890571,0.0005880634099505097,0.3248258382892243,0.2986307672157169
179.44753369171147,3.0711292814057165e-05,0.0005572659481171742,0.0005879772409312314,0.324824669247837,0.2986447015072491
179.47253669208652,3.0702783804448895e-05,0.0005571883132825272,0.0005878910970869762,0.32482350052435144,0.298658633857407
179.49753969246154,3.06942783306678e-05,0.0005571107000760741,0.000587804978406742,0.32482233211863787,0.29867256426673144
179.5225426928366,3.06857763907551e-05,0.0005570331084887781,0.0005877188848795332,0.3248211640305667,0.29868649273576314
179.54754569321165,3.067727798275339e-05,0.0005569555385116075,0.0005876328164943609,0.32481999626000846,0.29870041926504254
179.5725486935867,3.0668783104706635e-05,0.0005568779901355356,0.0005875467732402422,0.3248188288068337,0.2987143438551098
179.59755169396175,3.066029175466013e-05,0.0005568004633515406,0.0005874607551062007,0.32481766167091297,0.2987282665065049
179.6225546943368,3.065180393066052e-05,0.0005567229581506058,0.0005873747620812664,0.32481649485211694,0.29874218721976764
179.64755769471185,3.064331963075584e-05,0.0005566454745237195,0.0005872887941544753,0.3248153283503164,0.2987561059954375
179.67256069508687,3.063483885299544e-05,0.0005565680124618753,0.0005872028513148707,0.32481416216538217,0.2987700228340538
179.69756369546192,3.0626361595430005e-05,0.0005564905719560712,0.0005871169335515012,0.32481299629718513,0.29878393773615564
179.72256669583697,3.061788785611161e-05,0.000556413152997311,0.0005870310408534225,0.3248118307455962,0.2987978507022818
179.74756969621203,3.060941763309366e-05,0.0005563357555766026,0.0005869451732096963,0.3248106655104865,0.298811761732971
179.77257269658708,3.060095092443089e-05,0.0005562583796849597,0.0005868593306093906,0.324809500591727,0.29882567082876166
179.79757569696213,3.059248772817941e-05,0.0005561810253134007,0.0005867735130415801,0.324808335989189,0.29883957799019184
179.82257869733718,3.0584028042396656e-05,0.0005561036924529487,0.0005866877204953454,0.32480717170274365,0.2988534832177996
179.8475816977122,3.0575571865141414e-05,0.0005560263810946324,0.0005866019529597738,0.3248060077322623,0.2988673865121226
179.87258469808725,3.05671191944738e-05,0.0005559490912294849,0.0005865162104239587,0.32480484407761634,0.2988812878736984
179.8975876984623,3.055867002845526e-05,0.0005558718228485446,0.0005864304928769998,0.3248036807386772,0.29889518730306425
179.92259069883735,3.055022436514862e-05,0.0005557945759428549,0.0005863448003080035,0.32480251771531643,0.29890908480075723
179.9475936992124,3.054178220261801e-05,0.0005557173505034641,0.0005862591327060821,0.3248013550074056,0.29892298036731413
179.97259669958746,3.053334353892892e-05,0.0005556401465214253,0.0005861734900603542,0.3248001926148163,0.29893687400327157
179.9975996999625,3.052490837214815e-05,0.0005555629639877969,0.000586087872359945,0.3247990305374203,0.29895076570916596
180.02260270033753,3.0516476700343876e-05,0.0005554858028936422,0.0005860022795939861,0.32479786877508954,0.29896465548553347
180.04760570071258,3.050804852158554e-05,0.0005554086632300292,0.0005859167117516148,0.32479670732769567,0.29897854333291
180.07260870108763,3.0499623833943986e-05,0.0005553315449880311,0.000585831168821975,0.32479554619511075,0.29899242925183134
180.09761170146268,3.0491202635491354e-05,0.0005552544481587259,0.0005857456507942173,0.32479438537720673,0.29900631324283294
180.12261470183773,3.048278492430112e-05,0.0005551773727331968,0.0005856601576574978,0.32479322487385576,0.2990201953064501
180.14761770221278,3.0474370698448093e-05,0.0005551003187025317,0.0005855746894009798,0.32479206468492994,0.29903407544321775
180.17262070258784,3.0465959956008415e-05,0.0005550232860578236,0.0005854892460138319,0.32479090481030143,0.2990479536536708
180.19762370296286,3.045755269505955e-05,0.0005549462747901705,0.00058540382748523,0.3247897452498426,0.2990618299383439
180.2226267033379,3.0449148913680272e-05,0.0005548692848906749,0.0005853184338043552,0.3247885860034258,0.29907570429777136
180.24762970371296,3.044074860995071e-05,0.0005547923163504449,0.0005852330649603956,0.3247874270709234,0.29908957673248737
180.272632704088,3.0432351781952295e-05,0.0005547153691605929,0.0005851477209425452,0.32478626845220787,0.29910344724302584
180.29763570446306,3.0423958427767794e-05,0.0005546384433122368,0.0005850624017400047,0.3247851101471519,0.2991173158299205
180.3226387048381,3.041556854548128e-05,0.000554561538796499,0.0005849771073419803,0.32478395215562794,0.29913118249370485
180.34764170521314,3.0407182133178177e-05,0.0005544846556045072,0.0005848918377376854,0.3247827944775088,0.2991450472349121
180.3726447055882,3.0398799188945185e-05,0.0005544077937273934,0.0005848065929163386,0.3247816371126673,0.29915891005407536
180.39764770596324,3.0390419710870356e-05,0.0005543309531562952,0.0005847213728671656,0.3247804800609761,0.29917277095172745
180.4226507063383,3.0382043697043046e-05,0.0005542541338823548,0.0005846361775793978,0.3247793233223083,0.29918662992840095
180.44765370671334,3.037367114555394e-05,0.0005541773358967193,0.0005845510070422732,0.3247781668965367,0.29920048698462826
180.4726567070884,3.036530205449501e-05,0.0005541005591905406,0.0005844658612450356,0.3247770107835345,0.2992143421209415
180.49765970746344,3.0356936421959582e-05,0.0005540238037549759,0.0005843807401769355,0.3247758549831747,0.29922819533787265
180.52266270783846,3.034857424604227e-05,0.0005539470695811871,0.0005842956438272294,0.3247746994953305,0.29924204663595344
180.54766570821351,3.0340215524838987e-05,0.0005538703566603405,0.0005842105721851795,0.3247735443198752,0.29925589601571534
180.57266870858857,3.0331860256446988e-05,0.0005537936649836081,0.0005841255252400551,0.3247723894566821,0.29926974347768964
180.59767170896362,3.0323508438964824e-05,0.0005537169945421664,0.0005840405029811312,0.3247712349056245,0.29928358902240737
180.62267470933867,3.031516007049235e-05,0.0005536403453271966,0.000583955505397689,0.3247700806665759,0.29929743265039943
180.64767770971372,3.030681514913073e-05,0.0005535637173298851,0.0005838705324790159,0.3247689267394099,0.29931127436219634
180.67268071008877,3.0298473672982446e-05,0.0005534871105414232,0.0005837855842144057,0.324767773124,0.2993251141583286
180.6976837104638,3.0290135640151275e-05,0.0005534105249530068,0.000583700660593158,0.3247666198202199,0.29933895203932626
180.72268671083884,3.0281801048742292e-05,0.0005533339605558368,0.0005836157616045791,0.3247654668279433,0.2993527880057194
180.7476897112139,3.027346989686189e-05,0.000553257417341119,0.000583530887237981,0.32476431414704404,0.2993666220580377
180.77269271158895,3.0265142182617756e-05,0.0005531808953000641,0.0005834460374826819,0.324763161777396,0.2993804541968107
180.797695711964,3.0256817904118876e-05,0.0005531043944238877,0.0005833612123280065,0.324762009718873,0.29939428442256766
180.82269871233905,3.024849705947556e-05,0.00055302791470381,0.0005832764117632856,0.3247608579713491,0.2994081127358377
180.8477017127141,3.024017964679937e-05,0.0005529514561310562,0.0005831916357778555,0.3247597065346984,0.29942193913714954
180.87270471308912,3.0231865664203215e-05,0.0005528750186968565,0.0005831068843610598,0.324758555408795,0.29943576362703195
180.89770771346417,3.0223555109801267e-05,0.0005527986023924458,0.000583022157502247,0.3247574045935131,0.29944958620601336
180.92271071383922,3.021524798170901e-05,0.0005527222072090639,0.0005829374551907729,0.32475625408872705,0.2994634068746219
180.94771371421427,3.0206944278043218e-05,0.0005526458331379553,0.0005828527774159985,0.324755103894311,0.2994772256333856
180.97271671458932,3.019864399692195e-05,0.0005525694801703694,0.0005827681241672914,0.32475395401013957,0.29949104248283215
180.99771971496438,3.019034713646458e-05,0.0005524931482975608,0.0005826834954340254,0.3247528044360871,0.29950485742348915
181.02272271533943,3.0182053694791767e-05,0.0005524168375107884,0.0005825988912055802,0.32475165517202825,0.29951867045588393
181.04772571571445,3.017376367002544e-05,0.0005523405478013162,0.0005825143114713416,0.32475050621783746,0.2995324815805436
181.0727287160895,3.016547706028883e-05,0.0005522642791604129,0.0005824297562207017,0.3247493575733896,0.299546290797995
181.09773171646455,3.0157193863706456e-05,0.0005521880315793521,0.0005823452254430586,0.3247482092385593,0.2995600981087648
181.1227347168396,3.014891407840414e-05,0.0005521118050494122,0.0005822607191278163,0.32474706121322133,0.29957390351337954
181.14773771721465,3.014063770250897e-05,0.0005520355995618766,0.0005821762372643856,0.3247459134972507,0.29958770701236537
181.1727407175897,3.0132364734149325e-05,0.0005519594151080332,0.0005820917798421826,0.32474476609052233,0.2996015086062483
181.19774371796476,3.012409517145487e-05,0.0005518832516791748,0.0005820073468506297,0.3247436189929111,0.2996153082955541
181.22274671833978,3.0115829012556552e-05,0.0005518071092665992,0.0005819229382791558,0.32474247220429225,0.29962910608080845
181.24774971871483,3.0107566255586594e-05,0.0005517309878616088,0.0005818385541171954,0.32474132572454084,0.2996429019625366
181.27275271908988,3.0099306898678506e-05,0.0005516548874555107,0.0005817541943541892,0.3247401795535321,0.2996566959412638
181.29775571946493,3.0091050939967082e-05,0.0005515788080396171,0.0005816698589795842,0.32473903369114143,0.29967048801751495
181.32275871983998,3.008279837758839e-05,0.000551502749605245,0.0005815855479828334,0.324737888137244,0.2996842781918147
181.34776172021503,3.0074549209679776e-05,0.0005514267121437157,0.0005815012613533954,0.32473674289171534,0.2996980664646876
181.37276472059008,3.0066303434379866e-05,0.0005513506956463558,0.0005814169990807356,0.3247355979544309,0.2997118528366579
181.3977677209651,3.0058061049828556e-05,0.0005512747001044965,0.0005813327611543251,0.3247344533252663,0.29972563730824964
181.42277072134016,3.004982205416702e-05,0.0005511987255094737,0.0005812485475636407,0.324733309004097,0.2997394198799867
181.4477737217152,3.0041586445537703e-05,0.0005511227718526282,0.0005811643582981659,0.3247321649907989,0.2997532005523927
181.47277672209026,3.0033354222084318e-05,0.0005510468391253055,0.0005810801933473898,0.32473102128524756,0.299766979325991
181.4977797224653,3.0025125381951862e-05,0.0005509709273188559,0.0005809960527008078,0.3247298778873189,0.29978075620130484
181.52278272284036,3.00168999232866e-05,0.0005508950364246345,0.0005809119363479211,0.32472873479688885,0.29979453117885724
181.5477857232154,3.0008677844236065e-05,0.000550819166434001,0.0005808278442782371,0.3247275920138332,0.2998083042591709
181.57278872359043,3.0000459142949054e-05,0.0005507433173383204,0.0005807437764812694,0.32472644953802815,0.2998220754427683
181.59779172396549,2.999224381757563e-05,0.0005506674891289614,0.0005806597329465371,0.32472530736934974,0.2998358447301719
181.62279472434054,2.998403186626712e-05,0.0005505916817972984,0.0005805757136635656,0.324724165507674,0.29984961212190375
181.6477977247156,2.9975823287176127e-05,0.0005505158953347104,0.0005804917186218864,0.32472302395287733,0.29986337761848575
181.67280072509064,2.996761807845653e-05,0.0005504401297325806,0.0005804077478110372,0.32472188270483593,0.29987714122043957
181.6978037254657,2.995941623826342e-05,0.0005503643849822977,0.0005803238012205611,0.32472074176342614,0.2998909029282867
181.72280672584074,2.9951217764753216e-05,0.0005502886610752546,0.0005802398788400078,0.3247196011285244,0.2999046627425484
181.74780972621576,2.994302265608356e-05,0.000550212958002849,0.0005801559806589326,0.32471846080000716,0.2999184206637457
181.77281272659081,2.9934830910413355e-05,0.0005501372757564836,0.000580072106666897,0.32471732077775106,0.29993217669239935
181.79781572696587,2.992664252590276e-05,0.0005500616143275657,0.0005799882568534684,0.32471618106163264,0.29994593082903004
181.82281872734092,2.9918457500713217e-05,0.0005499859737075071,0.0005799044312082203,0.32471504165152865,0.29995968307415816
181.84782172771597,2.9910275833007402e-05,0.0005499103538877247,0.0005798206297207321,0.3247139025473158,0.29997343342830385
181.87282472809102,2.9902097520949252e-05,0.0005498347548596398,0.000579736852380589,0.32471276374887087,0.2999871818919871
181.89782772846607,2.9893922562703965e-05,0.0005497591766146785,0.0005796530991773825,0.32471162525607083,0.3000009284657276
181.9228307288411,2.9885750956437997e-05,0.000549683619144272,0.00057956937010071,0.3247104870687926,0.300014673150045
181.94783372921614,2.987758270031902e-05,0.0005496080824398555,0.0005794856651401745,0.32470934918691313,0.3000284159454585
181.9728367295912,2.9869417792516015e-05,0.0005495325664928695,0.0005794019842853855,0.3247082116103096,0.30004215685248725
181.99783972996624,2.986125623119917e-05,0.0005494570712947589,0.0005793183275259581,0.32470707433885915,0.30005589587165016
182.0228427303413,2.985309801453994e-05,0.0005493815968369733,0.0005792346948515132,0.3247059373724389,0.30006963300346584
182.04784573071635,2.984494314071102e-05,0.0005493061431109673,0.0005791510862516783,0.3247048007109262,0.30008336824845283
182.0728487310914,2.983679160788638e-05,0.0005492307101081997,0.000579067501716086,0.32470366435419845,0.3000971016071294
182.09785173146642,2.982864341424121e-05,0.0005491552978201346,0.0005789839412343758,0.3247025283021329,0.30011083308001346
182.12285473184147,2.982049855795193e-05,0.0005490799062382402,0.0005789004047961921,0.3247013925546072,0.30012456266762294
182.14785773221652,2.9812357037196244e-05,0.0005490045353539897,0.000578816892391186,0.3247002571114988,0.3001382903704754
182.17286073259157,2.980421885015308e-05,0.000548929185158861,0.0005787334040090141,0.3246991219726853,0.30015201618908827
182.19786373296662,2.979608399500261e-05,0.0005488538556443365,0.0005786499396393391,0.32469798713804443,0.30016574012397873
182.22286673334168,2.9787952469926248e-05,0.0005487785468019034,0.0005785664992718297,0.3246968526074539,0.30017946217566377
182.24786973371673,2.9779824273106646e-05,0.0005487032586230536,0.0005784830828961603,0.32469571838079153,0.3001931823446601
182.27287273409175,2.9771699402727712e-05,0.0005486279910992837,0.0005783996905020114,0.32469458445793514,0.30020690063148425
182.2978757344668,2.9763577856974557e-05,0.0005485527442220947,0.0005783163220790692,0.3246934508387627,0.30022061703665265
182.32287873484185,2.9755459634033564e-05,0.0005484775179829923,0.0005782329776170259,0.32469231752315225,0.3002343315606813
182.3478817352169,2.9747344732092337e-05,0.0005484023123734875,0.0005781496571055798,0.3246911845109819,0.3002480442040862
182.37288473559195,2.973923314933971e-05,0.0005483271273850949,0.0005780663605344346,0.32469005180212956,0.300261754967383
182.397887735967,2.9731124883965782e-05,0.0005482519630093346,0.0005779830878933004,0.32468891939647365,0.3002754638510872
182.42289073634205,2.9723019934161838e-05,0.0005481768192377312,0.000577899839171893,0.32468778729389236,0.3002891708557141
182.44789373671708,2.9714918298120454e-05,0.0005481016960618135,0.0005778166143599339,0.32468665549426395,0.3003028759817787
182.47289673709213,2.9706819974035367e-05,0.0005480265934731154,0.0005777334134471508,0.324685523997467,0.3003165792297959
182.49789973746718,2.9698724960101603e-05,0.0005479515114631753,0.0005776502364232769,0.32468439280337974,0.3003302806002803
182.52290273784223,2.9690633254515393e-05,0.0005478764500235361,0.0005775670832780515,0.32468326191188085,0.3003439800937463
182.54790573821728,2.96825448554742e-05,0.0005478014091457456,0.0005774839540012198,0.32468213132284884,0.30035767771070815
182.57290873859233,2.9674459761176705e-05,0.000547726388821356,0.0005774008485825326,0.32468100103616243,0.30037137345167986
182.59791173896735,2.966637796982285e-05,0.0005476513890419242,0.0005773177670117471,0.32467987105170026,0.30038506731717524
182.6229147393424,2.9658299479613745e-05,0.0005475764097990118,0.0005772347092786256,0.32467874136934116,0.3003987593077078
182.64791773971746,2.9650224288751775e-05,0.000547501451084185,0.0005771516753729368,0.324677611988964,0.30041244942379103
182.6729207400925,2.9642152395440527e-05,0.0005474265128890144,0.0005770686652844549,0.32467648291044765,0.30042613766593795
182.69792374046756,2.9634083797884814e-05,0.0005473515952050755,0.0005769856790029603,0.3246753541336711,0.3004398240346616
182.7229267408426,2.962601849429067e-05,0.0005472766980239484,0.0005769027165182391,0.3246742256585134,0.30045350853047464
182.74792974121766,2.9617956482865348e-05,0.0005472018213372175,0.0005768197778200829,0.3246730974848537,0.3004671911538897
182.77293274159268,2.960989776181733e-05,0.0005471269651364723,0.0005767368628982896,0.324671969612571,0.300480871905419
182.79793574196773,2.9601842329356293e-05,0.0005470521294133062,0.0005766539717426625,0.3246708420415447,0.3004945507855747
182.82293874234279,2.959379018369316e-05,0.0005469773141593178,0.000576571104343011,0.3246697147716541,0.3005082277948687
182.84794174271784,2.9585741323040046e-05,0.0005469025193661104,0.0005764882606891504,0.3246685878027785,0.30052190293381265
182.8729447430929,2.95776957456103e-05,0.0005468277450252912,0.0005764054407709014,0.32466746113479733,0.30053557620291804
182.89794774346794,2.9569653449618482e-05,0.0005467529911284725,0.000576322644578091,0.32466633476759016,0.30054924760269613
182.922950743843,2.9561614433280355e-05,0.0005466782576672712,0.0005762398721005516,0.3246652087010365,0.300562917133658
182.947953744218,2.9553578694812918e-05,0.0005466035446333086,0.0005761571233281216,0.3246640829350159,0.3005765847963145
182.97295674459306,2.9545546232434338e-05,0.0005465288520182107,0.000576074398250645,0.3246629574694082,0.3005902505911762
182.9979597449681,2.9537517044364035e-05,0.0005464541798136077,0.0005759916968579718,0.324661832304093,0.3006039145187536
183.02296274534316,2.9529491128822616e-05,0.0005463795280111351,0.0005759090191399577,0.3246607074389502,0.30061757657955696
183.04796574571822,2.9521468484031913e-05,0.0005463048966024323,0.0005758263650864643,0.32465958287385965,0.30063123677409614
183.07296874609327,2.9513449108214946e-05,0.0005462302855791436,0.0005757437346873586,0.3246584586087013,0.30064489510288106
183.09797174646832,2.9505432999595966e-05,0.0005461556949329178,0.0005756611279325139,0.32465733464335517,0.3006585515664213
183.12297474684334,2.949742015640041e-05,0.0005460811246554084,0.0005755785448118088,0.3246562109777013,0.30067220616522616
183.1479777472184,2.9489410576854912e-05,0.000546006574738273,0.0005754959853151279,0.3246550876116199,0.3006858588998049
183.17298074759344,2.9481404259187335e-05,0.0005459320451731743,0.0005754134494323616,0.32465396454499107,0.3006995097706665
183.1979837479685,2.947340120162673e-05,0.0005458575359517791,0.0005753309371534059,0.3246528417776951,0.30071315877831967
183.22298674834354,2.946540140240335e-05,0.0005457830470657592,0.0005752484484681626,0.32465171930961234,0.30072680592327294
183.2479897487186,2.945740485974865e-05,0.0005457085785067905,0.0005751659833665392,0.3246505971406232,0.3007404512060347
183.27299274909365,2.9449411571895297e-05,0.000545634130266554,0.0005750835418384493,0.32464947527060817,0.3007540946271131
183.29799574946867,2.944142153707714e-05,0.0005455597023367345,0.0005750011238738116,0.3246483536994476,0.300767736187016
183.32299874984372,2.943343475352922e-05,0.0005454852947090219,0.0005749187294625511,0.3246472324270222,0.3007813758862512
183.34800175021877,2.9425451219487796e-05,0.0005454109073751105,0.0005748363585945983,0.32464611145321265,0.30079501372532613
183.37300475059382,2.94174709331903e-05,0.000545336540326699,0.0005747540112598893,0.32464499077789966,0.30080864970474813
183.39800775096887,2.9409493892875395e-05,0.0005452621935554907,0.000574671687448366,0.3246438704009638,0.3008222838250243
183.42301075134392,2.9401520096782894e-05,0.0005451878670531934,0.0005745893871499763,0.3246427503222861,0.3008359160866615
183.44801375171897,2.9393549543153833e-05,0.0005451135608115197,0.0005745071103546736,0.3246416305417475,0.3008495464901664
183.473016752094,2.9385582230230432e-05,0.0005450392748221864,0.0005744248570524168,0.3246405110592288,0.3008631750360455
183.49801975246905,2.9377618156256092e-05,0.0005449650090769147,0.0005743426272331708,0.32463939187461116,0.3008768017248051
183.5230227528441,2.9369657319475417e-05,0.0005448907635674306,0.000574260420886906,0.32463827298777553,0.30089042655695114
183.54802575321915,2.9361699718134195e-05,0.0005448165382854645,0.0005741782380035988,0.32463715439860324,0.3009040495329896
183.5730287535942,2.9353745350479397e-05,0.0005447423332227516,0.000574096078573231,0.32463603610697533,0.30091767065342606
183.59803175396925,2.9345794214759203e-05,0.0005446681483710308,0.0005740139425857901,0.32463491811277323,0.300931289918766
183.6230347543443,2.9337846309222948e-05,0.0005445939837220465,0.0005739318300312695,0.3246338004158782,0.3009449073295146
183.64803775471933,2.9329901632121174e-05,0.000544519839267547,0.0005738497408996682,0.32463268301617165,0.30095852288617697
183.67304075509438,2.9321960181705598e-05,0.0005444457149992849,0.0005737676751809905,0.32463156591353504,0.30097213658925787
183.69804375546943,2.9314021956229113e-05,0.0005443716109090179,0.0005736856328652471,0.3246304491078499,0.3009857484392619
183.72304675584448,2.930608695394582e-05,0.0005442975269885079,0.0005736036139424536,0.32462933259899784,0.30099935843669345
183.74804975621953,2.9298155173110973e-05,0.0005442234632295211,0.0005735216184026321,0.3246282163868606,0.3010129665820568
183.77305275659458,2.929022661198102e-05,0.0005441494196238285,0.0005734396462358095,0.32462710047131976,0.3010265728758559
183.79805575696963,2.9282301268813595e-05,0.0005440753961632053,0.0005733576974320189,0.3246259848522572,0.3010401773185945
183.82305875734465,2.9274379141867503e-05,0.0005440013928394316,0.000573275771981299,0.32462486952955477,0.30105377991077625
183.8480617577197,2.9266460229402718e-05,0.0005439274096442912,0.0005731938698736939,0.3246237545030943,0.3010673806529045
183.87306475809476,2.925854452968039e-05,0.0005438534465695732,0.0005731119910992535,0.3246226397727578,0.30108097954548246
183.8980677584698,2.9250632040962867e-05,0.0005437795036070706,0.0005730301356480335,0.3246215253384273,0.30109457658901306
183.92307075884486,2.924272276151366e-05,0.0005437055807485813,0.000572948303510095,0.32462041119998497,0.30110817178399907
183.9480737592199,2.9234816689597438e-05,0.0005436316779859073,0.0005728664946755047,0.3246192973573128,0.301121765130943
183.97307675959496,2.922691382348007e-05,0.0005435577953108551,0.0005727847091343351,0.3246181838102932,0.3011353566303473
183.99807975996998,2.9219014161428584e-05,0.000543483932715236,0.0005727029468766646,0.3246170705588084,0.30114894628271405
184.02308276034503,2.9211117701711162e-05,0.0005434100901908652,0.0005726212078925764,0.32461595760274065,0.3011625340885452
184.04808576072008,2.920322444259718e-05,0.0005433362677295629,0.0005725394921721601,0.3246148449419725,0.30117612004834254
184.07308876109514,2.919533438235717e-05,0.0005432624653231532,0.0005724577997055104,0.3246137325763863,0.30118970416260754
184.0980917614702,2.918744751926285e-05,0.0005431886829634652,0.000572376130482728,0.32461262050586465,0.3012032864318416
184.12309476184524,2.9179563851587074e-05,0.000543114920642332,0.0005722944844939192,0.32461150873029015,0.30121686685654575
184.1480977622203,2.9171683377603897e-05,0.0005430411783515914,0.0005722128617291953,0.32461039724954543,0.301230445437221
184.1731007625953,2.9163806095588515e-05,0.0005429674560830856,0.0005721312621786741,0.32460928606351325,0.301244022174368
184.19810376297036,2.9155932003817294e-05,0.0005428937538286609,0.0005720496858324782,0.32460817517207635,0.30125759706848737
184.2231067633454,2.9148061100567757e-05,0.0005428200715801684,0.0005719681326807361,0.3246070645751176,0.3012711701200793
184.24810976372046,2.9140193384118606e-05,0.0005427464093294635,0.0005718866027135821,0.3246059542725199,0.301284741329644
184.27311276409552,2.9132328852749693e-05,0.0005426727670684062,0.0005718050959211559,0.32460484426416625,0.30129831069768126
184.29811576447057,2.9124467504742032e-05,0.0005425991447888606,0.0005717236122936026,0.3246037345499396,0.30131187822469085
184.32311876484562,2.9116609338377797e-05,0.0005425255424826953,0.0005716421518210731,0.32460262512972315,0.3013254439111723
184.34812176522064,2.9108754351940332e-05,0.0005424519601417837,0.000571560714493724,0.3246015160034,0.3013390077576248
184.3731247655957,2.910090254371411e-05,0.0005423783977580029,0.000571479300301717,0.32460040717085337,0.3013525697645475
184.39812776597074,2.909305391198478e-05,0.0005423048553232349,0.0005713979092352197,0.32459929863196657,0.3013661299324393
184.4231307663458,2.9085208455039156e-05,0.0005422313328293662,0.0005713165412844053,0.3245981903866229,0.30137968826179884
184.44813376672084,2.9077366171165183e-05,0.0005421578302682871,0.0005712351964394523,0.32459708243470575,0.3013932447531247
184.4731367670959,2.9069527058651984e-05,0.0005420843476318931,0.0005711538746905451,0.32459597477609864,0.301406799406915
184.49813976747095,2.9061691115789816e-05,0.0005420108849120833,0.0005710725760278731,0.32459486741068505,0.301420352223668
184.52314276784597,2.9053858340870105e-05,0.000541937442100762,0.000570991300441632,0.3245937603383486,0.30143390320388136
184.54814576822102,2.9046028732185403e-05,0.0005418640191898371,0.0005709100479220225,0.324592653558973,0.3014474523480529
184.57314876859607,2.9038202288029435e-05,0.0005417906161712213,0.0005708288184592507,0.3245915470724418,0.3014609996566801
184.59815176897112,2.903037900669707e-05,0.0005417172330368317,0.0005707476120435288,0.3245904408786389,0.3014745451302602
184.62315476934617,2.9022558886484324e-05,0.0005416438697785897,0.0005706664286650741,0.32458933497744813,0.3014880887692902
184.64815776972122,2.901474192568836e-05,0.0005415705263884211,0.0005705852683141095,0.3245882293687533,0.301501630574267
184.67316077009625,2.900692812260749e-05,0.0005414972028582562,0.0005705041309808636,0.32458712405243845,0.30151517054568727
184.6981637704713,2.8999117475541154e-05,0.0005414238991800291,0.0005704230166555703,0.32458601902838763,0.30152870868404746
184.72316677084635,2.899130998278996e-05,0.000541350615345679,0.000570341925328469,0.3245849142964848,0.30154224498984383
184.7481697712214,2.898350564265566e-05,0.0005412773513471491,0.0005702608569898048,0.32458380985661417,0.3015557794635725
184.77317277159645,2.8975704453441126e-05,0.000541204107176387,0.0005701798116298281,0.32458270570865994,0.3015693121057292
184.7981757719715,2.8967906413450392e-05,0.0005411308828253446,0.000570098789238795,0.3245816018525064,0.30158284291680965
184.82317877234655,2.8960111520988625e-05,0.0005410576782859784,0.000570017789806967,0.3245804982880378,0.3015963718973093
184.84818177272157,2.8952319774362144e-05,0.0005409844935502491,0.0005699368133246112,0.32457939501513866,0.3016098990477234
184.87318477309663,2.8944531171878383e-05,0.0005409113286101214,0.0005698558597819997,0.32457829203369326,0.301623424368547
184.89818777347168,2.8936745711845926e-05,0.0005408381834575649,0.0005697749291694108,0.32457718934358626,0.30163694786027495
184.92319077384673,2.8928963392574505e-05,0.0005407650580845534,0.0005696940214771278,0.32457608694470214,0.3016504695234019
184.94819377422178,2.8921184212374965e-05,0.0005406919524830647,0.0005696131366954396,0.32457498483692554,0.3016639893584223
184.97319677459683,2.891340816955932e-05,0.0005406188666450814,0.0005695322748146408,0.3245738830201412,0.30167750736583043
184.99819977497188,2.8905635262440686e-05,0.0005405458005625901,0.0005694514358250308,0.3245727814942338,0.30169102354612026
185.0232027753469,2.8897865489333343e-05,0.0005404727542275821,0.0005693706197169155,0.3245716802590882,0.3017045378997857
185.04820577572195,2.889009884855266e-05,0.0005403997276320526,0.0005692898264806053,0.32457057931458927,0.30171805042732036
185.073208776097,2.8882335338415184e-05,0.0005403267207680012,0.0005692090561064164,0.3245694786606219,0.3017315611292177
185.09821177647206,2.8874574957238563e-05,0.0005402537336274321,0.0005691283085846706,0.3245683782970712,0.30174507000597095
185.1232147768471,2.886681770334159e-05,0.0005401807662023538,0.0005690475839056953,0.32456727822382214,0.3017585770580732
185.14821777722216,2.885906357504417e-05,0.0005401078184847786,0.0005689668820598228,0.32456617844075986,0.3017720822860172
185.1732207775972,2.8851312570667373e-05,0.0005400348904667237,0.000568886203037391,0.3245650789477694,0.30178558569029573
185.19822377797223,2.884356468853335e-05,0.0005399619821402106,0.0005688055468287439,0.3245639797447363,0.30179908727140115
185.22322677834728,2.8835819926965408e-05,0.0005398890934972645,0.0005687249134242299,0.32456288083154555,0.3018125870298257
185.24822977872233,2.882807828428796e-05,0.0005398162245299155,0.0005686443028142035,0.32456178220808274,0.3018260849660615
185.27323277909738,2.8820339758826564e-05,0.0005397433752301979,0.0005685637149890245,0.32456068387423315,0.3018395810806003
185.29823577947244,2.8812604348907894e-05,0.0005396705455901501,0.000568483149939058,0.3245595858298823,0.30185307537393385
185.3232387798475,2.8804872052859738e-05,0.000539597735601815,0.0005684026076546747,0.3245584880749158,0.3018665678465536
185.34824178022254,2.879714286901102e-05,0.0005395249452572396,0.0005683220881262506,0.3245573906092191,0.3018800584989507
185.37324478059756,2.878941679569177e-05,0.0005394521745484753,0.0005682415913441671,0.324556293432678,0.3018935473316163
185.3982477809726,2.878169383123314e-05,0.0005393794234675779,0.000568161117298811,0.32455519654517817,0.3019070343450412
185.42325078134766,2.8773973973967416e-05,0.0005393066920066072,0.0005680806659805746,0.32455409994660533,0.30192051953971605
185.4482537817227,2.876625722222799e-05,0.0005392339801576277,0.0005680002373798556,0.3245530036368454,0.30193400291613137
185.47325678209776,2.875854357434937e-05,0.0005391612879127076,0.000567919831487057,0.32455190761578434,0.3019474844747774
185.49825978247281,2.875083302866719e-05,0.00053908861526392,0.0005678394482925872,0.324550811883308,0.30196096421614416
185.52326278284787,2.8743125583518183e-05,0.0005390159622033417,0.00056775908778686,0.3245497164393024,0.30197444214072156
185.5482657832229,2.873542123724022e-05,0.0005389433287230544,0.0005676787499602946,0.3245486212836537,0.3019879182489992
185.57326878359794,2.8727719988172263e-05,0.0005388707148151434,0.0005675984348033156,0.32454752641624796,0.3020013925414666
185.598271783973,2.8720021834654398e-05,0.0005387981204716988,0.0005675181423063532,0.3245464318369715,0.302014865018613
185.62327478434804,2.871232677502782e-05,0.0005387255456848145,0.0005674378724598423,0.32454533754571047,0.3020283356809275
185.6482777847231,2.8704634807634842e-05,0.000538652990446589,0.0005673576252542238,0.3245442435423512,0.302041804528899
185.67328078509814,2.869694593081887e-05,0.0005385804547491252,0.000567277400679944,0.3245431498267802,0.30205527156301615
185.6982837854732,2.868926014292444e-05,0.0005385079385845297,0.0005671971987274542,0.3245420563988837,0.3020687367837674
185.72328678584822,2.8681577442297197e-05,0.0005384354419449138,0.000567117019387211,0.32454096325854837,0.302082200191641
185.74828978622327,2.867389782728386e-05,0.0005383629648223929,0.0005670368626496768,0.3245398704056607,0.30209566178712516
185.77329278659832,2.866622129623228e-05,0.0005382905072090866,0.0005669567285053189,0.3245387778401073,0.3021091215707077
185.79829578697337,2.8658547847491428e-05,0.0005382180690971189,0.0005668766169446103,0.3245376855617749,0.30212257954287625
185.82329878734842,2.865087747941135e-05,0.0005381456504786178,0.0005667965279580291,0.32453659357055026,0.30213603570411834
185.84830178772347,2.864321019034321e-05,0.0005380732513457157,0.0005667164615360589,0.3245355018663201,0.3021494900549213
185.87330478809852,2.8635545978639275e-05,0.0005380008716905493,0.0005666364176691887,0.32453441044897136,0.30216294259577225
185.89830778847355,2.8627884842652933e-05,0.0005379285115052595,0.0005665563963479125,0.32453331931839086,0.302176393327158
185.9233107888486,2.862022678073861e-05,0.0005378561707819911,0.0005664763975627297,0.3245322284744656,0.30218984224956535
185.94831378922365,2.8612571791251913e-05,0.0005377838495128935,0.0005663964213041455,0.3245311379170827,0.3022032893634808
185.9733167895987,2.860491987254949e-05,0.0005377115476901203,0.0005663164675626698,0.3245300476461292,0.3022167346693906
185.99831978997375,2.859727102298912e-05,0.0005376392653058292,0.0005662365363288183,0.32452895766149226,0.3022301781677809
186.0233227903488,2.8589625240929662e-05,0.0005375670023521821,0.0005661566275931118,0.3245278679630591,0.30224361985913767
186.04832579072385,2.8581982524731076e-05,0.0005374947588213451,0.0005660767413460761,0.32452677855071693,0.30225705974394657
186.07332879109887,2.8574342872754434e-05,0.0005374225347054887,0.0005659968775782432,0.3245256894243532,0.30227049782269316
186.09833179147392,2.856670628336187e-05,0.0005373503299967875,0.0005659170362801494,0.32452460058385535,0.3022839340958628
186.12333479184898,2.8559072754916636e-05,0.0005372781446874201,0.0005658372174423367,0.3245235120291106,0.30229736856394057
186.14833779222403,2.8551442285783073e-05,0.0005372059787695695,0.0005657574210553527,0.3245224237600066,0.30231080122741144
186.17334079259908,2.8543814874326623e-05,0.000537133832235423,0.0005656776471097497,0.32452133577643094,0.3023242320867602
186.19834379297413,2.8536190518913795e-05,0.000537061705077172,0.0005655978955960858,0.3245202480782712,0.30233766114247135
186.22334679334918,2.852856921791221e-05,0.000536989597287012,0.0005655181665049242,0.3245191606654151,0.3023510883950293
186.2483497937242,2.8520950969690592e-05,0.0005369175088571429,0.0005654384598268334,0.32451807353775036,0.3023645138449181
186.27335279409925,2.8513335772618697e-05,0.0005368454397797684,0.000565358775552387,0.32451698669516477,0.3023779374926218
186.2983557944743,2.850572362506743e-05,0.0005367733900470968,0.0005652791136721643,0.32451590013754633,0.3023913593386242
186.32335879484936,2.8498114525408756e-05,0.0005367013596513403,0.000565199474176749,0.32451481386478276,0.3024047793834089
186.3483617952244,2.849050847201573e-05,0.0005366293485847155,0.0005651198570567312,0.3245137278767622,0.30241819762745914
186.37336479559946,2.848290546326249e-05,0.0005365573568394431,0.0005650402623027055,0.32451264217337256,0.30243161407125824
186.3983677959745,2.8475305497524265e-05,0.0005364853844077479,0.0005649606899052721,0.32451155675450205,0.30244502871528917
186.42337079634953,2.8467708573177363e-05,0.000536413431281859,0.0005648811398550363,0.3245104716200388,0.3024584415600347
186.44837379672458,2.846011468859917e-05,0.0005363414974540095,0.0005648016121426086,0.324509386769871,0.3024718526059775
186.47337679709963,2.8452523842168158e-05,0.0005362695829164367,0.0005647221067586049,0.324508302203887,0.30248526185359986
186.49837979747468,2.8444936032263893e-05,0.0005361976876613821,0.0005646426236936461,0.324507217921975,0.3024986693033841
186.52338279784973,2.8437351257267e-05,0.0005361258116810916,0.0005645631629383586,0.3245061339240235,0.3025120749558122
186.54838579822479,2.842976951555919e-05,0.000536053954967815,0.0005644837244833742,0.32450505020992093,0.30252547881136604
186.57338879859984,2.8422190805523267e-05,0.000535982117513806,0.0005644043083193293,0.3245039667795558,0.3025388808705272
186.59839179897486,2.8414615125543102e-05,0.0005359102993113231,0.0005643249144368662,0.3245028836328166,0.30255228113377713
186.6233947993499,2.840704247400363e-05,0.0005358385003526283,0.000564245542826632,0.32450180076959206,0.30256567960159714
186.64839779972496,2.8399472849290874e-05,0.0005357667206299882,0.0005641661934792791,0.32450071818977083,0.30257907627446823
186.6734008001,2.839190624979194e-05,0.0005356949601356734,0.0005640868663854653,0.3244996358932417,0.30259247115287125
186.69840380047506,2.8384342673894995e-05,0.0005356232188619584,0.0005640075615358535,0.32449855387989335,0.30260586423728686
186.7234068008501,2.837678211998928e-05,0.0005355514968011224,0.0005639282789211117,0.3244974721496148,0.3026192555281956
186.74840980122514,2.8369224586465143e-05,0.0005354797939454482,0.0005638490185319134,0.3244963907022948,0.3026326450260777
186.7734128016002,2.836167007171393e-05,0.0005354081102872228,0.0005637697803589367,0.3244953095378224,0.3026460327314133
186.79841580197524,2.8354118574128123e-05,0.0005353364458187377,0.0005636905643928658,0.3244942286560866,0.3026594186446822
186.8234188023503,2.834657009210125e-05,0.0005352648005322882,0.0005636113706243895,0.32449314805697665,0.3026728027663642
186.84842180272534,2.833902462402791e-05,0.0005351931744201736,0.0005635321990442015,0.32449206774038153,0.30268618509693884
186.8734248031004,2.833148216830377e-05,0.0005351215674746978,0.0005634530496430016,0.32449098770619045,0.3026995656368853
186.89842780347544,2.8323942723325567e-05,0.0005350499796881685,0.000563373922411494,0.3244899079542928,0.3027129443866829
186.92343080385047,2.831640628749111e-05,0.0005349784110528975,0.0005632948173403886,0.3244888284845777,0.3027263213468104
186.94843380422552,2.8308872859199243e-05,0.0005349068615612008,0.0005632157344204,0.3244877492969348,0.30273969651774657
186.97343680460057,2.830134243684991e-05,0.0005348353312053983,0.0005631366736422482,0.3244866703912533,0.30275306989997003
186.99843980497562,2.8293815018844116e-05,0.0005347638199778144,0.0005630576349966586,0.32448559176742287,0.30276644149395915
187.02344280535067,2.8286290603583898e-05,0.0005346923278707774,0.0005629786184743614,0.3244845134253329,0.30277981130019205
187.04844580572572,2.82787691894724e-05,0.0005346208548766198,0.0005628996240660922,0.3244834353648732,0.3027931793191467
187.07344880610077,2.8271250774913795e-05,0.0005345494009876777,0.0005628206517625915,0.3244823575859332,0.3028065455513009
187.0984518064758,2.826373535831333e-05,0.0005344779661962921,0.0005627417015546055,0.3244812800884028,0.3028199099971322
187.12345480685084,2.8256222938077292e-05,0.0005344065504948075,0.0005626627734328848,0.32448020287217183,0.30283327265711807
187.1484578072259,2.8248713512613052e-05,0.0005343351538755726,0.0005625838673881857,0.3244791259371299,0.3028466335317357
187.17346080760095,2.8241207080329036e-05,0.0005342637763309404,0.0005625049834112694,0.32447804928316715,0.30285999262146207
187.198463807976,2.8233703639634713e-05,0.0005341924178532679,0.0005624261214929026,0.32447697291017347,0.302873349926774
187.22346680835105,2.8226203188940615e-05,0.0005341210784349159,0.0005623472816238565,0.3244758968180388,0.30288670544814816
187.2484698087261,2.821870572665834e-05,0.0005340497580682499,0.0005622684637949082,0.32447482100665326,0.302900059186061
187.27347280910112,2.8211211251200528e-05,0.0005339784567456388,0.0005621896679968393,0.324473745475907,0.30291341114098874
187.29847580947617,2.8203719760980865e-05,0.0005339071744594558,0.0005621108942204366,0.32447267022569015,0.3029267613134075
187.32347880985122,2.819623125441411e-05,0.0005338359112020784,0.0005620321424564925,0.32447159525589303,0.30294010970379315
187.34848181022628,2.8188745729916063e-05,0.0005337646669658881,0.0005619534126958041,0.3244705205664059,0.3029534563126213
187.37348481060133,2.8181263185903575e-05,0.0005336934417432701,0.0005618747049291737,0.32446944615711915,0.3029668011403675
187.39848781097638,2.817378362079455e-05,0.0005336222355266141,0.0005617960191474087,0.3244683720279231,0.302980144187507
187.42349081135143,2.816630703300795e-05,0.0005335510483083137,0.0005617173553413217,0.32446729817870834,0.302993485454515
187.44849381172645,2.8158833420963773e-05,0.0005334798800807666,0.0005616387135017304,0.32446622460936536,0.3030068249418663
187.4734968121015,2.815136278308306e-05,0.0005334087308363745,0.0005615600936194576,0.3244651513197847,0.3030201626500358
187.49849981247655,2.814389511778792e-05,0.000533337600567543,0.000561481495685331,0.32446407830985713,0.30303349857949785
187.5235028128516,2.8136430423501487e-05,0.0005332664892666821,0.0005614029196901836,0.32446300557947316,0.3030468327307269
187.54850581322665,2.812896869864796e-05,0.0005331953969262055,0.0005613243656248535,0.3244619331285237,0.30306016510419714
187.5735088136017,2.8121509941652558e-05,0.0005331243235385313,0.0005612458334801839,0.3244608609568996,0.3030734957003825
187.59851181397676,2.811405415094158e-05,0.0005330532690960814,0.0005611673232470229,0.3244597890644915,0.30308682451975677
187.62351481435178,2.810660132494233e-05,0.0005329822335912818,0.0005610888349162241,0.32445871745119065,0.3031001515627935
187.64851781472683,2.8099151462083167e-05,0.0005329112170165623,0.0005610103684786455,0.32445764611688777,0.3031134768299662
187.67352081510188,2.8091704560793506e-05,0.0005328402193643573,0.0005609319239251509,0.3244565750614741,0.303126800321748
187.69852381547693,2.8084260619503786e-05,0.0005327692406271046,0.0005608535012466084,0.3244555042848405,0.3031401220386119
187.72352681585198,2.8076819636645488e-05,0.0005326982807972465,0.000560775100433892,0.3244544337868783,0.3031534419810308
187.74852981622703,2.806938161065114e-05,0.0005326273398672291,0.0005606967214778802,0.3244533635674787,0.3031667601494773
187.77353281660208,2.8061946539954304e-05,0.0005325564178295026,0.0005606183643694568,0.324452293626533,0.3031800765444239
187.7985358169771,2.805451442298958e-05,0.0005324855146765212,0.0005605400290995108,0.32445122396393244,0.30319339116634286
187.82353881735216,2.804708525819259e-05,0.000532414630400743,0.0005604617156589356,0.3244501545795685,0.30320670401570626
187.8485418177272,2.8039659044000004e-05,0.0005323437649946303,0.0005603834240386303,0.32444908547333245,0.30322001509298596
187.87354481810226,2.803223577884954e-05,0.0005322729184506494,0.000560305154229499,0.324448016645116,0.3032333243986537
187.8985478184773,2.8024815461179927e-05,0.0005322020907612703,0.0005602269062224502,0.3244469480948105,0.30324663193318097
187.92355081885236,2.801739808943094e-05,0.0005321312819189676,0.0005601486800083986,0.32444587982230777,0.30325993769703913
187.9485538192274,2.8009983662043375e-05,0.0005320604919162193,0.0005600704755782627,0.32444481182749924,0.3032732416906993
187.97355681960244,2.8002572177459083e-05,0.0005319897207455078,0.000559992292922967,0.3244437441102768,0.3032865439146324
187.9985598199775,2.7995163634120914e-05,0.0005319189683993193,0.0005599141320334403,0.32444267667053217,0.30329984436930923
188.02356282035254,2.798775803047277e-05,0.0005318482348701442,0.0005598359929006169,0.32444160950815726,0.3033131430552004
188.0485658207276,2.7980355364959566e-05,0.0005317775201504764,0.000559757875515436,0.3244405426230438,0.30332643997277625
188.07356882110264,2.797295563602727e-05,0.0005317068242328144,0.0005596797798688417,0.3244394760150838,0.303339735122507
188.0985718214777,2.796555884212285e-05,0.0005316361471096605,0.0005596017059517834,0.3244384096841694,0.3033530285048626
188.12357482185274,2.7958164981694314e-05,0.0005315654887735208,0.0005595236537552151,0.32443734363019255,0.303366320120313
188.14857782222776,2.7950774053190707e-05,0.0005314948492169055,0.0005594456232700962,0.3244362778530453,0.3033796099693277
188.17358082260282,2.7943386055062064e-05,0.0005314242284323288,0.0005593676144873908,0.3244352123526199,0.3033928980523763
188.19858382297787,2.793600098575948e-05,0.0005313536264123088,0.0005592896273980682,0.3244341471288085,0.30340618436992794
188.22358682335292,2.7928618843735053e-05,0.0005312830431493677,0.0005592116619931027,0.3244330821815036,0.30341946892245175
188.24858982372797,2.792123962744192e-05,0.0005312124786360315,0.0005591337182634734,0.32443201751059725,0.3034327517104166
188.27359282410302,2.7913863335334214e-05,0.0005311419328648305,0.0005590557962001646,0.324430953115982,0.3034460327342912
188.29859582447807,2.7906489965867114e-05,0.0005310714058282985,0.0005589778957941656,0.3244298889975503,0.30345931199454407
188.3235988248531,2.7899119517496813e-05,0.0005310008975189739,0.0005589000170364706,0.3244288251551946,0.3034725894916435
188.34860182522814,2.7891751988680504e-05,0.0005309304079293981,0.0005588221599180786,0.32442776158880754,0.3034858652260577
188.3736048256032,2.7884387377876425e-05,0.0005308599370521175,0.000558744324429994,0.3244266982982817,0.3034991391982546
188.39860782597825,2.7877025683543824e-05,0.0005307894848796817,0.0005586665105632256,0.3244256352835097,0.303512411408702
188.4236108263533,2.7869666904142947e-05,0.0005307190514046447,0.0005585887183087876,0.32442457254438434,0.30352568185786744
188.44861382672835,2.7862311038135086e-05,0.0005306486366195642,0.0005585109476576993,0.32442351008079834,0.3035389505462183
188.4736168271034,2.7854958083982526e-05,0.0005305782405170021,0.0005584331986009846,0.3244224478926446,0.30355221747422184
188.49861982747842,2.7847608040148585e-05,0.000530507863089524,0.0005583554711296727,0.324421385979816,0.30356548264234506
188.52362282785347,2.7840260905097566e-05,0.0005304375043296995,0.000558277765234797,0.32442032434220547,0.3035787460510548
188.54862582822852,2.7832916677294805e-05,0.0005303671642301022,0.000558200080907397,0.3244192629797061,0.30359200770081773
188.57362882860357,2.7825575355206653e-05,0.0005302968427833096,0.0005581224181385162,0.32441820189221077,0.3036052675921003
188.59863182897863,2.7818236937300465e-05,0.0005302265399819031,0.0005580447769192036,0.3244171410796128,0.30361852572536885
188.62363482935368,2.7810901422044613e-05,0.0005301562558184682,0.0005579671572405129,0.32441608054180526,0.3036317821010894
188.64863782972873,2.7803568807908463e-05,0.0005300859902855942,0.0005578895590935027,0.32441502027868135,0.30364503671972787
188.67364083010375,2.7796239093362414e-05,0.0005300157433758743,0.0005578119824692367,0.32441396029013436,0.30365828958175
188.6986438304788,2.7788912276877842e-05,0.0005299455150819057,0.0005577344273587835,0.32441290057605776,0.30367154068762137
188.72364683085385,2.7781588356927154e-05,0.0005298753053962895,0.0005576568937532166,0.32441184113634486,0.3036847900378073
188.7486498312289,2.7774267331983755e-05,0.0005298051143116305,0.0005575793816436143,0.324410781970889,0.303698037632773
188.77365283160395,2.776694920052206e-05,0.000529734941820538,0.0005575018910210601,0.3244097230795839,0.30371128347298343
188.798655831979,2.7759633961017488e-05,0.0005296647879156246,0.0005574244218766421,0.3244086644623229,0.3037245275589034
188.82365883235403,2.775232161194646e-05,0.0005295946525895072,0.0005573469742014536,0.32440760611899977,0.3037377698909975
188.84866183272908,2.7745012151786396e-05,0.0005295245358348063,0.0005572695479865927,0.32440654804950814,0.3037510104697302
188.87366483310413,2.773770557901571e-05,0.0005294544376441466,0.0005571921432231623,0.3244054902537417,0.3037642492955657
188.89866783347918,2.7730401892113857e-05,0.0005293843580101564,0.0005571147599022703,0.32440443273159425,0.3037774863689682
188.92367083385423,2.7723101089561247e-05,0.0005293142969254683,0.0005570373980150295,0.3244033754829596,0.3037907216904014
188.94867383422928,2.7715803169839313e-05,0.0005292442543827186,0.0005569600575525579,0.3244023185077317,0.30380395526032905
188.97367683460433,2.770850813143048e-05,0.0005291742303745472,0.0005568827385059777,0.3244012618058045,0.30381718707921473
188.99867983497936,2.77012159728182e-05,0.0005291042248935986,0.0005568054408664168,0.3244002053770719,0.3038304171475217
189.0236828353544,2.7693926692486857e-05,0.0005290342379325204,0.0005567281646250072,0.32439914922142804,0.30384364546571313
189.04868583572946,2.768664028892189e-05,0.0005289642694839646,0.0005566509097728865,0.324398093338767,0.303856872034252
189.0736888361045,2.7679356760609726e-05,0.0005288943195405869,0.0005565736763011967,0.324397037728983,0.30387009685360106
189.09869183647956,2.767207610603777e-05,0.000528824388095047,0.0005564964642010848,0.32439598239197015,0.3038833199242229
189.1236948368546,2.766479832369442e-05,0.0005287544751400083,0.0005564192734637027,0.32439492732762276,0.30389654124657994
189.14869783722966,2.7657523412069095e-05,0.0005286845806681383,0.0005563421040802074,0.32439387253583524,0.3039097608211344
189.17370083760468,2.7650251369652183e-05,0.0005286147046721083,0.0005562649560417604,0.3243928180165019,0.30392297864834833
189.19870383797974,2.764298219493506e-05,0.0005285448471445932,0.0005561878293395283,0.32439176376951717,0.3039361947286836
189.2237068383548,2.7635715886410108e-05,0.0005284750080782722,0.0005561107239646823,0.3243907097947755,0.30394940906260187
189.24870983872984,2.76284524425707e-05,0.0005284051874658281,0.0005560336399083989,0.32438965609217163,0.30396262165056465
189.2737128391049,2.762119186191119e-05,0.0005283353852999478,0.0005559565771618589,0.3243886026615999,0.3039758324930332
189.29871583947994,2.7613934142926926e-05,0.0005282656015733217,0.0005558795357162487,0.3243875495029552,0.30398904159046874
189.323718839855,2.760667928411424e-05,0.0005281958362786444,0.0005558025155627586,0.32438649661613206,0.30400224894333217
189.34872184023,2.759942728397047e-05,0.0005281260894086143,0.0005557255166925847,0.3243854440010253,0.30401545455208423
189.37372484060506,2.7592178140993906e-05,0.0005280563609559334,0.0005556485390969273,0.3243843916575298,0.3040286584171855
189.39872784098011,2.7584931853683856e-05,0.0005279866509133078,0.0005555715827669916,0.3243833395855404,0.30404186053909643
189.42373084135517,2.757768842054059e-05,0.0005279169592734474,0.000555494647693988,0.324382287784952,0.30405506091827716
189.44873384173022,2.757044784006537e-05,0.000527847286029066,0.0005554177338691314,0.3243812362556595,0.3040682595551878
189.47373684210527,2.7563210110760462e-05,0.0005277776311728811,0.0005553408412836416,0.32438018499755816,0.30408145645028817
189.49873984248032,2.755597523112909e-05,0.0005277079946976141,0.0005552639699287432,0.32437913401054286,0.3040946516040379
189.52374284285534,2.754874319967547e-05,0.0005276383765959905,0.000555187119795666,0.32437808329450885,0.3041078450168965
189.5487458432304,2.754151401490479e-05,0.0005275687768607391,0.0005551102908756439,0.32437703284935127,0.30412103668932333
189.57374884360544,2.753428767532322e-05,0.000527499195484593,0.0005550334831599162,0.3243759826749654,0.30413422662177747
189.5987518439805,2.752706417943793e-05,0.0005274296324602889,0.0005549566966397269,0.32437493277124657,0.30414741481471785
189.62375484435555,2.7519843525757045e-05,0.0005273600877805676,0.0005548799313063246,0.3243738831380901,0.3041606012686032
189.6487578447306,2.7512625712789673e-05,0.0005272905614381732,0.0005548031871509629,0.3243728337753914,0.3041737859838922
189.67376084510565,2.7505410739045916e-05,0.0005272210534258543,0.0005547264641649002,0.324371784683046,0.3041869689610432
189.69876384548067,2.7498198603036838e-05,0.0005271515637363629,0.0005546497623393998,0.32437073586094933,0.30420015020051433
189.72376684585572,2.7490989303274473e-05,0.0005270820923624547,0.0005545730816657292,0.324369687308997,0.30421332970276377
189.74876984623077,2.7483782838271835e-05,0.0005270126392968897,0.0005544964221351616,0.32436863902708474,0.30422650746824925
189.77377284660582,2.747657920654293e-05,0.0005269432045324312,0.0005544197837389741,0.32436759101510804,0.3042396834974285
189.79877584698087,2.7469378406602718e-05,0.0005268737880618468,0.0005543431664684495,0.3243665432729628,0.30425285779075906
189.82377884735592,2.7462180436967128e-05,0.0005268043898779074,0.0005542665703148745,0.3243654958005447,0.30426603034869815
189.84878184773098,2.7454985296153086e-05,0.0005267350099733881,0.0005541899952695411,0.32436444859774965,0.30427920117170293
189.873784848106,2.744779298267847e-05,0.0005266656483410677,0.0005541134413237462,0.3243634016644735,0.30429237026023037
189.89878784848105,2.744060349506212e-05,0.0005265963049737288,0.0005540369084687909,0.3243623550006123,0.3043055376147373
189.9237908488561,2.7433416831823855e-05,0.0005265269798641577,0.0005539603966959816,0.32436130860606194,0.30431870323568017
189.94879384923115,2.7426232991484485e-05,0.0005264576730051446,0.0005538839059966291,0.32436026248071853,0.30433186712351545
189.9737968496062,2.741905197256576e-05,0.0005263883843894835,0.0005538074363620493,0.3243592166244782,0.3043450292786994
189.99879984998125,2.7411873773590404e-05,0.0005263191140099722,0.0005537309877835626,0.3243581710372371,0.30435818970168804
190.0238028503563,2.7404698393082116e-05,0.0005262498618594121,0.0005536545602524942,0.32435712571889136,0.3043713483929373
190.04880585073133,2.739752582956555e-05,0.0005261806279306088,0.0005535781537601743,0.3243560806693373,0.30438450535290273
190.07380885110638,2.7390356081566333e-05,0.0005261114122163712,0.0005535017682979375,0.32435503588847137,0.30439766058204
190.09881185148143,2.738318914761105e-05,0.0005260422147095122,0.0005534254038571233,0.3243539913761898,0.3044108140808043
190.12381485185648,2.7376025026227262e-05,0.0005259730354028487,0.000553349060429076,0.3243529471323891,0.30442396584965087
190.14881785223153,2.7368863715943472e-05,0.000525903874289201,0.0005532727380051445,0.32435190315696566,0.30443711588903466
190.17382085260658,2.7361705215289168e-05,0.0005258347313613935,0.0005531964365766827,0.3243508594498162,0.3044502641994104
190.19882385298163,2.735454952279479e-05,0.0005257656066122541,0.0005531201561350489,0.32434981601083707,0.3044634107812328
190.22382685335666,2.7347396636991735e-05,0.0005256965000346147,0.0005530438966716065,0.3243487728399251,0.3044765556349562
190.2488298537317,2.734024655641236e-05,0.0005256274116213108,0.0005529676581777232,0.3243477299369769,0.3044896987610349
190.27383285410676,2.733309927958999e-05,0.0005255583413651816,0.0005528914406447717,0.3243466873018893,0.30450284015992296
190.2988358544818,2.732595480505889e-05,0.0005254892892590704,0.0005528152440641294,0.3243456449345591,0.3045159798320743
190.32383885485686,2.7318813131354307e-05,0.000525420255295824,0.0005527390684271783,0.324344602834883,0.3045291177779426
190.3488418552319,2.731167425701243e-05,0.0005253512394682929,0.0005526629137253054,0.324343561002758,0.30454225399798146
190.37384485560696,2.7304538180570406e-05,0.0005252822417693316,0.0005525867799499021,0.3243425194380812,0.3045553884926442
190.39884785598198,2.7297404900566346e-05,0.0005252132621917982,0.0005525106670923645,0.32434147814074943,0.30456852126238393
190.42385085635703,2.7290274415539294e-05,0.0005251443007285544,0.0005524345751440937,0.3243404371106598,0.30458165230765377
190.4488538567321,2.7283146724029275e-05,0.000525075357372466,0.0005523585040964953,0.3243393963477095,0.30459478162890646
190.47385685710714,2.7276021824577242e-05,0.0005250064321164024,0.0005522824539409796,0.32433835585179566,0.3046079092265947
190.4988598574822,2.7268899715725127e-05,0.0005249375249532365,0.0005522064246689616,0.3243373156228155,0.3046210351011709
190.52386285785724,2.726178039601579e-05,0.0005248686358758453,0.0005521304162718611,0.32433627566066625,0.30463415925308734
190.5488658582323,2.725466386399305e-05,0.0005247997648771094,0.0005520544287411025,0.3243352359652454,0.3046472816827962
190.5738688586073,2.7247550118201692e-05,0.0005247309119499131,0.0005519784620681148,0.3243341965364501,0.3046604023907494
190.59887185898236,2.7240439157187422e-05,0.0005246620770871444,0.0005519025162443317,0.324333157374178,0.3046735213773986
190.62387485935741,2.723333097949691e-05,0.0005245932602816951,0.0005518265912611921,0.32433211847832655,0.3046866386431955
190.64887785973247,2.7226225583677775e-05,0.0005245244615264608,0.0005517506871101386,0.3243310798487932,0.3046997541885914
190.67388086010752,2.7219122968278577e-05,0.0005244556808143406,0.0005516748037826192,0.3243300414854756,0.3047128680140376
190.69888386048257,2.7212023131848836e-05,0.0005243869181382376,0.0005515989412700864,0.3243290033882714,0.3047259801199851
190.72388686085762,2.7204926072939e-05,0.0005243181734910585,0.0005515230995639975,0.3243279655570783,0.30473909050688475
190.74888986123264,2.719783179010048e-05,0.0005242494468657137,0.0005514472786558142,0.324326927991794,0.30475219917518725
190.7738928616077,2.7190740281885612e-05,0.0005241807382551173,0.0005513714785370029,0.3243258906923165,0.30476530612534314
190.79889586198274,2.7183651546847684e-05,0.000524112047652187,0.0005512956991990346,0.32432485365854336,0.30477841135780276
190.8238988623578,2.717656558354093e-05,0.0005240433750498444,0.0005512199406333853,0.3243238168903727,0.3047915148730162
190.84890186273284,2.7169482390520528e-05,0.0005239747204410151,0.0005511442028315356,0.3243227803877024,0.3048046166714335
190.8739048631079,2.7162401966342585e-05,0.0005239060838186276,0.0005510684857849701,0.3243217441504305,0.30481771675350444
190.89890786348295,2.7155324309564165e-05,0.0005238374651756149,0.0005509927894851791,0.32432070817845515,0.3048308151196787
190.92391086385797,2.714824941874327e-05,0.0005237688645049133,0.0005509171139236566,0.3243196724716743,0.30484391177040565
190.94891386423302,2.7141177292438817e-05,0.0005237002817994627,0.0005508414590919015,0.3243186370299862,0.3048570067061346
190.97391686460807,2.7134107929210685e-05,0.000523631717052207,0.0005507658249814176,0.32431760185328906,0.3048700999273146
190.99891986498312,2.7127041327619684e-05,0.0005235631702560937,0.0005506902115837134,0.3243165669414812,0.3048831914343947
191.02392286535817,2.711997748622757e-05,0.000523494641404074,0.0005506146188903015,0.3243155322944609,0.30489628122782353
191.04892586573322,2.711291640359702e-05,0.0005234261304891025,0.0005505390468926995,0.32431449791212663,0.3049093693080497
191.07392886610825,2.7105858078291658e-05,0.0005233576375041381,0.0005504634955824298,0.3243134637943767,0.3049224556755215
191.0989318664833,2.709880250887603e-05,0.0005232891624421428,0.0005503879649510188,0.32431242994110965,0.3049355403306873
191.12393486685835,2.7091749693915626e-05,0.0005232207052960825,0.0005503124549899981,0.32431139635222395,0.3049486232739951
191.1489378672334,2.708469963197687e-05,0.0005231522660589268,0.0005502369656909036,0.3243103630276183,0.3049617045058927
191.17394086760845,2.7077652321627116e-05,0.000523083844723649,0.0005501614970452761,0.3243093299671913,0.30497478402682787
191.1989438679835,2.7070607761434647e-05,0.000523015441283226,0.0005500860490446607,0.3243082971708416,0.3049878618372481
191.22394686835855,2.706356594996868e-05,0.0005229470557306385,0.0005500106216806071,0.32430726463846793,0.30500093793760064
191.24894986873358,2.705652688579937e-05,0.0005228786880588708,0.0005499352149446701,0.3243062323699692,0.30501401232833275
191.27395286910863,2.704949056749778e-05,0.0005228103382609107,0.0005498598288284084,0.32430520036524413,0.3050270850098914
191.29895586948368,2.7042456993635923e-05,0.0005227420063297497,0.0005497844633233856,0.3243041686241916,0.3050401559827234
191.32395886985873,2.703542616278673e-05,0.0005226736922583835,0.0005497091184211702,0.3243031371467107,0.30505322524727535
191.34896187023378,2.7028398073524057e-05,0.0005226053960398106,0.0005496337941133347,0.32430210593270037,0.3050662928039937
191.37396487060883,2.7021372724422704e-05,0.000522537117667034,0.0005495584903914567,0.3243010749820596,0.3050793586533248
191.39896787098388,2.7014350114058377e-05,0.0005224688571330597,0.0005494832072471181,0.3243000442946876,0.30509242279571475
191.4239708713589,2.7007330241007725e-05,0.0005224006144308977,0.0005494079446719054,0.3242990138704834,0.3051054852316094
191.44897387173395,2.700031310384829e-05,0.0005223323895535615,0.0005493327026574098,0.3242979837093463,0.30511854596145466
191.473976872109,2.699329870115858e-05,0.0005222641824940683,0.0005492574811952268,0.3242969538111755,0.305131604985696
191.49897987248406,2.6986287031517995e-05,0.0005221959932454391,0.0005491822802769571,0.32429592417587044,0.3051446623047789
191.5239828728591,2.6979278093506868e-05,0.0005221278218006982,0.0005491070998942051,0.3242948948033303,0.30515771791914853
191.54898587323416,2.697227188570646e-05,0.0005220596681528739,0.0005490319400385804,0.3242938656934546,0.30517077182925
191.5739888736092,2.6965268406698946e-05,0.000521991532294998,0.000548956800701697,0.3242928368461428,0.3051838240355282
191.59899187398423,2.6958267655067423e-05,0.0005219234142201058,0.0005488816818751732,0.32429180826129433,0.3051968745384278
191.62399487435928,2.695126962939589e-05,0.0005218553139212364,0.0005488065835506323,0.32429077993880895,0.3052099233383934
191.64899787473433,2.69442743282693e-05,0.0005217872313914325,0.0005487315057197018,0.32428975187858605,0.3052229704358694
191.67400087510939,2.6937281750273496e-05,0.0005217191666237404,0.0005486564483740139,0.32428872408052545,0.30523601583129983
191.69900387548444,2.693029189399525e-05,0.0005216511196112101,0.0005485814115052054,0.32428769654452677,0.3052490595251289
191.7240068758595,2.6923304758022247e-05,0.0005215830903468952,0.0005485063951049175,0.3242866692704899,0.3052621015178003
191.74900987623454,2.6916320340943094e-05,0.0005215150788238527,0.0005484313991647958,0.3242856422583145,0.3052751418097578
191.77401287660956,2.6909338641347314e-05,0.0005214470850351436,0.0005483564236764909,0.3242846155079006,0.30528818040144484
191.7990158769846,2.6902359657825312e-05,0.0005213791089738323,0.0005482814686316576,0.3242835890191481,0.3053012172933048
191.82401887735966,2.6895383388968463e-05,0.0005213111506329869,0.0005482065340219553,0.3242825627919569,0.3053142524857808
191.8490218777347,2.6888409833369008e-05,0.0005212432100056789,0.0005481316198390479,0.32428153682622707,0.30532728597931585
191.87402487810976,2.6881438989620126e-05,0.0005211752870849836,0.0005480567260746038,0.3242805111218587,0.3053403177743527
191.89902787848482,2.6874470856315896e-05,0.0005211073818639801,0.0005479818527202961,0.32427948567875187,0.30535334787133406
191.92403087885987,2.686750543205132e-05,0.0005210394943357508,0.0005479069997678021,0.32427846049680686,0.3053663762707023
191.9490338792349,2.6860542715422306e-05,0.0005209716244933817,0.0005478321672088039,0.32427743557592376,0.3053794029728997
191.97403687960994,2.6853582705025648e-05,0.0005209037723299624,0.0005477573550349881,0.32427641091600296,0.3053924279783685
191.999039879985,2.684662539945908e-05,0.0005208359378385865,0.0005476825632380456,0.32427538651694476,0.30540545128755053
192.02404288036004,2.6839670797321232e-05,0.0005207681210123507,0.0005476077918096718,0.3242743623786495,0.3054184729008876
192.0490458807351,2.683271889721164e-05,0.0005207003218443554,0.0005475330407415671,0.32427333850101775,0.30543149281882126
192.07404888111014,2.6825769697730758e-05,0.000520632540327705,0.0005474583100254358,0.3242723148839498,0.305444511041793
192.0990518814852,2.6818823197479922e-05,0.0005205647764555068,0.0005473835996529868,0.32427129152734635,0.305457527570244
192.12405488186022,2.6811879395061414e-05,0.0005204970302208724,0.0005473089096159338,0.32427026843110784,0.3054705424046154
192.14905788223527,2.6804938289078364e-05,0.0005204293016169164,0.0005472342399059948,0.32426924559513504,0.30548355554534806
192.17406088261032,2.6797999878134852e-05,0.0005203615906367574,0.0005471595905148923,0.3242682230193286,0.30549656699288275
192.19906388298537,2.6791064160835846e-05,0.0005202938972735172,0.0005470849614343531,0.3242672007035892,0.30550957674766
192.22406688336042,2.6784131135787213e-05,0.0005202262215203216,0.0005470103526561088,0.3242661786478177,0.30552258481012023
192.24906988373547,2.677720080159573e-05,0.0005201585633702995,0.0005469357641718952,0.3242651568519148,0.30553559118070367
192.27407288411052,2.6770273156869068e-05,0.000520090922816584,0.000546861195973453,0.32426413531578163,0.3055485958598503
192.29907588448555,2.676334820021581e-05,0.0005200232998523112,0.000546786648052527,0.32426311403931896,0.305561598848
192.3240788848606,2.6756425930245412e-05,0.0005199556944706209,0.0005467121204008663,0.3242620930224278,0.30557460014559257
192.34908188523565,2.6749506345568258e-05,0.0005198881066646566,0.0005466376130102249,0.3242610722650092,0.3055875997530675
192.3740848856107,2.6742589444795612e-05,0.0005198205364275654,0.0005465631258723611,0.3242600517669642,0.30560059767086406
192.39908788598575,2.6735675226539653e-05,0.0005197529837524978,0.0005464886589790375,0.324259031528194,0.30561359389942155
192.4240908863608,2.6728763689413437e-05,0.000519685448632608,0.0005464142123220215,0.32425801154859984,0.30562658843917895
192.44909388673585,2.6721854832030933e-05,0.0005196179310610537,0.0005463397858930846,0.3242569918280829,0.30563958129057506
192.47409688711087,2.6714948653007005e-05,0.0005195504310309961,0.0005462653796840031,0.3242559723665444,0.3056525724540486
192.49909988748593,2.6708045150957384e-05,0.0005194829485355999,0.0005461909936865573,0.3242549531638858,0.3056655619300381
192.52410288786098,2.6701144324498733e-05,0.0005194154835680336,0.0005461166278925323,0.3242539342200084,0.30567854971898184
192.54910588823603,2.669424617224858e-05,0.000519348036121469,0.0005460422822937175,0.3242529155348138,0.30569153582131803
192.57410888861108,2.6687350692825373e-05,0.0005192806061890816,0.0005459679568819069,0.3242518971082033,0.3057045202374846
192.59911188898613,2.668045788484842e-05,0.0005192131937640503,0.0005458936516488987,0.32425087894007854,0.3057175029679195
192.62411488936118,2.6673567746937947e-05,0.0005191457988395577,0.0005458193665864957,0.32424986103034104,0.30573048401306024
192.6491178897362,2.666668027771507e-05,0.00051907842140879,0.0005457451016865051,0.32424884337889254,0.30574346337334435
192.67412089011125,2.6659795475801766e-05,0.0005190110614649367,0.0005456708569407384,0.3242478259856347,0.3057564410492092
192.6991238904863,2.665291333982093e-05,0.0005189437190011907,0.0005455966323410117,0.3242468088504692,0.30576941704109184
192.72412689086136,2.6646033868396344e-05,0.000518876394010749,0.0005455224278791453,0.3242457919732979,0.30578239134942925
192.7491298912364,2.663915706015265e-05,0.0005188090864868116,0.0005454482435469642,0.3242447753540226,0.3057953639746583
192.77413289161146,2.6632282913715423e-05,0.0005187417964225824,0.0005453740793362978,0.32424375899254515,0.30580833491721554
192.7991358919865,2.6625411427711083e-05,0.0005186745238112686,0.0005452999352389796,0.32424274288876764,0.3058213041775375
192.82413889236153,2.661854260076697e-05,0.0005186072686460809,0.0005452258112468479,0.3242417270425919,0.3058342717560604
192.84914189273658,2.661167643151126e-05,0.0005185400309202337,0.0005451517073517449,0.3242407114539201,0.30584723765322047
192.87414489311163,2.6604812918573078e-05,0.0005184728106269447,0.0005450776235455178,0.32423969612265424,0.30586020186945356
192.89914789348668,2.6597952060582375e-05,0.0005184056077594353,0.0005450035598200177,0.32423868104869646,0.30587316440519546
192.92415089386174,2.6591093856170028e-05,0.0005183384223109304,0.0005449295161671004,0.32423766623194894,0.3058861252608818
192.9491538942368,2.6584238303967767e-05,0.0005182712542746582,0.000544855492578626,0.324236651672314,0.3058990844369481
192.97415689461184,2.6577385402608224e-05,0.0005182041036438509,0.0005447814890464591,0.3242356373696939,0.3059120419338295
192.99915989498686,2.6570535150724903e-05,0.0005181369704117435,0.0005447075055624684,0.32423462332399094,0.30592499775196114
193.0241628953619,2.6563687546952182e-05,0.0005180698545715751,0.0005446335421185272,0.3242336095351075,0.30593795189177797
193.04916589573696,2.6556842589925323e-05,0.0005180027561165879,0.0005445595987065132,0.324232596002946,0.3059509043537148
193.074168896112,2.6550000278280483e-05,0.0005179356750400281,0.0005444856753183086,0.3242315827274091,0.3059638551382062
193.09917189648706,2.6543160610654672e-05,0.0005178686113351447,0.0005444117719457993,0.32423056970839903,0.3059768042456865
193.12417489686212,2.6536323585685795e-05,0.0005178015649951908,0.0005443378885808766,0.3242295569458187,0.30598975167659015
193.14917789723714,2.652948920201263e-05,0.0005177345360134229,0.0005442640252154356,0.32422854443957044,0.30600269743135106
193.1741808976122,2.6522657458274825e-05,0.0005176675243831007,0.0005441901818413756,0.3242275321895572,0.3060156415104033
193.19918389798724,2.651582835311291e-05,0.0005176005300974875,0.0005441163584506005,0.32422652019568154,0.30602858391418053
193.2241868983623,2.650900188516829e-05,0.0005175335531498502,0.0005440425550350185,0.3242255084578463,0.30604152464311635
193.24918989873734,2.650217805308324e-05,0.0005174665935334591,0.0005439687715865423,0.3242244969759543,0.3060544636976442
193.2741928991124,2.6495356855500915e-05,0.000517399651241588,0.0005438950080970889,0.3242234857499084,0.30606740107819735
193.29919589948744,2.648853829106534e-05,0.0005173327262675142,0.0005438212645585796,0.3242224747796116,0.3060803367852088
193.32419889986247,2.648172235842142e-05,0.0005172658186045187,0.0005437475409629402,0.32422146406496677,0.30609327081911153
193.34920190023752,2.647490905621491e-05,0.0005171989282458854,0.0005436738373021003,0.32422045360587703,0.30610620318033827
193.37420490061257,2.6468098383092452e-05,0.0005171320551849021,0.0005436001535679946,0.32421944340224546,0.3061191338693216
193.39920790098762,2.6461290337701556e-05,0.0005170651994148601,0.0005435264897525617,0.3242184334539751,0.3061320628864939
193.42421090136267,2.64544849186906e-05,0.000516998360929054,0.0005434528458477445,0.3242174237609692,0.3061449902322875
193.44921390173772,2.6447682124708835e-05,0.0005169315397207818,0.0005433792218454906,0.324216414323131,0.3061579159071343
193.47421690211277,2.6440881954406382e-05,0.0005168647357833453,0.0005433056177377517,0.3242154051403636,0.3061708399114664
193.4992199024878,2.6434084406434226e-05,0.0005167979491100495,0.0005432320335164837,0.3242143962125706,0.3061837622457154
193.52422290286285,2.6427289479444203e-05,0.0005167311796942026,0.0005431584691736468,0.3242133875396551,0.306196682910313
193.5492259032379,2.6420497172089042e-05,0.000516664427529117,0.0005430849247012061,0.32421237912152073,0.30620960190569046
193.57422890361295,2.6413707483022317e-05,0.000516597692608108,0.0005430114000911303,0.32421137095807084,0.3062225192322791
193.599231903988,2.640692041089849e-05,0.0005165309749244942,0.0005429378953353927,0.3242103630492089,0.30623543489051
193.62423490436305,2.640013595437286e-05,0.0005164642744715981,0.000542864410425971,0.3242093553948386,0.3062483488808141
193.6492379047381,2.639335411210161e-05,0.0005163975912427457,0.0005427909453548473,0.32420834799486353,0.306261261203622
193.67424090511312,2.638657488274178e-05,0.000516330925231266,0.0005427175001140078,0.3242073408491873,0.30627417185936434
193.69924390548817,2.6379798264951264e-05,0.0005162642764304916,0.0005426440746954429,0.3242063339577136,0.30628708084847156
193.72424690586323,2.6373024257388825e-05,0.0005161976448337587,0.0005425706690911475,0.3242053273203463,0.3062999881713739
193.74924990623828,2.6366252858714088e-05,0.0005161310304344068,0.0005424972832931209,0.3242043209369891,0.30631289382850135
193.77425290661333,2.6359484067587537e-05,0.0005160644332257789,0.0005424239172933665,0.3242033148075459,0.30632579782028385
193.79925590698838,2.6352717882670513e-05,0.0005159978532012215,0.000542350571083892,0.3242023089319206,0.30633870014715114
193.82425890736343,2.634595430262522e-05,0.0005159312903540845,0.0005422772446567097,0.3242013033100172,0.30635160080953283
193.84926190773845,2.6339193326114726e-05,0.000515864744677721,0.0005422039380038356,0.3242002979417396,0.30636449980785824
193.8742649081135,2.6332434951802932e-05,0.0005157982161654877,0.0005421306511172906,0.3241992928269919,0.3063773971425567
193.89926790848855,2.6325679178354622e-05,0.0005157317048107449,0.0005420573839890995,0.3241982879656783,0.3063902928140572
193.9242709088636,2.6318926004435424e-05,0.0005156652106068561,0.0005419841366112915,0.3241972833577028,0.3064031868227887
193.94927390923866,2.6312175428711832e-05,0.0005155987335471882,0.0005419109089759,0.32419627900296966,0.30641607916917996
193.9742769096137,2.6305427449851186e-05,0.0005155322736251117,0.0005418377010749628,0.32419527490138306,0.30642896985365947
193.99927990998876,2.6298682066521675e-05,0.0005154658308340004,0.0005417645129005221,0.3241942710528474,0.3064418588766557
194.02428291036378,2.629193927739236e-05,0.0005153994051672316,0.0005416913444446239,0.32419326745726695,0.30645474623859686
194.04928591073883,2.6285199081133133e-05,0.0005153329966181858,0.000541618195699319,0.32419226411454616,0.30646763193991106
194.07428891111388,2.6278461476414748e-05,0.0005152666051802473,0.000541545066656662,0.3241912610245894,0.3064805159810262
194.09929191148893,2.6271726461908817e-05,0.0005152002308468033,0.0005414719573087121,0.32419025818730113,0.30649339836237005
194.12429491186398,2.62649940362878e-05,0.0005151338736112448,0.0005413988676475326,0.324189255602586,0.30650627908437017
194.14929791223904,2.6258264198225e-05,0.0005150675334669662,0.0005413257976651911,0.3241882532703485,0.30651915814745395
194.1743009126141,2.625153694639458e-05,0.0005150012104073649,0.0005412527473537595,0.32418725119049324,0.30653203555204867
194.1993039129891,2.624481227947155e-05,0.0005149349044258424,0.0005411797167053139,0.32418624936292506,0.30654491129858136
194.22430691336416,2.6238090196131754e-05,0.0005148686155158027,0.0005411067057119345,0.3241852477875484,0.306557785387479
194.2493099137392,2.62313706950519e-05,0.0005148023436706541,0.000541033714365706,0.32418424646426836,0.30657065781916837
194.27431291411426,2.622465377490954e-05,0.0005147360888838076,0.0005409607426587171,0.3241832453929895,0.306583528594076
194.2993159144893,2.621793943438307e-05,0.000514669851148678,0.000540887790583061,0.32418224457361683,0.30659639771262837
194.32431891486436,2.621122767215173e-05,0.0005146036304586832,0.0005408148581308349,0.3241812440060552,0.3066092651752517
194.34932191523941,2.6204518486895618e-05,0.0005145374268072448,0.0005407419452941405,0.3241802436902096,0.3066221309823721
194.37432491561444,2.6197811877295664e-05,0.0005144712401877877,0.0005406690520650834,0.32417924362598505,0.3066349951344155
194.3993279159895,2.619110784203363e-05,0.0005144050705937398,0.0005405961784357735,0.3241782438132866,0.3066478576318077
194.42433091636454,2.6184406379792144e-05,0.0005143389180185331,0.0005405233243983253,0.32417724425201944,0.3066607184749742
194.4493339167396,2.6177707489254668e-05,0.0005142727824556021,0.0005404504899448568,0.3241762449420885,0.3066735776643406
194.47433691711464,2.6171011169105507e-05,0.0005142066638983855,0.000540377675067491,0.32417524588339924,0.30668643520033206
194.4993399174897,2.616431741802981e-05,0.000514140562340325,0.0005403048797583548,0.3241742470758568,0.30669929108337374
194.52434291786474,2.6157626234713554e-05,0.0005140744777748655,0.000540232104009579,0.32417324851936646,0.30671214531389057
194.54934591823977,2.615093761784358e-05,0.0005140084101954556,0.0005401593478132991,0.32417225021383356,0.3067249978923073
194.57434891861482,2.6144251566107534e-05,0.000513942359595547,0.0005400866111616545,0.3241712521591636,0.3067378488190486
194.59935191898987,2.613756807819393e-05,0.0005138763259685949,0.0005400138940467889,0.32417025435526187,0.3067506980945389
194.62435491936492,2.6130887152792105e-05,0.0005138103093080581,0.0005399411964608501,0.32416925680203396,0.30676354571920256
194.64935791973997,2.6124208788592243e-05,0.0005137443096073982,0.0005398685183959904,0.3241682594993854,0.3067763916934636
194.67436092011502,2.611753298428536e-05,0.0005136783268600807,0.0005397958598443661,0.32416726244722177,0.30678923601774605
194.69936392049007,2.6110859738563306e-05,0.000513612361059574,0.0005397232207981374,0.3241662656454486,0.3068020786924737
194.7243669208651,2.6104189050118783e-05,0.0005135464121993505,0.0005396506012494693,0.32416526909397175,0.30681491971807023
194.74936992124015,2.6097520917645293e-05,0.0005134804802728851,0.0005395780011905304,0.32416427279269683,0.3068277590949591
194.7743729216152,2.6090855339837196e-05,0.0005134145652736567,0.0005395054206134939,0.3241632767415296,0.3068405968235635
194.79937592199025,2.608419231538969e-05,0.0005133486671951473,0.000539432859510537,0.324162280940376,0.3068534329043068
194.8243789223653,2.6077531842998797e-05,0.0005132827860308422,0.000539360317873841,0.32416128538914174,0.3068662673376118
194.84938192274035,2.607087392136137e-05,0.0005132169217742303,0.0005392877956955917,0.32416029008773284,0.3068791001239014
194.8743849231154,2.60642185491751e-05,0.0005131510744188036,0.0005392152929679787,0.32415929503605523,0.30689193126359826
194.89938792349042,2.6057565725138513e-05,0.0005130852439580575,0.000539142809683196,0.32415830023401493,0.30690476075712486
194.92439092386547,2.605091544795094e-05,0.0005130194303854906,0.0005390703458334415,0.324157305681518,0.3069175886049036
194.94939392424052,2.604426771631257e-05,0.0005129536336946052,0.0005389979014109177,0.32415631137847056,0.3069304148073566
194.97439692461558,2.6037622528924397e-05,0.0005128878538789066,0.0005389254764078309,0.3241553173247787,0.30694323936490586
194.99939992499063,2.6030979884488278e-05,0.0005128220909319035,0.0005388530708163918,0.3241543235203487,0.3069560622779733
195.02440292536568,2.6024339781706874e-05,0.0005127563448471081,0.000538780684628815,0.3241533299650867,0.3069688835469805
195.04940592574073,2.6017702219283662e-05,0.0005126906156180357,0.0005387083178373193,0.3241523366588991,0.306981703172349
195.07440892611575,2.6011067195922975e-05,0.0005126249032382052,0.0005386359704341282,0.3241513436016922,0.30699452115450027
195.0994119264908,2.6004434710329945e-05,0.0005125592077011384,0.0005385636424114684,0.32415035079337234,0.30700733749385545
195.12441492686585,2.5997804761210547e-05,0.0005124935290003608,0.0005384913337615713,0.32414935823384605,0.30702015219083556
195.1494179272409,2.5991177347271575e-05,0.000512427867129401,0.0005384190444766726,0.3241483659230197,0.3070329652458615
195.17442092761596,2.598455246722064e-05,0.0005123622220817911,0.0005383467745490118,0.32414737386079995,0.30704577665935395
195.199423927991,2.59779301197662e-05,0.0005122965938510665,0.0005382745239708327,0.32414638204709323,0.3070585864317335
195.22442692836606,2.59713103036175e-05,0.0005122309824307656,0.0005382022927343831,0.32414539048180624,0.30707139456342053
195.24942992874108,2.596469301748464e-05,0.0005121653878144305,0.0005381300808319151,0.3241443991648456,0.30708420105483525
195.27443292911613,2.5958078260078523e-05,0.0005120998099956064,0.0005380578882556849,0.3241434080961182,0.30709700590639777
195.29943592949118,2.595146603011087e-05,0.0005120342489678419,0.0005379857149979527,0.32414241727553056,0.307109809118528
195.32443892986623,2.5944856326294238e-05,0.0005119687047246886,0.0005379135610509828,0.32414142670298957,0.3071226106916456
195.34944193024128,2.5938249147342e-05,0.000511903177259702,0.000537841426407044,0.3241404363784022,0.3071354106261702
195.37444493061633,2.5931644491968338e-05,0.0005118376665664403,0.0005377693110584086,0.3241394463016751,0.3071482089225213
195.39944793099136,2.5925042358888264e-05,0.0005117721726384654,0.0005376972149973538,0.3241384564727155,0.3071610055811181
195.4244509313664,2.591844274681759e-05,0.0005117066954693424,0.00053762513821616,0.32413746689143025,0.30717380060237964
195.44945393174146,2.5911845654472968e-05,0.0005116412350526394,0.0005375530807071124,0.3241364775577264,0.307186593986725
195.4744569321165,2.5905251080571848e-05,0.0005115757913819283,0.0005374810424625001,0.324135488471511,0.30719938573457284
195.49945993249156,2.5898659023832503e-05,0.0005115103644507837,0.0005374090234746162,0.3241344996326913,0.30721217584634186
195.5244629328666,2.589206948297403e-05,0.0005114449542527842,0.0005373370237357583,0.32413351104117444,0.30722496432245044
195.54946593324166,2.5885482456716332e-05,0.0005113795607815109,0.0005372650432382272,0.3241325226968675,0.307237751163317
195.57446893361669,2.587889794378013e-05,0.000511314184030549,0.0005371930819743291,0.324131534599678,0.3072505363693595
195.59947193399174,2.5872315942886937e-05,0.000511248823993486,0.0005371211399363729,0.32413054674951297,0.3072633199409961
195.6244749343668,2.586573645275911e-05,0.0005111834806639137,0.0005370492171166729,0.3241295591462801,0.3072761018786445
195.64947793474184,2.5859159472119803e-05,0.0005111181540354265,0.0005369773135075463,0.3241285717898865,0.30728888218272243
195.6744809351169,2.5852584999692984e-05,0.0005110528441016223,0.0005369054291013153,0.3241275846802399,0.30730166085364735
195.69948393549194,2.5846013034203433e-05,0.0005109875508561022,0.0005368335638903057,0.32412659781724756,0.3073144378918366
195.724486935867,2.5839443574376738e-05,0.0005109222742924708,0.0005367617178668475,0.32412561120081723,0.30732721329770735
195.749489936242,2.5832876618939303e-05,0.0005108570144043358,0.000536689891023275,0.32412462483085636,0.3073399870716766
195.77449293661707,2.5826312166618316e-05,0.0005107917711853078,0.0005366180833519262,0.32412363870727273,0.3073527592141612
195.79949593699212,2.5819750216141815e-05,0.0005107265446290013,0.000536546294845143,0.3241226528299738,0.30736552972557796
195.82449893736717,2.581319076623861e-05,0.0005106613347290337,0.0005364745254952723,0.32412166719886765,0.3073782986063433
195.84950193774222,2.580663381563834e-05,0.0005105961414790257,0.0005364027752946641,0.3241206818138618,0.30739106585687365
195.87450493811727,2.580007936307144e-05,0.0005105309648726016,0.000536331044235673,0.3241196966748641,0.3074038314775852
195.89950793849232,2.5793527407269155e-05,0.0005104658049033882,0.0005362593323106574,0.32411871178178253,0.30741659546889405
195.92451093886734,2.578697794696354e-05,0.0005104006615650162,0.0005361876395119798,0.3241177271345249,0.30742935783121605
195.9495139392424,2.5780430980887433e-05,0.0005103355348511194,0.0005361159658320069,0.3241167427329993,0.30744211856496695
195.97451693961744,2.5773886507774506e-05,0.0005102704247553348,0.0005360443112631093,0.3241157585771136,0.30745487767056234
195.9995199399925,2.5767344526359213e-05,0.0005102053312713026,0.0005359726757976619,0.32411477466677596,0.3074676351484177
196.02452294036755,2.5760805035376825e-05,0.0005101402543926663,0.0005359010594280431,0.3241137910018944,0.3074803909989482
196.0495259407426,2.5754268033563407e-05,0.0005100751941130726,0.0005358294621466361,0.32411280758237726,0.307493145222569
196.07452894111765,2.5747733519655832e-05,0.0005100101504261716,0.0005357578839458274,0.32411182440813247,0.30750589781969506
196.09953194149267,2.5741201492391768e-05,0.0005099451233256166,0.0005356863248180084,0.3241108414790685,0.30751864879074114
196.12453494186772,2.5734671950509674e-05,0.0005098801128050637,0.0005356147847555734,0.3241098587950934,0.3075313981361219
196.14953794224277,2.572814489274883e-05,0.0005098151188581727,0.0005355432637509216,0.32410887635611574,0.3075441458562518
196.17454094261782,2.5721620317849306e-05,0.0005097501414786067,0.000535471761796456,0.3241078941620438,0.30755689195154506
196.19954394299288,2.571509822455197e-05,0.0005096851806600317,0.0005354002788845837,0.3241069122127859,0.30756963642241597
196.22454694336793,2.570857861159849e-05,0.0005096202363961172,0.0005353288150077157,0.3241059305082507,0.30758237926927845
196.24954994374298,2.5702061477731325e-05,0.0005095553086805356,0.0005352573701582669,0.3241049490483466,0.30759512049254634
196.274552944118,2.5695546821693747e-05,0.0005094903975069631,0.0005351859443286569,0.3241039678329822,0.3076078600926333
196.29955594449305,2.5689034642229797e-05,0.0005094255028690784,0.0005351145375113082,0.32410298686206607,0.3076205980699529
196.3245589448681,2.5682524938084333e-05,0.0005093606247605639,0.0005350431496986481,0.3241020061355069,0.3076333344249185
196.34956194524315,2.567601770800301e-05,0.0005092957631751049,0.0005349717808831079,0.32410102565321336,0.30764606915794335
196.3745649456182,2.566951295073226e-05,0.0005092309181063904,0.0005349004310571227,0.3241000454150942,0.30765880226944037
196.39956794599325,2.5663010665019325e-05,0.0005091660895481122,0.0005348291002131315,0.3240990654210582,0.30767153375982254
196.4245709463683,2.5656510849612232e-05,0.0005091012774939655,0.0005347577883435778,0.3240980856710143,0.3076842636295026
196.44957394674333,2.5650013503259813e-05,0.0005090364819376486,0.0005346864954409084,0.32409710616487114,0.30769699187889304
196.47457694711838,2.5643518624711673e-05,0.0005089717028728628,0.0005346152214975744,0.32409612690253786,0.30770971850840634
196.49957994749343,2.563702621271821e-05,0.0005089069402933132,0.0005345439665060314,0.3240951478839234,0.30772244351845474
196.52458294786848,2.563053626603063e-05,0.0005088421941927075,0.0005344727304587381,0.3240941691089367,0.30773516690945035
196.54958594824353,2.5624048783400907e-05,0.0005087774645647571,0.000534401513348158,0.3240931905774868,0.30774788868180514
196.57458894861858,2.561756376358184e-05,0.0005087127514031763,0.0005343303151667581,0.324092212289483,0.30776060883593087
196.59959194899363,2.5611081205326974e-05,0.0005086480547016824,0.0005342591359070094,0.3240912342448342,0.30777332737223917
196.62459494936866,2.560460110739068e-05,0.0005085833744539965,0.0005341879755613872,0.32409025644344974,0.3077860442911415
196.6495979497437,2.559812346852808e-05,0.0005085187106538424,0.0005341168341223705,0.32408927888523886,0.3077987595930492
196.67460095011876,2.559164828749511e-05,0.0005084540632949472,0.0005340457115824423,0.32408830157011076,0.30781147327837344
196.6996039504938,2.558517556304849e-05,0.0005083894323710411,0.0005339746079340897,0.32408732449797484,0.3078241853475252
196.72460695086886,2.5578705293945718e-05,0.000508324817875858,0.0005339035231698037,0.3240863476687405,0.30783689580091533
196.7496099512439,2.5572237478945077e-05,0.0005082602198031342,0.0005338324572820793,0.3240853710823171,0.3078496046389545
196.77461295161896,2.5565772116805645e-05,0.0005081956381466098,0.0005337614102634155,0.32408439473861417,0.30786231186205326
196.79961595199399,2.5559309206287284e-05,0.0005081310729000279,0.0005336903821063152,0.32408341863754114,0.30787501747062196
196.82461895236904,2.5552848746150613e-05,0.0005080665240571347,0.0005336193728032852,0.32408244277900766,0.3078877214650709
196.8496219527441,2.5546390735157065e-05,0.0005080019916116794,0.0005335483823468365,0.3240814671629233,0.30790042384581007
196.87462495311914,2.5539935172068843e-05,0.0005079374755574148,0.0005334774107294837,0.3240804917891976,0.3079131246132494
196.8996279534942,2.5533482055648943e-05,0.0005078729758880967,0.0005334064579437457,0.32407951665774043,0.3079258237677986
196.92463095386924,2.552703138466112e-05,0.0005078084925974839,0.000533335523982145,0.3240785417684614,0.3079385213098673
196.9496339542443,2.5520583157869937e-05,0.0005077440256793386,0.0005332646088372086,0.32407756712127034,0.307951217239865
196.9746369546193,2.5514137374040718e-05,0.0005076795751274262,0.0005331937125014668,0.3240765927160771,0.3079639115582009
196.99963995499436,2.550769403193956e-05,0.0005076151409355149,0.0005331228349674545,0.3240756185527915,0.30797660426528417
197.02464295536942,2.550125313033336e-05,0.0005075507230973764,0.0005330519762277098,0.32407464463132346,0.30798929536152375
197.04964595574447,2.549481466798979e-05,0.0005074863216067855,0.0005329811362747753,0.32407367095158296,0.3080019848473285
197.07464895611952,2.5488378643677275e-05,0.0005074219364575201,0.0005329103151011974,0.32407269751348,0.308014672723107
197.09965195649457,2.5481945056165054e-05,0.0005073575676433613,0.0005328395126995264,0.32407172431692466,0.3080273589892678
197.12465495686962,2.5475513904223113e-05,0.0005072932151580933,0.0005327687290623165,0.324070751361827,0.3080400436462193
197.14965795724464,2.5469085186622235e-05,0.0005072288789955035,0.0005326979641821258,0.3240697786480971,0.30805272669436956
197.1746609576197,2.546265890213396e-05,0.0005071645591493826,0.0005326272180515165,0.32406880617564526,0.30806540813412675
197.19966395799474,2.5456235049530612e-05,0.000507100255613524,0.0005325564906630546,0.32406783394438166,0.3080780879658987
197.2246669583698,2.544981362758529e-05,0.0005070359683817246,0.0005324857820093099,0.3240668619542166,0.3080907661900931
197.24966995874485,2.5443394635071864e-05,0.0005069716974477846,0.0005324150920828565,0.32406589020506027,0.30810344280711766
197.2746729591199,2.543697807076498e-05,0.0005069074428055069,0.0005323444208762719,0.3240649186968232,0.3081161178173797
197.29967595949495,2.543056393344005e-05,0.000506843204448698,0.0005322737683821381,0.3240639474294157,0.30812879122128645
197.32467895986997,2.5424152221873282e-05,0.0005067789823711671,0.0005322031345930404,0.3240629764027482,0.30814146301924505
197.34968196024502,2.541774293484161e-05,0.0005067147765667268,0.0005321325195015684,0.3240620056167313,0.30815413321166246
197.37468496062007,2.5411336071122772e-05,0.0005066505870291928,0.0005320619231003156,0.32406103507127554,0.3081668017989455
197.39968796099512,2.5404931629495275e-05,0.000506586413752384,0.0005319913453818792,0.32406006476629134,0.30817946878150076
197.42469096137017,2.5398529608738385e-05,0.0005065222567301221,0.0005319207863388605,0.3240590947016895,0.3081921341597348
197.44969396174523,2.539213000763214e-05,0.0005064581159562323,0.0005318502459638645,0.32405812487738056,0.30820479793405386
197.47469696212025,2.538573282495736e-05,0.000506393991424543,0.0005317797242495003,0.32405715529327533,0.3082174601048642
197.4996999624953,2.5379338059495598e-05,0.0005063298831288853,0.0005317092211883809,0.32405618594928454,0.3082301206725719
197.52470296287035,2.5372945710029212e-05,0.0005062657910630937,0.000531638736773123,0.324055216845319,0.3082427796375827
197.5497059632454,2.5366555775341304e-05,0.0005062017152210056,0.000531568270996347,0.3240542479812895,0.30825543700030233
197.57470896362045,2.5360168254215757e-05,0.000506137655596462,0.0005314978238506778,0.3240532793571071,0.3082680927611364
197.5997119639955,2.53537831454372e-05,0.0005060736121833067,0.0005314273953287438,0.32405231097268256,0.3082807469204904
197.62471496437055,2.5347400447791053e-05,0.0005060095849753862,0.0005313569854231773,0.3240513428279269,0.3082933994787695
197.64971796474558,2.534102016006348e-05,0.0005059455739665512,0.0005312865941266147,0.32405037492275124,0.30830605043637876
197.67472096512063,2.533464228104141e-05,0.0005058815791506542,0.0005312162214316956,0.32404940725706655,0.3083186997937232
197.69972396549568,2.5328266809512542e-05,0.0005058176005215519,0.0005311458673310644,0.32404843983078396,0.3083313475512076
197.72472696587073,2.5321893744265336e-05,0.0005057536380731033,0.0005310755318173687,0.32404747264381467,0.3083439937092366
197.74972996624578,2.531552308408902e-05,0.0005056896917991711,0.0005310052148832601,0.3240465056960698,0.3083566382682147
197.77473296662083,2.5309154827773565e-05,0.000505625761693621,0.0005309349165213946,0.32404553898746075,0.3083692812285462
197.79973596699588,2.530278897410972e-05,0.0005055618477503215,0.0005308646367244312,0.3240445725178987,0.30838192259063524
197.8247389673709,2.5296425521889002e-05,0.0005054979499631444,0.0005307943754850335,0.32404360628729495,0.30839456235488594
197.84974196774596,2.5290064469903652e-05,0.0005054340683259645,0.0005307241327958682,0.3240426402955609,0.3084072005217022
197.874744968121,2.5283705816946703e-05,0.0005053702028326598,0.0005306539086496066,0.324041674542608,0.3084198370914876
197.89974796849606,2.5277349561811943e-05,0.0005053063534771116,0.0005305837030389236,0.32404070902834775,0.30843247206464586
197.9247509688711,2.52709957032939e-05,0.0005052425202532037,0.0005305135159564976,0.32403974375269157,0.3084451054415803
197.94975396924616,2.5264644240187877e-05,0.0005051787031548235,0.0005304433473950114,0.3240387787155511,0.30845773722269426
197.9747569696212,2.5258295171289928e-05,0.0005051149021758614,0.0005303731973471514,0.3240378139168379,0.30847036740839073
197.99975996999623,2.525194849539687e-05,0.0005050511173102109,0.0005303030658056078,0.32403684935646354,0.30848299599907275
198.02476297037128,2.5245604211306255e-05,0.0005049873485517682,0.0005302329527630744,0.32403588503433983,0.30849562299514316
198.04976597074634,2.523926231781641e-05,0.0005049235958944331,0.0005301628582122495,0.3240349209503784,0.3085082483970045
198.0747689711214,2.5232922813726416e-05,0.0005048598593321082,0.0005300927821458346,0.32403395710449107,0.3085208722050594
198.09977197149644,2.5226585697836092e-05,0.0005047961388586991,0.0005300227245565352,0.3240329934965896,0.3085334944197101
198.1247749718715,2.5220250968946026e-05,0.0005047324344681151,0.000529952685437061,0.324032030126586,0.30854611504135887
198.14977797224654,2.521391862585756e-05,0.0005046687461542675,0.000529882664780125,0.32403106699439194,0.30855873407040774
198.17478097262156,2.5207588667372776e-05,0.0005046050739110718,0.0005298126625784445,0.32403010409991956,0.3085713515072585
198.1997839729966,2.520126109229451e-05,0.0005045414177324456,0.0005297426788247401,0.3240291414430807,0.308583967352313
198.22478697337166,2.5194935899426364e-05,0.0005044777776123102,0.0005296727135117366,0.32402817902378755,0.30859658160597286
198.24978997374672,2.518861308757267e-05,0.0005044141535445898,0.0005296027666321625,0.32402721684195207,0.3086091942686394
198.27479297412177,2.5182292655538523e-05,0.0005043505455232117,0.0005295328381787501,0.3240262548974864,0.308621805340714
198.29979597449682,2.5175974602129765e-05,0.0005042869535421059,0.0005294629281442357,0.32402529319030265,0.3086344148225977
198.32479897487187,2.516965892615299e-05,0.0005042233775952061,0.0005293930365213591,0.3240243317203132,0.3086470227146915
198.3498019752469,2.5163345626415532e-05,0.0005041598176764486,0.0005293231633028641,0.3240233704874301,0.3086596290173963
198.37480497562194,2.5157034701725475e-05,0.0005040962737797728,0.0005292533084814983,0.32402240949156574,0.3086722337311127
198.399807975997,2.5150726150891656e-05,0.0005040327458991213,0.0005291834720500129,0.32402144873263244,0.30868483685624126
198.42481097637204,2.5144419972723653e-05,0.0005039692340284397,0.0005291136540011633,0.3240204882105426,0.30869743839318237
198.4498139767471,2.5138116166031796e-05,0.0005039057381616767,0.0005290438543277085,0.3240195279252086,0.3087100383423362
198.47481697712215,2.5131814729627154e-05,0.0005038422582927838,0.0005289740730224109,0.32401856787654293,0.3087226367041028
198.4998199774972,2.5125515662321543e-05,0.0005037787944157158,0.0005289043100780373,0.32401760806445806,0.3087352334788822
198.52482297787222,2.5119218962927537e-05,0.0005037153465244306,0.0005288345654873582,0.32401664848886663,0.30874782866707406
198.54982597824727,2.5112924630258426e-05,0.0005036519146128889,0.0005287648392431473,0.32401568914968115,0.30876042226907807
198.57482897862232,2.5106632663128256e-05,0.0005035884986750547,0.000528695131338183,0.3240147300468143,0.3087730142852937
198.59983197899737,2.5100343060351828e-05,0.0005035250987048947,0.0005286254417652466,0.32401377118017877,0.3087856047161202
198.62483497937242,2.5094055820744674e-05,0.000503461714696379,0.0005285557705171236,0.32401281254968717,0.30879819356195676
198.64983797974747,2.5087770943123064e-05,0.0005033983466434805,0.0005284861175866035,0.3240118541552524,0.3088107808232024
198.67484098012253,2.5081488426304023e-05,0.0005033349945401753,0.0005284164829664793,0.3240108959967873,0.308823366500256
198.69984398049755,2.507520826910531e-05,0.0005032716583804424,0.0005283468666495478,0.3240099380742046,0.3088359505935162
198.7248469808726,2.5068930470345404e-05,0.0005032083381582638,0.0005282772686286091,0.32400898038741716,0.3088485331033817
198.74984998124765,2.506265502884355e-05,0.0005031450338676246,0.0005282076888964681,0.32400802293633807,0.3088611140302508
198.7748529816227,2.5056381943419727e-05,0.0005030817455025131,0.0005281381274459328,0.3240070657208802,0.3088736933745218
198.79985598199775,2.505011121289465e-05,0.0005030184730569203,0.000528068584269815,0.3240061087409567,0.3088862711365928
198.8248589823728,2.5043842836089756e-05,0.0005029552165248403,0.00052799905936093,0.32400515199648044,0.30889884731686174
198.84986198274785,2.5037576811827246e-05,0.0005028919759002705,0.0005279295527120978,0.3240041954873647,0.30891142191572646
198.87486498312288,2.503131313893005e-05,0.0005028287511772111,0.0005278600643161412,0.3240032392135226,0.3089239949335846
198.89986798349793,2.5025051816221813e-05,0.0005027655423496652,0.000527790594165887,0.32400228317486723,0.30893656637083367
198.92487098387298,2.501879284252694e-05,0.0005027023494116392,0.0005277211422541661,0.324001327371312,0.30894913622787107
198.94987398424803,2.5012536216670557e-05,0.0005026391723571422,0.0005276517085738128,0.32400037180277,0.30896170450509397
198.97487698462308,2.5006281937478535e-05,0.0005025760111801865,0.000527582293117665,0.3239994164691547,0.30897427120289944
198.99987998499813,2.5000030003777475e-05,0.0005025128658747874,0.000527512895878565,0.3239984613703794,0.30898683632168444
199.02488298537318,2.4993780414394704e-05,0.0005024497364349632,0.000527443516849358,0.3239975065063575,0.30899939986184566
199.0498859857482,2.49875331681583e-05,0.0005023866228547354,0.0005273741560228938,0.32399655187700255,0.3090119618237797
199.07488898612326,2.4981288263897043e-05,0.0005023235251281279,0.0005273048133920249,0.32399559748222784,0.3090245222078831
199.0998919864983,2.4975045700440472e-05,0.0005022604432491682,0.0005272354889496087,0.3239946433219471,0.3090370810145522
199.12489498687336,2.4968805476618847e-05,0.0005021973772118866,0.0005271661826885055,0.3239936893960738,0.309049638244183
199.1498979872484,2.496256759126316e-05,0.0005021343270103165,0.0005270968946015797,0.32399273570452164,0.3090621938971717
199.17490098762346,2.4956332043205136e-05,0.0005020712926384939,0.0005270276246816991,0.3239917822472042,0.30907474797391404
199.1999039879985,2.4950098831277218e-05,0.0005020082740904584,0.0005269583729217356,0.32399082902403525,0.3090873004748058
199.22490698837353,2.4943867954312597e-05,0.0005019452713602523,0.0005268891393145649,0.32398987603492857,0.30909985140024254
199.24990998874858,2.4937639411145168e-05,0.0005018822844419205,0.0005268199238530656,0.32398892327979784,0.30911240075061963
199.27491298912364,2.4931413200609574e-05,0.0005018193133295115,0.000526750726530121,0.3239879707585569,0.3091249485263324
199.2999159894987,2.492518932154117e-05,0.0005017563580170764,0.0005266815473386176,0.3239870184711197,0.3091374947277759
199.32491898987374,2.4918967772776065e-05,0.0005016934184986697,0.0005266123862714458,0.32398606641740013,0.3091500393553452
199.3499219902488,2.4912748553151055e-05,0.0005016304947683484,0.0005265432433214995,0.3239851145973122,0.30916258240943506
199.37492499062384,2.4906531661503696e-05,0.0005015675868201728,0.0005264741184816765,0.3239841630107698,0.30917512389044016
199.39992799099886,2.490031709667226e-05,0.0005015046946482061,0.0005264050117448784,0.32398321165768706,0.309187663798755
199.4249309913739,2.4894104857495715e-05,0.0005014418182465142,0.00052633592310401,0.323982260537978,0.30920020213477406
199.44993399174896,2.4887894942813796e-05,0.0005013789576091665,0.0005262668525519802,0.3239813096515568,0.30921273889889145
199.47493699212401,2.4881687351466933e-05,0.000501316112730235,0.0005261978000817019,0.32398035899833766,0.3092252740915013
199.49993999249907,2.4875482082296298e-05,0.0005012532836037948,0.0005261287656860911,0.32397940857823476,0.3092378077129976
199.52494299287412,2.4869279134143763e-05,0.0005011904702239237,0.0005260597493580675,0.3239784583911623,0.30925033976377403
199.54994599324914,2.4863078505851954e-05,0.0005011276725847032,0.0005259907510905551,0.3239775084370346,0.3092628702442243
199.5749489936242,2.4856880196264176e-05,0.0005010648906802168,0.000525921770876481,0.323976558715766,0.3092753991547419
199.59995199399924,2.4850684204224494e-05,0.0005010021245045517,0.0005258528087087762,0.323975609227271,0.3092879264957201
199.6249549943743,2.484449052857766e-05,0.0005009393740517977,0.0005257838645803754,0.32397465997146385,0.3093004522675522
199.64995799474934,2.4838299168169182e-05,0.0005008766393160478,0.000525714938484217,0.3239737109482591,0.3093129764706312
199.6749609951244,2.483211012184526e-05,0.0005008139202913976,0.0005256460304132428,0.32397276215757126,0.30932549910535
199.69996399549944,2.4825923388452815e-05,0.0005007512169719461,0.0005255771403603989,0.3239718135993149,0.3093380201721013
199.72496699587447,2.4819738966839506e-05,0.0005006885293517949,0.0005255082683186344,0.32397086527340446,0.3093505396712778
199.74996999624952,2.481355685585368e-05,0.0005006258574250487,0.0005254394142809024,0.32396991717975476,0.3093630576032719
199.77497299662457,2.4807377054344424e-05,0.0005005632011858151,0.0005253705782401595,0.3239689693182804,0.30937557396847587
199.79997599699962,2.4801199561161526e-05,0.0005005005606282047,0.0005253017601893663,0.32396802168889605,0.3093880887672819
199.82497899737467,2.4795024375155508e-05,0.0005004379357463312,0.0005252329601214867,0.32396707429151655,0.309400602000082
199.84998199774972,2.4788851495177587e-05,0.0005003753265343108,0.0005251641780294885,0.32396612712605666,0.3094131136672681
199.87498499812477,2.4782680920079714e-05,0.0005003127329862632,0.000525095413906343,0.3239651801924312,0.30942562376923183
199.8999879984998,2.477651264871455e-05,0.0005002501550963106,0.0005250266677450251,0.32396423349055503,0.3094381323063648
199.92499099887485,2.4770346679935446e-05,0.0005001875928585783,0.0005249579395385138,0.32396328702034316,0.30945063927905847
199.9499939992499,2.47641830125965e-05,0.0005001250462671947,0.0005248892292797913,0.3239623407817106,0.3094631446877041
199.97499699962495,2.4758021645552506e-05,0.0005000625153162908,0.0005248205369618433,0.32396139477457214,0.30947564853269277
200.0,2.475186257765897e-05,0.0005000000000000008,0.0005247518625776597,0.32396044899884296,0.30948815081441555
