r,aN,aExtra,aTot,v
0.001,0.9980029960049942,1.799406173568517,2.7974091695735113,0.052890539509193056
0.03433872312052009,0.9347047122681784,0.053169607951966506,0.9878743202201449,0.1841801910084566
0.06767744624104018,0.8772429012618045,0.02737286920082142,0.9046157704626259,0.24743097052366242
0.10101616936156027,0.8249214680649261,0.01860751339046217,0.8435289814553882,0.29190763342551
0.13435489248208035,0.777145081974526,0.014195115891349855,0.7913401978658758,0.3260681327591182
0.16769361560260043,0.7334021665927363,0.011539508419015559,0.7449416750117518,0.3534430122322098
0.20103233872312054,0.6932511480376528,0.00976669242498775,0.7030178404626405,0.3759379212480197
0.23437106184364062,0.6563092670924662,0.00849996646501668,0.6648092335574829,0.39473034592278833
0.2677097849641607,0.6222434231752925,0.00755027650995161,0.6297936996852441,0.41061166071425675
0.3010485080846808,0.590762639103761,0.00681231366886651,0.5975749527726275,0.4241450789540922
0.33438723120520086,0.5616118268585394,0.006222766843659165,0.5678345937021986,0.4357483649660758
0.36772595432572097,0.5345666038236171,0.005741284738366335,0.5403078885619834,0.445741218591203
0.4010646774462411,0.5094289619741366,0.005340933129503356,0.5147698951036399,0.4543743191893405
0.43440340056676113,0.4860236333069729,0.005003046334349209,0.49102667964132213,0.46184809126507814
0.46774212368728124,0.46419502646961275,0.004714280475447834,0.46890930694506056,0.4683253517024397
0.5010808468078013,0.4438046342522376,0.004464843087001257,0.44826947733923883,0.4739401326151187
0.5344195699283214,0.42472883100881276,0.004247385376582879,0.4289762163853956,0.4788040153028812
0.5677582930488415,0.40685699439352063,0.004056284764685775,0.4109132791582064,0.48301078866415126
0.6010970161693616,0.3900898979635317,0.003887166179888025,0.39397706414341976,0.48663994667081617
0.6344357392898816,0.3743383309085416,0.003736574285685775,0.37807490519422743,0.48975936130292763
0.6677744624104017,0.35952190895599495,0.0036017438920174154,0.36312365284801235,0.4924273571493391
0.7011131855309218,0.34556804677839814,0.003480435869928374,0.3490484826483265,0.4946943435843015
0.7344519086514419,0.3324110673119099,0.003370817755845126,0.335781885067755,0.49660411433917034
0.767790631771962,0.31999142752890886,0.003271375461987177,0.32326280299089605,0.49819489332665323
0.8011293548924822,0.30825504358291833,0.003180847031617739,0.3114358906145361,0.4995001843226776
0.8344680780130022,0.2971527010121896,0.003098172273974745,0.30025087328616434,0.5005494672385847
0.8678068011335223,0.28663953796664193,0.003022454008509709,0.28966199197515163,0.5013687731260498
0.9011455242540424,0.27667459130530525,0.002952927911953358,0.2796275192172586,0.5019811623964527
0.9344842473745625,0.26722039697230643,0.0028889388198023616,0.2701093357921088,0.5024071251152115
0.9678229704950826,0.25824263735818315,0.002829921925872704,0.26107255928405587,0.5026649180528203
1.0011616936156025,0.2497098294375343,0.0027753877381785385,0.2524852171757129,0.5027708500306476
1.0345004167361227,0.24159304838205958,0.0027249099437534514,0.24431795832581304,0.5027395247085436
1.0678391398566427,0.23386568211089637,0.0026781155466783593,0.23654379765757472,0.5025840481243792
1.1011778629771627,0.22650321288295852,0.0026346767975581513,0.22913788968051668,0.5023162068712179
1.134516586097683,0.21948302257917923,0.002594304545943964,0.2220773271251232,0.5019466216837136
1.167855309218203,0.2127842187828881,0.0025567427313551837,0.21534096151424328,0.5014848803269762
1.2011940323387231,0.20638747915768296,0.0025217637916906213,0.20890924294937357,0.5009396529834587
1.2345327554592431,0.20027491195539526,0.002489164815608825,0.20276407677100408,0.5003187927754236
1.2678714785797631,0.19442993077135243,0.0024587643019382296,0.19688869507329065,0.4996294236113533
1.3012102017002833,0.18883714190782164,0.0024303994172462907,0.19126754132506793,0.49887801718086244
1.3345489248208033,0.18348224291566273,0.0024039236644546407,0.18588616658011736,0.49807046062636195
1.3678876479413236,0.1783519310641103,0.0023792048923724934,0.1807311359564828,0.4972121161770667
1.4012263710618436,0.1734338206437169,0.0023561235893686475,0.17578994423308555,0.4963078738312443
1.4345650941823636,0.16871636814149235,0.002334571414958745,0.1710509395564511,0.49536219800746
1.4679038173028838,0.16418880444330844,0.0023144499314829204,0.16650325437479135,0.4943791689483987
1.5012425404234038,0.15984107331931166,0.002295669504768907,0.16213674282408055,0.4933625195464272
1.534581263543924,0.15566377553559904,0.002278148348081719,0.15794192388368075,0.4923156681642146
1.567919986664444,0.15164811801164876,0.0022618116880324434,0.1539099296996812,0.4912417479431585
1.6012587097849642,0.14778586750951805,0.0022465910346710864,0.15003245854418915,0.49014363302437625
1.6345974329054842,0.14406930839898255,0.002232423540888642,0.1463017319398712,0.4890239620494478
1.6679361560260042,0.14049120409373078,0.0022192514386320875,0.14271045553236286,0.48788515925919423
1.7012748791465244,0.13704476179841868,0.0022070215413950746,0.13925178333981375,0.48672945346709773
1.7346136022670444,0.13372360024566568,0.002195684804067226,0.1359192850497329,0.48555889514834183
1.7679523253875646,0.1305217201366501,0.002185195932570167,0.13270691606922025,0.4843753718549182
1.8012910485080846,0.12743347702944516,0.0021755130368295377,0.1296089900662747,0.48318062214098967
1.8346297716286046,0.12445355644616063,0.002166597321570017,0.12662015376773064,0.4819762481600836
1.8679684947491249,0.1215769509937624,0.0021584128102074903,0.12373536380396989,0.48076372707613557
1.9013072178696448,0.11879893931453508,0.002150926097775457,0.12094986541231054,0.4795444214134788
1.934645940990165,0.11611506670085936,0.0021441061293828475,0.1182591728302422,0.4783195884561728
1.967984664110685,0.11352112722559467,0.002137924001175125,0.1156590512267698,0.47709038879427773
2.001323387231205,0.11101314725414163,0.002132352781174112,0.11314550003531575,0.4758578941035302
2.034662110351725,0.10858737021742557,0.002127367347715971,0.11071473756514154,0.47462309423512916
2.0680008334722455,0.1062402425367886,0.002122944243500922,0.10836318678028951,0.4733869036838127
2.1013395565927655,0.10396840060226627,0.002119061543520361,0.10608746214578663,0.47215016749491795
2.1346782797132855,0.10176865871510482,0.0021156987353437443,0.10388435745044856,0.4709136666645422
2.1680170028338055,0.09963799791377358,0.0021128366104342937,0.10175083452420787,0.46967812308112844
2.2013557259543255,0.09757355561025416,0.0021104571653238076,0.09968401277557797,0.4684442040516914
2.234694449074846,0.09557261597014512,0.0021085435116164736,0.09768115948176159,0.46721252645138633
2.268033172195366,0.09363260097619083,0.0021070797939127034,0.09573968077010353,0.46598366053112805
2.301371895315886,0.09175106212030402,0.0021060511148493378,0.09385711323515336,0.4647581334144273
2.334710618436406,0.0899256726740692,0.002105443466544377,0.09203111614061357,0.4635364323114685
2.368049341556926,0.08815422049214708,0.0021052436678145516,0.09025946415996162,0.4623190074756586
2.4013880646774464,0.08643460130700095,0.002105439306604193,0.08854004061360514,0.46110627492538825
2.4347267877979664,0.08476481247698063,0.0021060186871254007,0.08687083116410603,0.45989861895152867
2.4680655109184864,0.08314294715306751,0.0021069707812634776,0.085249917934331,0.45869639442920596
2.5014042340390064,0.08156718883254453,0.0021082851838492,0.08367547401639373,0.45749992895062636
2.5347429571595264,0.0800358062705341,0.0021099520714413828,0.08214575834197547,0.45630952479413656
2.568081680280047,0.07854714872278101,0.002111962164300226,0.08065911088708123,0.455125460743288
2.601420403400567,0.07709964149526323,0.0021143066912646916,0.07921394818652792,0.4539479937683931
2.634759126521087,0.07569178177822078,0.0021169773572761548,0.07780875913549694,0.4527773605819217
2.668097849641607,0.07432213474401753,0.0021199663133163746,0.0764421010573339,0.45161377907805134
2.701436572762127,0.07298932988991139,0.002123266128550679,0.07511259601846207,0.4504574496657596
2.7347752958826472,0.07169205760832235,0.0021268697644876776,0.07381892737281003,0.4493085565040089
2.7681140190031672,0.0704290659685676,0.0021307705509849835,0.07255983651955258,0.4481672686468206
2.8014527421236872,0.06919915769529295,0.0021349621639466547,0.0713341198592396,0.4470337411053516
2.834791465244207,0.06800118732998033,0.002139438604572563,0.07014062593455289,0.44590811583347195
2.868130188364727,0.06683405856296318,0.002144194180032932,0.06897825274299611,0.444790522642782
2.9014689114852477,0.06569672172434357,0.0021492234854528754,0.06784594520979645,0.4436810800525033
2.9348076346057677,0.06458817142308648,0.0021545213871023024,0.06674269281018878,0.4425798960792159
2.9681463577262877,0.0635074443243741,0.0021600830066958805,0.06566752733106998,0.4414870689710026
3.0014850808468077,0.06245361705604348,0.0021659037067162804,0.06461952076275976,0.44040268789017845
3.0348238039673276,0.06142580423561029,0.002171979076681502,0.0635977833122918,0.4393268335484406
3.068162527087848,0.06042315661000594,0.002178304920283982,0.06260146153028992,0.43825957879796196
3.101501250208368,0.05944485930072829,0.002184877243335425,0.061629736544063715,0.43720098918166456
3.134839973328888,0.05849013014763453,0.002191692242456855,0.060681822390091386,0.43615112344564977
3.168178696449408,0.0575582181450893,0.0021987462944585553,0.05975696443954786,0.43511003401652365
3.2015174195699285,0.05664840196462954,0.00220603594635911,0.05885443791098865,0.434077767446142
3.2348561426904485,0.055759988558718276,0.002213557905996983,0.05797354646471526,0.43305436482609694
3.2681948658109685,0.054892311840540574,0.002221309033191864,0.05711362087373244,0.4320398621740898
3.3015335889314885,0.05404473143514503,0.0022292863314164646,0.0562740177665615,0.43103429079416655
3.3348723120520085,0.05321663149755831,0.002237486939942592,0.0554541184375009,0.43003767761264194
3.368211035172529,0.05240741959379918,0.0022459081264281982,0.05465332772022738,0.4290500454913978
3.401549758293049,0.05161652564099532,0.002254547279914718,0.05387107292091004,0.4280714135201144
3.434888481413569,0.050843400903061914,0.0022634019042063933,0.05310680280726831,0.4271017972888755
3.468227204534089,0.0500875170386379,0.0022724696116054577,0.05235998665024336,0.42614120914248105
3.501565927654609,0.04934836519819554,0.0022817481169790607,0.0516301133151746,0.4251896584177018
3.5349046507751294,0.04862545516744166,0.002291235232135615,0.050916690399577275,0.42424715166462
3.5682433738956494,0.04791831455431824,0.0023009288604899556,0.0502192434148082,0.4233136928531158
3.6015820970161694,0.04722648801708407,0.002310826991998198,0.04953731500908227,0.4223892835654819
3.6349208201366894,0.04654953653112235,0.0023209276983446178,0.04887046422946697,0.42147392317607835
3.6682595432572094,0.04588703669226986,0.0023312291283641537,0.048218265820634015,0.4205676090188754
3.70159826637773,0.0452385800546028,0.0023417295036853216,0.047580309558288125,0.4196703365436674
3.73493698949825,0.044603772500745896,0.0023524271145794443,0.04695619961532534,0.41878209946169154
3.76827571261877,0.04398223364289156,0.002363320316003071,0.046345553958894635,0.41790288988132795
3.80161443573929,0.04337359625282947,0.002374407523821439,0.04574800377665091,0.41703269843451324
3.83495315885981,0.04277750571939182,0.0023856872112016435,0.04516319293059346,0.41617151439445543
3.8682918819803302,0.04219361953181731,0.0023971579051649786,0.04459077743698229,0.4153193257851966
3.9016306051008502,0.04162160678762872,0.0024088181832886925,0.04403042497091741,0.4144761194835332
3.9349693282213702,0.041061147723703284,0.0024206666705479944,0.04348181439425128,0.4136418813137679
3.9683080513418902,0.04051193326929542,0.0024327020362898584,0.042944635305585274,0.41281659613573585
4.001646774462411,0.039973664619844945,0.002444922991330691,0.04241858761117564,0.41200024792651785
4.034985497582931,0.039446052830473484,0.002457328285170483,0.04190338111564397,0.41119281985622497
4.068324220703451,0.03892881842813648,0.002469916703316596,0.04139873513145308,0.41039429435821523
4.101662943823971,0.03842169104145855,0.0024826870647107376,0.04090437810616929,0.4096046531940758
4.135001666944492,0.03792440904733702,0.0024956382192531674,0.04042004726659019,0.40882387751368626
4.168340390065011,0.0374367192334508,0.00250876904541854,0.03994548827886934,0.4080519479106546
4.2016791131855316,0.036958376475861934,0.0025220784479581737,0.03948045492382011,0.40728884447340047
4.235017836306051,0.03648914343094336,0.0025355653556838813,0.03902470878662724,0.40653454683214296
4.2683565594265716,0.036028790240909686,0.0025492287193288397,0.038578018960238526,0.4057890342020306
4.301695282547092,0.035577094252269154,0.002563067509481223,0.03814016176175038,0.40505228542264093
4.3350340056676115,0.035133839746552674,0.0025770807145866857,0.03771092046113936,0.404324278994059
4.368372728788132,0.03469881768271182,0.002591267339015968,0.03729008502172779,0.4036049931097316
4.4017114519086515,0.034271825450611686,0.0026056264011941966,0.03687745185180588,0.4028944056862838
4.435050175029172,0.03385266663507552,0.0026201569317886525,0.036472823566864175,0.40219249439047106
4.468388898149692,0.03344115078996839,0.0026348579719520067,0.0360760087619204,0.40149923666342896
4.501727621270212,0.03303709322183435,0.002649728571618233,0.03568682179345259,0.40081460974237615
4.535066344390732,0.03264031478262847,0.0026647677878485734,0.03530508257047705,0.4001385906799122
4.568405067511252,0.032250641671109304,0.0026799746832251396,0.03493061635433444,0.399471156361048
4.601743790631772,0.03186790524248055,0.0026953483242898773,0.03456325356677043,0.3988122835180949
4.635082513752293,0.03149194182589301,0.002710887780026789,0.0342028296059198,0.39816194874353333
4.668421236872812,0.031122592549437583,0.002726592120385459,0.03384918466982304,0.3975201285009748
4.701759959993333,0.03075970317228036,0.0027424604148440666,0.03350216358712443,0.39688679913432273
4.735098683113852,0.03040312392360849,0.0027584917310101847,0.03316161565461867,0.3962619368752348
4.768437406234373,0.030052709348072658,0.0027746851332578156,0.03282739448133047,0.3956455178489806
4.801776129354893,0.029708318157428772,0.002791039681399217,0.032499357838827986,0.39503751807878584
4.835114852475413,0.029369813088095904,0.002807554429390173,0.03217736751748608,0.39443791348874774
4.868453575595933,0.02903706076436263,0.002824228424067491,0.03186128918843012,0.3938466799054026
4.901792298716453,0.02870993156698727,0.0028410607039175808,0.031550992270904854,0.3932637930580232
4.935131021836973,0.02838829950695001,0.0028580502978750887,0.0312463498048251,0.3926892285777164
4.968469744957494,0.028072042104127757,0.0028751962241506386,0.030947238328278396,0.39212296199539265
5.001808468078013,0.02776104027067327,0.002892497489086794,0.030653537759760062,0.3915649687386718
5.035147191198534,0.02745517819889131,0.0029099530860414854,0.030365131284932796,0.3910152241277877
5.068485914319053,0.027154343253414863,0.0029275619942981685,0.03008190524771303,0.3904737033705521
5.101824637439574,0.026858425867493776,0.0029453231780020898,0.029803749045495865,0.38994038155643357
5.135163360560094,0.026567319443217725,0.002963235585122079,0.029530555028339803,0.38941523364980757
5.168502083680614,0.026280920255503687,0.0029812981464373708,0.029262218401941056,0.388898234482428
5.201840806801134,0.02599912735968656,0.0029995097745490144,0.028998637134235575,0.3883893587451712
5.235179529921654,0.02572184250255927,0.003017869362915464,0.028739711865474735,0.3878885809791
5.268518253042174,0.025448970036715823,0.0030363757849120538,0.028485345821627876,0.38739587556589333
5.301856976162695,0.025180416838058082,0.003055027892914052,0.028235444730972135,0.3869112167176868
5.335195699283214,0.02491609222633326,0.0030738245174030776,0.027989916743736337,0.38643457846636514
5.368534422403735,0.024655907888575638,0.0030927644660967007,0.02774867235467234,0.385965934652349
5.401873145524254,0.024399777805331854,0.00311184652310109,0.027511624328432946,0.38550525891291504
5.435211868644775,0.024147618179554554,0.003131069448086617,0.02727868762764117,0.3850525246700879
5.468550591765295,0.023899347368054828,0.0031504319754863557,0.027049779343541185,0.38460770511814085
5.501889314885815,0.023654885815408717,0.003169932813717486,0.026824818629126203,0.38417077321074206
5.535228038006335,0.023414155990217695,0.0031895706444256067,0.0266037266346433,0.38374170164777965
5.568566761126855,0.02317708232362816,0.0032093441217520137,0.026386426445380175,0.3833204628619018
5.601905484247375,0.0229435911500185,0.003229251871624055,0.026172843021642557,0.382907029004803
5.635244207367895,0.02271361064976714,0.003249292491068659,0.0259629031408358,0.3825013719332895
5.668582930488415,0.022487070794018394,0.0032694645475492023,0.025756535341567598,0.38210346319515565
5.701921653608935,0.022263903291366783,0.003289766578325888,0.02555366986969267,0.38171327401490096
5.735260376729455,0.022044041536384246,0.003310197089839832,0.025354238626224077,0.3813307752793189
5.768599099849975,0.02182742055991751,0.003330754557121097,0.025158175117038606,0.3809559375229857
5.801937822970496,0.021613976981086663,0.0033514374232209015,0.024965414404307565,0.3805887309136786
5.835276546091015,0.021403648960918516,0.003372244098668287,0.0247758930595868,0.3802291252377519
5.868615269211536,0.02119637615755148,0.0033931729609515265,0.024589549118503008,0.3798770898854968
5.901953992332055,0.0209920996829515,0.0034142223540245663,0.02440632203697607,0.37953259383651455
5.935292715452576,0.020790762061080843,0.003435390587838837,0.02422615264891968,0.37919560564512755
5.968631438573096,0.0205923071874645,0.003456675937900747,0.024048983125365245,0.37886609342585525
6.001970161693616,0.020396680290100937,0.0034780766448552123,0.023874756934956148,0.3785440248389803
6.035308884814136,0.02020382789166642,0.0034995909140955856,0.023703418805762003,0.3782293670762305
6.068647607934656,0.020013697772964224,0.0035212169154003156,0.02353491468836454,0.3779220868466008
6.101986331055176,0.019826238937572037,0.003542952782596756,0.023369191720168794,0.3776221503623401
6.135325054175697,0.019641401577642954,0.0035647966132524495,0.023206198190895404,0.37732952332512665
6.168663777296216,0.01945913704081715,0.0035867464683943047,0.023045883509211454,0.37704417091245546
6.202002500416737,0.019279397798203268,0.0036088003722560356,0.022888198170459305,0.3767660577642609
6.235341223537256,0.01910213741339017,0.00363095631205424,0.022733093725444412,0.37649514796979744
6.268679946657777,0.018927310512451292,0.0036532122377935217,0.022580522750244813,0.3762314050548005
6.302018669778297,0.018754872754905477,0.0036755660621010217,0.022430438817006498,0.3759747919689494
6.335357392898817,0.01858478080559955,0.003698015660090735,0.022282796465690285,0.3757252710736537
6.368696116019337,0.018416992307479382,0.0037205588692580177,0.0221375511767374,0.37548280413018487
6.402034839139858,0.018251465855217475,0.003743193489404602,0.021994659344622077,0.37524735228817213
6.435373562260377,0.01808816096966645,0.0037659172825945312,0.021854078252260982,0.3750188760744848
6.468712285380898,0.01792703807310893,0.0037887279731413253,0.021715766046250258,0.37479733538251897
6.502051008501417,0.017768058465275707,0.0038116232476267465,0.021579681712902452,0.37458268946190904
6.535389731621938,0.017611184300104873,0.0038346007549514656,0.02144578505505634,0.3743748969086822
6.568728454742458,0.01745637856321608,0.0038576581064179646,0.021314036669634044,0.37417391565587427
6.602067177862978,0.017303605050074687,0.00388079287584596,0.021184397925920646,0.3739797029646251
6.635405900983498,0.01715282834482188,0.0039040025997206414,0.021056830944542523,0.37379221541576996
6.668744624104018,0.017004013799747655,0.00392728477737397,0.020931298577121626,0.37361140890194444
6.702083347224538,0.016857127515384318,0.003950636871199304,0.020807764386583622,0.3734372386202184
6.7354220703450585,0.016712136321199354,0.0039740563068995476,0.020686192628098902,0.37326965906527493
6.768760793465578,0.01656900775686696,0.0039975404737690534,0.020566548230636014,0.3731086240231494
6.8020995165860985,0.016427710054098578,0.0040210867250094345,0.020448796779108012,0.37295408656554224
6.835438239706618,0.016288212119013466,0.004044692378079438,0.020332904497092904,0.37280599904471967
6.8687769628271385,0.01615048351503095,0.004068354715079022,0.02021883823010997,0.3726643130890158
6.902115685947659,0.01601449444626693,0.004092070983167724,0.020106565429434654,0.3725289795989486
6.9354544090681784,0.015880215741417555,0.004115838395017382,0.01999605413643494,0.37239994874395954
6.968793132188699,0.015747618838113927,0.004139654129299272,0.0198872729674132,0.37227716995979093
7.0021318553092184,0.015616675767732142,0.004163515331205643,0.019780191098937784,0.3721605919465092
7.035470578429739,0.015487359140643522,0.004187419113005655,0.019674778253649175,0.37205016266718394
7.068809301550259,0.015359642131890585,0.00421136255463563,0.019571004686526214,0.37194582934723197
7.102148024670779,0.01523349846727481,0.004235342704323569,0.01946884117159838,0.3718475384744352
7.135486747791299,0.015108902409842502,0.004259356579247766,0.019368258989090267,0.3717552357996365
7.168825470911819,0.014985828746756137,0.004283401166229394,0.019269229912985533,0.37166886633812446
7.202164194032339,0.01486425277653835,0.004307473422458835,0.019171726198997187,0.3715883743717089
7.23550291715286,0.014744150296676705,0.00433157027625555,0.019075720572932255,0.37151370345149337
7.268841640273379,0.01462549759157762,0.004355688627861187,0.018981186219438805,0.37144479640134953
7.3021803633939,0.014508271420858126,0.004379825350265633,0.01888809677112376,0.371381595322094
7.335519086514419,0.014392449007964893,0.004403977290065661,0.018796426298030553,0.37132404159637267
7.36885780963494,0.014278008029109874,0.004428141268355765,0.01870614929746564,0.3712720758942515
7.40219653275546,0.014164926602512704,0.004452314081650762,0.018617240684163466,0.3712256381795157
7.43553525587598,0.014053183277940159,0.004476492502839698,0.018529675780779856,0.37118466771667696
7.4688739789965,0.013942757026533173,0.004500673282170531,0.018443430308703705,0.3711491030786852
7.50221270211702,0.013833627230912688,0.0045248531482650345,0.01835848037917772,0.37111888215534544
7.53555142523754,0.013725773675555398,0.0045490288091633605,0.018274802484718758,0.3710939421624354
7.568890148358061,0.013619176537431084,0.0045731969533975795,0.018192373490828664,0.37107421965151854
7.60222887147858,0.01351381637689357,0.00459735425109356,0.01811117062798713,0.37105965052045015
7.635567594599101,0.01340967412881719,0.0046214973551004495,0.01803117148391764,0.37105017002456814
7.66890631771962,0.013306731093971574,0.004645622902147006,0.01795235399611858,0.3710457127885631
7.702245040840141,0.013204968930627212,0.004669727514023993,0.017874696444651204,0.3710462128190202
7.735583763960661,0.013104369646384817,0.004693807798791776,0.017798177445176592,0.37105160351762245
7.768922487081181,0.013004915590221832,0.004717860352012272,0.017722775942234103,0.37106181769500873
7.802261210201701,0.012906589444749272,0.0047418817580043215,0.017648471202753594,0.37107678758527346
7.835599933322221,0.012809374218672797,0.004765868591121531,0.017575242809794327,0.37109644486109844
7.868938656442741,0.01271325323945174,0.004789817417051607,0.017503070656503347,0.37112072064950485
7.9022773795632615,0.012618210146150199,0.0048137247941361415,0.01743193494028634,0.37114954554821056
7.935616102683781,0.012524228882474566,0.004837587274709802,0.01736181615718437,0.3711828496425821
7.9689548258043015,0.012431293689991758,0.004861401406457826,0.017292695096449585,0.371220562523164
8.00229354892482,0.012339389101523057,0.004885163733790683,0.01722455283531374,0.37126261330377164
8.03563227204534,0.012248499934708142,0.004908870799234768,0.01715737073394291,0.3713089306401314
8.068970995165861,0.012158611285734542,0.004932519144837911,0.017091130430572452,0.3713594427490511
8.102309718286381,0.012069708523227458,0.004956105313588504,0.01702581383681596,0.37141407742810273
8.1356484414069,0.011981777282295478,0.004979625850846988,0.016961403133142466,0.37147276207580093
8.16898716452742,0.011894803458727472,0.005003077305788444,0.016897880764515916,0.3715354237122556
8.202325887647941,0.01180877320333648,0.005026456232854961,0.01683522943619144,0.371601989000282
8.235664610768461,0.01172367291644619,0.005049759193216509,0.0167734321096627,0.37167238426694615
8.269003333888982,0.011639489242516022,0.005072982756238929,0.016712471998754953,0.3717465355255257
8.3023420570095,0.011556209064900803,0.0050961235009577294,0.016652332565858532,0.37182436849786515
8.335680780130021,0.011473819500741177,0.005119178017556273,0.016592997518297452,0.37190580863710265
8.369019503250541,0.011392307895981122,0.005142142908846997,0.01653445080482812,0.37199078115074724
8.402358226371062,0.011311661820508852,0.005165014791754248,0.0164766766122631,0.37207921102408364
8.435696949491582,0.011231869063417728,0.005187790298797315,0.016419659362215042,0.3721710230438801
8.469035672612101,0.01115291762838373,0.0052104660795722615,0.01636338370795599,0.37226614182237816
8.502374395732621,0.011074795729156274,0.005233038802231092,0.016307834531387365,0.37236449182153797
8.535713118853142,0.010997491785159193,0.0052555051549568665,0.01625299694011606,0.3724659973775172
8.569051841973662,0.010920994417198805,0.005277861847433272,0.016198856264632078,0.37257058272535704
8.602390565094183,0.010845292443276103,0.005300105612307278,0.01614539805558338,0.3726781720238528
8.635729288214701,0.010770374874500216,0.005322233206643389,0.016092608081143607,0.3727886893805825
8.669068011335222,0.010696230911100292,0.005344241413368101,0.016040472324468393,0.3729020588770688
8.702406734455742,0.010622849938533201,0.005366127042703117,0.015988976981236316,0.3730182045940503
8.735745457576263,0.010550221523684327,0.005387886933585938,0.015938108457270266,0.3731370506368358
8.769084180696783,0.010478335411158975,0.005409517955076393,0.01588785336623537,0.37325852116071606
8.802422903817302,0.01040718151966194,0.005431017007747752,0.01583819852740969,0.3733825403964097
8.835761626937822,0.010336749938462798,0.005452381025061028,0.015789130963523825,0.37350903267551594
8.869100350058343,0.010267030923944683,0.005473606974721134,0.015740637898665817,0.3736379224559502
8.902439073178863,0.010198014896234215,0.005494691860013536,0.015692706756247753,0.3737691343473374
8.935777796299384,0.010129692435910482,0.005515632721120122,0.015645325157030605,0.37390259313633845
8.969116519419902,0.01006205428079093,0.005536426636412976,0.015598480917203904,0.37403822381188484
9.002455242540423,0.009995091322792088,0.005557070723724811,0.0155521620465169,0.37417595159029693
9.035793965660943,0.009928794604863223,0.005577562141594815,0.015506356746458038,0.3743157019402624
9.069132688781464,0.009863155317990908,0.00559789809048873,0.015461053408479638,0.3744574006076509
9.102471411901984,0.009798164798272675,0.00561807581399198,0.015416240612264655,0.37460097364014067
9.135810135022503,0.009733814524057948,0.005638092599974711,0.01537190712403266,0.3747463474116355
9.169148858143023,0.009670096113154456,0.005657945781727674,0.01532804189488213,0.37489344864644797
9.202487581263544,0.009607001320098488,0.005677632739067837,0.015284634059166325,0.37504220444322783
9.235826304384064,0.009544522033487228,0.005697150899412766,0.015241672932899995,0.3751925422986128
9.269165027504584,0.009482650273371647,0.005716497738822762,0.015199148012194408,0.3753443901305816
9.302503750625103,0.009421378188708357,0.0057356707830097985,0.015157048971718157,0.3754976763014873
9.335842473745624,0.009360698054868884,0.00575466760831243,0.015115365663181314,0.3756523296407521
9.369181196866144,0.009300602271204932,0.005773485842635742,0.015074088113840672,0.37580827946720313
9.402519919986664,0.009241083358668165,0.005792123166355613,0.015033206525023778,0.3759654556110303
9.435858643107185,0.00918213395748314,0.0058105773131864906,0.014992711270669631,0.37612378843534816
9.469197366227704,0.009123746824872018,0.005828846071011978,0.014952592895883996,0.3762832088573443
9.502536089348224,0.009065914832829763,0.005846927282677611,0.014912842115507374,0.37644364836899685
9.535874812468744,0.009008630965948543,0.005864818846745158,0.014873449812693701,0.37660503905734427
9.569213535589265,0.008951888319290096,0.005882518718207956,0.014834407037498052,0.37676731362429383
9.602552258709785,0.008895680096304827,0.005900024909166726,0.014795705005471553,0.37693040540595096
9.635890981830304,0.008839999606796534,0.005917335489465428,0.014757335096261964,0.37709424839145783
9.669229704950824,0.008784840264931544,0.0059344485872867905,0.014719288852218335,0.37725877724132684
9.702568428071345,0.00873019558729122,0.005951362389707099,0.01468155797699832,0.3774239273052557
9.735907151191865,0.008676059190966718,0.005968075143210031,0.014644134334176748,0.3775896346394134
9.769245874312386,0.008622424791694977,0.005984585154159216,0.014607009945854194,0.37775583602318585
9.802584597432904,0.008569286202034909,0.0060008907892294,0.014570176991264307,0.3779224689753691
9.835923320553425,0.008516637329582803,0.006016990475796031,0.014533627805378833,0.37808947176980395
9.869262043673945,0.008464472175226008,0.006032882702283199,0.014497354877509208,0.3782567834504399
9.902600766794466,0.00841278483143392,0.0060485660184699105,0.01446135084990383,0.3784243438458227
9.935939489914986,0.00836156948058538,0.006064039035754691,0.014425608516340071,0.3785920935829976
9.969278213035505,0.008310820393331617,0.006079300427378613,0.01439012082071023,0.37875997410082163
10.002616936156025,0.008260531926993848,0.006094348928606851,0.014354880855600698,0.37892792766268024
10.035955659276546,0.008210698523994728,0.006109183336868947,0.014319881860863675,0.379095897368603
10.069294382397066,0.008161314710322802,0.006123802511857999,0.014285117222180801,0.37926382716677415
10.102633105517587,0.00811237509402919,0.00613820537558906,0.01425058046961825,0.37943166186443594
10.135971828638105,0.00806387436375574,0.006152390912417006,0.014216265276172747,0.3795993471381808
10.169310551758626,0.008015807287293862,0.006166358169014334,0.014182165456308196,0.37976682954363145
10.202649274879146,0.007968168710173378,0.006180106254309182,0.014148274964482559,0.3799340565245089
10.235987997999667,0.007920953554280602,0.006193634339384107,0.01411458789366471,0.3801009764210865
10.269326721120187,0.007874156816505008,0.006206941657336066,0.014081098473841074,0.3802675384780311
10.302665444240706,0.007827773567413808,0.00622002750309817,0.014047801070511979,0.3804336928516339
10.336004167361226,0.007781798949953759,0.0062328912332237345,0.014014690183177494,0.38059939061643155
10.369342890481747,0.007736228178179597,0.0062455322656332695,0.013981760443812868,0.3807645837712193
10.402681613602267,0.007691056536008443,0.006257950079325077,0.01394900661533352,0.38092922524446243
10.436020336722788,0.007646279375999593,0.006270144214050082,0.013916423590049676,0.3810932688991071
10.469359059843306,0.0076018921181591065,0.006282114269951657,0.013884006388110763,0.3812566695367961
10.502697782963827,0.007557890248768598,0.0062938599071711765,0.013851750155939774,0.38141938290149535
10.536036506084347,0.007514269319237713,0.006305380845420076,0.01381965016465779,0.3815813656825357
10.569375229204867,0.007471024944979684,0.006316676863519225,0.01378770180849891,0.38174257551707735
10.602713952325388,0.007428152804309506,0.006327747798906443,0.013755900603215947,0.3819029709920033
10.636052675445907,0.007385648637364148,0.006338593547113027,0.013724242184477174,0.382062511645249
10.669391398566427,0.007343508245044342,0.006349214061210164,0.013692722306254505,0.3822211579665763
10.702730121686947,0.007301727487977453,0.006359609351226143,0.013661336839203595,0.3823788713978008
10.736068844807468,0.007260302285500917,0.006369779483535262,0.013630081769036179,0.38253561433247957
10.769407567927988,0.00721922861466584,0.00637972458021942,0.013598953194885261,0.382691350115071
10.802746291048507,0.007178502509260244,0.006389444818403306,0.01356794732766355,0.3828460430395734
10.836085014169027,0.0071381200588515464,0.0063989404295641825,0.013537060488415728,0.38299965834765615
10.869423737289548,0.007098077407847865,0.006408211698817237,0.013506289106665102,0.3831521622262895
10.902762460410068,0.007058370754577675,0.006417258964177522,0.013475629718755197,0.38330352180488825
10.936101183530589,0.007018996350387437,0.006426082615799449,0.013445078966186887,0.38345370515197613
10.969439906651107,0.0069799504987568175,0.0064346830951948885,0.013414633593951706,0.3836026812713858
11.002778629771628,0.0069412295544310455,0.006443060894430877,0.013384290448861923,0.3837504200980039
11.036117352892148,0.0069028299225701245,0.006451216555307968,0.013354046477878093,0.38389689249307385
11.069456076012669,0.0068647480579144245,0.00645915066852022,0.013323898726434646,0.3840420702390683
11.10279479913319,0.006826980463966361,0.006466863872797919,0.013293844336764279,0.3841859260341438
11.136133522253708,0.0067895236921877945,0.006474356854033971,0.013263880546221764,0.38432843348619034
11.169472245374228,0.00675237434121278,0.006481630344395092,0.013234004685607871,0.3844695671064871
11.202810968494749,0.006715529056075376,0.006488685121418718,0.013204214177494095,0.3846093023029795
11.23614969161527,0.006678984527452139,0.006495522007096741,0.01317450653454888,0.38474761537318813
11.26948841473579,0.006642737490919025,0.00650214186694703,0.013144879357866054,0.38488448349676446
11.302827137856308,0.006606784726222351,0.0065085456090737594,0.01311533033529611,0.3850198847277046
11.336165860976829,0.006571123056563537,0.006514734183217532,0.01308585723978107,0.38515379798623645
11.36950458409735,0.0065357493478973286,0.006520708579796309,0.013056457927693638,0.3852862030503908
11.40284330721787,0.0065006605082432055,0.006526469828938088,0.013027130337181295,0.3854170805472723
11.43618203033839,0.00646585348700968,0.006532018999506314,0.012997872486515995,0.38554641194404077
11.469520753458909,0.00643132527433125,0.006537357198118976,0.012968682472450227,0.38567417953861866
11.50285947657943,0.006397072900417678,0.006542485568162297,0.012939558468579975,0.38580036645013543
11.53619819969995,0.006363093434915408,0.0065474052887999875,0.012910498723715396,0.38592495660912374
11.56953692282047,0.006329383986280786,0.006552117573978904,0.01288150156025969,0.3860479347474792
11.60287564594099,0.006295941701164896,0.0065566236714320655,0.012852565372596962,0.38616928638819764
11.63621436906151,0.006262763763809729,0.006560924861679839,0.012823688625489568,0.3862889978349013
11.66955309218203,0.006229847395455463,0.006565022457030187,0.01279486985248565,0.38640705616116866
11.70289181530255,0.006197189853758621,0.006568917800578797,0.012766107654337418,0.3865234491996787
11.73623053842307,0.0061647884322208754,0.006572612265209879,0.012737400697430755,0.3866381655311826
11.769569261543591,0.006132640459628271,0.006576107252598462,0.012708747712226734,0.38675119447331535
11.80290798466411,0.00610074329950067,0.0065794041922149485,0.012680147491715619,0.38686252606925997
11.83624670778463,0.006069094349551175,0.00658250454033264,0.012651598889883816,0.3869721510762745
11.86958543090515,0.006037691041155359,0.006585409779039022,0.012623100820194381,0.38708006095409525
11.902924154025671,0.006006530838830078,0.006588121415251467,0.012594652254081545,0.3871862478532277
11.936262877146191,0.005975611239721662,0.006590640979738035,0.012566252219459697,0.3872907046031349
11.96960160026671,0.005944929773103327,0.006592970026144077,0.012537899799247403,0.3873934247003366
12.00294032338723,0.005914483999881565,0.0065951101300252245,0.012509594129906789,0.38749440229642856
12.036279046507751,0.00588427151211139,0.00659706288788741,0.0124813343999988,0.38759363218603315
12.069617769628271,0.005854289932520207,0.006598829916234489,0.012453119848754697,0.3876911097946924
12.102956492748792,0.005824536914040165,0.006600412850624041,0.012424949764664205,0.3877868311667123
12.13629521586931,0.00579501013934879,0.006601813344731891,0.012396823484080681,0.38788079295296984
12.169633938989831,0.005765707320417762,0.006603033069425866,0.012368740389843627,0.38797299239869176
12.202972662110351,0.005736626198069661,0.006604073711849266,0.012340699909918929,0.3880634273312139
12.236311385230872,0.005707764541542502,0.006604936974514563,0.012312701516057066,0.3881520961477324
12.269650108351392,0.005679120148061932,0.006605624574407724,0.012284744722469656,0.388238997803053
12.302988831471911,0.005650690842420916,0.006606138242103619,0.012256829084524535,0.3883241317973497
12.336327554592431,0.0056224744765667675,0.006606479720892896,0.012228954197459663,0.3884074981639392
12.369666277712952,0.005594468929195395,0.006606650765920725,0.01220111969511612,0.38848909745708077
12.403005000833472,0.005566672105352575,0.006606653143337724,0.0121733252486903,0.3885689307398086
12.436343723953993,0.0055390819360421695,0.00660648862946345,0.01214557056550562,0.38864699957180443
12.469682447074511,0.005511696377841109,0.006606159009962728,0.012117855387803838,0.38872330599731836
12.503021170195032,0.005484513412521019,0.006605666079035131,0.01209017949155615,0.3887978525331439
12.536359893315552,0.0054575310466763735,0.006605011638617868,0.01206254268529424,0.38887064215665545
12.569698616436073,0.005430747311359029,0.0066041974976023135,0.012034944808961343,0.3889416782939132
12.603037339556593,0.005404160261719016,0.006603225471064448,0.012007385732783465,0.3890109648078433
12.636376062677112,0.00537776797665148,0.006602097379509364,0.011979865356160843,0.3890785059864984
12.669714785797632,0.005351568558449629,0.006600815048130053,0.011952383606579683,0.3891443065314047
12.703053508918153,0.005325560132463607,0.006599380306080634,0.011924940438544241,0.38920837154600024
12.736392232038673,0.005299740846765128,0.006597794985764168,0.011897535832529296,0.38927070652417184
12.769730955159194,0.0052741088718178146,0.0065960609221351945,0.011870169793953009,0.3893313173388924
12.803069678279714,0.005248662400153076,0.006594179952017076,0.011842842352170152,0.3893902102309667
12.836408401400233,0.005223399646051469,0.006592153913434293,0.011815553559485763,0.38944739179788773
12.869747124520753,0.0051983188452294,0.006589984644959706,0.011788303490189106,0.38950286898280895
12.903085847641274,0.00517341825453109,0.006587673985076887,0.011761092239607977,0.3895566490636366
12.936424570761794,0.00514869615162568,0.006585223771557548,0.011733919923183228,0.3896087396422453
12.969763293882314,0.005124150834709403,0.006582635840854083,0.011706786675563487,0.3896591486338206
13.003102017002833,0.0050997806222127014,0.0065799120275072745,0.011679692649719976,0.3897078842563324
13.036440740123354,0.005075583852512213,0.006577054163569098,0.011652638016081312,0.38975495502014157
13.069779463243874,0.005051558883647533,0.00657406407804068,0.011625622961688214,0.38980036971774285
13.103118186364394,0.005027704093042656,0.0065709435963253226,0.01159864768936798,0.38984413741364754
13.136456909484915,0.005004017877232002,0.006567694539696586,0.011571712416928587,0.38988626743440696
13.169795632605434,0.004980498651590956,0.00656431872478136,0.011544817376372318,0.38992676935878035
13.203134355725954,0.004957144850070839,0.006560817963057851,0.01151796281312869,0.3899656530080481
13.236473078846474,0.0049339549249382,0.006557194060368428,0.011491148985306628,0.3900029284364736
13.269811801966995,0.004910927346518377,0.006553448816447205,0.011464376162965582,0.39003860592191353
13.303150525087515,0.004888060602943244,0.006549584024462297,0.011437644627405541,0.3900726959565799
13.336489248208034,0.004865353199903038,0.006545601470572611,0.011410954670475648,0.39010520923795383
13.369827971328554,0.0048428036604022395,0.006541502933499051,0.01138430659390129,0.3901361566598533
13.403166694449075,0.004820410524519381,0.006537290184110035,0.011357700708629416,0.3901655493036545
13.436505417569595,0.004798172349170743,0.006532964985021168,0.011331137334191912,0.3901933984296694
13.469844140690116,0.00477608770787786,0.006528529090208915,0.011304616798086774,0.39021971546867823
13.503182863810634,0.004754155190538757,0.006523984244638144,0.011278139435176901,0.3902445120136191
13.536521586931155,0.004732373403202853,0.006519332183903367,0.011251705587106219,0.3902677998114336
13.569860310051675,0.004710740967849477,0.006514574633883512,0.01122531560173299,0.39028959075507036
13.603199033172196,0.004689256522169909,0.006509713310410061,0.01119896983257997,0.3903098968756447
13.636537756292716,0.0046679187193528916,0.006504749918948355,0.011172668638301245,0.39032873033475574
13.669876479413235,0.004646726227873561,0.006499686154291915,0.011146412382165476,0.3903461034169603
13.703215202533755,0.004625677731285706,0.006494523700269554,0.01112020143155526,0.39036202852240337
13.736553925654276,0.004604771928017337,0.006489264229465107,0.011094036157482445,0.3903765181596044
13.769892648774796,0.0045840075311694576,0.006483909402949597,0.011067916934119054,0.39038958493839976
13.803231371895317,0.004563383268318023,0.006478460870025571,0.011041844138343594,0.39040124156303946
13.836570095015835,0.0045428978813189975,0.0064729202679835,0.011015818149302498,0.39041150082543885
13.869908818136356,0.004522550126116475,0.0064672892218699315,0.010989839347986407,0.3904203755985829
13.903247541256876,0.004502338772553801,0.006461569344267263,0.010963908116821065,0.390427878830084
13.936586264377397,0.004482262604187639,0.006455762235084876,0.010938024839272515,0.3904340235358903
13.969924987497917,0.004462320418104932,0.00644986948136144,0.010912189899466372,0.3904388227941449
14.003263710618436,0.004442511024742715,0.0064438926570781555,0.01088640368182087,0.3904422897391945
14.036602433738956,0.004422833247710705,0.00643783332298271,0.010860666570693414,0.3904444375557456
14.069941156859477,0.004403285923616659,0.006431693026423768,0.010834978950040427,0.39044527947316754
14.103279879979997,0.004383867901894402,0.0064254733011957135,0.010809341203090114,0.3904448287599409
14.136618603100517,0.004364578044634527,0.00641917566739347,0.010783753712027997,0.39044309871825017
14.169957326221036,0.004345415226417679,0.006412801631277159,0.010758216857694838,0.3904401026787177
14.203296049341557,0.004326378334150399,0.006406352685146373,0.010732731019296771,0.39043585399527975
14.236634772462077,0.004307466266903488,0.006399830307223849,0.010707296574127338,0.390430366040201
14.269973495582597,0.004288677935752834,0.0063932359615483025,0.010681913897301137,0.3904236521992266
14.303312218703118,0.004270012263622657,0.006386571097876241,0.010656583361498898,0.3904157258668707
14.336650941823637,0.004251468185131144,0.006379837151592477,0.010631305336723622,0.39040660044183856
14.369989664944157,0.004233044646438423,0.00637303554362918,0.010606080190067603,0.390396289322581
14.403328388064677,0.004214740605096843,0.006366167680393203,0.010580908285490047,0.3903848059029802
14.436667111185198,0.004196555029903503,0.006359234953701505,0.010555789983605008,0.39037216356816296
14.470005834305718,0.004178486900755017,0.006352238740724417,0.010530725641479433,0.39035837569044196
14.503344557426237,0.004160535208504453,0.0063451804039365714,0.010505715612441024,0.39034345562538175
14.536683280546757,0.00414269895482042,0.006338061291075244,0.010480760245895664,0.3903274167079871
14.570022003667278,0.004124977152048273,0.0063308827351059496,0.010455859887154223,0.39031027224901355
14.603360726787798,0.004107368823073377,0.006323646054195029,0.010431014877268406,0.3902920355313963
14.636699449908319,0.004089873001186428,0.0063163525516890615,0.01040622555287549,0.3902727198067969
14.670038173028837,0.004072488729950759,0.0063090035161008666,0.010381492246051626,0.39025233829226474
14.703376896149358,0.004055215063071629,0.006301600221101929,0.010356815284173558,0.3902309041670124
14.736715619269878,0.004038051064267439,0.006294143925521021,0.01033219498978846,0.39020843056930177
14.770054342390399,0.004020995807142868,0.006286635873348822,0.010307631680491688,0.3901849305934394
14.80339306551092,0.004004048375063852,0.006279077293748367,0.010283125668812218,0.3901604172868797
14.836731788631438,0.003987207861034437,0.0062714694010711156,0.010258677262105553,0.3901349036474332
14.870070511751958,0.003970473367575412,0.006263813394878451,0.010234286762453863,0.3901084026205775
14.903409234872479,0.00395384400660474,0.006256110459968432,0.010209954466573173,0.39008092709687064
14.936747957993,0.003937318899319733,0.0062483617664076075,0.01018568066572734,0.39005248990946284
14.97008668111352,0.003920897176080938,0.0062405684695677225,0.010161465645648661,0.39002310383170585
15.003425404234038,0.0039045779762977312,0.006232731710167132,0.010137309686464863,0.3899927815748578
15.036764127354559,0.0038883604483155552,0.006224852614316747,0.010113213062632301,0.38996153578588094
15.07010285047508,0.003872243749304816,0.006216932293570361,0.010089176042875177,0.38992937904533187
15.1034415735956,0.0038562270451513695,0.006208971844979151,0.01006519889013052,0.38989632386533934
15.13678029671612,0.0038403095103485894,0.00620097235115024,0.01004128186149883,0.38986238268767154
15.170119019836639,0.003824490327891006,0.006192934880309109,0.010017425208200115,0.38982756788188744
15.20345774295716,0.0038087686891694708,0.00618486048636574,0.00999362917553521,0.38979189174357304
15.23679646607768,0.0037931437938678097,0.006176750208984307,0.009969894002852118,0.3897553664926581
15.2701351891982,0.0037776148498609792,0.006168605073656296,0.009946219923517276,0.3897180042718137
15.30347391231872,0.003762181073114672,0.006160426091776852,0.009922607164891524,0.38967981714492766
15.33681263543924,0.003746841687586351,0.00615221426072428,0.009899055948310632,0.389640817095656
15.37015135855976,0.0037315959251276805,0.006143970563942488,0.009875566489070169,0.38960101602604824
15.40349008168028,0.0037164430253883835,0.006135695971026282,0.009852138996414666,0.38956042575524635
15.4368288048008,0.00370138223572142,0.006127391437809357,0.009828773673530777,0.38951905801825365
15.47016752792132,0.00368641281108953,0.00611905790645485,0.00980547071754438,0.38947692446477294
15.50350625104184,0.0036715340139730915,0.006110696305548333,0.009782230319521424,0.3894340366581116
15.53684497416236,0.003656745114279278,0.0061023075501931145,0.009759052664472393,0.3893904060741529
15.57018369728288,0.003642045389252494,0.006093892542107743,0.009735937931360237,0.3893460441003904
15.6035224204034,0.003627434123386066,0.006085452169725559,0.009712886293111626,0.3893009620350252
15.636861143523921,0.0036129106083351756,0.0060769873082962035,0.00968989791663138,0.3892551710861227
15.67019986664444,0.003598474142831011,0.0060684988199889755,0.009666972962819986,0.3892086823708294
15.70353858976496,0.0035841240325960966,0.006059987553997908,0.009644111586594005,0.38916150691464635
15.73687731288548,0.003569859590260843,0.0060514543466484595,0.009621313936909303,0.3891136556507583
15.770216036006001,0.003555680135281219,0.006042900021505727,0.009598580156786947,0.38906513941941717
15.803554759126522,0.0035415849938575756,0.006034325389484062,0.009575910383341638,0.3890159689673778
15.83689348224704,0.0035275734988546087,0.006025731248958011,0.00955330474781262,0.38896615494738535
15.87023220536756,0.003513644989722413,0.006017118385874461,0.009530763375596874,0.38891570791771213
15.903570928488081,0.0034997988124186277,0.006008487573865915,0.009508286386284542,0.38886463834174206
15.936909651608602,0.0034860343193316543,0.005999839574364797,0.00948587389369645,0.38881295658760273
15.970248374729122,0.003472350869204937,0.005991175136718704,0.00946352600592364,0.38876067292784233
16.003587097849643,0.003458747827062268,0.005982494998306506,0.009441242825368774,0.3887077975391505
16.036925820970165,0.003445224564134122,0.005973799884655244,0.009419024448789367,0.3886543405021221
16.070264544090684,0.0034317804577850006,0.005965090509557697,0.009396870967342697,0.38860031180106186
16.103603267211202,0.0034184148914417583,0.005956367575190591,0.009374782466632349,0.38854572132382953
16.136941990331724,0.003405127254522908,0.005947631772233327,0.009352759026756235,0.3884905788617232
16.170280713452243,0.003391916942368894,0.00593888377998721,0.009330800722356104,0.38843489410940046
16.203619436572765,0.0033787833561732903,0.005930124266495042,0.009308907622668332,0.38837867666483566
16.236958159693284,0.003365725902914954,0.005921353888661084,0.009287079791576038,0.3883219360293121
16.270296882813803,0.0033527439952910736,0.00591257329237125,0.009265317287662323,0.3882646816074482
16.303635605934325,0.00333983705165113,0.005903783112613529,0.009243620164264658,0.38820692270725643
16.336974329054843,0.003327004495931748,0.005894983973598543,0.009221988469530292,0.3881486685402336
16.370313052175366,0.003314245757592412,0.00588617648888018,0.009200422246472592,0.3880899282214818
16.403651775295884,0.003301560271552054,0.005877361261476261,0.009178921533028316,0.38803071076985846
16.436990498416403,0.003288947478126479,0.00586853888398918,0.00915748636211566,0.3879710251081553
16.470329221536925,0.003276406822966634,0.0058597099387264545,0.009136116761693088,0.38791088006330393
16.503667944657444,0.003263937756997698,0.005850874997821158,0.009114812754818857,0.3878502843666081
16.537006667777966,0.003251539736358974,0.00584203462335216,0.009093574359711134,0.38778924665400116
16.570345390898485,0.0032392122223445915,0.005833189367464141,0.009072401589808732,0.3877277754663279
16.603684114019003,0.0032269546813449785,0.0058243397724873445,0.009051294453832324,0.3876658792496498
16.637022837139526,0.003214766584789124,0.005815486371056999,0.009030252955846124,0.38760356635557247
16.670361560260044,0.0032026474090875922,0.0058066296862324075,0.00900927709532,0.3875408450415953
16.703700283380567,0.0031905966355762843,0.005797770231615603,0.008988366867191887,0.3874777234714812
16.737039006501085,0.0031786137504609536,0.005788908511469619,0.008967522261930573,0.3874142097156464
16.770377729621604,0.003166698244762429,0.005780045020836242,0.008946743265598672,0.3873503117515694
16.803716452742126,0.003154849614262573,0.005771180245653293,0.008926029859915866,0.3872860374642181
16.837055175862645,0.003143067359450942,0.00576231466287136,0.008905382022322302,0.387221394646494
16.870393898983167,0.0031313509854721286,0.0057534487405699565,0.008884799726042085,0.3871563909996937
16.903732622103686,0.0031197000020738155,0.005744582938073088,0.008864282940146902,0.38709103413398555
16.937071345224204,0.0031081139235554778,0.005735717706064184,0.008843831629619662,0.3870253315689021
16.970410068344727,0.0030965922687177694,0.005726853486700381,0.00882344575541815,0.3869592907338467
17.003748791465245,0.0030851345608125585,0.005717990713726123,0.008803125274538682,0.38689291896861366
17.037087514585767,0.0030737403274936053,0.005709129812586051,0.008782870140079656,0.386826223523922
17.070426237706286,0.0030624091007678865,0.005700271200537171,0.008762680301305057,0.38675921156196125
17.103764960826805,0.0030511404169475316,0.005691415286760264,0.008742555703707796,0.386691890156949
17.137103683947327,0.0030399338166023897,0.005682562472470533,0.008722496289072922,0.3866242662957001
17.170442407067846,0.003028788844513207,0.005673713151027453,0.00870250199554066,0.38655634687820595
17.203781130188368,0.0030177050496253835,0.0056648677080438055,0.008682572757669189,0.3864881387182235
17.237119853308887,0.0030066819850033495,0.005656026521493901,0.00866270850649725,0.38641964854387456
17.270458576429405,0.0029957192077854997,0.005647189961820943,0.008642909169606442,0.3863508829982532
17.303797299549927,0.002984816279139716,0.005638358392043544,0.008623174671183259,0.3862818486400419
17.337136022670446,0.002973972764219455,0.005629532167861365,0.00860350493208082,0.38621255194413506
17.37047474579097,0.002963188232120381,0.005620711637759864,0.008583899869880245,0.38614299930227036
17.403813468911487,0.002952462255837563,0.0056118971431141544,0.008564359398951718,0.3860731970236662
17.437152192032006,0.002941794412223205,0.0056030890182919525,0.008544883430515158,0.3860031513356664
17.470490915152528,0.00293118428194491,0.005594287590755592,0.008525471872700502,0.38593286838438956
17.503829638273046,0.0029206314494444768,0.00558549318116313,0.008506124630607606,0.38586235423538506
17.53716836139357,0.0029101355028972,0.005576706103468498,0.0084868416063657,0.3857916148742934
17.570507084514087,0.002899696034171704,0.005567926665020708,0.008467622699192412,0.38572065620751056
17.603845807634606,0.0028893126387902535,0.005559155166662111,0.008448467805452364,0.385649484062858
17.63718453075513,0.0028789849158895845,0.00555039190282569,0.008429376818715275,0.3855781041902547
17.670523253875647,0.0028687124681822094,0.005541637161631394,0.008410349629813603,0.385506522262394
17.70386197699617,0.0028584949019182086,0.00553289122498148,0.00839138612689969,0.38543474387542254
17.737200700116688,0.002848331826847503,0.005524154368654911,0.008372486195502415,0.3853627745496219
17.770539423237206,0.0028382228561825854,0.005515426862400742,0.008353649718583328,0.3852906197300934
17.80387814635773,0.0028281676065617174,0.0055067089700305515,0.008334876576592268,0.38521828478744363
17.837216869478247,0.002818165698012594,0.005498000949509863,0.008316166647522457,0.38514577501847264
17.87055559259877,0.0028082167539164324,0.0054893030530485925,0.008297519806965026,0.38507309564686276
17.90389431571929,0.0027983204009725295,0.005480615527190515,0.008278935928163044,0.385000251823869
17.937233038839807,0.0027884762691632366,0.00547193861290171,0.008260414882064946,0.3849272486290096
17.97057176196033,0.0027786839917193747,0.005463272545658063,0.008241956537377438,0.384854091070758
18.003910485080848,0.002768943205086076,0.005454617555531733,0.00822356076061781,0.38478078408723376
18.03724920820137,0.00275925354888903,0.005445973867276649,0.008205227416165679,0.3847073325468941
18.07058793132189,0.002749614665901162,0.005437341700413035,0.008186956366314196,0.38463374124922556
18.103926654442407,0.0027400262020096993,0.00542872126931091,0.008168747471320608,0.3845600149254342
18.13726537756293,0.002730487806183652,0.005420112783272631,0.008150600589456283,0.38448615823913534
18.170604100683448,0.0027209991304416857,0.0054115164466144545,0.00813251557705614,0.38441217578704284
18.20394282380397,0.002711559829820378,0.005402932458747089,0.008114492288567466,0.38433807209965604
18.23728154692449,0.002702169562342872,0.005394361014255303,0.008096530576598175,0.3842638516419464
18.270620270045008,0.002692827988987895,0.005385802302976539,0.008078630291964435,0.3841895188140419
18.30395899316553,0.0026835347736591636,0.005377256510078564,0.008060791283737727,0.38411507795190947
18.33729771628605,0.0026742895831551507,0.005368723816136147,0.008043013399291298,0.3840405333280361
18.37063643940657,0.0026650920871392173,0.005360204397206785,0.008025296484346002,0.383965889152107
18.40397516252709,0.0026559419581101084,0.0053516984249054635,0.008007640383015572,0.38389114957168197
18.437313885647608,0.0026468388713727924,0.005343206066478456,0.007990044937851248,0.3838163186728688
18.47065260876813,0.0026377825050096595,0.0053347274848761965,0.007972509989885856,0.38374140048099475
18.50399133188865,0.0026287725398520642,0.00532626283882519,0.007955035378677254,0.38366639896127397
18.53733005500917,0.002619808659452197,0.005317812282898992,0.00793762094235119,0.3835913180194736
18.57066877812969,0.002610890550055304,0.005309375967588263,0.007920266517643567,0.3835161615025752
18.60400750125021,0.0026020179005722286,0.005300954039369884,0.007902971939942112,0.3834409331994342
18.63734622437073,0.0025931904025522827,0.005292546640775166,0.00788573704332745,0.38336563684143526
18.67068494749125,0.0025844077501564395,0.005284153910457137,0.007868561660613577,0.3832902761031444
18.70402367061177,0.0025756696401308407,0.005275775983256927,0.007851445623387767,0.3832148546029577
18.73736239373229,0.002566975771780623,0.0052674129902692554,0.00783438876204988,0.38313937590374636
18.77070111685281,0.0025583258469440416,0.005259065058907012,0.007817390905851054,0.3830638435134976
18.80403983997333,0.002549719569966912,0.005250732312964975,0.007800451882931887,0.3829882608859522
18.83737856309385,0.0025411566476773472,0.005242414872682622,0.00778357152035997,0.3829126314212378
18.870717286214372,0.0025326367893607825,0.005234112854806097,0.0077667496441668794,0.3828369584664982
18.90405600933489,0.0025241597067353094,0.005225826372649292,0.007749986079384602,0.38276124531651873
18.93739473245541,0.002515725113927283,0.005217555536154078,0.007733280650081361,0.38268549521434714
18.97073345557593,0.0025073327274472207,0.00520930045194969,0.007716633179396911,0.38260971135191046
19.00407217869645,0.002498982266165987,0.005201061223411271,0.007700043489577258,0.3825338968706275
19.037410901816973,0.0024906734512912423,0.005192837950717567,0.007683511402008809,0.38245805486201684
19.07074962493749,0.0024824060063441803,0.005184630730907818,0.007667036737251998,0.38238218836830057
19.10408834805801,0.0024741796571365205,0.0051764396579378116,0.007650619315074332,0.38230630038300323
19.137427071178532,0.0024659941317477794,0.005168264822735138,0.007634258954482918,0.3822303938515467
19.17076579429905,0.0024578491605027997,0.005160106313253634,0.007617955473756434,0.38215447167183986
19.204104517419573,0.0024497444759495352,0.005151964214527034,0.00760170869047657,0.38207853669486425
19.23744324054009,0.0024416798128370984,0.005143838608721844,0.0075855184215589426,0.3820025917252544
19.27078196366061,0.0024336549080940548,0.005135729575189412,0.007569384483283467,0.38192663952187406
19.304120686781133,0.0024256695008069698,0.005127637190517268,0.0075533066913242375,0.38185068279838724
19.33745940990165,0.002417723332199203,0.005119561528579656,0.007537284860778859,0.3817747242238247
19.370798133022173,0.002409816145609939,0.005111502660587349,0.0075213188061972885,0.3816987664231455
19.404136856142692,0.002401947686473466,0.005103460655136694,0.00750540834161016,0.38162281197779374
19.43747557926321,0.0023941177022986826,0.0050954355782579334,0.007489553280556616,0.38154686342625055
19.470814302383733,0.0023863259426488447,0.005087427493462788,0.0074737534361116326,0.3814709232645811
19.50415302550425,0.0023785721591215404,0.0050794364617913245,0.007458008620912865,0.38139499394697673
19.537491748624774,0.002370856105328889,0.0050714625418581075,0.0074423186471869966,0.38131907788629227
19.570830471745293,0.002363177536877973,0.00506350578989764,0.0074266833267756125,0.38124317745457803
19.60416919486581,0.002355536211351479,0.005055566259809122,0.007411102471160601,0.38116729498360763
19.637507917986333,0.0023479318882885687,0.005047644003200506,0.007395575891489075,0.3810914327654002
19.670846641106852,0.002340364329165962,0.00503973906943188,0.007380103398597842,0.38101559305273797
19.704185364227374,0.0023328332973792283,0.005031851505658171,0.007364684803037399,0.3809397780596787
19.737524087347893,0.0023253385582242994,0.0050239813568711935,0.007349319915095492,0.38086398996206355
19.77086281046841,0.002317879878879173,0.005016128665941038,0.007334008544820211,0.38078823089801955
19.804201533588934,0.0023104570283858407,0.005008293473656803,0.007318750502042643,0.3807125029684574
19.837540256709453,0.002303069777632402,0.005000475818766701,0.0073035455963991035,0.38063680823756424
19.870878979829975,0.0022957178993353896,0.004992675738017521,0.007288393637352911,0.3805611487332916
19.904217702950493,0.002288401168022284,0.004984893266193474,0.007273294434215758,0.38048552644783823
19.937556426071012,0.0022811193600142266,0.004977128436154418,0.007258247796168645,0.3804099433381282
19.970895149191534,0.0022738722534089246,0.004969381278873471,0.007243253532282396,0.3803344013262841
20.004233872312053,0.0022666596280637463,0.00496165182347404,0.007228311451537786,0.38025890230009507
20.037572595432575,0.0022594812655790013,0.0049539400972662285,0.00721342136284523,0.3801834481134804
20.070911318553094,0.0022523369492814097,0.004946246125782689,0.007198583075064099,0.3801080405869478
20.104250041673613,0.0022452264642077477,0.0049385699328138785,0.007183796397021627,0.38003268150804714
20.137588764794135,0.0022381495970886806,0.0049309115404427475,0.007169061137531428,0.3799573726318192
20.170927487914653,0.002231106136332773,0.004923270969078877,0.00715437710541165,0.37988211568124014
20.204266211035176,0.0022240958720106643,0.0049156482374920416,0.0071397441095027055,0.3798069123476598
20.237604934155694,0.002217118595839437,0.004908043362845249,0.007125161958684685,0.37973176429123706
20.270943657276213,0.0022101741011671372,0.004900456360727213,0.007110630461894351,0.379656673141369
20.304282380396735,0.0022032621829574774,0.004892887245184323,0.0070961494281418,0.3795816404971161
20.337621103517254,0.0021963826377747004,0.004885336028752058,0.007081718666526758,0.3795066679276224
20.370959826637776,0.00218953526376861,0.004877802722485908,0.007067337986254519,0.3794317569725311
20.404298549758295,0.0021827198606597675,0.004870287335991772,0.007053007196651539,0.3793569091423956
20.437637272878813,0.002175936229724842,0.00486278987745585,0.007038726107180692,0.37928212591908583
20.470975995999336,0.0021691841737821256,0.004855310353674044,0.00702449452745617,0.3792074087561897
20.504314719119854,0.0021624634971772094,0.004847848770080872,0.007010312267258081,0.3791327590794105
20.537653442240376,0.002155774005768802,0.00484040513077789,0.006996179136546692,0.37905817828695965
20.570992165360895,0.002149115506914715,0.004832979438561641,0.006982094945476356,0.37898366774994413
20.604330888481414,0.0021424878094579904,0.004825571694951144,0.006968059504409135,0.3789092288127509
20.637669611601936,0.0021358907237131793,0.0048181819002149,0.00695407262392808,0.37883486279342543
20.671008334722455,0.002129324061452776,0.004810810053397473,0.006940134114850249,0.3787605709840468
20.704347057842977,0.0021227876358937844,0.004803456152345583,0.006926243788239368,0.37868635465109773
20.737685780963496,0.0021162812616844417,0.00479612019373379,0.006912401455418232,0.3786122150358306
20.771024504084014,0.0021098047548910727,0.00478880217308973,0.006898606927980803,0.37853815335462954
20.804363227204536,0.0021033579329850943,0.004781502084818903,0.0068848600178039975,0.3784641707993668
20.837701950325055,0.0020969406148301545,0.004774219922229074,0.006871160537059228,0.3783902685377567
20.871040673445577,0.0020905526206694055,0.0047669556775542235,0.006857508298223629,0.37831644771370426
20.904379396566096,0.0020841937721129203,0.0047597093419781,0.006843903114091021,0.3782427094476493
20.937718119686615,0.002077863892125235,0.004752480905657373,0.006830344797782608,0.3781690548369077
20.971056842807137,0.002071562805013025,0.004745270357744373,0.006816833162757398,0.3780954849560071
21.004395565927656,0.0020652903364129214,0.00473807768640945,0.006803368022822371,0.37802200085701915
21.037734289048178,0.0020590463132794377,0.004730902878862943,0.00678994919214238,0.37794860356988846
21.071073012168696,0.002052830563873043,0.0047237459213767576,0.006776576485249801,0.37787529410275567
21.104411735289215,0.00204664291774835,0.004716606799305583,0.0067632497170539325,0.37780207344227806
21.137750458409737,0.002040483205742427,0.004709485497107728,0.006749968702850155,0.377728942553946
21.171089181530256,0.002034351259963243,0.004702381998365599,0.006736733258328842,0.37765590238239466
21.204427904650778,0.00202824691377822,0.004695296285805818,0.006723543199584038,0.3775829538517129
21.237766627771297,0.0020221700018029165,0.004688228341318979,0.006710398343121896,0.3775100978657472
21.271105350891816,0.002016120359889826,0.004681178145979073,0.006697298505868899,0.3774373353084028
21.304444074012338,0.0020100978251172885,0.004674145680062549,0.0066842435051798375,0.37736466704394045
21.337782797132856,0.0020041022357785267,0.004667130923067069,0.006671233158845596,0.37729209391726964
21.37112152025338,0.001998133431370785,0.004660133853729889,0.006658267285100675,0.3772196167542378
21.404460243373897,0.0019921912525845942,0.0046531544500459515,0.006645345702630546,0.3771472363619162
21.437798966494416,0.0019862755412931345,0.004646192689285635,0.0066324682305787695,0.3770749535288821
21.471137689614938,0.0019803861405417213,0.004639248548012192,0.006619634688553914,0.3770027690254972
21.504476412735457,0.0019745228945373928,0.0046323220020988804,0.006606844896636273,0.3769306836041825
21.53781513585598,0.0019686856486386037,0.004625413026745774,0.006594098675384378,0.37685869799968996
21.571153858976498,0.001962874249345034,0.004618521596496294,0.006581395845841328,0.37678681292937
21.604492582097016,0.001957088544287493,0.004611647685253414,0.0065687362295409075,0.3767150290934362
21.63783130521754,0.0019513283822179333,0.004604791266295598,0.006556119648513531,0.3766433471752261
21.671170028338057,0.001945593612999567,0.00459795231229244,0.006543545925292007,0.37657176784145907
21.70450875145858,0.0019398840875970798,0.004591130795320013,0.006531014882917093,0.3765002917424903
21.737847474579098,0.0019341996580669527,0.00458432668687596,0.006518526344942913,0.3764289195125617
21.771186197699617,0.001928540177547873,0.004577539957894282,0.006506080135442155,0.3763576517700496
21.80452492082014,0.0019229055002512503,0.004570770578759883,0.006493676079011133,0.3762864891177092
21.837863643940658,0.001917295481451831,0.0045640185193228325,0.0064813140007746635,0.3762154321429154
21.87120236706118,0.0019117099774783998,0.004557283748912377,0.006468993726390777,0.3761444814179013
21.9045410901817,0.0019061488457045844,0.004550566236350683,0.006456715082055267,0.3760736374999922
21.937879813302217,0.0019006119445397509,0.004543865949966337,0.006444477894506088,0.37600290093183786
21.97121853642274,0.0018950991334199868,0.004537182857607592,0.006432281991027579,0.37593227224164105
22.004557259543258,0.0018896102727991872,0.004530516926655375,0.006420127199454562,0.3758617519433828
22.03789598266378,0.0018841452241402155,0.0045238681240360405,0.006408013348176256,0.3757913405370451
22.0712347057843,0.00187870384990617,0.0045172364162339015,0.006395940266140071,0.3757210385088304
22.104573428904818,0.0018732860135517223,0.004510621769303523,0.006383907782855245,0.3756508463313782
22.13791215202534,0.0018678915795145572,0.004504024148881777,0.006371915728396334,0.37558076446397864
22.17125087514586,0.0018625204132068913,0.004497443520199693,0.006359963933406584,0.3755107933527834
22.20458959826638,0.001857172381007075,0.004490879848094055,0.00634805222910113,0.3754409334310135
22.2379283213869,0.001851847350251288,0.00448433309701882,0.006336180447270108,0.37537118511916423
22.271267044507418,0.001846545189225305,0.004477803231056286,0.006324348420281591,0.375301548825208
22.30460576762794,0.0018412657671563553,0.004471290213928069,0.006312555981084425,0.3752320249447932
22.33794449074846,0.00183600895420506,0.004464794009005873,0.006300802963210932,0.37516261386144173
22.37128321386898,0.0018307746214574448,0.00445831457932204,0.0062890892007794845,0.37509331594674244
22.4046219369895,0.0018255626409170406,0.004451851887579922,0.006277414528496962,0.3750241315605432
22.43796066011002,0.0018203728854970555,0.004445405896164037,0.006265778781661092,0.3749550610511394
22.47129938323054,0.0018152052290126292,0.004438976567150037,0.006254181796162666,0.3748861047554601
22.50463810635106,0.0018100595461731633,0.004432563862314494,0.006242623408487657,0.374817262999252
22.53797682947158,0.0018049357125747248,0.0044261677431444825,0.006231103455719207,0.37474853609726055
22.5713155525921,0.0017998336046925305,0.004419788170846992,0.006219621775539522,0.37467992435340824
22.60465427571262,0.0017947530998734976,0.004413425106358152,0.00620817820623165,0.37461142806097114
22.63799299883314,0.0017896940763288745,0.0044070785103522735,0.006196772586681148,0.3745430475027523
22.67133172195366,0.0017846564131269453,0.0044007483432507285,0.006185404756377674,0.37447478295125325
22.704670445074182,0.0017796399901857955,0.004394434565230649,0.0061740745554164445,0.3744066346688427
22.7380091681947,0.0017746446882661638,0.004388137136233449,0.0061627818244996135,0.3743386029079233
22.77134789131522,0.0017696703889643502,0.004381856015973202,0.006151526404937552,0.37427068791109547
22.80468661443574,0.0017647169747052015,0.004375591163944831,0.006140308138650032,0.37420288991131967
22.83802533755626,0.001759784328735167,0.004369342539432155,0.006129126868167322,0.3741352091320759
22.871364060676783,0.0017548723351154133,0.004363110101515764,0.006117982436631177,0.3740676457875207
22.9047027837973,0.0017499808787150154,0.004356893809080755,0.006106874687795771,0.3740002000826431
22.93804150691782,0.001745109845204208,0.004350693620824298,0.006095803466028506,0.37393287221341664
22.971380230038342,0.0017402591210477056,0.0043445094952630605,0.006084768616310766,0.37386566236695085
23.00471895315886,0.0017354285934980884,0.0043383413907404885,0.006073769984238577,0.3737985707216396
23.038057676279383,0.0017306181505892465,0.0043321892654339346,0.006062807416023181,0.37373159744730766
23.0713963993999,0.0017258276811298971,0.0043260530773616464,0.006051880758491544,0.37366474270535527
23.10473512252042,0.0017210570746971539,0.004319932784389618,0.006040989859086771,0.37359800664890036
23.138073845640942,0.0017163062216301666,0.0043138283442382954,0.006030134565868462,0.37353138942291914
23.17141256876146,0.00171157501302382,0.00430773971448916,0.00601931472751298,0.373464891164384
23.204751291881983,0.0017068633407224892,0.004301666852591173,0.006008530193313662,0.3733985120024008
23.238090015002502,0.0017021710973138624,0.004295609715867077,0.0059977808131809396,0.37333225205834225
23.27142873812302,0.001697498176122816,0.004289568261519589,0.005987066437642404,0.37326611144598065
23.304767461243543,0.0016928444712053523,0.00428354244663746,0.005976386917842812,0.3732000902716192
23.33810618436406,0.0016882098773425974,0.004277532228201407,0.0059657421055440045,0.37313418863421993
23.371444907484584,0.0016835942900348488,0.0042715375630899225,0.005955131853124771,0.3730684066255305
23.404783630605102,0.00167899760549569,0.004265558408084977,0.005944556013580667,0.3730027443302099
23.43812235372562,0.0016744197206461514,0.004259594719877585,0.005934014440523736,0.37293720182595086
23.471461076846143,0.0016698605331089333,0.004253646455073272,0.005923506988182206,0.37287177918360187
23.504799799966662,0.0016653199412026845,0.004247713570197421,0.005913033511400105,0.37280647646728643
23.538138523087184,0.0016607978439363285,0.004241796021700504,0.005902593865636832,0.372741293734521
23.571477246207703,0.0016562941410034522,0.0042358937659632175,0.005892187906966669,0.37267623103633135
23.60481596932822,0.0016518087327767393,0.004230006759301491,0.005881815492078231,0.3726112884173671
23.638154692448744,0.0016473415203024633,0.00422413495797141,0.005871476478273873,0.37254646591601426
23.671493415569262,0.0016428924052950304,0.004218278318174016,0.005861170723469047,0.3724817635645064
23.704832138689785,0.0016384612901315706,0.004212436796060025,0.005850898086191596,0.3724171813890346
23.738170861810303,0.0016340480778465852,0.0042066103477344284,0.0058406584255810134,0.3723527194098548
23.771509584930822,0.00162965267212664,0.004200798929261004,0.005830451601387643,0.3722883776413946
23.804848308051344,0.0016252749773051117,0.00419500249666673,0.005820277473971841,0.3722241560923578
23.838187031171863,0.0016209148983569834,0.0041892210059461055,0.005810135904303089,0.37216005476582775
23.871525754292385,0.0016165723408936837,0.004183454413065369,0.005800026753959053,0.3720960736593688
23.904864477412904,0.0016122472111579837,0.004177702673966642,0.0057899498851246255,0.3720322127651268
23.938203200533422,0.0016079394160189327,0.004171965744571964,0.005779905160590897,0.3719684720699278
23.971541923653945,0.0016036488629668447,0.004166243580787249,0.005769892443754094,0.3719048515553748
24.004880646774463,0.0015993754601083354,0.004160536138506169,0.005759911598614504,0.3718413511979444
24.038219369894986,0.0015951191161613966,0.004154843373613914,0.0057499624897753105,0.3717779709690805
24.071558093015504,0.001590879740450526,0.004149165241990916,0.005740044982441442,0.3717147108352874
24.104896816136023,0.0015866572429018956,0.0041435016995164525,0.005730158942418348,0.3716515707582216
24.138235539256545,0.0015824515340385674,0.004137852702072188,0.005720304236110755,0.37158855069478175
24.171574262377064,0.001578262524975754,0.00413221820554564,0.005710480730521395,0.3715256505971978
24.204912985497586,0.0015740901274161213,0.004126598165833555,0.005700688293249676,0.3714628704131184
24.238251708618105,0.0015699342536451366,0.004120992538845209,0.005690926792490346,0.37140021008569674
24.271590431738623,0.0015657948165264581,0.0041154012805056485,0.005681196097032107,0.3713376695536763
24.304929154859146,0.0015616717294973659,0.00410982434675884,0.005671496076256206,0.3712752487514737
24.338267877979664,0.0015575649065642397,0.0041042616935707595,0.005661826600134999,0.37121294760926166
24.371606601100186,0.001553474262298072,0.0040987132769324,0.005652187539230472,0.37115076605304964
24.404945324220705,0.0015493997118300273,0.004093179052862727,0.005642578764692754,0.3710887040047642
24.438284047341224,0.0015453411708470394,0.004087658977411541,0.00563300014825858,0.37102676138232726
24.471622770461746,0.0015412985555874482,0.004082153006662297,0.005623451562249746,0.3709649380997341
24.504961493582265,0.001537271782836682,0.004076661096734849,0.0056139328795715305,0.3709032340671294
24.538300216702787,0.0015332607699229703,0.004071183203788119,0.00560444397371109,0.37084164919088236
24.571638939823305,0.001529265434713104,0.004065719284022722,0.005594984718735826,0.37078018337366087
24.604977662943824,0.001525285695608229,0.004060269293683518,0.005585554989291747,0.37071883651450444
24.638316386064346,0.00152132147153968,0.0040548331890621,0.00557615466060178,0.3706576085088959
24.671655109184865,0.0015173726819648543,0.0040494109264992304,0.005566783608464085,0.3705964992488319
24.704993832305387,0.0015134392468631164,0.004044002462387213,0.00555744170925033,0.37053550862289314
24.738332555425906,0.0015095210867317483,0.004038607753172214,0.005548128839903963,0.3704746365163121
24.771671278546425,0.0015056181225819294,0.0040332267553565134,0.005538844877938443,0.37041388281104115
24.805010001666947,0.0015017302759347555,0.004027859425500711,0.005529589701435467,0.37035324738581854
24.838348724787465,0.0014978574688172973,0.0040225057202258815,0.005520363189043179,0.37029273011623426
24.871687447907988,0.0014939996237586853,0.004017165596215666,0.005511165219974351,0.3702323308747943
24.905026171028506,0.0014901566637862405,0.004011839010218314,0.005501995674004554,0.3701720495309837
24.938364894149025,0.0014863285124216317,0.004006525919048678,0.005492854431470309,0.37011188595132966
24.971703617269547,0.0014825150936770713,0.0040012262795901515,0.005483741373267223,0.37005183999946245
25.005042340390066,0.001478716332051547,0.003995940048796564,0.005474656380848111,0.3699919115361762
25.038381063510588,0.0014749321525270795,0.003990667183694023,0.005465599336221103,0.3699321004194885
25.071719786631107,0.0014711624805650242,0.00398540764138271,0.005456570121947734,0.36987240650469877
25.105058509751625,0.0014674072421023967,0.003980161379038621,0.005447568621141018,0.3698128296444463
25.138397232872148,0.0014636663635482373,0.0039749283539152825,0.00543859471746352,0.36975336968876704
25.171735955992666,0.0014599397717800046,0.003969708523345398,0.005429648295125403,0.36969402648514943
25.20507467911319,0.0014562273941400015,0.003964501844742465,0.005420729238882467,0.3696347998785896
25.238413402233707,0.0014525291584318368,0.003959308275602345,0.005411837434034181,0.36957568971164534
25.271752125354226,0.0014488449929169103,0.003954127773504789,0.005402972766421699,0.3695166958244899
25.305090848474748,0.0014451748263109372,0.003948960296114922,0.005394135122425859,0.3694578180549639
25.338429571595267,0.0014415185877804998,0.003943805801184691,0.005385324388965191,0.3693990562386277
25.37176829471579,0.0014378762069396272,0.003938664246554266,0.0053765404534938934,0.3693404102088116
25.405107017836308,0.001434247613846412,0.003933535590153407,0.00536778320399982,0.36928187979666655
25.438445740956826,0.001430632738999648,0.003928419790002789,0.005359052529002437,0.36922346483121293
25.47178446407735,0.0014270315133355048,0.003923316804215284,0.005350348317550789,0.3691651651393893
25.505123187197867,0.00142344386822423,0.003918226590997229,0.005341670459221459,0.36910698054610014
25.53846191031839,0.0014198697354668769,0.003913149108649621,0.005333018844116497,0.3690489108742625
25.571800633438908,0.001416309047292065,0.003908084315569309,0.005324393362861373,0.3689909559448529
25.60513935655943,0.0014127617363527663,0.0039030321702501316,0.005315793906602898,0.3689331155769521
25.63847807967995,0.0014092277357231223,0.0038979926312840314,0.0053072203670071535,0.36887538958779004
25.671816802800468,0.0014057069788952856,0.003892965657362126,0.005298672636257412,0.36881777779279035
25.70515552592099,0.001402199399776292,0.003887951207275753,0.005290150607052045,0.36876028000561306
25.73849424904151,0.001398704932684959,0.0038829492399174805,0.0052816541726024395,0.3687028960381976
25.77183297216203,0.0013952235123488076,0.0038779597142820847,0.005273183226630892,0.36864562570080467
25.80517169528255,0.0013917550739010204,0.0038729825894675014,0.005264737663368522,0.36858846880205753
25.838510418403068,0.0013882995528774142,0.0038680178246757353,0.005256317377553149,0.36853142514898257
25.87184914152359,0.0013848568852134475,0.003863065379213756,0.005247922264427204,0.3684744945470493
25.90518786464411,0.0013814270072412507,0.0038581252124943516,0.005239552219735603,0.36841767680020976
25.93852658776463,0.0013780098556866827,0.003853197284036952,0.0052312071397236344,0.3683609717109369
25.97186531088515,0.0013746053676664117,0.0038482815534684445,0.005222886921134856,0.36830437908026303
26.00520403400567,0.001371213480685023,0.003843377980523932,0.005214591461208955,0.368247898707817
26.03854275712619,0.0013678341326321512,0.003838486525047486,0.005206320657679637,0.3681915303918608
26.07188148024671,0.001364467261779636,0.003833607146992871,0.005198074408772508,0.36813527392932655
26.10522020336723,0.0013611128067787036,0.003828739806424227,0.005189852613202931,0.36807912911585106
26.13855892648775,0.0013577707066571726,0.00382388446351675,0.005181655170173923,0.3680230957458119
26.17189764960827,0.0013544409008166827,0.0038190410785573256,0.005173481979374008,0.36796717361236086
26.20523637272879,0.001351123329029948,0.0038142096119451532,0.005165332940975102,0.367911362507459
26.23857509584931,0.0013478179314380335,0.00380939002419234,0.005157207955630374,0.3678556622219088
26.271913818969832,0.001344524648547655,0.003804582275924474,0.00514910692447213,0.3678000725453879
26.30525254209035,0.0013412434212285032,0.003799786327881169,0.005141029749109672,0.3677445932664807
26.33859126521087,0.0013379741907105867,0.003795002140916595,0.0051329763316271815,0.3676892241727106
26.37192998833139,0.0013347168985816031,0.003790229675999976,0.005124946574581579,0.36763396505057067
26.40526871145191,0.0013314714867843297,0.003785468894216081,0.00511694038100041,0.3675788156855546
26.438607434572432,0.0013282378976140334,0.00378071975676568,0.0051089576543797135,0.3675237758621872
26.47194615769295,0.001325016073715911,0.003775982224965985,0.005100998298681896,0.3674688453640533
26.50528488081347,0.0013218059580825396,0.0037712562602510687,0.005093062218333609,0.3674140239738273
26.538623603933992,0.00131860749405136,0.0037665418241722703,0.00508514931822363,0.367359311473302
26.57196232705451,0.0013154206253021738,0.0037618388783985717,0.005077259503700746,0.36730470764341655
26.605301050175033,0.0013122452958546644,0.0037571473847169616,0.005069392680571626,0.36725021226428434
26.63863977329555,0.0013090814500659397,0.003752467305032777,0.005061548755098717,0.36719582511522003
26.67197849641607,0.0013059290326280927,0.0037477986013700324,0.005053727633998125,0.3671415459747666
26.705317219536592,0.0013027879885657847,0.0037431412358717186,0.0050459292244375035,0.36708737462072133
26.73865594265711,0.0012996582632338505,0.0037384951708001055,0.005038153434033956,0.3670333108301621
26.771994665777633,0.001296539802314919,0.0037338603685369994,0.0050304001708519185,0.3669793543794725
26.805333388898152,0.0012934325518170584,0.003729236791584011,0.005022669343401069,0.36692550504436705
26.83867211201867,0.0012903364580714378,0.0037246244025627867,0.005014960860634224,0.36687176259991566
26.872010835139193,0.0012872514677300106,0.00372002316421524,0.00500727463194525,0.36681812682056814
26.90534955825971,0.001284177527763217,0.003715433039403751,0.004999610567166968,0.36676459748017715
26.938688281380234,0.001281114585457703,0.0037108539911113597,0.004991968576569063,0.3667111743520224
26.972027004500752,0.0012780625884140629,0.0037062859824419517,0.004984348570856015,0.36665785720883326
27.00536572762127,0.0012750214845445966,0.003701728976620411,0.0049767504611650075,0.3666046458228112
27.038704450741793,0.0012719912220710873,0.0036971829369927688,0.004969174159063856,0.36655153996565204
27.072043173862312,0.001268971749522599,0.0036926478270263457,0.0049616195765489444,0.3664985394085677
27.105381896982834,0.0012659630157332887,0.003688123610309863,0.004954086626043152,0.36644564392230783
27.138720620103353,0.001262964969840241,0.0036836102505535544,0.004946575220393795,0.3663928532771803
27.17205934322387,0.0012599775612813161,0.0036791077115892554,0.004939085272870572,0.3663401672430724
27.205398066344394,0.00125700073979302,0.0036746159573704897,0.00493161669716351,0.3662875855894708
27.238736789464912,0.0012540344554083894,0.0036701349519725327,0.004924169407380922,0.36623510808548154
27.272075512585435,0.0012510786584548946,0.003665664659592469,0.004916743318047364,0.36618273449984995
27.305414235705953,0.0012481332995523612,0.0036612050445492344,0.004909338344101595,0.3661304646009791
27.338752958826472,0.0012451983296109064,0.003656756071283651,0.004901954400894557,0.36607829815694964
27.372091681946994,0.001242273699828893,0.003652317704358445,0.004894591404187338,0.36602623493553776
27.405430405067513,0.001239359361690904,0.0036478899084582566,0.004887249270149161,0.3659742747042336
27.438769128188035,0.0012364552669657258,0.003643472648389637,0.004879927915355363,0.365922417230259
27.472107851308554,0.0012335613677043578,0.0036390658890810405,0.0048726272567853985,0.36587066228058546
27.505446574429072,0.0012306776162380284,0.003634669595582796,0.004865347211820824,0.3658190096219511
27.538785297549595,0.0012278039651762353,0.003630283733067074,0.004858087698243309,0.36576745902087765
27.572124020670113,0.0012249403674047974,0.0036259082668278477,0.004850848634232645,0.3657160102436872
27.605462743790635,0.0012220867760839229,0.003621543162280834,0.004843629938364757,0.3656646630565185
27.638801466911154,0.0012192431446462957,0.0036171883849634386,0.004836431529609734,0.3656134172253432
27.672140190031673,0.0012164094267951735,0.0036128439005346765,0.00482925332732985,0.3655622725159812
27.705478913152195,0.001213585576502505,0.003608509674775092,0.004822095251277597,0.36551122869411656
27.738817636272714,0.00121077154800706,0.003604185673586675,0.004814957221593735,0.3654602855253125
27.772156359393236,0.0012079672958125757,0.0035998718629927525,0.004807839158805328,0.3654094427750263
27.805495082513755,0.0012051727746859179,0.003595568209137892,0.00480074098382381,0.36535870020862404
27.838833805634273,0.001202387939655257,0.003591274678287777,0.004793662617943034,0.36530805759139484
27.872172528754795,0.0011996127460082574,0.003586991236829088,0.004786603982837345,0.3652575146885651
27.905511251875314,0.0011968471492902857,0.0035827178512693723,0.004779565000559658,0.3652070712653124
27.938849974995836,0.0011940911053026262,0.0035784544882369,0.004772545593539526,0.3651567270867789
27.972188698116355,0.0011913445701007197,0.0035742011144805235,0.004765545684581244,0.3651064819180846
28.005527421236874,0.001188607499992408,0.0035699576968695177,0.004758565196861925,0.3650563355243408
28.038866144357396,0.0011858798515361974,0.0035657242023934234,0.004751604053929621,0.36500628767066273
28.072204867477915,0.0011831615815395369,0.0035615005981618785,0.004744662179701415,0.36495633812218203
28.105543590598437,0.0011804526470571047,0.0035572868514044402,0.004737739498461545,0.36490648664405917
28.138882313718955,0.0011777530053891157,0.0035530829294704086,0.004730835934859524,0.36485673300149574
28.172221036839474,0.0011750626140796356,0.003548888799828636,0.004723951413908272,0.36480707695974623
28.205559759959996,0.0011723814309149137,0.0035447044300673312,0.004717085860982245,0.3647575182841295
28.238898483080515,0.0011697094139217269,0.003540529787893864,0.004710239201815591,0.3647080567400406
28.272237206201037,0.0011670465213657357,0.003536364841134554,0.0047034113625002896,0.36465869209296164
28.305575929321556,0.0011643927117498559,0.0035322095577344646,0.0046966022694843205,0.364609424108473
28.338914652442075,0.0011617479438126418,0.0035280639057571794,0.004689811849569821,0.3645602525522642
28.372253375562597,0.0011591121765266808,0.0035239278533845822,0.004683040029911263,0.36451117719014403
28.405592098683115,0.0011564853690970045,0.0035198013689166315,0.004676286738013636,0.36446219778805156
28.438930821803638,0.0011538674809595088,0.00351568442077112,0.004669551901730629,0.36441331411206557
28.472269544924156,0.0011512584717793882,0.0035115769774834416,0.00466283544926283,0.3643645259284153
28.505608268044675,0.0011486583014495824,0.0035074790077063473,0.0046561373091559295,0.36431583300348963
28.538946991165197,0.0011460669300892338,0.0035033904802096944,0.004649457410298928,0.36426723510384695
28.572285714285716,0.0011434843180421607,0.0034993113638801935,0.004642795681922354,0.36421873199622434
28.605624437406238,0.001140910425875337,0.0034952416277211564,0.004636152053596493,0.36417032344754696
28.638963160526757,0.00113834521437739,0.003491181240852228,0.004629526455229618,0.3641220092249369
28.672301883647275,0.0011357886445571045,0.0034871301725091226,0.004622918817066227,0.36407378909572224
28.705640606767798,0.0011332406776419425,0.003483088392043354,0.004616329069685296,0.36402566282744525
28.738979329888316,0.0011307012750765735,0.0034790558689219596,0.004609757143998533,0.3639776301878713
28.77231805300884,0.0011281703985214137,0.003475032572727226,0.0046032029712486395,0.36392969094499716
28.805656776129357,0.0011256480098511827,0.003471018473156404,0.004596666483007586,0.3638818448670587
28.838995499249876,0.0011231340711534638,0.0034670135400214196,0.004590147611174883,0.36383409172253917
28.872334222370398,0.0011206285447272813,0.003463017743248593,0.004583646287975874,0.3637864312801769
28.905672945490917,0.001118131393081687,0.003459031052878341,0.0045771624459600285,0.3637388633089731
28.93901166861144,0.001115642578934358,0.0034550534390648795,0.0045706960179992375,0.363691387578199
28.972350391731958,0.0011131620652102038,0.003451084872075929,0.0045642469372861325,0.3636440038574035
29.005689114852476,0.0011106898150399869,0.0034471253222924077,0.004557815137332394,0.36359671191641996
29.039027837973,0.0011082257917589518,0.003443174760208128,0.00455140055196708,0.36354951152537357
29.072366561093517,0.001105769958905467,0.0034392331564294903,0.0045450031153349574,0.36350240245468785
29.10570528421404,0.0011033222802196735,0.003435300481675168,0.0045386227618948415,0.36345538447509185
29.139044007334558,0.00110088271964215,0.0034313767067757953,0.0045322594264179455,0.3634084573576259
29.172382730455077,0.0010984512413125815,0.0034274618026736516,0.004525913043986233,0.3633616208736489
29.2057214535756,0.0010960278095684432,0.0034235557404223415,0.0045195835499907844,0.36331487479484403
29.239060176696118,0.001093612388943693,0.003419658491186471,0.004513270880130165,0.36326821889322514
29.27239889981664,0.0010912049441674724,0.003415770026241329,0.0045069749704088015,0.36322165294114245
29.30573762293716,0.001088805440162821,0.0034118903169725544,0.004500695757135376,0.36317517671128874
29.339076346057677,0.0010864138420453968,0.0034080193348758137,0.00449443317692121,0.363128789976705
29.3724150691782,0.0010840301151222094,0.0034041570515564645,0.004488187166678674,0.3630824925107859
29.405753792298718,0.001081654224890362,0.00340030343872923,0.0044819576636195915,0.3630362840872853
29.43909251541924,0.0010792861370358018,0.0033964584682178566,0.004475744605253658,0.36299016448032173
29.47243123853976,0.0010769258174320828,0.0033926221119547823,0.004469547929386865,0.36294413346438337
29.505769961660278,0.001074573232139134,0.0033887943419807984,0.004463367574119932,0.3628981908143335
29.5391086847808,0.0010722283474020413,0.0033849751304447047,0.004457203477846746,0.362852336305415
29.57244740790132,0.0010698911296498361,0.0033811644496029745,0.00445105557925281,0.3628065697132557
29.60578613102184,0.0010675615454942926,0.003377362271819406,0.004444923817313698,0.3627608908138728
29.63912485414236,0.0010652395617287377,0.0033735685695647803,0.004438808131293518,0.36271529938367764
29.672463577262878,0.001062925145326865,0.0033697833154165122,0.004432708460743377,0.3626697951994801
29.7058023003834,0.0010606182634415626,0.0033660064820583064,0.004426624745499869,0.3626243780384933
29.73914102350392,0.0010583188834037461,0.0033622380422798047,0.004420556925683551,0.3625790476783374
29.77247974662444,0.0010560269727212036,0.0033584779689762364,0.00441450494169744,0.36253380389704426
29.80581846974496,0.0010537424990774457,0.0033547262351480704,0.004408468734225516,0.3624886464730614
29.83915719286548,0.0010514654303305686,0.0033509828139006563,0.004402448244231225,0.3624435751852558
29.872495915986,0.0010491957345121214,0.003347247678443875,0.0043964434129559965,0.36239858981291795
29.90583463910652,0.001046933379825986,0.0033435208020917845,0.004390454181917771,0.3623536901357658
29.93917336222704,0.0010446783346472624,0.003339802158262259,0.004384480492909522,0.3623088759339479
29.97251208534756,0.001042430567521163,0.003336091720476638,0.004378522287997801,0.3622641469880476
30.00585080846808,0.0010401900471619175,0.0033323894623593663,0.004372579509521284,0.36221950307908624
30.0391895315886,0.001037956742451682,0.003328695357637634,0.004366652100089316,0.36217494398852657
30.07252825470912,0.001035730622439461,0.003325009380141022,0.004360740002580483,0.3621304694982761
30.105866977829642,0.0010335116563400326,0.0033213315038011343,0.0043548431601411666,0.3620860793906902
30.13920570095016,0.001031299813532886,0.0033176617026512483,0.004348961516184135,0.3620417734485756
30.17254442407068,0.0010290950635611646,0.0033139999508259447,0.0043430950143871095,0.3619975514551928
30.2058831471912,0.0010268973761306162,0.0033103462225607485,0.004337243598691365,0.3619534131942596
30.23922187031172,0.0010247067211085548,0.0033067004921917714,0.004331407213300326,0.3619093584499538
30.272560593432242,0.0010225230685228259,0.0033030627341553405,0.004325585802678167,0.36186538700691595
30.30589931655276,0.0010203463885607817,0.0032994329229876452,0.004319779311548427,0.36182149865025187
30.33923803967328,0.0010181766515682644,0.003295811033324365,0.00431398768489263,0.36177769316553576
30.372576762793802,0.0010160138280485942,0.003292197039900313,0.004308210867948907,0.3617339703388122
30.40591548591432,0.0010138578886615696,0.0032885909175490655,0.004302448806210635,0.3616903299565991
30.439254209034843,0.0010117088042224693,0.0032849926412026054,0.004296701445425074,0.3616467718058897
30.47259293215536,0.0010095665457010674,0.0032814021858909503,0.004290968731592018,0.36160329567415533
30.50593165527588,0.0010074310842206509,0.003277819526741792,0.004285250610962443,0.36155990134934696
30.539270378396402,0.0010053023910570474,0.003274244638980131,0.004279547030037178,0.36151658861989816
30.57260910151692,0.0010031804376376598,0.0032706774979279147,0.0042738579355655745,0.36147335727472696
30.605947824637443,0.001001065195540506,0.0032671180790036637,0.0042681832745441696,0.36143020710323737
30.639286547757962,0.0009989566364932687,0.0032635663577221205,0.004262522994215389,0.3613871378953221
30.67262527087848,0.0009968547323723495,0.003260022309693873,0.004256877042066223,0.36134414944136406
30.705963993999003,0.0009947594552019315,0.0032564859106249933,0.004251245365826925,0.36130124153223814
30.73930271711952,0.000992670777153049,0.003252957136316677,0.004245627913469726,0.36125841395931313
30.772641440240044,0.0009905886705426626,0.003249435962664875,0.004240024633207538,0.36121566651445347
30.805980163360562,0.0009885131078327426,0.003245922365659928,0.00423443547349267,0.3611729989900207
30.83931888648108,0.0009864440616293583,0.0032424163213862073,0.0042288603830155655,0.3611304111788753
30.872657609601603,0.0009843815046817726,0.0032389178060217433,0.004223299310703516,0.3610879028743778
30.905996332722122,0.0009823254098815484,0.0032354267958378696,0.004217752205719418,0.36104547387039065
30.939335055842644,0.0009802757502616537,0.003231943267198856,0.00421221901746051,0.36100312396127965
30.972673778963163,0.0009782324989955798,0.003228467196561546,0.004206699695557126,0.36096085294191466
31.00601250208368,0.0009761956293964631,0.0032249985604749917,0.004201194189871455,0.3609186606076716
31.039351225204204,0.0009741651149162131,0.0032215373355800937,0.004195702450496307,0.3608765467544335
31.072689948324722,0.0009721409291446483,0.003218083498609243,0.0041902244277538915,0.36083451117859144
31.106028671445245,0.0009701230458086364,0.003214637026385948,0.0041847600721945846,0.3607925536770459
31.139367394565763,0.0009681114387712428,0.0032111978958244865,0.00417930933459573,0.36075067404720756
31.172706117686282,0.0009661060820308838,0.0032077660839295364,0.00417387216596042,0.3607088720869988
31.206044840806804,0.0009641069497204851,0.0032043415677958176,0.004168448517516302,0.36066714759485424
31.239383563927323,0.0009621140161066505,0.0032009243246077356,0.004163038340714386,0.3606255003697219
31.272722287047845,0.00096012725558883,0.0031975143316390156,0.0041576415872278455,0.3605839302110636
31.306061010168364,0.0009581466426985021,0.00319411156625235,0.004152258208950852,0.36054243691885673
31.339399733288882,0.0009561721520983536,0.0031907160058990366,0.00414688815799739,0.36050102029359393
31.372738456409405,0.0009542037585814714,0.003187327628118624,0.004141531386700096,0.3604596801362847
31.406077179529923,0.0009522414370705382,0.0031839464105385537,0.004136187847609092,0.36041841624845544
31.439415902650445,0.0009502851626170314,0.003180572330873801,0.004130857493490832,0.3603772284321506
31.472754625770964,0.0009483349104004339,0.0031772053669265237,0.004125540277326958,0.3603361164899328
31.506093348891483,0.0009463906557274427,0.0031738454965857046,0.0041202361523131475,0.3602950802248839
31.539432072012005,0.0009444523740311904,0.0031704926978267985,0.004114945071857989,0.3602541194406049
31.572770795132524,0.0009425200408704681,0.003167146948711379,0.004109666989581847,0.360213233941217
31.606109518253046,0.0009405936319289546,0.003163808227386783,0.004104401859315738,0.36017242353136175
31.639448241373564,0.0009386731230144519,0.0031604765120857624,0.0040991496351002145,0.3601316880162013
31.672786964494083,0.0009367584900581247,0.0031571517811261303,0.004093910271184255,0.360091027201419
31.706125687614605,0.0009348497091137474,0.0031538340129104105,0.0040886837220241576,0.3600504408932196
31.739464410735124,0.0009329467563569552,0.0031505231859254913,0.004083469942282447,0.3600099288983296
31.772803133855646,0.0009310496080844999,0.003147219278742271,0.004078268886826771,0.3599694910239972
31.806141856976165,0.0009291582407135132,0.0031439222700153134,0.004073080510728827,0.35992912707799296
31.839480580096684,0.0009272726307807725,0.0031406321384825,0.004067904769263273,0.3598888368686095
31.872819303217206,0.0009253927549419731,0.003137348862964685,0.004062741617906658,0.35984862020466224
31.906158026337724,0.0009235185899710071,0.0031340724223653453,0.004057591012336353,0.35980847689548856
31.939496749458247,0.0009216501127592443,0.0031308027956702404,0.004052452908429485,0.3597684067509488
31.972835472578765,0.0009197873003148213,0.0031275399619470675,0.004047327262261889,0.35972840958142577
32.00617419569928,0.0009179301297619341,0.003124283900345116,0.00404221403010705,0.35968848519782487
32.0395129188198,0.0009160785783401338,0.0031210345900949295,0.004037113168435063,0.359648633411574
32.072851641940325,0.000914232623403632,0.0031177920105079607,0.004032024633911593,0.35960885403462367
32.10619036506084,0.0009123922424206067,0.0031145561409762364,0.004026948383396843,0.3595691468794466
32.13952908818136,0.0009105574129725147,0.003111326960972012,0.004021884373944526,0.3595295117590379
32.172867811301884,0.0009087281127534102,0.0031081044500474394,0.00401683256280085,0.3594899484869149
32.2062065344224,0.000906904319569266,0.003104888587834225,0.004011792907403491,0.35945045687711646
32.23954525754292,0.0009050860113372985,0.0031016793540432955,0.0040067653653805945,0.3594110367442035
32.272883980663444,0.0009032731660853033,0.0030984767284644647,0.004001749894549768,0.35937168790325824
32.30622270378396,0.0009014657619509884,0.0030952806909660935,0.003996746452917082,0.35933241016988415
32.33956142690448,0.000899663777181315,0.0030920912214947613,0.003991754998676076,0.3592932033602055
32.372900150025,0.0008978671901318447,0.003088908300074934,0.0039867754902067785,0.35925406729086734
32.406238873145526,0.0008960759792660887,0.003085731906808629,0.0039818078860747175,0.35921500177903476
32.43957759626604,0.0008942901231548619,0.003082562021875089,0.003976852145029951,0.35917600664239274
32.47291631938656,0.0008925096004756421,0.003079398625530447,0.003971908226006089,0.3591370816991457
32.506255042507085,0.0008907343900119349,0.0030762416981074073,0.003966976088119342,0.35909822676801734
32.5395937656276,0.00088896447065264,0.0030730912200149087,0.003962055690667548,0.35905944166824955
32.57293248874812,0.0008871998213914236,0.0030699471717378045,0.003957146993129228,0.3590207262196028
32.606271211868645,0.0008854404213260967,0.003066809533836536,0.003952249955162633,0.35898208024235484
32.63960993498916,0.0008836862496579946,0.0030636782869468077,0.003947364536604802,0.35894350355730076
32.67294865810968,0.0008819372856913624,0.0030605534117792627,0.003942490697470625,0.35890499598575215
32.706287381230204,0.0008801935088327457,0.0030574348891191684,0.003937628397951914,0.3588665573495368
32.73962610435073,0.0008784548985903831,0.0030543226998260855,0.0039327775984164684,0.3588281874709979
32.77296482747124,0.0008767214345736049,0.003051216824833555,0.0039279382594071596,0.35878988617299323
32.806303550591764,0.0008749930964922342,0.003048117245148778,0.003923110341641012,0.3587516532788954
32.839642273712286,0.0008732698641559952,0.003045023941852299,0.003918293806008294,0.35871348861259034
32.8729809968328,0.0008715517174739219,0.0030419368960976877,0.00391348861357161,0.3586753919984769
32.90631971995332,0.0008698386364537723,0.0030388560891112257,0.003908694725564998,0.35863736326146645
32.939658443073846,0.0008681306012014482,0.0030357815021915912,0.0039039121033930396,0.35859940222698183
32.97299716619436,0.0008664275919204168,0.003032713116709545,0.0038991407086299617,0.3585615087209568
33.00633588931488,0.0008647295889111364,0.0030296509141076225,0.003894380503018759,0.3585236825698355
33.039674612435405,0.0008630365725704881,0.003026594875899818,0.003889631448470306,0.3584859236005714
33.07301333555593,0.0008613485233912093,0.0030235449836712785,0.003884893507062488,0.3584482316406266
33.10635205867644,0.0008596654219613325,0.0030205012190779945,0.003880166641039327,0.3584106065179712
33.139690781796965,0.0008579872489636249,0.0030174635638464914,0.0038754508128101164,0.35837304806108256
33.17302950491749,0.0008563139851750372,0.0030144319997735232,0.0038707459849485603,0.3583355560989441
33.206368228038,0.0008546456114661516,0.0030114065087257723,0.003866052120191924,0.35829813046104503
33.239706951158524,0.000852982108800634,0.003008387072639536,0.00386136918144017,0.3582607709773792
33.27304567427905,0.0008513234582346936,0.0030053736735204313,0.003856697131755125,0.358223477478444
33.30638439739956,0.0008496696409165421,0.0030023662934430934,0.0038520359343596354,0.3581862497952402
33.339723120520084,0.0008480206380858563,0.0029993649145508695,0.003847385552636726,0.3581490877592704
33.373061843640606,0.0008463764310732495,0.0029963695190555243,0.0038427459501287737,0.3581119912025385
33.40640056676113,0.0008447370012997413,0.0029933800892369407,0.0038381170905366817,0.3580749599575488
33.43973928988164,0.0008431023302762326,0.0029903966074428215,0.003833498937719054,0.3580379938573048
33.473078013002166,0.0008414723996029836,0.002987419056088392,0.0038288914556913758,0.35800109273530833
33.50641673612269,0.0008398471909690986,0.0029844474176561123,0.0038242946086252108,0.35796425642555924
33.5397554592432,0.0008382266861520095,0.0029814816746953745,0.003819708360847384,0.3579274847625535
33.573094182363725,0.0008366108670169652,0.0029785218098222154,0.0038151326768391808,0.35789077758128285
33.60643290548425,0.0008349997155165247,0.002975567805719026,0.0038105675212355508,0.3578541347172336
33.63977162860476,0.0008333932136900548,0.0029726196451342578,0.0038060128588243126,0.35781755600638576
33.673110351725285,0.0008317913436632252,0.0029696773108821347,0.00380146865454536,0.35778104128521193
33.70644907484581,0.0008301940876475159,0.0029667407858423676,0.0037969348734898834,0.35774459039067646
33.73978779796633,0.0008286014279397209,0.0029638100529598664,0.0037924114808995874,0.3577082031602341
33.773126521086844,0.0008270133469214586,0.002960885095244455,0.0037878984421659137,0.3576718794318295
33.80646524420737,0.0008254298270586832,0.0029579658957705817,0.003783395722829265,0.3576356190438955
33.83980396732789,0.0008238508509012021,0.0029550524376770445,0.0037789032885782465,0.3575994218353527
33.873142690448404,0.0008222764010821958,0.0029521447041667035,0.0037744211052488995,0.3575632876456082
33.906481413568926,0.0008207064603177377,0.002949242678506202,0.00376994913882394,0.3575272163145543
33.93982013668945,0.000819141011406322,0.0029463463440256845,0.0037654873554320064,0.35749120768256765
33.97315885980996,0.0008175800372283922,0.0029434556841185216,0.003761035721346914,0.3574552615905082
34.006497582930486,0.0008160235207458722,0.002940570682241029,0.003756594202986901,0.3574193778797181
34.03983630605101,0.0008144714450017019,0.002937691321912193,0.003752162766913895,0.3573835563920204
34.07317502917153,0.0008129237931193757,0.0029348175867133976,0.0037477413798327735,0.3573477969697182
34.106513752292045,0.0008113805483024836,0.0029319494602881467,0.0037433300085906304,0.35731209945559333
34.13985247541257,0.0008098416938342542,0.0029290869263417893,0.0037389286201760436,0.3572764636929055
34.17319119853309,0.0008083072130771037,0.0029262299686412573,0.003734537181718361,0.3572408895253908
34.206529921653605,0.0008067770894721862,0.002923378571014784,0.0037301556604869704,0.3572053767972609
34.23986864477413,0.0008052513065389447,0.0029205327173516416,0.0037257840238905863,0.3571699253532017
34.27320736789465,0.0008037298478746704,0.002917692391601872,0.003721422239476542,0.3571345350383724
34.30654609101517,0.0008022126971540601,0.002914857577776015,0.003717070274930075,0.357099205698404
34.33988481413569,0.0008006998381287784,0.0029120282599448496,0.003712728098073628,0.35706393717939855
34.37322353725621,0.0007991912546270224,0.0029092044222391237,0.003708395676866146,0.3570287293279276
34.40656226037673,0.0007976869305530906,0.002906386048849292,0.0037040729794023826,0.3569935819910313
34.439900983497246,0.0007961868498869532,0.0029035731240252558,0.003699759973912209,0.35695849501621735
34.47323970661777,0.000794690996683824,0.0029007656320760964,0.0036954566287599206,0.3569234682514591
34.50657842973829,0.0007931993550737395,0.0028979635573698195,0.003691162912443559,0.3568885015451953
34.539917152858806,0.000791711909261136,0.0028951668843330957,0.0036868787935942318,0.3568535947463284
34.57325587597933,0.0007902286435244311,0.0028923755974509984,0.0036826042409754296,0.3568187477042233
34.60659459909985,0.0007887495422156103,0.0028895896812667515,0.003678339223482362,0.3567839602687064
34.63993332222037,0.0007872745897598126,0.002886809120381472,0.0036740837101412846,0.3567492322900641
34.67327204534089,0.0007858037706549213,0.002884033899453915,0.003669837670108836,0.35671456361904214
34.70661076846141,0.0007843370694711554,0.0028812640032002184,0.003665601072671374,0.3566799541068435
34.73994949158193,0.0007828744708506668,0.002878499416393656,0.003661373887244323,0.3566454036051282
34.77328821470245,0.0007814159595071376,0.00287574012386438,0.0036571560833715175,0.35661091196601113
34.80662693782297,0.0007799615202253791,0.002872986110499175,0.0036529476307245543,0.3565764790420617
34.83996566094349,0.0007785111378609379,0.002870237361241206,0.003648748499102144,0.3565421046863018
34.87330438406401,0.0007770647973396991,0.002867493861089774,0.0036445586584294733,0.35650778875220523
34.90664310718453,0.000775622483657496,0.002864755595100064,0.00364037807875756,0.356473531093696
34.93998183030505,0.0007741841818797201,0.0028620225483829043,0.003636206730262624,0.3564393315651473
34.97332055342557,0.0007727498771409359,0.00285929470610452,0.003632044583245456,0.3564051900213805
35.00665927654609,0.0007713195546444956,0.0028565720534862895,0.003627891608130785,0.3563711063176633
35.03999799966661,0.0007698931996621567,0.002853854575804499,0.003623747775466656,0.35633708030970895
35.07333672278713,0.0007684707975337054,0.0028511422583901063,0.0036196130559238114,0.3563031118536749
35.10667544590765,0.0007670523336665778,0.002848435086628498,0.0036154874202950758,0.35626920080616165
35.14001416902817,0.0007656377935354858,0.00284573304595925,0.003611370839494736,0.3562353470242112
35.17335289214869,0.0007642271626820465,0.0028430361218758893,0.0036072632845579357,0.35620155036530604
35.20669161526921,0.0007628204267144116,0.0028403442999256584,0.00360316472664007,0.35616781068736786
35.24003033838973,0.0007614175713069005,0.002837657565709276,0.0035990751370161764,0.3561341278487562
35.27336906151025,0.0007600185821996357,0.002834975904880708,0.0035949944870803437,0.35610050170826735
35.306707784630774,0.000758623445198181,0.002832299303146927,0.003590922748345108,0.35606693212513285
35.34004650775129,0.0007572321461731806,0.002829627746267687,0.0035868598924408673,0.3560334189590185
35.37338523087181,0.0007558446710600013,0.00282696122005528,0.003582805891115281,0.355999962070023
35.40672395399233,0.0007544610058583778,0.002824299710374319,0.0035787607162326967,0.3559665613186764
35.44006267711285,0.0007530811366320594,0.0028216432031415,0.0035747243397735596,0.35593321656593924
35.47340140023337,0.0007517050495084582,0.0028189916843253757,0.003570696733833834,0.3558999276732012
35.50674012335389,0.0007503327306783013,0.0028163451399461276,0.003566677870624429,0.3558666945022797
35.54007884647441,0.0007489641663952849,0.00281370355607534,0.0035626677224706253,0.35583351691541854
35.57341756959493,0.0007475993429757276,0.0028110669188357745,0.003558666261811502,0.3558003947752869
35.60675629271545,0.0007462382467982316,0.0028084352144011455,0.003554673461199377,0.355767327944978
35.640095015835975,0.0007448808643033403,0.0028058084289958977,0.0035506892932992383,0.3557343162880077
35.67343373895649,0.0007435271819932025,0.002803186548894983,0.0035467137308881854,0.3557013596683134
35.70677246207701,0.0007421771864312347,0.002800569560423636,0.0035427467468548707,0.35566845795025237
35.740111185197534,0.0007408308642417896,0.002797957449957163,0.0035387883141989526,0.3556356109986011
35.77344990831805,0.0007394882021098243,0.0027953502039207126,0.0035348384060305367,0.35560281867855353
35.80678863143857,0.0007381491867805701,0.0027927478087890626,0.0035308969955696328,0.3555700808557201
35.840127354559094,0.0007368138050592064,0.002790150251086402,0.0035269640561456086,0.3555373973961261
35.87346607767961,0.0007354820438105359,0.0027875575173861166,0.0035230395611966525,0.3555047681662109
35.90680480080013,0.0007341538899586601,0.002784969594310569,0.003519123484269229,0.3554721930328262
35.94014352392065,0.00073282933048666,0.00278238646853089,0.00351521579901755,0.355439671863235
35.973482247041176,0.0007315083524362762,0.0027798081267667606,0.003511316479203037,0.35540720452511027
36.00682097016169,0.0007301909429075925,0.0027772345557862056,0.0035074254986937983,0.3553747908865339
36.04015969328221,0.0007288770890587198,0.002774665742405375,0.0035035428314640947,0.35534243081599487
36.073498416402735,0.000727566778105485,0.0027721016734883405,0.0034996684515938258,0.3553101241823887
36.10683713952325,0.000726259997321119,0.002769542335946884,0.0034958023332680027,0.3552778708550156
36.14017586264377,0.0007249567340359465,0.0027669877167402846,0.003491944450776231,0.35524567070357943
36.173514585764295,0.0007236569756370817,0.0027644378028751217,0.0034880947785122032,0.3552135235981866
36.20685330888481,0.0007223607095681207,0.0027618925814050592,0.00348425329097318,0.3551814294093444
36.24019203200533,0.000721067923328839,0.0027593520394306433,0.003480419962759482,0.35514938800796
36.273530755125854,0.0007197786044748904,0.002756816164099102,0.003476594768573992,0.3551173992653392
36.30686947824638,0.0007184927406175079,0.0027542849426041346,0.0034727776832216423,0.3550854630531853
36.34020820136689,0.0007172103194232048,0.0027517583621857146,0.0034689686816089193,0.3550535792435972
36.373546924487414,0.0007159313286134799,0.002749236410129888,0.0034651677387433676,0.35502174770906897
36.406885647607936,0.0007146557559645235,0.002746719073768568,0.0034613748297330914,0.354989968322488
36.44022437072845,0.0007133835893069255,0.0027442063404793443,0.0034575899297862697,0.35495824095713413
36.47356309384897,0.0007121148165253842,0.0027416981976852734,0.003453813014210658,0.354926565486678
36.506901816969496,0.0007108494255584191,0.002739194632854691,0.00345004405841311,0.3548949417851801
36.54024054009001,0.0007095874043980839,0.0027366956335010072,0.003446283037899091,0.3548633697270894
36.57357926321053,0.0007083287410896804,0.0027342011871825177,0.003442529928272198,0.3548318491872421
36.606917986331055,0.0007070734237314775,0.002731711281502204,0.0034387847052336816,0.3548003800408604
36.64025670945158,0.0007058214404744282,0.002729225904107541,0.0034350473445819694,0.35476896216355136
36.67359543257209,0.000704572779521891,0.002726745042690305,0.003431317822212196,0.3547375954313053
36.706934155692615,0.0007033274291293503,0.002724268684986379,0.0034275961141157292,0.35470627972049484
36.74027287881314,0.000702085377604143,0.0027217968187755646,0.0034238821963797077,0.35467501490787384
36.77361160193365,0.0007008466133051822,0.0027193294318813904,0.003420176045186573,0.3546438008705756
36.806950325054174,0.0006996111246426838,0.0027168665121709208,0.0034164776368136047,0.3546126374861122
36.8402890481747,0.0006983789000778971,0.0027144080475545694,0.0034127869476324665,0.3545815246323727
36.87362777129521,0.0006971499281228353,0.0027119540259859134,0.0034091039541087487,0.35455046218762243
36.906966494415734,0.0006959241973400057,0.0027095044354615025,0.003405428632801508,0.35451945003050145
36.940305217536256,0.000694701696342146,0.002707059264020675,0.003401760960362821,0.3544884880400235
36.97364394065678,0.0006934824137919586,0.0027046184997453746,0.0033981009135373333,0.3544575760955744
37.00698266377729,0.0006922663384018484,0.0027021821307599645,0.003394448469161813,0.35442671407691123
37.040321386897816,0.0006910534589336598,0.0026997501452310437,0.0033908036041647035,0.35439590186416103
37.07366011001834,0.0006898437641984198,0.002697322531367266,0.0033871662955656857,0.3543651393378194
37.10699883313885,0.0006886372430560783,0.0026948992774191594,0.003383536520475238,0.35433442637874935
37.140337556259375,0.0006874338844152508,0.002692480371678942,0.003379914256094193,0.35430376286818016
37.1736762793799,0.000686233677232966,0.0026900658024803475,0.0033762994797133135,0.35427314868770604
37.20701500250041,0.0006850366105144103,0.0026876555581984416,0.003372692168712852,0.35424258371928513
37.240353725620935,0.0006838426733126763,0.002685249627249446,0.0033690923005621227,0.35421206784523795
37.27369244874146,0.0006826518547285139,0.002682847998090563,0.0033654998528190767,0.35418160094824647
37.30703117186198,0.00068146414391008,0.002680450659219795,0.0033619148031298752,0.35415118291135284
37.340369894982494,0.0006802795300526924,0.0026780575991757743,0.0033583371292284668,0.35412081361795805
37.37370861810302,0.0006790980023985826,0.002675668806537583,0.0033547668089361654,0.3540904929518209
37.40704734122354,0.0006779195502366533,0.0026732842699245837,0.003351203820161237,0.35406022079705673
37.440386064344054,0.0006767441629022348,0.002670903977996245,0.0033476481408984795,0.3540299970381362
37.473724787464576,0.0006755718297768433,0.0026685279194519685,0.003344099749228812,0.35399982155988413
37.5070635105851,0.000674402540287942,0.0026661560830309188,0.003340558623318861,0.35396969424747826
37.54040223370561,0.0006732362839087023,0.0026637884575118533,0.0033370247414205557,0.3539396149864481
37.573740956826136,0.0006720730501577663,0.002661425031712949,0.0033334980818707153,0.3539095836626737
37.60707967994666,0.0006709128285990125,0.0026590657944916404,0.003329978623090653,0.3538796001623847
37.64041840306718,0.0006697556088413209,0.0026567107347444455,0.0033264663435857663,0.3538496643721586
37.673757126187695,0.0006686013805383405,0.0026543598414068017,0.003322961221945142,0.3538197761789202
37.70709584930822,0.0006674501333882578,0.0026520131034528972,0.003319463236841155,0.35378993546994003
37.74043457242874,0.0006663018571335675,0.002649670509895507,0.0033159723670290746,0.35376014213283336
37.773773295549255,0.000665156541560844,0.0026473320497858305,0.0033124885913466745,0.35373039605555895
37.80711201866978,0.0006640141765005132,0.00264499771221332,0.003309011888713833,0.3537006971264178
37.8404507417903,0.0006628747518266282,0.002642667486305526,0.003305542238132154,0.3536710452340523
37.873789464910814,0.0006617382574566443,0.00264034136122793,0.0033020796186845744,0.35364144026744454
37.907128188031336,0.0006606046833511953,0.002638019326183783,0.003298624009534978,0.35361188211591577
37.94046691115186,0.0006594740195138728,0.0026357013704139455,0.0032951753899278183,0.35358237066912473
37.97380563427238,0.0006583462559910058,0.0026333874831967288,0.0032917337391877347,0.3535529058170668
38.007144357392896,0.000657221382871441,0.002631077653847734,0.003288299036719175,0.35352348745007267
38.04048308051342,0.0006560993902863245,0.0026287718717196923,0.0032848712620060167,0.3534941154588074
38.07382180363394,0.0006549802684088873,0.0026264701262023096,0.003281450394611197,0.353464789734269
38.107160526754456,0.0006538640074542286,0.002624172406722108,0.0032780364141763367,0.3534355101677875
38.14049924987498,0.0006527505976791019,0.0026218787027422696,0.003274629300421371,0.35340627665102375
38.1738379729955,0.0006516400293817033,0.002619589003762482,0.0032712290331441854,0.3533770890759683
38.207176696116015,0.0006505322929014595,0.0026173032993187834,0.0032678355922202426,0.3533479473349403
38.24051541923654,0.0006494273786188175,0.0026150215789834054,0.003264448957602223,0.3533188513205861
38.27385414235706,0.0006483252769550363,0.0026127438323646245,0.003261069109319661,0.35328980092587864
38.30719286547758,0.0006472259783719796,0.002610470049106606,0.003257696027478586,0.35326079604411575
38.3405315885981,0.0006461294733719087,0.0026082002188892554,0.003254329692261164,0.35323183656891954
38.37387031171862,0.0006450357524972768,0.002605934331428062,0.0032509700839253386,0.35320292239423495
38.40720903483914,0.0006439448063305268,0.0026036723764739545,0.003247617182804481,0.3531740534143287
38.440547757959656,0.0006428566254938877,0.0026014143438131475,0.0032442709693070353,0.35314522952378835
38.47388648108018,0.000641771200649172,0.002599160223266993,0.003240931423916165,0.3531164506175209
38.5072252042007,0.0006406885224975774,0.0025969100046918346,0.003237598527189412,0.353087716590752
38.540563927321216,0.0006396085817794862,0.002594663677978857,0.003234272259758343,0.35305902733902456
38.57390265044174,0.0006385313692742674,0.0025924212330539404,0.0032309526023282078,0.35303038275819787
38.60724137356226,0.0006374568758000809,0.0025901826598775154,0.003227639535677596,0.35300178274444644
38.64058009668278,0.0006363850922136805,0.0025879479484444143,0.0032243330406580947,0.35297322719425883
38.6739188198033,0.0006353160094102208,0.0025857170887837334,0.003221033098193954,0.3529447160044367
38.70725754292382,0.0006342496183230621,0.0025834900709586772,0.003217739689281739,0.3529162490720935
38.74059626604434,0.0006331859099235798,0.0025812668850664295,0.003214452794990009,0.35288782629465376
38.77393498916486,0.0006321248752209727,0.002579047521238,0.0032111723964589724,0.3528594475698517
38.80727371228538,0.0006310665052620724,0.0025768319696380846,0.0032078984749001572,0.3528311127957301
38.8406124354059,0.0006300107911311555,0.002574620220464927,0.003204631011596082,0.3528028218706395
38.87395115852642,0.0006289577239497553,0.0025724122639501773,0.0032013699878999328,0.35277457469323703
38.90728988164694,0.0006279072948764747,0.002570208090358749,0.003198115385235224,0.3527463711624853
38.94062860476746,0.0006268594951068015,0.002568007689988685,0.0031948671850954864,0.3527182111776513
38.97396732788798,0.0006258143158729233,0.002565811053171013,0.0031916253690439365,0.35269009463830536
39.0073060510085,0.0006247717484435448,0.0025636181702696132,0.003188389918713158,0.35266202144432035
39.04064477412902,0.0006237317841237036,0.002561429031681076,0.00318516081580478,0.35263399149587016
39.07398349724954,0.0006226944142545915,0.0025592436278345705,0.003181938042089162,0.35260600469342895
39.10732222037006,0.0006216596302133726,0.002557061949191705,0.0031787215794050775,0.3525780609377702
39.14066094349058,0.0006206274234130042,0.0025548839862463923,0.0031755114096593965,0.35255016012996543
39.1739996666111,0.0006195977853020591,0.002552709729524715,0.003172307514826774,0.3525223021713831
39.20733838973162,0.0006185707073645489,0.0025505391695847942,0.0031691098769493433,0.352494486963688
39.24067711285214,0.0006175461811197461,0.002548372297016652,0.003165918478136398,0.3524667144088398
39.27401583597266,0.0006165241981220114,0.0025462091024420807,0.003162733300564092,0.35243898440909205
39.307354559093184,0.0006155047499606182,0.0025440495765145137,0.003159554326475132,0.3524112968669916
39.3406932822137,0.0006144878282595799,0.0025418937099188875,0.0031563815381784673,0.35238365168537683
39.37403200533422,0.0006134734246774777,0.0025397414933715163,0.003153214918048994,0.35235604876737736
39.407370728454744,0.0006124615309072895,0.0025375929176199596,0.003150054448527249,0.35232848801641253
39.44070945157526,0.0006114521386762205,0.0025354479734428954,0.003146900112119116,0.3523009693361908
39.47404817469578,0.0006104452397455333,0.0025333066516499843,0.0031437518913955175,0.35227349263070823
39.5073868978163,0.0006094408259103802,0.002531168943081751,0.003140609768992131,0.352246057804248
39.54072562093682,0.000608438888999636,0.0025290348386094487,0.003137473727609085,0.35221866476137903
39.57406434405734,0.0006074394208757316,0.0025269043291349345,0.003134343750010666,0.3521913134069551
39.60740306717786,0.0006064424134344891,0.002524777405590545,0.0031312198190250337,0.35216400364611405
39.640741790298385,0.0006054478586049574,0.0025226540589389666,0.003128101917543924,0.3521367353842765
39.6740805134189,0.0006044557483492489,0.0025205342801731135,0.0031249900285223627,0.3521095085271448
39.70741923653942,0.0006034660746623765,0.002518418060316002,0.0031218841349783784,0.35208232298070247
39.740757959659945,0.0006024788295720934,0.002516305390420625,0.0031187842199927184,0.35205517865121294
39.77409668278046,0.0006014940051387315,0.0025141962615698316,0.003115690266708563,0.35202807544521847
39.80743540590098,0.0006005115934550415,0.0025120906648762,0.0031126022583312413,0.35200101326953936
39.840774129021504,0.0005995315866460355,0.0025099885914819176,0.003109520178127953,0.35197399203127283
39.87411285214202,0.0005985539768688284,0.0025078900325586607,0.003106444009427489,0.3519470116377922
39.90745157526254,0.0005975787563124806,0.002505794979307471,0.0031033737356199517,0.35192007199674596
39.940790298383064,0.0005966059171978424,0.0025037034229586363,0.003100309340156479,0.3518931730160565
39.974129021503586,0.0005956354517773992,0.002501615354771568,0.003097250806548967,0.3518663146039195
40.0074677446241,0.0005946673523351169,0.0024995307660346864,0.0030941981183698034,0.3518394966688028
40.04080646774462,0.0005937016111862883,0.0024974496480652964,0.003091151259251585,0.3518127191194454
40.074145190865146,0.0005927382206773807,0.002495371992209473,0.003088110212886854,0.35178598186485666
40.10748391398566,0.000591777173185885,0.0024932977898419434,0.0030850749630278286,0.35175928481431523
40.14082263710618,0.0005908184611201634,0.0024912270323659666,0.00308204549348613,0.35173262787736814
40.174161360226705,0.0005898620769193016,0.0024891597112132206,0.0030790217881325223,0.35170601096383003
40.20750008334722,0.0005889080130529577,0.002487095817843685,0.0030760038308966426,0.35167943398378176
40.24083880646774,0.0005879562620212146,0.0024850353437455243,0.0030729916057667386,0.3516528968475701
40.274177529588265,0.0005870068163544332,0.0024829782804349733,0.0030699850967894063,0.35162639946580626
40.30751625270879,0.0005860596686131058,0.0024809246194562253,0.003066984288069331,0.35159994174936526
40.3408549758293,0.0005851148113877097,0.002478874352381314,0.003063989163769024,0.3515735236093849
40.374193698949824,0.0005841722372985621,0.002476827470810004,0.0030609997081085657,0.35154714495726475
40.40753242207035,0.0005832319389956769,0.002474783966369674,0.0030580159053653507,0.35152080570466554
40.44087114519086,0.0005822939091586214,0.00247274383071521,0.0030550377398738315,0.351494505763508
40.474209868311384,0.0005813581404963728,0.002470707055528888,0.0030520651960252608,0.35146824504597185
40.507548591431906,0.0005804246257471776,0.002468673632520265,0.0030490982582674427,0.35144202346449527
40.54088731455242,0.0005794933576784099,0.0024666435534260716,0.0030461369111044814,0.3514158409317735
40.57422603767294,0.0005785643290864321,0.0024646168100100944,0.0030431811390965267,0.3513896973607586
40.607564760793466,0.0005776375327964546,0.0024625933940630737,0.0030402309268595285,0.3513635926646576
40.64090348391399,0.0005767129616623988,0.00246057329740259,0.003037286259064989,0.3513375267569327
40.6742422070345,0.0005757906085667575,0.002458556511872959,0.0030343471204397165,0.35131149955129953
40.707580930155025,0.0005748704664204591,0.002456543029345118,0.003031413495765577,0.35128551096172667
40.74091965327555,0.0005739525281627312,0.0024545328417165243,0.0030284853698792557,0.3512595609024347
40.77425837639606,0.0005730367867609653,0.0024525259409110445,0.0030255627276720098,0.3512336492878952
40.807597099516585,0.0005721232352105811,0.0024505223188788484,0.0030226455540894293,0.35120777603283004
40.84093582263711,0.0005712118665348941,0.002448521967596304,0.003019733834131198,0.35118194105221034
40.87427454575762,0.0005703026737849814,0.002446524879065871,0.0030168275528508525,0.35115614426125574
40.907613268878144,0.0005693956500395491,0.0024445310453159973,0.0030139266953555463,0.3511303855754335
40.940951991998666,0.0005684907884048012,0.002442540458401011,0.0030110312468058123,0.3511046649104575
40.97429071511919,0.0005675880820143084,0.0024405531104010215,0.00300814119241533,0.3510789821822876
41.007629438239704,0.0005666875240288779,0.0024385689934218104,0.003005256517450688,0.35105333730712857
41.040968161360226,0.000565789107636423,0.0024365880995947317,0.0030023772072311546,0.3510277302014293
41.07430688448075,0.000564892826051836,0.0024346104210766096,0.0029995032471284455,0.3510021607818822
41.10764560760126,0.0005639986725168586,0.002432635950049634,0.0029966346225664925,0.35097662896542176
41.140984330721786,0.0005631066402999549,0.0024306646787212592,0.002993771319021214,0.3509511346692244
41.17432305384231,0.0005622167226961849,0.0024286965993241057,0.0029909133220202906,0.350925677810707
41.20766177696282,0.0005613289130270789,0.0024267317041158573,0.0029880606171429364,0.35090025830752664
41.241000500083345,0.0005604432046405108,0.0024247699853791583,0.002985213190019669,0.3508748760775792
41.27433922320387,0.0005595595909105751,0.0024228114354215196,0.0029823710263320946,0.350849531038999
41.30767794632439,0.0005586780652374621,0.0024208560465752145,0.0029795341118126766,0.3508242231101577
41.341016669444905,0.0005577986210473352,0.002418903811197182,0.002976702432244517,0.3507989522096635
41.37435539256543,0.000556921251792207,0.002416954721668927,0.002973875973461134,0.3507737182563603
41.40769411568595,0.0005560459509498195,0.0024150087703964248,0.0029710547213462443,0.35074852116932703
41.441032838806464,0.0005551727120235215,0.002413065949810023,0.0029682386618335443,0.3507233608678767
41.474371561926986,0.0005543015285421476,0.0024111262523643408,0.0029654277809064884,0.3506982372715556
41.50771028504751,0.0005534323940599003,0.002409189670538177,0.0029626220645980776,0.35067315030014246
41.541049008168024,0.0005525653021562288,0.0024072561968344146,0.0029598214989906436,0.35064809987364776
41.574387731288546,0.000551700246435711,0.0024053258237799195,0.002957026070215631,0.35062308591231284
41.60772645440907,0.0005508372205279361,0.00240339854392545,0.002954235764453386,0.35059810833660887
41.64106517752959,0.0005499762180873868,0.0024014743498455607,0.0029514505679329476,0.3505731670672366
41.674403900650105,0.0005491172327933231,0.0023995532341385094,0.0029486704669318326,0.35054826202512507
41.70774262377063,0.0005482602583496653,0.00239763518942616,0.0029458954477758256,0.3505233931314309
41.74108134689115,0.0005474052884848801,0.0023957202083538932,0.0029431254968387732,0.35049856030753773
41.774420070011665,0.0005465523169518648,0.0023938082835905095,0.002940360600542374,0.35047376347505516
41.80775879313219,0.000545701337527833,0.002391899407828141,0.002937600745355974,0.35044900255581823
41.84109751625271,0.0005448523440142023,0.0023899935737821546,0.002934845917796357,0.35042427747188626
41.874436239373225,0.0005440053302364807,0.002388090774191064,0.0029320961044275447,0.35039958814554256
41.90777496249375,0.0005431602900441534,0.002386191001816436,0.0029293512918605897,0.35037493449929313
41.94111368561427,0.000542317217310573,0.002384294249442802,0.0029266114667533746,0.35035031645586623
41.97445240873479,0.0005414761059328475,0.002382400509877565,0.0029238766158104124,0.3503257339382117
42.007791131855306,0.0005406369498317294,0.0023805097759509114,0.002921146725782641,0.35030118686949974
42.04112985497583,0.0005397997429515065,0.0023786220405157205,0.002918421783467227,0.3502766751731206
42.07446857809635,0.0005389644792598927,0.0023767372964474754,0.002915701775707368,0.3502521987726835
42.107807301216866,0.0005381311527479191,0.0023748555366441765,0.0029129866893920957,0.35022775759201613
42.14114602433739,0.0005372997574298255,0.002372976754026247,0.0029102765114560726,0.3502033515551637
42.17448474745791,0.0005364702873429541,0.002371100941536453,0.002907571228879407,0.35017898058638813
42.207823470578425,0.0005356427365476415,0.002369228092139811,0.0029048708286874524,0.3501546446101677
42.24116219369895,0.0005348170991271122,0.002367358198823501,0.0029021752979506133,0.3501303435511958
42.27450091681947,0.0005339933691873743,0.00236549125459678,0.002899484623784154,0.35010607733438043
42.30783963993999,0.0005331715408571129,0.002363627252490897,0.00289679879334801,0.3500818458848434
42.34117836306051,0.0005323516082875861,0.002361766185559008,0.0028941177938465942,0.3500576491279198
42.37451708618103,0.0005315335656525205,0.0023599080468760863,0.0028914416125286066,0.3500334869891569
42.40785580930155,0.0005307174071480082,0.00235805282953884,0.0028887702366868486,0.3500093593943136
42.44119453242207,0.0005299031269924039,0.0023562005266656288,0.0028861036536580328,0.3499852662693598
42.47453325554259,0.0005290907194262216,0.002354351131396376,0.0028834418508225977,0.34996120754047544
42.50787197866311,0.0005282801787120341,0.002352504636892487,0.0028807848156045214,0.34993718313405
42.541210701783626,0.0005274714991343707,0.002350661036336766,0.002878132535471137,0.34991319297668155
42.57454942490415,0.0005266646749996168,0.002348820322933331,0.0028754849979329474,0.3498892369951763
42.60788814802467,0.0005258597006359134,0.002346982489907531,0.0028728421905434443,0.3498653151165477
42.64122687114519,0.000525056570393058,0.0023451475305058672,0.002870204100898925,0.34984142726801576
42.67456559426571,0.0005242552786424052,0.002343315437995906,0.002867570716638311,0.3498175733770062
42.70790431738623,0.0005234558197767676,0.0023414862056661996,0.0028649420254429673,0.34979375337115004
42.74124304050675,0.0005226581882103182,0.0023396598268262047,0.002862318015036523,0.34976996717828257
42.77458176362727,0.000521862378378493,0.0023378362948062036,0.0028596986731846967,0.34974621472644307
42.80792048674779,0.0005210683847378933,0.0023360156029572175,0.002857083987695111,0.3497224959438735
42.84125920986831,0.0005202762017661899,0.0023341977446509335,0.0028544739464171232,0.3496988107590183
42.87459793298883,0.0005194858239620265,0.0023323827132796203,0.0028518685372416466,0.3496751591005237
42.90793665610935,0.0005186972458449244,0.0023305705022560502,0.0028492677481009748,0.34965154089723666
42.94127537922987,0.0005179104619551875,0.0023287611050134193,0.002846671566968607,0.3496279560782043
42.974614102350394,0.000517125466853808,0.00232695451500527,0.002844079981859078,0.34960440457267355
43.00795282547091,0.000516342255122372,0.002325150725705412,0.002841492980827784,0.34958088631009
43.04129154859143,0.0005155608213629663,0.002323349730607843,0.0028389105519708094,0.3495574012200975
43.07463027171195,0.0005147811601980852,0.002321551523226672,0.0028363326834247573,0.3495339492325374
43.10796899483247,0.0005140032662705382,0.0023197560970960435,0.0028337593633665815,0.34951053027744783
43.14130771795299,0.0005132271342433579,0.002317963445770058,0.002831190580013416,0.3494871442850632
43.17464644107351,0.0005124527587997079,0.002316173562822698,0.002828626321622406,0.3494637911858132
43.20798516419403,0.0005116801346427933,0.002314386441847748,0.0028260665764905414,0.34944047091032243
43.24132388731455,0.0005109092564957678,0.0023126020764587226,0.0028235113329544903,0.3494171833894097
43.27466261043507,0.0005101401191016459,0.0023108204602887883,0.002820960579390434,0.349393928554087
43.308001333555595,0.0005093727172232119,0.002309041586990689,0.002818414304213901,0.34937070633555956
43.34134005667611,0.0005086070456429313,0.002307265450236673,0.0028158724958796044,0.3493475166652244
43.37467877979663,0.0005078430991628611,0.0023054920437184144,0.0028133351428812755,0.34932435947467017
43.408017502917154,0.0005070808726045635,0.002303721361146942,0.0028108022337515054,0.34930123469567637
43.44135622603767,0.0005063203608090166,0.0023019533962525653,0.002808273757061582,0.34927814226021264
43.47469494915819,0.0005055615586365271,0.0023001881427847978,0.002805749701421325,0.3492550821004381
43.508033672278714,0.0005048044609666447,0.00229842559451229,0.0028032300554789347,0.349232054148701
43.54137239539923,0.0005040490626980746,0.0022966657452227488,0.0028007148079208233,0.3492090583375374
43.57471111851975,0.0005032953587485914,0.0022949085887228717,0.0027982039474714632,0.34918609459967137
43.60804984164027,0.000502543344054955,0.0022931541188382708,0.0027956974628932257,0.3491631628680137
43.641388564760796,0.0005017930135728241,0.002291402329413402,0.0027931953429862263,0.34914026307566165
43.67472728788131,0.0005010443622766725,0.0022896532143114926,0.002790697576588165,0.3491173951558979
43.70806601100183,0.0005002973851597041,0.0022879067674144715,0.0027882041525741754,0.34909455904219056
43.741404734122355,0.0004995520772337703,0.0022861629826228967,0.0027857150598566667,0.3490717546681919
43.77474345724287,0.0004988084335292863,0.002284421853855887,0.002783230287385173,0.34904898196773804
43.80808218036339,0.0004980664490951472,0.0022826833750510477,0.0027807498241461948,0.3490262408748482
43.841420903483915,0.0004973261189986473,0.002280947540164405,0.0027782736591630526,0.3490035313237243
43.87475962660443,0.0004965874383253973,0.0022792143431703354,0.0027758017814957328,0.34898085324875006
43.90809834972495,0.0004958504021792422,0.0022774837780614914,0.0027733341802407335,0.3489582065844905
43.941437072845474,0.0004951150056821815,0.0022757558388487404,0.0027708708445309217,0.34893559126569146
43.974775795965996,0.000494381243974287,0.00227403051956109,0.002768411763535377,0.3489130072272787
44.00811451908651,0.0004936491122136238,0.002272307814245623,0.002765956926459247,0.34889045440435756
44.041453242207034,0.0004929186055761694,0.0022705877169674257,0.002763506322543595,0.34886793273221206
44.074791965327556,0.0004921897192557349,0.0022688702218095244,0.0027610599410652593,0.34884544214630475
44.10813068844807,0.000491462448463886,0.0022671553228728147,0.0027586177713367008,0.3488229825822756
44.14146941156859,0.0004907367884298634,0.0022654430142759947,0.002756179802705858,0.3488005539759417
44.174808134689115,0.000490012734400506,0.0022637332901555007,0.0027537460245560066,0.3487781562632965
44.20814685780963,0.0004892902816401719,0.0022620261446654366,0.0027513164263056086,0.3487557893805095
44.24148558093015,0.0004885694254306613,0.0022603215719775097,0.002748890997408171,0.34873345326392524
44.274824304050675,0.00048785016107113995,0.002258619566280966,0.002746469727352106,0.34871114785006296
44.3081630271712,0.0004871324838780616,0.002256920121782523,0.0027440526056605845,0.3486888730756161
44.34150175029171,0.000486416389185093,0.002255223232706303,0.0027416396218913957,0.3486666288774514
44.374840473412235,0.00048570187234303635,0.0022535288932937687,0.002739230765636805,0.34864441519260864
44.40817919653276,0.00048498892871975556,0.002251837097803662,0.0027368260265234175,0.3486222319582999
44.44151791965327,0.0004842775537001002,0.002250147840511934,0.002734425394212034,0.3486000791119088
44.474856642773794,0.000483567742685831,0.002248461115711683,0.002732028858397514,0.3485779565909904
44.508195365894316,0.00048285949109554545,0.002246776917713092,0.0027296364088086372,0.34855586433327007
44.54153408901483,0.0004821527943646044,0.002245095240843363,0.0027272480352079674,0.3485338022766435
44.574872812135354,0.0004814476479450575,0.002243416079446653,0.0027248637273917103,0.3485117703591753
44.608211535255876,0.00048074404730557126,0.0022417394278840146,0.002722483475189586,0.3484897685190996
44.6415502583764,0.0004800419879313552,0.002240065280533328,0.0027201072684646835,0.34846779669481814
44.67488898149691,0.00047934146532409023,0.0022383936317892433,0.0027177350971133336,0.34844585482490087
44.708227704617435,0.0004786424750018557,0.0022367244760631137,0.0027153669510649693,0.34842394284808476
44.74156642773796,0.00047794501249905883,0.0022350578077829373,0.002713002820281996,0.34840206070327334
44.77490515085847,0.0004772490733663624,0.002233393621393293,0.0027106426947596553,0.3483802083295361
44.808243873978995,0.00047655465317061424,0.00223173191135528,0.002708286564525894,0.3483583856661083
44.84158259709952,0.0004758617474947767,0.002230072672146456,0.002705934419641233,0.34833659265238975
44.87492132022003,0.00047517035193785626,0.002228415898260778,0.0027035862501986344,0.34831482922794493
44.908260043340555,0.0004744804621148335,0.0022267615842085377,0.0027012420463233713,0.348293095332502
44.94159876646108,0.00047379207365659385,0.0022251097245163053,0.0026989017981728994,0.3482713909059525
44.9749374895816,0.0004731051822098585,0.0022234603137268674,0.002696565495936726,0.3482497158883505
45.008276212702114,0.0004724197834371152,0.002221813346399168,0.002694233129836283,0.34822807021991253
45.041614935822636,0.0004717358730165498,0.0022201688171082467,0.0026919046901247965,0.3482064538410166
45.07495365894316,0.00047105344664197864,0.002218526720445182,0.0026895801670871605,0.34818486669220183
45.108292382063674,0.00047037250002278033,0.002216887051017032,0.0026872595510398123,0.34816330871416795
45.141631105184196,0.0004696930288838281,0.0022152498034467717,0.0026849428323306,0.3481417798477746
45.17496982830472,0.0004690150289654232,0.002213614972373241,0.002682630001338664,0.3481202800340411
45.20830855142523,0.00046833849602322835,0.0022119825524510813,0.00268032104847431,0.3480988092141457
45.241647274545755,0.00046766342582819996,0.002210352538350678,0.002678015964178878,0.34807736732942485
45.27498599766628,0.0004669898141665239,0.0022087249247581047,0.0026757147389246286,0.3480559543213732
45.3083247207868,0.0004663176568395482,0.0022070997063750653,0.0026734173632146137,0.34803457013164274
45.341663443907315,0.0004656469496637189,0.002205476877918835,0.0026711238275825538,0.3480132147020421
45.37500216702784,0.0004649776884705135,0.002203856434122203,0.0026688341225927165,0.34799188797453645
45.40834089014836,0.00046430986910637746,0.00220223836973342,0.0026665482388397977,0.3479705898912468
45.441679613268875,0.00046364348743265936,0.0022006226795161362,0.0026642661669487957,0.34794932039444926
45.4750183363894,0.00046297853932554626,0.0021990093582493478,0.002661987897574894,0.34792807942657483
45.50835705950992,0.0004623150206760008,0.002197398400727341,0.002659713421403342,0.3479068669302089
45.541695782630434,0.00046165292738969727,0.002195789801759636,0.0026574427291493332,0.34788568284809035
45.575034505750956,0.00046099225538695797,0.0021941835561709298,0.002655175811557888,0.34786452712311156
45.60837322887148,0.0004603330006026913,0.0021925796588010437,0.002652912659403735,0.3478433996983176
45.641711951992,0.00045967515898632844,0.0021909781045048654,0.002650653263491194,0.34782230051690566
45.675050675112516,0.00045901872650176207,0.002189378888152297,0.0026483976146540592,0.34780122952222475
45.70838939823304,0.00045836369912728286,0.0021877820046281972,0.00264614570375548,0.3477801866577751
45.74172812135356,0.00045771007285551964,0.002186187448832328,0.0026438975216878475,0.34775917186720756
45.775066844474075,0.00045705784369337734,0.002184595215679305,0.002641653059372682,0.34773818509432347
45.8084055675946,0.0004564070076619753,0.0021830053000985346,0.00263941230776051,0.34771722628307367
45.84174429071512,0.00045575756079658787,0.002181417697034167,0.002637175257830755,0.3476962953775582
45.875083013835635,0.0004551094991465837,0.002179832401445044,0.0026349419005916278,0.3476753923220261
45.90842173695616,0.00045446281877536444,0.002178249408304639,0.0026327122270800034,0.3476545170608745
45.94176046007668,0.00045381751576030677,0.002176668712601009,0.002630486228361316,0.3476336695386483
45.9750991831972,0.0004531735861927017,0.0021750903093367417,0.0026282638955294436,0.34761284970003975
46.00843790631772,0.0004525310261776961,0.0021735141935289018,0.002626045219706598,0.3475920574898878
46.04177662943824,0.00045188983183423276,0.002171940360208977,0.0026238301920432096,0.34757129285317784
46.07511535255876,0.0004512499992949932,0.00217036880442283,0.0026216188037178232,0.34755055573504096
46.108454075679276,0.0004506115247063383,0.002168799521230644,0.0026194110459369824,0.3475298460807537
46.1417927987998,0.0004499744042282504,0.0021672325057068703,0.0026172069099351207,0.3475091638357375
46.17513152192032,0.00044933863403427617,0.0021656677529401794,0.0026150063869744555,0.347488508945558
46.208470245040836,0.0004487042103114688,0.0021641052580334084,0.002612809468344877,0.34746788135592505
46.24180896816136,0.00044807112926033006,0.0021625450161035097,0.0026106161453638395,0.3474472810126918
46.27514769128188,0.00044743938709475506,0.0021609870222815014,0.0026084264093762565,0.3474267078618544
46.3084864144024,0.00044680898004197426,0.002159431271712414,0.0026062402517543883,0.34740616184955153
46.34182513752292,0.0004461799043424977,0.0021578777595552463,0.002604057663897744,0.34738564292206386
46.37516386064344,0.0004455521562500587,0.002156326480982906,0.0026018786372329645,0.3473651510258137
46.40850258376396,0.00044492573203155824,0.00215477743118217,0.002599703163213728,0.34734468610736463
46.44184130688448,0.00044430062796700984,0.0021532306053536265,0.0025975312333206364,0.34732424811342055
46.475180030005,0.00044367684034948363,0.0021516859987116294,0.002595362839061113,0.34730383699082584
46.50851875312552,0.00044305436548505164,0.0021501436064842497,0.0025931979719693013,0.3472834526865646
46.54185747624604,0.00044243319969273354,0.0021486034239132238,0.0025910366236059574,0.34726309514776
46.57519619936656,0.00044181333930444147,0.0021470654462539063,0.0025888787855583477,0.34724276432167434
46.60853492248708,0.00044119478066492653,0.0021455296687752216,0.002586724449440148,0.3472224601557081
46.6418736456076,0.00044057752013172463,0.002143996086759616,0.0025845736068913407,0.3472021825973999
46.67521236872812,0.00043996155407510307,0.0021424646955030056,0.0025824262495781087,0.34718193159442545
46.70855109184864,0.00043934687887800636,0.0021409354903147346,0.002580282369192741,0.3471617070945979
46.74188981496916,0.0004387334909360044,0.002139408466517522,0.002578141957453526,0.3471415090458668
46.77522853808968,0.0004381213866572391,0.002137883619447417,0.002576005006104656,0.3471213373963179
46.8085672612102,0.0004375105624623708,0.0021363609444537504,0.002573871506916121,0.3471011920941726
46.84190598433072,0.0004369010147845277,0.002134840436899088,0.0025717414516836156,0.3470810730877876
46.87524470745124,0.0004362927400692529,0.0021333220921591844,0.0025696148322284372,0.34706098032565436
46.90858343057176,0.00043568573477445195,0.0021318059056229326,0.0025674916403973847,0.34704091375639884
46.94192215369228,0.00043507999537034257,0.0021302918726923232,0.002565371868062666,0.3470208733287809
46.975260876812804,0.00043447551833940246,0.0021287799887823922,0.0025632555071217946,0.34700085899169386
47.00859959993332,0.00043387230017631867,0.0021272702493211797,0.0025611425494974985,0.3469808706941642
47.04193832305384,0.0004332703373879362,0.002125762649749679,0.0025590329871376153,0.346960908385351
47.075277046174364,0.0004326696264932081,0.0021242571855217968,0.002556926812015005,0.34694097201454566
47.10861576929488,0.0004320701640231451,0.0021227538521043014,0.0025548240161274464,0.34692106153117125
47.1419544924154,0.00043147194652076476,0.00212125264497678,0.0025527245914975447,0.34690117688478217
47.17529321553592,0.00043087497054104253,0.002119753559631596,0.0025506285301726385,0.34688131802506406
47.20863193865644,0.0004302792326508618,0.002118256591573841,0.0025485358242247026,0.34686148490183283
47.24197066177696,0.00042968472942896417,0.0021167617363212874,0.0025464464657502517,0.3468416774650345
47.27530938489748,0.0004290914574659012,0.0021152689894043506,0.0025443604468702516,0.34682189566474486
47.308648108018005,0.00042849941336398474,0.002113778346366038,0.0025422777597300227,0.3468021394511689
47.34198683113852,0.0004279085937372386,0.0021122898027619106,0.002540198396499149,0.34678240877464056
47.37532555425904,0.00042731899521135,0.002110803354160032,0.002538122349371382,0.3467627035856221
47.408664277379565,0.0004267306144236216,0.0021093189961409312,0.0025360496105645528,0.34674302383470396
47.44200300050008,0.00042614344802292364,0.002107836724297555,0.002533980172320479,0.346723369472604
47.4753417236206,0.00042555749266964544,0.0021063565342352253,0.002531914026904871,0.34670374045016744
47.508680446741124,0.0004249727450356491,0.002104878421571595,0.002529851166607244,0.3466841367183662
47.54201916986164,0.00042438920180422145,0.002103402381936607,0.0025277915837408284,0.34666455822829856
47.57535789298216,0.0004238068596700271,0.002101928410972449,0.002525735270642476,0.3466450049311889
47.608696616102684,0.0004232257153390618,0.0021004565043335117,0.0025236822196725737,0.3466254767783871
47.642035339223206,0.000422645765528606,0.002098986657686346,0.002521632423214952,0.3466059737213682
47.67537406234372,0.000422067006967178,0.002097518866709622,0.0025195858736768,0.34658649571173217
47.70871278546424,0.000421489436394488,0.0020960531270940814,0.0025175425634885694,0.3465670427012031
47.742051508584765,0.00042091305056139304,0.0020945894345425035,0.0025155024851038965,0.3465476146416293
47.77539023170528,0.0004203378462298497,0.0020931277847696566,0.0025134656309995064,0.34652821148498253
47.8087289548258,0.00041976382017286986,0.0020916681735022587,0.0025114319936751285,0.3465088331833577
47.842067677946325,0.00041919096917447505,0.002090210596478937,0.0025094015656534118,0.34648947968897265
47.87540640106684,0.00041861929002965157,0.002088755049450184,0.0025073743394798354,0.34647015095416756
47.90874512418736,0.0004180487795443051,0.0020873015281783177,0.002505350307722623,0.34645084693140454
47.942083847307885,0.00041747943453521673,0.0020858500284374414,0.002503329462972658,0.3464315675732675
47.97542257042841,0.00041691125182999854,0.0020844005460134017,0.0025013117978434003,0.34641231283246143
48.00876129354892,0.000416344228267049,0.0020829530767037473,0.002499297304970796,0.34639308266181223
48.042100016669444,0.00041577836069550884,0.0020815076163176885,0.0024972859770131975,0.34637387701426636
48.075438739789966,0.0004152136459752182,0.002080064160676059,0.0024952778066512768,0.34635469584289014
48.10877746291048,0.00041465008097667217,0.002078622705611272,0.0024932727865879445,0.3463355391008698
48.142116186031004,0.00041408766258097765,0.002077183246967284,0.0024912709095482617,0.3463164067415108
48.175454909151526,0.00041352638767981056,0.0020757457805995515,0.002489272168279362,0.34629729871823756
48.20879363227204,0.00041296625317537256,0.0020743103023749946,0.002487276555550367,0.3462782149845931
48.24213235539256,0.00041240725598034814,0.002072876808171954,0.002485284064152302,0.3462591554942386
48.275471078513085,0.0004118493930178625,0.0020714452938801527,0.002483294686898015,0.3462401202009529
48.30880980163361,0.0004112926612214391,0.0020700157554006606,0.0024813084166220994,0.34622110905863274
48.34214852475412,0.0004107370575349574,0.002068588188645849,0.0024793252461808063,0.34620212202129136
48.375487247874645,0.00041018257891261076,0.0020671625895393557,0.0024773451684519665,0.34618315904305913
48.40882597099517,0.00040962922231886504,0.0020657389540160455,0.0024753681763349106,0.3461642200781825
48.44216469411568,0.00040907698472841716,0.0020643172780219726,0.00247339426275039,0.3461453050810241
48.475503417236204,0.000408525863126153,0.0020628975575143382,0.002471423420640491,0.3461264140060618
48.50884214035673,0.0004079758545071069,0.0020614797884614586,0.0024694556429685653,0.34610754680788924
48.54218086347724,0.00040742695587642105,0.002060063966842721,0.002467490922719142,0.3460887034412145
48.575519586597764,0.00040687916424930347,0.002058650088648549,0.0024655292528978526,0.34606988386086035
48.608858309718286,0.0004063324766509887,0.0020572381498803636,0.0024635706265313524,0.34605108802176365
48.64219703283881,0.00040578689011669676,0.0020558281465505456,0.0024616150366672425,0.346032315878975
48.675535755959324,0.000405242401691593,0.0020544200746824,0.002459662476373993,0.3460135673876586
48.708874479079846,0.00040469900843074813,0.0020530139303101143,0.0024577129387408623,0.34599484250309154
48.74221320220037,0.0004041567073990987,0.002051609709478726,0.0024557664168778246,0.3459761411806638
48.77555192532088,0.000403615495671407,0.002050207408244083,0.0024538229039154902,0.34595746337587757
48.808890648441405,0.0004030753703322219,0.0020488070226728065,0.0024518823930050285,0.34593880904434715
48.84222937156193,0.0004025363284758395,0.002047408548842256,0.0024499448773180957,0.34592017814179843
48.87556809468244,0.00040199836720626435,0.0020460119828404916,0.002448010350046756,0.34590157062406873
48.908906817802965,0.0004014614836371695,0.002044617320766237,0.0024460788044034063,0.34588298644710624
48.94224554092349,0.0004009256748918596,0.002043224558728844,0.002444150233620704,0.3458644255669698
48.97558426404401,0.0004003909381032304,0.0020418336928482573,0.002442224630951488,0.34584588793982846
49.008922987164524,0.0003998572704137319,0.002040444719254976,0.002440301989668708,0.3458273735219612
49.04226171028505,0.0003993246689753293,0.002039057634090021,0.00243838230306535,0.34580888226975676
49.07560043340557,0.00039879313094946534,0.0020376724335048947,0.00243646556445436,0.34579041413971284
49.108939156526084,0.0003982626535070227,0.0020362891136615512,0.002434551767168574,0.3457719690884363
49.142277879646606,0.0003977332338282856,0.002034907670732356,0.0024326409045606415,0.3457535470726424
49.17561660276713,0.0003972048691029032,0.002033528100900053,0.002430732970002956,0.34573514804915456
49.20895532588764,0.00039667755652985184,0.0020321504003577295,0.0024288279568875815,0.34571677197490425
49.242294049008166,0.00039615129331739785,0.00203077456530878,0.002426925858626178,0.3456984188069304
49.27563277212869,0.0003956260766830608,0.002029400591966874,0.002425026668649935,0.3456800885023793
49.30897149524921,0.00039510190385357686,0.0020280284765559166,0.0024231303804094933,0.3456617810185038
49.342310218369725,0.0003945787720648619,0.0020266582153100183,0.00242123698737488,0.34564349631266356
49.37564894149025,0.0003940566785619748,0.0020252898044734583,0.002419346483035433,0.34562523434232434
49.40898766461077,0.00039353562059908214,0.0020239232403006517,0.002417458860899734,0.3456069950650579
49.442326387731285,0.00039301559543942116,0.0020225585190561143,0.0024155741144955356,0.3455887784385414
49.47566511085181,0.000392496600355264,0.0020211956370144286,0.0024136922373696927,0.3455705844205573
49.50900383397233,0.00039197863262788234,0.0020198345904602097,0.002411813223088092,0.34555241296899303
49.542342557092844,0.00039146168954751155,0.0020184753756880736,0.002409937065235585,0.3455342640418405
49.57568128021337,0.0003909457684133149,0.0020171179890026,0.002408063757415915,0.3455161375971959
49.60902000333389,0.00039043086653334897,0.0020157624267183026,0.0024061932932516513,0.3454980335932594
49.64235872645441,0.00038991698122452803,0.0020144086851595923,0.0024043256663841203,0.3454799519883347
49.675697449574926,0.00038940410981258946,0.0020130567606607484,0.002402460870473338,0.3454618927408289
49.70903617269545,0.0003888922496320583,0.0020117066495658796,0.0024005988991979378,0.3454438558092518
49.74237489581597,0.00038838139802621337,0.0020103583482288974,0.0023987397462551107,0.3454258411522163
49.775713618936486,0.00038787155234705256,0.002009011853013478,0.0023968834053605306,0.3454078487284373
49.80905234205701,0.0003873627099552581,0.0020076671602930326,0.002395029870248291,0.34538987849673175
49.84239106517753,0.000386854868220163,0.0020063242664506748,0.002393179134670838,0.34537193041601844
49.875729788298045,0.00038634802451971683,0.0020049831678791872,0.002391331192398904,0.3453540044453174
49.90906851141857,0.00038584217624045144,0.002003643860980988,0.0023894860372214396,0.3453361005437498
49.94240723453909,0.0003853373207774482,0.0020023063421681035,0.002387643662945552,0.34531821867053775
49.97574595765961,0.0003848334555343036,0.0020009706078621303,0.002385804063396434,0.3453003587850036
50.00908468078013,0.0003843305779230963,0.0019996366544942057,0.0023839672324173023,0.3452825208465698
50.04242340390065,0.00038382868536435377,0.0019983044785049794,0.0023821331638693333,0.34526470481475896
50.07576212702117,0.00038332777528701903,0.001996974076344574,0.0023803018516315934,0.3452469106491928
50.10910085014169,0.0003828278451284186,0.001995645444472563,0.0023784732896009815,0.3452291383095926
50.14243957326221,0.000382328892334228,0.0019943185793579316,0.0023766474716921597,0.3452113877557786
50.17577829638273,0.0003818309143584412,0.0019929934774790482,0.0023748243918374893,0.3451936589476693
50.209117019503246,0.00038133390866333666,0.0019916701353236365,0.002373004043986973,0.3451759518452819
50.24245574262377,0.00038083787271944513,0.001990348549388738,0.002371186422108183,0.3451582664087314
50.27579446574429,0.00038034280400551845,0.001989028716180687,0.0023693715201862056,0.34514060259823065
50.30913318886481,0.00037984870000849644,0.001987710632215076,0.0023675593322235724,0.3451229603740898
50.34247191198533,0.0003793555582234757,0.0019863942940167288,0.0023657498522402045,0.34510533969671625
50.37581063510585,0.00037886337615367706,0.0019850796981196635,0.0023639430742733404,0.3450877405266141
50.40914935822637,0.0003783721513104151,0.0019837668410670702,0.0023621389923774855,0.3450701628243842
50.44248808134689,0.0003778818812130659,0.0019824557194112755,0.0023603376006243416,0.34505260655072334
50.47582680446741,0.0003773925633890357,0.0019811463297137134,0.002358538893102749,0.34503507166642444
50.50916552758793,0.00037690419537373017,0.001979838668544895,0.0023567428639186252,0.34501755813237606
50.54250425070845,0.0003764167747105232,0.0019785327324843807,0.002354949507194904,0.3450000659095621
50.57584297382897,0.00037593029895072557,0.0019772285181207457,0.0023531588170714714,0.3449825949590615
50.60918169694949,0.000375444765653555,0.0019759260220515574,0.0023513707877051123,0.344965145242048
50.642520420070014,0.0003749601723861049,0.001974625240883339,0.0023495854132694442,0.34494771671978997
50.67585914319053,0.0003744765167233143,0.001973326171231544,0.0023478026879548584,0.3449303093536497
50.70919786631105,0.0003739937962479371,0.0019720288097205252,0.002346022605968462,0.34491292310508376
50.74253658943157,0.00037351200855051197,0.0019707331529835053,0.002344245161534017,0.344895557935642
50.77587531255209,0.00037303115122933294,0.0019694391976625503,0.0023424703488918834,0.3448782138069679
50.80921403567261,0.00037255122189041836,0.0019681469404085367,0.002340698162298955,0.3448608906807978
50.84255275879313,0.0003720722181474818,0.001966856377881126,0.0023389285960286076,0.3448435885189609
50.87589148191365,0.0003715941376219026,0.0019655675067487338,0.002337161644370636,0.34482630728337904
50.90923020503417,0.00037111697794269547,0.0019642803236885023,0.002335397301631198,0.3448090469360662
50.94256892815469,0.00037064073674648195,0.001962994825386271,0.0023336355621327532,0.34479180743912813
50.975907651275215,0.00037016541167746083,0.0019617110085365487,0.0023318764202140095,0.34477458875476247
51.00924637439573,0.000369691000387379,0.0019604288698424864,0.0023301198702298655,0.34475739084525836
51.04258509751625,0.0003692175005355022,0.001959148406015844,0.0023283659065513464,0.3447402136729956
51.075923820636774,0.0003687449097885866,0.0019578696137769703,0.002326614523565557,0.3447230572004453
51.10926254375729,0.00036827322582085,0.001956592489854768,0.002324865715675618,0.344705921390169
51.14260126687781,0.00036780244631394264,0.00195531703098667,0.002323119477300613,0.3446888062048184
51.175939989998334,0.0003673325689569196,0.001954043233918609,0.0023213758028755283,0.3446717116071353
51.209278713118856,0.00036686359144621166,0.0019527710954049917,0.002319634686851203,0.3446546375599514
51.24261743623937,0.0003663955114855976,0.0019515006122086704,0.0023178961236942678,0.3446375840261876
51.27595615935989,0.00036592832678617566,0.001950231781100915,0.0023161601078870906,0.34462055096885436
51.309294882480415,0.000365462035066336,0.0019489645988613872,0.0023144266339277233,0.34460353835105073
51.34263360560093,0.0003649966340517326,0.0019476990622781128,0.0023126956963298454,0.34458654613596473
51.37597232872145,0.00036453212147525524,0.0019464351681474522,0.0023109672896227075,0.3445695742868726
51.409311051841975,0.0003640684950770026,0.0019451729132740772,0.00230924140835108,0.3445526227671389
51.44264977496249,0.0003636057526042543,0.0019439122944709425,0.0023075180470751968,0.34453569154021585
51.47598849808301,0.00036314389181144323,0.0019426533085592562,0.0023057972003706993,0.3445187805696434
51.509327221203534,0.0003626829104601293,0.0019413959523684585,0.002304078862828588,0.3445018898190491
51.54266594432406,0.00036222280631897116,0.00194014022273619,0.002302363029055161,0.3444850192521472
51.57600466744457,0.0003617635771637002,0.0019388861165082682,0.0023006496936719685,0.344468168832739
51.609343390565094,0.0003613052207770927,0.0019376336305386602,0.0022989388513157526,0.34445133852471227
51.642682113685616,0.00036084773494894396,0.001936382761689456,0.0022972304966384,0.34443452829204135
51.67602083680613,0.00036039111747604126,0.0019351335068308435,0.0022955246243068846,0.3444177380987863
51.709359559926654,0.0003599353661621371,0.0019338858628410803,0.002293821229003217,0.34440096790909314
51.742698283047176,0.0003594804788179232,0.0019326398266064702,0.0022921203054243936,0.3443842176871936
51.77603700616769,0.0003590264532610043,0.001931395395021336,0.00229042184828234,0.34436748739740436
51.80937572928821,0.00035857328731587107,0.001930152564987993,0.0022887258523038643,0.3443507770041274
51.842714452408735,0.0003581209788138754,0.0019289113334167256,0.0022870323122306012,0.34433408647184954
51.87605317552926,0.00035766952559320326,0.0019276716972257584,0.002285341222818962,0.3443174157651418
51.90939189864977,0.0003572189254988499,0.0019264336533412352,0.002283652578840085,0.34430076484865985
51.942730621770295,0.00035676917638259294,0.0019251971986971878,0.002281966375079781,0.3442841336871432
51.97606934489082,0.000356320276102968,0.0019239623302355158,0.0022802826063384836,0.3442675222454151
52.00940806801133,0.00035587222252524234,0.0019227290449059596,0.002278601267431202,0.34425093048838257
52.042746791131854,0.0003554250135213899,0.0019214973396660742,0.0022769223531874643,0.34423435838103567
52.07608551425238,0.0003549786469700657,0.0019202672114812052,0.002275245858451271,0.3442178058884475
52.10942423737289,0.0003545331207565815,0.0019190386573244647,0.002273571778081046,0.34420127297577424
52.142762960493414,0.0003540884327728793,0.0019178116741767049,0.002271900106949584,0.3441847596082543
52.176101683613936,0.0003536445809175079,0.0019165862590264941,0.002270230839944002,0.34416826575120857
52.20944040673446,0.0003532015630955971,0.0019153624088700924,0.0022685639719656897,0.34415179137003993
52.24277912985497,0.0003527593772188336,0.0019141401207114273,0.002266899497930261,0.34413533643023314
52.276117852975496,0.0003523180212054357,0.0019129193915620667,0.0022652374127675023,0.3441189008973544
52.30945657609602,0.00035187749298012954,0.0019117002184411988,0.0022635777114213282,0.3441024847370515
52.34279529921653,0.00035143779047412427,0.0019104825983756054,0.0022619203888497295,0.34408608791505313
52.376134022337055,0.00035099891162508764,0.0019092665283996365,0.002260265440024724,0.34406971039716877
52.40947274545758,0.00035056085437712236,0.0019080520055551893,0.0022586128599323117,0.3440533521492887
52.44281146857809,0.00035012361668074156,0.0019068390268916823,0.002256962643572424,0.3440370131373836
52.476150191698615,0.00034968719649284484,0.0019056275894660313,0.002255314785958876,0.34402069332750407
52.50948891481914,0.00034925159177669467,0.0019044176903426264,0.002253669282119321,0.3440043926857808
52.54282763793966,0.0003488168005018924,0.0019032093265933076,0.0022520261270952,0.34398811117842415
52.576166361060174,0.0003483828206443548,0.0019020024952973434,0.0022503853159416983,0.3439718487717239
52.6095050841807,0.00034794965018629013,0.0019007971935414022,0.002248746843727692,0.3439556054320489
52.64284380730122,0.0003475172871161751,0.0018995934184195338,0.002247110705535709,0.3439393811258472
52.676182530421734,0.0003470857294287314,0.0018983911670331464,0.0022454768964618775,0.3439231758196455
52.709521253542256,0.00034665497512490205,0.0018971904364909772,0.0022438454116158794,0.3439069894800489
52.74285997666278,0.0003462250222118292,0.001895991223909076,0.0022422162461209053,0.34389082207374094
52.77619869978329,0.0003457958687028299,0.0018947935264107794,0.0022405893951136092,0.34387467356748314
52.809537422903816,0.0003453675126173741,0.0018935973411266863,0.0022389648537440602,0.3438585439281149
52.84287614602434,0.00034493995198106115,0.001892402665194638,0.0022373426171756992,0.34384243312255314
52.87621486914486,0.00034451318482559766,0.0018912094957596935,0.002235722680585291,0.34382634111779214
52.909553592265375,0.0003440872091887742,0.0018900178299741067,0.002234105039162881,0.3438102678809034
52.9428923153859,0.00034366202311444314,0.0018888276649973053,0.0022324896881117484,0.34379421337903543
52.97623103850642,0.00034323762465249627,0.0018876389979958655,0.002230876622648362,0.34377817757941315
53.009569761626935,0.0003428140118588422,0.0018864518261434925,0.002229265838002335,0.34376216044933816
53.04290848474746,0.000342391182795384,0.0018852661466209962,0.00222765732941638,0.3437461619561882
53.07624720786798,0.00034196913552999735,0.0018840819566162698,0.0022260510921462673,0.34373018206741723
53.109585930988494,0.0003415478681365086,0.0018828992533242675,0.002224447121460776,0.34371422075055474
53.14292465410902,0.00034112737869467185,0.0018817180339469812,0.002222845412641653,0.34369827797320607
53.17626337722954,0.00034070766529014843,0.0018805382956934191,0.0022212459609835676,0.34368235370305167
53.20960210035006,0.00034028872601448394,0.0018793600357795862,0.00221964876179407,0.34366644790784734
53.242940823470576,0.0003398705589650875,0.0018781832514284573,0.002218053810393545,0.3436505605554237
53.2762795465911,0.0003394531622452091,0.0018770079398699605,0.0022164611021151695,0.34363469161368615
53.30961826971162,0.00033903653396391906,0.0018758340983409513,0.00221487063230487,0.34361884105061447
53.342956992832136,0.0003386206722360864,0.0018746617240851934,0.0022132823963212796,0.34360300883426276
53.37629571595266,0.00033820557518235677,0.0018734908143533367,0.0022116963895356936,0.3435871949327594
53.40963443907318,0.00033779124092913216,0.001872321366402894,0.002210112607332026,0.34357139931430614
53.442973162193695,0.00033737766760854964,0.0018711533774982234,0.002208531045106773,0.3435556219471788
53.47631188531422,0.0003369648533584594,0.0018699868449105028,0.002206951698268962,0.3435398627997265
53.50965060843474,0.00033655279632240493,0.0018688217659177117,0.002205374562240117,0.34352412184037145
53.54298933155526,0.00033614149464960164,0.0018676581378046081,0.00220379963245421,0.34350839903760894
53.57632805467578,0.00033573094649491604,0.0018664959578627088,0.0022022269043576246,0.343492694360007
53.6096667777963,0.00033532115001884486,0.0018653352233902673,0.0022006563734091123,0.34347700777620643
53.64300550091682,0.0003349121033874951,0.0018641759316922531,0.0021990880350797482,0.34346133925492006
53.67634422403734,0.0003345038047725629,0.001863018080080332,0.002197521884852895,0.34344568876493314
53.70968294715786,0.0003340962523513133,0.001861861665872844,0.0021959579182241574,0.3434300562751028
53.74302167027838,0.0003336894443065599,0.001860706686394782,0.002194396130701342,0.34341444175435787
53.776360393398896,0.00033328337882664483,0.0018595531389777743,0.0021928365178044192,0.3433988451716987
53.80969911651942,0.00033287805410541806,0.0018584010209600598,0.002191279075065478,0.34338326649619716
53.84303783963994,0.0003324734683422178,0.0018572503296864714,0.0021897237980286893,0.34336770569699593
53.87637656276046,0.0003320696197418503,0.001856101062508412,0.0021881706822502625,0.3433521627433088
53.90971528588098,0.00033166650651457,0.0018549532167838382,0.002186619723298408,0.3433366376044203
53.9430540090015,0.00033126412687605963,0.0018538067898772356,0.002185070916753295,0.34332113024968536
53.97639273212202,0.0003308624790474105,0.0018526617791596032,0.0021835242582070136,0.34330564064852936
54.00973145524254,0.00033046156125510277,0.0018515181820084304,0.0021819797432635333,0.3432901687704477
54.04307017836306,0.00033006137173098604,0.0018503759958076757,0.0021804373675386617,0.3432747145850057
54.07640890148358,0.0003296619087122596,0.0018492352179477513,0.002178897126660011,0.34325927806183826
54.1097476246041,0.0003292631704414535,0.0018480958458254996,0.0021773590162669533,0.34324385917065015
54.14308634772462,0.00032886515516640844,0.0018469578768441739,0.0021758230320105825,0.343228457881215
54.17642507084514,0.00032846786114025734,0.0018458213084134203,0.0021742891695536778,0.3432130741633758
54.209763793965664,0.0003280712866214056,0.0018446861379492556,0.002172757424570661,0.3431977079870446
54.24310251708618,0.0003276754298735124,0.0018435523628740507,0.0021712277927475633,0.34318235932220176
54.2764412402067,0.0003272802891654712,0.001842419980616508,0.002169700269781979,0.34316702813889655
54.30977996332722,0.0003268858627713915,0.001841288988611644,0.0021681748513830354,0.34315171440724634
54.34311868644774,0.00032649214897057937,0.00184015938430077,0.0021666515332713493,0.3431364180974367
54.37645740956826,0.000326099146047519,0.0018390311651314706,0.0021651303111789896,0.3431211391797212
54.40979613268878,0.00032570685229185394,0.0018379043285575872,0.002163611180849441,0.34310587762442096
54.4431348558093,0.00032531526599836874,0.0018367788720391979,0.0021620941380375664,0.34309063340192486
54.47647357892982,0.0003249243854669696,0.0018356547930425975,0.002160579178509567,0.3430754064826891
54.50981230205034,0.000324534209002667,0.001834532089040279,0.002159066298042946,0.3430601968372368
54.543151025170864,0.0003241447349155567,0.0018334107575109164,0.002157555492426473,0.34304500443615854
54.57648974829138,0.00032375596152080157,0.0018322907959393423,0.002156046757460144,0.34302982925011116
54.6098284714119,0.00032336788713861314,0.0018311722018165327,0.0021545400889551457,0.3430146712498185
54.643167194532424,0.000322980510094234,0.0018300549726395856,0.0021530354827338197,0.34299953040607056
54.67650591765294,0.00032259382871791935,0.0018289391059117038,0.002151532934629623,0.3429844066897237
54.70984464077346,0.0003222078413449188,0.0018278245991421758,0.0021500324404870944,0.34296930007170023
54.74318336389398,0.0003218225463154589,0.0018267114498463574,0.0021485339961618164,0.34295421052298836
54.7765220870145,0.00032143794197472526,0.0018255996555456538,0.002147037597520379,0.3429391380146419
54.80986081013502,0.0003210540266728443,0.001824489213767499,0.002145543240440343,0.3429240825177801
54.84319953325554,0.00032067079876486616,0.0018233801220453407,0.002144050920810207,0.34290904400358774
54.876538256376065,0.0003202882566107467,0.00182227237791862,0.0021425606345293665,0.34289402244331435
54.90987697949658,0.0003199063985753302,0.001821165978932753,0.0021410723775080833,0.3428790178082746
54.9432157026171,0.00031952522302833145,0.0018200609226391138,0.0021395861456674453,0.34286403006984795
54.976554425737625,0.0003191447283443189,0.0018189572065950158,0.0021381019349393346,0.3428490591994781
55.00989314885814,0.00031876491290269715,0.0018178548283636947,0.0021366197412663918,0.3428341051686736
55.04323187197866,0.00031838577508768926,0.0018167537855142877,0.002135139560601977,0.3428191679490067
55.076570595099184,0.00031800731328832034,0.0018156540756218194,0.0021336613889101396,0.3428042475121139
55.1099093182197,0.0003176295258983998,0.0018145556962671824,0.0021321852221655824,0.3427893438296957
55.14324804134022,0.0003172524113165046,0.0018134586450371177,0.0021307110563536223,0.34277445687351593
55.176586764460744,0.00031687596794596214,0.0018123629195241995,0.0021292388874701615,0.34275958661540196
55.209925487581266,0.0003165001941948336,0.0018112685173268183,0.002127768711521652,0.3427447330272446
55.24326421070178,0.0003161250884758968,0.0018101754360491597,0.0021263005245250564,0.3427298960809977
55.2766029338223,0.0003157506492066296,0.0018090836733011908,0.0021248343225078203,0.34271507574867804
55.309941656942826,0.00031537687480919326,0.0018079932266986392,0.0021233701015078324,0.342700272002365
55.34328038006334,0.00031500376371041577,0.0018069040938629795,0.0021219078575733952,0.3426854848142009
55.37661910318386,0.0003146313143417751,0.0018058162724214131,0.002120447586763188,0.3426707141563902
55.409957826304385,0.000314259525139383,0.0018047297600068514,0.0021189892851462343,0.34265596000119963
55.4432965494249,0.00031388839454396874,0.0018036445542579005,0.002117532948801869,0.34264122232095806
55.47663527254542,0.0003135179210008619,0.0018025606528188412,0.002116078573819703,0.34262650108805615
55.509973995665945,0.0003131481029599773,0.0018014780533396144,0.002114626156299592,0.3426117962749464
55.54331271878647,0.0003127789388757978,0.0018003967534758036,0.0021131756923516015,0.3425971078541427
55.57665144190698,0.0003124104272073586,0.001799316750888617,0.0021117271780959753,0.34258243579822045
55.609990165027504,0.0003120425664182313,0.0017982380432448703,0.0021102806096631017,0.3425677800798162
55.64332888814803,0.00031167535497650715,0.0017971606282169727,0.0021088359831934796,0.34255314067162745
55.67666761126854,0.00031130879135478237,0.0017960845034829074,0.00210739329483769,0.34253851754641274
55.710006334389064,0.0003109428740301407,0.001795009666726215,0.002105952540756356,0.342523910676991
55.743345057509586,0.00031057760148413906,0.0017939361156359788,0.0021045137171201178,0.342509320036242
55.7766837806301,0.00031021297220279085,0.001792863847906807,0.002103076820109598,0.3424947455971057
55.81002250375062,0.0003098489846765505,0.0017917928612388157,0.002101641845915366,0.3424801873325822
55.843361226871146,0.00030948563740029804,0.001790723153337614,0.002100208790737912,0.34246564521573175
55.87669994999167,0.00030912292887332326,0.0017896547219142854,0.0020987776507876087,0.3424511192196743
55.91003867311218,0.00030876085759931057,0.001788587564685374,0.002097348422284685,0.3424366093175897
55.943377396232705,0.00030839942208632303,0.0017875216793728664,0.0020959211014591893,0.342422115482717
55.97671611935323,0.00030803862084678756,0.0017864570637041765,0.002094495684550964,0.3424076376883549
56.01005484247374,0.0003076784523974793,0.0017853937154121283,0.002093072167809608,0.3423931759078611
56.043393565594265,0.00030731891525950637,0.0017843316322349414,0.002091650547494448,0.3423787301146525
56.07673228871479,0.00030696000795829483,0.0017832708119162126,0.0020902308198745075,0.3423643002822046
56.1100710118353,0.00030660172902357354,0.0017822112522049034,0.0020888129812284767,0.3423498863840519
56.143409734955824,0.0003062440769893589,0.0017811529508553192,0.0020873970278446783,0.34233548839378714
56.17674845807635,0.00030588705039394007,0.0017800959056270996,0.00208598295602104,0.3423211062850617
56.21008718119687,0.000305530647779864,0.0017790401142851963,0.0020845707620650604,0.3423067400315849
56.243425904317384,0.00030517486769392064,0.0017779855745998624,0.002083160442293783,0.3422923896071243
56.276764627437906,0.00030481970868712766,0.001776932284346633,0.002081751993033761,0.3422780549855055
56.31010335055843,0.00030446516931471646,0.0017758802413063123,0.002080345410621029,0.3422637361406114
56.34344207367894,0.0003041112481361169,0.0017748294432649565,0.0020789406914010736,0.3422494330463828
56.376780796799466,0.0003037579437149426,0.0017737798880138585,0.0020775378317288012,0.3422351456768178
56.41011951991999,0.000303405254618977,0.0017727315733495326,0.00207613682796851,0.3422208740059718
56.4434582430405,0.0003030531794201584,0.0017716844970736996,0.002074737676493858,0.3422066180079572
56.476796966161025,0.00030270171669456497,0.0017706386569932696,0.0020733403736878345,0.3421923776569435
56.51013568928155,0.0003023508650224017,0.0017695940509203298,0.0020719449159427314,0.3421781529271569
56.54347441240207,0.000302000622987985,0.001768550676672126,0.002070551299660111,0.3421639437928803
56.576813135522585,0.0003016509891797285,0.001767508532071049,0.0020691595212507775,0.34214975022845273
56.61015185864311,0.0003013019621901293,0.0017664676149446203,0.0020677695771347494,0.3421355722082701
56.64349058176363,0.0003009535406157534,0.0017654279231254743,0.0020663814637412277,0.342121409706784
56.676829304884144,0.0003006057230572219,0.0017643894544513469,0.0020649951775085686,0.34210726269850233
56.71016802800467,0.00030025850811919654,0.0017633522067650564,0.002063610714884253,0.3420931311579886
56.74350675112519,0.00029991189441036623,0.0017623161779144923,0.0020622280723248585,0.3420790150598623
56.776845474245704,0.00029956588054343267,0.0017612813657525987,0.0020608472462960315,0.3420649143787982
56.810184197366226,0.00029922046513509656,0.0017602477681373588,0.0020594682332724552,0.34205082908952666
56.84352292048675,0.000298875646806044,0.0017592153829317815,0.0020580910297378257,0.34203675916683324
56.87686164360727,0.00029853142418093245,0.0017581842080038863,0.002056715632184819,0.3420227045855585
56.910200366727786,0.00029818779588837733,0.0017571542412266876,0.002055342037115065,0.342008665320598
56.94353908984831,0.0002978447605609379,0.001756125480478181,0.002053970241039119,0.3419946413469021
56.97687781296883,0.00029750231683510405,0.00175509792364133,0.0020526002404764342,0.341980632639476
57.010216536089345,0.0002971604633512827,0.001754071568604049,0.0020512320319553317,0.341966639173379
57.04355525920987,0.0002968191987537841,0.001753046413259189,0.002049865612012973,0.34195266092372506
57.07689398233039,0.0002964785216908085,0.0017520224555045262,0.0020485009771953346,0.3419386978656822
57.110232705450905,0.0002961384308144329,0.0017509996932427439,0.002047138124057177,0.3419247499744726
57.14357142857143,0.0002957989247805973,0.0017499781243814204,0.0020457770491620177,0.34191081722537214
57.17691015169195,0.0002954600022490923,0.0017489577468330147,0.002044417749082107,0.3418968995937107
57.21024887481247,0.0002951216618835447,0.0017479385585148503,0.002043060220398395,0.3418829970548717
57.24358759793299,0.0002947839023514052,0.0017469205573491043,0.0020417044597005095,0.34186910958429184
57.27692632105351,0.00029444672232393484,0.0017459037412627897,0.0020403504635867244,0.3418552371574614
57.31026504417403,0.00029411012047619227,0.001744888108187744,0.002038998228663936,0.3418413797499237
57.343603767294546,0.0002937740954870206,0.001743873656060615,0.002037647751547636,0.3418275373372752
57.37694249041507,0.00029343864603903393,0.0017428603828228445,0.0020362990288618783,0.341813709895165
57.41028121353559,0.00029310377081860547,0.0017418482864206563,0.002034952057239262,0.34179989739929534
57.443619936656106,0.0002927694685158538,0.0017408373648050437,0.0020336068333208974,0.34178609982542063
57.47695865977663,0.0002924357378246303,0.0017398276159317511,0.0020322633537563813,0.341772317149348
57.51029738289715,0.0002921025774425067,0.0017388190377612656,0.0020309216152037722,0.341758549346937
57.54363610601767,0.0002917699860707619,0.0017378116282587993,0.002029581614329561,0.341744796394099
57.57697482913819,0.0002914379624143699,0.001736805385394278,0.002028243347808648,0.3417310582667977
57.61031355225871,0.0002911065051819862,0.0017358003071423253,0.0020269068123243113,0.34171733494104856
57.64365227537923,0.0002907756130859364,0.0017347963914822523,0.0020255720045681885,0.34170362639291896
57.67699099849975,0.0002904452848422032,0.0017337936363980401,0.002024238921240243,0.3416899325985276
57.71032972162027,0.0002901155191704136,0.0017327920398783293,0.002022907559048743,0.34167625353404496
57.74366844474079,0.00028978631479382696,0.0017317915999164062,0.002021577914710233,0.3416625891756927
57.777007167861306,0.0002894576704393227,0.0017307923145101869,0.0020202499849495095,0.3416489394997437
57.81034589098183,0.00028912958483738723,0.0017297941816622074,0.0020189237664995944,0.34163530448252183
57.84368461410235,0.0002888020567221029,0.0017287971993796088,0.0020175992561017116,0.3416216841004021
57.87702333722287,0.0002884750848311346,0.0017278013656741227,0.0020162764505052572,0.3416080783298101
57.91036206034339,0.0002881486679057186,0.0017268066785620603,0.0020149553464677786,0.3415944871472221
57.94370078346391,0.00028782280469064953,0.0017258131360642966,0.0020136359407549463,0.34158091052916506
57.97703950658443,0.00028749749393426903,0.001724820736206261,0.0020123182301405303,0.3415673484522161
58.01037822970495,0.0002871727343884534,0.0017238294770179211,0.0020110022114063746,0.3415538008930026
58.04371695282547,0.00028684852480860155,0.0017228393565337696,0.002009687881342371,0.3415402678282022
58.07705567594599,0.00028652486395362335,0.0017218503727928136,0.002008375236746437,0.34152674923454246
58.11039439906651,0.0002862017505859276,0.00172086252383856,0.0020070642744244877,0.34151324508880065
58.14373312218703,0.00028587918347141,0.001719875807719003,0.002005754991190413,0.34149975536780397
58.17707184530755,0.0002855571613794418,0.0017188902224866108,0.0020044473838660526,0.341486280048429
58.210410568428074,0.00028523568308285775,0.0017179057661983134,0.0020031414492811712,0.3414728191076019
58.24374929154859,0.0002849147473579446,0.0017169224369154902,0.002001837184273435,0.341459372522298
58.27708801466911,0.00028459435298442917,0.0017159402327039557,0.002000534585688385,0.34144594026954195
58.31042673778963,0.00028427449874546696,0.0017149591516339483,0.0019992336503794153,0.3414325223264073
58.34376546091015,0.00028395518342763074,0.001713979191780118,0.001997934375207749,0.34141911867001673
58.37710418403067,0.00028363640582089857,0.0017130003512215118,0.0019966367570424105,0.3414057292775415
58.41044290715119,0.0002833181647186429,0.0017120226280415624,0.0019953407927602055,0.3413923541262015
58.44378163027171,0.00028300045891761874,0.001711046020328077,0.001994046479245696,0.3413789931932655
58.47712035339223,0.0002826832872179525,0.0017100705261732208,0.0019927538133911733,0.34136564645605005
58.51045907651275,0.0002823666484231305,0.0017090961436735104,0.0019914627920966407,0.34135231389192067
58.543797799633275,0.0002820505413399879,0.001708122870929796,0.001990173412269784,0.3413389954782905
58.57713652275379,0.0002817349647786973,0.0017071507060472525,0.0019888856708259496,0.3413256911926209
58.61047524587431,0.0002814199175527575,0.001706179647135365,0.0019875995646881223,0.3413124010124211
58.643813968994834,0.0002811053984789824,0.0017052096923079185,0.0019863150907869008,0.34129912491524805
58.67715269211535,0.00028079140637749027,0.0017042408396829847,0.001985032246060475,0.3412858628787064
58.71049141523587,0.00028047794007169183,0.001703273087382909,0.001983751027454601,0.34127261488044813
58.743830138356394,0.00028016499838827994,0.0017023064335343003,0.00198247143192258,0.34125938089817287
58.77716886147691,0.00027985258015721863,0.0017013408762680175,0.001981193456425236,0.3412461609096272
58.81050758459743,0.0002795406842117317,0.001700376413719157,0.0019799170979308885,0.3412329548926051
58.84384630771795,0.00027922930938829193,0.0016994130440270432,0.0019786423534153353,0.34121976282494737
58.877185030838476,0.0002789184545266108,0.0016984507653352134,0.001977369219861824,0.34120658468454174
58.91052375395899,0.000278608118469627,0.0016974895757914082,0.0019760976942610354,0.3411934204493227
58.94386247707951,0.00027829830006349587,0.0016965294735475586,0.0019748277736110543,0.3411802700972715
58.977201200200035,0.0002779889981575787,0.001695570456759773,0.0019735594549173518,0.3411671336064155
59.01053992332055,0.00027768021160443237,0.001694612523588329,0.0019722927351927613,0.34115401095482895
59.04387864644107,0.0002773719392597979,0.0016936556721976572,0.001971027611457455,0.341140902120632
59.077217369561595,0.00027706417998259083,0.0016926999007563332,0.001969764080738924,0.34112780708199103
59.11055609268211,0.00027675693263489,0.0016917452074370638,0.0019685021400719536,0.3411147258171186
59.14389481580263,0.0002764501960819271,0.0016907915904166748,0.001967241786498602,0.34110165830427297
59.177233538923154,0.0002761439691920764,0.001689839047876102,0.0019659830170681786,0.34108860452175815
59.21057226204368,0.00027583825083684433,0.001688887578000377,0.001964725828837221,0.341075564447924
59.24391098516419,0.00027553303989085885,0.0016879371789786186,0.0019634702188694774,0.3410625380611658
59.277249708284714,0.00027522833523185923,0.0016869878490040166,0.001962216184235876,0.3410495253399242
59.310588431405236,0.0002749241357406857,0.0016860395862738258,0.0019609637220145116,0.3410365262626853
59.34392715452575,0.0002746204403012693,0.001685092388989351,0.0019597128292906203,0.3410235408079802
59.37726587764627,0.00027431724780062133,0.0016841462553559357,0.001958463503156557,0.34101056895438503
59.410604600766796,0.00027401455712882365,0.001683201183582954,0.0019572157407117775,0.34099761068052126
59.44394332388731,0.000273712367179018,0.0016822571718837955,0.0019559695390628136,0.3409846659650546
59.47728204700783,0.00027341067684739614,0.0016813142184758552,0.0019547248953232514,0.3409717347866959
59.510620770128355,0.00027310948503318994,0.0016803723215805238,0.0019534818066137137,0.3409588171242004
59.54395949324888,0.0002728087906386608,0.0016794314794231742,0.001952240270061835,0.34094591295636784
59.57729821636939,0.00027250859256909045,0.0016784916902331535,0.001951000282802244,0.3409330222620424
59.610636939489915,0.00027220888973277,0.0016775529522437673,0.0019497618419765373,0.3409201450201124
59.64397566261044,0.00027190968104099094,0.001676615263692273,0.001948524944733264,0.3409072812095103
59.67731438573095,0.0002716109654080348,0.0016756786228198668,0.0019472895882279016,0.3408944308092126
59.710653108851474,0.0002713127417511631,0.0016747430278716722,0.0019460557696228354,0.34088159379823973
59.743991831972,0.0002710150089906081,0.0016738084770967305,0.0019448234860873386,0.34086877015565575
59.77733055509251,0.00027071776604956256,0.0016728749687479887,0.0019435927347975512,0.3408559598605685
59.810669278213034,0.0002704210118541701,0.0016719425010822888,0.0019423635129364588,0.34084316289212935
59.844008001333556,0.00027012474533351583,0.0016710110723603584,0.0019411358176938743,0.34083037922953313
59.87734672445408,0.0002698289654196161,0.0016700806808467973,0.0019399096462664135,0.34081760885201795
59.91068544757459,0.00026953367104740956,0.001669151324810069,0.0019386849958574785,0.34080485173886516
59.944024170695116,0.00026923886115474673,0.0016682230025224887,0.0019374618636772353,0.3407921078693992
59.97736289381564,0.0002689445346823814,0.0016672957122602125,0.0019362402469425939,0.3407793772229874
60.01070161693615,0.0002686506905739604,0.0016663694523032285,0.001935020142877189,0.34076665977904025
60.044040340056675,0.0002683573277760144,0.0016654442209353428,0.0019338015487113571,0.34075395551701054
60.0773790631772,0.00026806444523794844,0.0016645200164441736,0.001932584461682122,0.34074126441639424
60.11071778629771,0.00026777204191203265,0.0016635968371211357,0.0019313688790331685,0.34072858645672943
60.144056509418235,0.00026748011675339244,0.0016626746812614334,0.0019301547980148258,0.3407159216175969
60.17739523253876,0.00026718866871999975,0.0016617535471640486,0.0019289422158840484,0.3407032698786196
60.21073395565928,0.0002668976967726634,0.0016608334331317304,0.0019277311299043937,0.3406906312194627
60.244072678779794,0.00026660719987501994,0.0016599143374709854,0.0019265215373460054,0.3406780056198335
60.277411401900316,0.0002663171769935242,0.0016589962584920663,0.0019253134354855904,0.34066539305948146
60.31075012502084,0.0002660276270974405,0.0016580791945089621,0.0019241068216064026,0.3406527935181976
60.344088848141354,0.0002657385491588332,0.0016571631438393887,0.0019229016929982218,0.34064020697581504
60.377427571261876,0.00026544994215255764,0.0016562481048047757,0.0019216980469573333,0.34062763341220836
60.4107662943824,0.00026516180505625097,0.0016553340757302598,0.0019204958807865107,0.3406150728072937
60.44410501750291,0.00026487413685032346,0.0016544210549446717,0.0019192951917949951,0.3406025251410287
60.477443740623436,0.0002645869365179488,0.0016535090407805285,0.0019180959772984773,0.3405899903934124
60.51078246374396,0.00026430020304505584,0.0016525980315740198,0.0019168982346190757,0.34057746854448506
60.54412118686448,0.00026401393542031923,0.0016516880256650026,0.0019157019610853217,0.340564959574328
60.577459909984995,0.0002637281326351507,0.001650779021396987,0.0019145071540321377,0.3405524634630636
60.61079863310552,0.00026344279368368975,0.0016498710171171276,0.0019133138108008174,0.34053998019085524
60.64413735622604,0.00026315791756279547,0.0016489640111762138,0.0019121219287390092,0.34052750973790696
60.677476079346555,0.00026287350327203717,0.0016480580019286603,0.0019109315052006975,0.3405150520844637
60.71081480246708,0.0002625895498136858,0.0016471529877324952,0.001909742537546181,0.3405026072108108
60.7441535255876,0.0002623060561927054,0.001646248966949352,0.0019085550231420574,0.3404901750972743
60.777492248708114,0.00026202302141674393,0.0016453459379444592,0.001907368959361203,0.3404777557242205
60.810830971828636,0.000261740444496125,0.0016444438990866294,0.0019061843435827543,0.34046534907205606
60.84416969494916,0.00026145832444383893,0.001643542848748251,0.00190500117319209,0.3404529551212278
60.87750841806968,0.00026117666027553434,0.0016426427853052782,0.0019038194455808124,0.34044057385222265
60.910847141190196,0.0002608954510095096,0.0016417437071372199,0.0019026391581467295,0.3404282052455675
60.94418586431072,0.0002606146956667039,0.0016408456126271304,0.0019014603082938343,0.3404158492818291
60.97752458743124,0.0002603343932706891,0.0016399485001616023,0.0019002828934322914,0.3404035059416141
61.010863310551755,0.00026005454284766126,0.0016390523681307524,0.0018991069109784136,0.3403911752055687
61.04420203367228,0.00025977514342643177,0.001638157214928216,0.0018979323583546478,0.34037885705437876
61.0775407567928,0.0002594961940384194,0.0016372630389511345,0.001896759232989554,0.34036655146876954
61.110879479913315,0.00025921769371764177,0.0016363698386001476,0.0018955875323177895,0.3403542584295056
61.14421820303384,0.00025893964150070674,0.0016354776122793832,0.00189441725378009,0.3403419779173911
61.17755692615436,0.0002586620364268043,0.001634586358396448,0.0018932483948232524,0.3403297099132691
61.21089564927488,0.0002583848775376983,0.001633696075362418,0.0018920809529001162,0.34031745439802175
61.2442343723954,0.0002581081638777182,0.0016328067615918281,0.0018909149254695463,0.3403052113525702
61.27757309551592,0.0002578318944937504,0.001631918415502664,0.0018897503099964143,0.3402929807578745
61.31091181863644,0.00025755606843523083,0.0016310310355163531,0.001888587103951584,0.34028076259493356
61.344250541756956,0.0002572806847541361,0.0016301446200577532,0.0018874253048118894,0.3402685568447848
61.37758926487748,0.0002570057425049754,0.0016292591675551456,0.001886264910060121,0.3402563634885043
61.410927987998,0.0002567312407447829,0.0016283746764402236,0.0018851059171850065,0.34024418250720667
61.444266711118516,0.0002564571785331091,0.001627491145148085,0.0018839483236811941,0.3402320138820448
61.47760543423904,0.0002561835549320131,0.0016266085721172215,0.0018827921270492347,0.34021985759421
61.51094415735956,0.00025591036900605437,0.0016257269557895103,0.0018816373247955648,0.3402077136249315
61.54428288048008,0.000255637619822285,0.0016248462946102053,0.0018804839144324903,0.340195581955477
61.5776216036006,0.0002553653064502415,0.0016239665870279266,0.0018793318934781681,0.34018346256715193
61.61096032672112,0.000255093427961937,0.0016230878314946527,0.0018781812594565897,0.34017135544129967
61.64429904984164,0.0002548219834318533,0.001622210026465711,0.0018770320098975642,0.34015926055930146
61.67763777296216,0.00025455097193693293,0.0016213331703997685,0.0018758841423367014,0.34014717790257626
61.71097649608268,0.0002542803925565715,0.0016204572617588224,0.001874737654315394,0.34013510745258047
61.7443152192032,0.0002540102443726096,0.0016195822990081924,0.001873592543380802,0.34012304919080816
61.77765394232372,0.0002537405264693253,0.0016187082806165115,0.0018724488070858368,0.3401110030987908
61.81099266544424,0.0002534712379334262,0.0016178352050557148,0.001871306442989141,0.3400989691580972
61.84433138856476,0.00025320237785404157,0.001616963070801034,0.0018701654486550756,0.3400869473503333
61.87767011168528,0.00025293394532271523,0.001616091876330986,0.001869025821653701,0.3400749376571423
61.9110088348058,0.00025266593943339724,0.001615221620127366,0.0018678875595607631,0.3400629400602045
61.94434755792632,0.00025239835928243635,0.0016143523006752355,0.0018667506599576718,0.3400509545412369
61.97768628104684,0.0002521312039685727,0.0016134839164629183,0.001865615120431491,0.34003898108199354
62.01102500416736,0.0002518644725929301,0.001612616465981987,0.0018644809385749172,0.34002701966426524
62.04436372728788,0.00025159816425900826,0.0016117499477272573,0.0018633481119862657,0.34001507026987937
62.0777024504084,0.0002513322780726755,0.0016108843601967775,0.001862216638269453,0.3400031328807
62.11104117352892,0.00025106681314216134,0.0016100197018918225,0.0018610865150339839,0.3399912074786276
62.14437989664944,0.0002508017685780484,0.0016091559713168806,0.001859957739894929,0.3399792940455991
62.17771861976996,0.00025053714349326583,0.00160829316697965,0.0018588303104729157,0.33996739256358777
62.211057342890484,0.0002502729370030812,0.0016074312873910262,0.0018577042243941074,0.3399555030146029
62.244396066011,0.00025000914822509364,0.0016065703310650962,0.00185657947929019,0.33994362538069023
62.27773478913152,0.00024974577627922574,0.001605710296519127,0.0018554560727983528,0.3399317596439311
62.311073512252044,0.0002494828202877171,0.001604851182273561,0.0018543340025612782,0.33991990578644316
62.34441223537256,0.00024922027937511644,0.0016039929868520047,0.0018532132662271211,0.33990806379037974
62.37775095849308,0.00024895815266827426,0.0016031357087812192,0.0018520938614494933,0.33989623363793
62.4110896816136,0.000248696439296336,0.0016022793465911163,0.0018509757858874523,0.33988441531131874
62.44442840473412,0.00024843513839073445,0.0016014238988147453,0.0018498590372054797,0.33987260879280634
62.47776712785464,0.0002481742490851828,0.0016005693639882872,0.00184874361307347,0.33986081406468865
62.51110585097516,0.0002479137705156672,0.0015997157406510457,0.001847629511166713,0.339849031109297
62.544444574095685,0.00024765370182043984,0.001598863027345439,0.0018465167291658788,0.3398372599089979
62.5777832972162,0.0002473940421400117,0.0015980112226169918,0.0018454052647570035,0.3398255004461932
62.61112202033672,0.00024713479061714536,0.001597160325014326,0.0018442951156314713,0.3398137527033199
62.644460743457245,0.0002468759463968481,0.0015963103330891531,0.0018431862794860013,0.33980201666285004
62.67779946657776,0.00024661750862636496,0.0015954612453962672,0.0018420787540226321,0.3397902923072905
62.71113818969828,0.00024635947645517125,0.0015946130604935342,0.0018409725369487053,0.3397785796191833
62.744476912818804,0.000246101849034966,0.0015937657769418856,0.0018398676259768518,0.33976687858110494
62.77781563593932,0.0002458446255196649,0.0015929193933053097,0.0018387640188249747,0.33975518917566677
62.81115435905984,0.00024558780506539306,0.001592073908150844,0.0018376617132162371,0.33974351138551484
62.844493082180364,0.0002453313868304785,0.0015912293200485669,0.0018365607068790454,0.33973184519332955
62.877831805300886,0.00024507536997544506,0.0015903856275715882,0.0018354609975470332,0.33972019058182595
62.9111705284214,0.00024481975366300555,0.001589542829296044,0.0018343625829590495,0.3397085475337533
62.94450925154192,0.0002445645370580547,0.0015887009238010853,0.00183326546085914,0.3396969160318951
62.977847974662446,0.0002443097193276627,0.001587859909668873,0.0018321696289965357,0.3396852960590692
63.01118669778296,0.00024405529964106838,0.0015870197854845683,0.0018310750851256367,0.3396736875981275
63.04452542090348,0.00024380127716967185,0.0015861805498363247,0.0018299818270059965,0.3396620906319558
63.077864144024005,0.0002435476510870286,0.0015853422013152815,0.0018288898524023102,0.33965050514347395
63.11120286714452,0.00024329442056884228,0.001584504738515554,0.0018277991590843964,0.33963893111563564
63.14454159026504,0.00024304158479295795,0.001583668160034227,0.001826709744827185,0.33962736853142833
63.177880313385565,0.00024278914293935578,0.0015828324644713465,0.0018256216074107024,0.3396158173738731
63.21121903650609,0.0002425370941901439,0.0015819976504299117,0.0018245347446200556,0.33960427762602463
63.2445577596266,0.0002422854377295525,0.0015811637165158681,0.0018234491542454207,0.33959274927097133
63.277896482747124,0.00024203417274392614,0.0015803306613380984,0.0018223648340820245,0.3395812322918347
63.311235205867646,0.00024178329842171833,0.0015794984835084157,0.001821281781930134,0.3395697266717698
63.34457392898816,0.00024153281395348434,0.0015786671816415557,0.00182019999559504,0.339558232393965
63.377912652108684,0.00024128271853187465,0.0015778367543551688,0.0018191194728870434,0.33954674944164176
63.411251375229206,0.0002410330113516286,0.0015770072002698123,0.0018180402116214408,0.33953527779805454
63.44459009834972,0.00024078369160956817,0.0015761785180089434,0.0018169622096185114,0.3395238174464911
63.47792882147024,0.00024053475850459088,0.0015753507061989102,0.001815885464703501,0.339512368370272
63.511267544590766,0.000240286211237664,0.0015745237634689467,0.0018148099747066107,0.33950093055275055
63.54460626771129,0.00024003804901181767,0.0015736976884511615,0.0018137357374629793,0.3394895039773129
63.5779449908318,0.00023979027103213885,0.0015728724797805346,0.0018126627508126736,0.33947808862737816
63.611283713952325,0.00023954287650576467,0.001572048136094906,0.0018115910126006705,0.3394666844863976
63.64462243707285,0.00023929586464187626,0.0015712246560349698,0.0018105205206768462,0.3394552915378554
63.67796116019336,0.00023904923465169252,0.001570402038244268,0.0018094512728959605,0.339443909765268
63.711299883313885,0.00023880298574846347,0.0015695802813691809,0.0018083832671176444,0.33943253915218435
63.74463860643441,0.0002385571171474643,0.0015687593840589208,0.0018073165012063852,0.33942117968218555
63.77797732955492,0.00023831162806598922,0.0015679393449655249,0.001806250973031514,0.3394098313388851
63.811316052675444,0.00023806651772334452,0.001567120162743846,0.0018051866804671905,0.3393984941059284
63.844654775795966,0.00023782178534084345,0.0015663018360515478,0.0018041236213923912,0.3393871679669932
63.87799349891649,0.00023757743014179907,0.001565484363549096,0.001803061793690895,0.3393758529057889
63.911332222037004,0.00023733345135151866,0.0015646677438997522,0.0018020011952512708,0.3393645489060573
63.944670945157526,0.00023708984819729734,0.0015638519757695637,0.001800941823966861,0.3393532559515714
63.97800966827805,0.00023684661990841196,0.0015630370578273598,0.0017998836777357718,0.3393419740261364
64.01134839139857,0.00023660376571611516,0.0015622229887447426,0.0017988267544608578,0.3393307031135891
64.04468711451909,0.00023636128485362908,0.0015614097671960802,0.0017977710520497093,0.33931944319779767
64.07802583763961,0.0002361191765561395,0.0015605973918585,0.0017967165684146394,0.3393081942626621
64.11136456076014,0.00023587744006078965,0.0015597858614118806,0.0017956633014726703,0.33929695629211365
64.14470328388066,0.00023563607460667425,0.0015589751745388445,0.0017946112491455187,0.3392857292701149
64.17804200700117,0.0002353950794348338,0.0015581653299247527,0.0017935604093595864,0.3392745131806599
64.21138073012169,0.00023515445378824795,0.0015573563262576955,0.0017925107800459434,0.33926330800777366
64.24471945324221,0.00023491419691183018,0.0015565481622284874,0.0017914623591403175,0.33925211373551256
64.27805817636273,0.00023467430805242174,0.001555740836530658,0.0017904151445830797,0.3392409303479639
64.31139689948326,0.0002344347864587856,0.0015549343478604462,0.0017893691343192318,0.33922975782924597
64.34473562260378,0.00023419563138160057,0.0015541286949167933,0.001788324326298394,0.3392185961635081
64.3780743457243,0.0002339568420734556,0.001553323876401336,0.0017872807184747916,0.33920744533493025
64.41141306884481,0.00023371841778884386,0.001552519891018398,0.0017862383088072418,0.3391963053277232
64.44475179196533,0.0002334803577841567,0.0015517167374749844,0.0017851970952591412,0.33918517612612853
64.47809051508585,0.00023324266131767829,0.0015509144144807755,0.0017841570757984536,0.33917405771441833
64.51142923820638,0.00023300532764957958,0.001550112920748118,0.0017831182483976976,0.3391629500768953
64.5447679613269,0.00023276835604191246,0.0015493122549920186,0.001782080611033931,0.3391518531978924
64.57810668444742,0.00023253174575860433,0.0015485124159301388,0.0017810441616887432,0.33914076706177315
64.61144540756793,0.0002322954960654521,0.0015477134022827861,0.0017800088983482383,0.3391296916529314
64.64478413068845,0.00023205960623011638,0.001546915212772907,0.0017789748190030234,0.3391186269557911
64.67812285380897,0.00023182407552211636,0.0015461178461260829,0.0017779419216481993,0.33910757295480654
64.7114615769295,0.00023158890321282356,0.0015453213010705198,0.0017769102042833433,0.3390965296344619
64.74480030005002,0.00023135408857545656,0.0015445255763370442,0.0017758796649125007,0.3390854969792716
64.77813902317054,0.00023111963088507534,0.0015437306706590954,0.0017748503015441708,0.33907447497377985
64.81147774629106,0.0002308855294185754,0.0015429365827727174,0.0017738221121912927,0.3390634636025607
64.84481646941157,0.00023065178345468265,0.001542143311416556,0.0017727950948712387,0.3390524628502181
64.87815519253209,0.00023041839227394727,0.0015413508553318465,0.0017717692476057938,0.33904147270138574
64.91149391565261,0.0002301853551587388,0.0015405592132624137,0.0017707445684211525,0.33903049314072703
64.94483263877314,0.00022995267139324022,0.0015397683839546586,0.0017697210553478987,0.3390195241529347
64.97817136189366,0.00022972034026344255,0.0015389783661575573,0.0017686987064209998,0.3390085657227312
65.01151008501418,0.00022948836105713948,0.0015381891586226507,0.0017676775196797901,0.3389976178348685
65.0448488081347,0.00022925673306392166,0.0015374007601040396,0.0017666574931679611,0.3389866804741276
65.07818753125521,0.00022902545557517166,0.001536613169358379,0.0017656386249335506,0.33897575362531934
65.11152625437573,0.00022879452788405788,0.001535826385144868,0.0017646209130289258,0.33896483727328325
65.14486497749625,0.00022856394928553,0.0015350404062252478,0.0017636043555107777,0.3389539314028883
65.17820370061678,0.000228333719076313,0.0015342552313637923,0.0017625889504401054,0.33894303599903264
65.2115424237373,0.000228103836554902,0.0015334708593273023,0.0017615746958822044,0.3389321510466431
65.24488114685782,0.0002278743010215569,0.0015326872888850995,0.0017605615899066564,0.33892127653067583
65.27821986997833,0.00022764511177829707,0.0015319045188090193,0.0017595496305873163,0.3389104124361156
65.31155859309885,0.00022741626812889586,0.0015311225478734048,0.0017585388160023007,0.33889955874797617
65.34489731621937,0.00022718776937887556,0.001530341374855101,0.0017575291442339764,0.3388887154512999
65.3782360393399,0.00022695961483550222,0.0015295609985334472,0.0017565206133689495,0.3388778825311579
65.41157476246042,0.00022673180380778,0.0015287814176902718,0.0017555132214980519,0.33886705997265
65.44491348558094,0.0002265043356064462,0.0015280026311098845,0.0017545069667163308,0.33885624776090423
65.47825220870146,0.00022627720954396615,0.0015272246375790724,0.0017535018471230386,0.33884544588107746
65.51159093182197,0.00022605042493452772,0.0015264474358870907,0.0017524978608216184,0.33883465431835474
65.5449296549425,0.00022582398109403625,0.0015256710248256588,0.0017514950059196951,0.33882387305794953
65.57826837806302,0.00022559787734010949,0.0015248954031889526,0.001750493280529062,0.3388131020851035
65.61160710118354,0.00022537211299207256,0.0015241205697735995,0.0017494926827656722,0.3388023413850867
65.64494582430406,0.0002251466873709525,0.0015233465233786708,0.0017484932107496233,0.33879159094319694
65.67828454742458,0.00022492159979947335,0.0015225732628056771,0.0017474948626051505,0.3387808507447605
65.7116232705451,0.00022469684960205112,0.0015218007868585603,0.0017464976364606115,0.33877012077513147
65.74496199366561,0.00022447243610478868,0.0015210290943436888,0.0017455015304484775,0.3387594010196917
65.77830071678613,0.0002242483586354704,0.0015202581840698505,0.001744506542705321,0.3387486914638513
65.81163943990666,0.0002240246165235578,0.001519488054848248,0.0017435126713718058,0.33873799209304783
65.84497816302718,0.00022380120910018382,0.0015187187054924898,0.0017425199145926736,0.3387273028927467
65.8783168861477,0.00022357813569814827,0.0015179501348185885,0.0017415282705167368,0.33871662384844115
65.91165560926822,0.0002233553956519127,0.0015171823416449495,0.0017405377372968621,0.33870595494565153
65.94499433238873,0.00022313298829759553,0.0015164153247923702,0.0017395483130899657,0.3386952961699264
65.97833305550925,0.00022291091297296664,0.0015156490830840286,0.0017385599960569953,0.33868464750684124
66.01167177862978,0.00022268916901744333,0.0015148836153454828,0.0017375727843629261,0.33867400894199917
66.0450105017503,0.00022246775577208452,0.00151411892040466,0.0017365866761767446,0.33866338046103056
66.07834922487082,0.00022224667257958637,0.001513354997091855,0.0017356016696714414,0.3386527620495932
66.11168794799134,0.00022202591878427733,0.0015125918442397196,0.0017346177630239968,0.33864215369337186
66.14502667111186,0.0002218054937321131,0.0015118294606832618,0.001733634954415375,0.3386315553780787
66.17836539423237,0.00022158539677067198,0.001511067845259835,0.001732653242030507,0.3386209670894527
66.2117041173529,0.0002213656272491498,0.0015103069968091343,0.001731672624058284,0.3386103888132601
66.24504284047342,0.00022114618451835537,0.0015095469141731923,0.0017306930986915477,0.3385998205352939
66.27838156359394,0.00022092706793070565,0.00150878759619637,0.0017297146641270756,0.33858926224137414
66.31172028671446,0.00022070827684022082,0.0015080290417253525,0.0017287373185655734,0.33857871391734756
66.34505900983498,0.0002204898106025197,0.001507271249609144,0.0017277610602116637,0.33856817554908775
66.3783977329555,0.0002202716685748147,0.0015065142186990602,0.0017267858872738748,0.33855764712249486
66.41173645607601,0.00022005385011590763,0.0015057579478487237,0.0017258117979646313,0.3385471286234958
66.44507517919654,0.00021983635458618428,0.0015050024359140577,0.0017248387905002421,0.338536620038044
66.47841390231706,0.00021961918134761032,0.0015042476817532806,0.0017238668631008908,0.3385261213521195
66.51175262543758,0.00021940232976372644,0.0015034936842269,0.0017228960139906264,0.3385156325517287
66.5450913485581,0.00021918579919964355,0.0015027404421977066,0.0017219262413973502,0.33850515362290423
66.57843007167862,0.00021896958902203827,0.00150198795453077,0.0017209575435528082,0.3384946845517053
66.61176879479913,0.00021875369859914836,0.0015012362200934307,0.001719989918692579,0.3384842253242172
66.64510751791966,0.00021853812730076777,0.0015004852377552959,0.0017190233650560636,0.33847377592655153
66.67844624104018,0.00021832287449824247,0.0014997350063882342,0.0017180578808864767,0.338463336344846
66.7117849641607,0.00021810793956446566,0.0014989855248663689,0.0017170934644308346,0.33845290656526433
66.74512368728122,0.00021789332187387319,0.0014982367920660722,0.0017161301139399453,0.33844248657399634
66.77846241040174,0.00021767902080243898,0.0014974888068659611,0.0017151678276684,0.33843207635725764
66.81180113352227,0.00021746503572767065,0.0014967415681468902,0.0017142066038745608,0.33842167590128996
66.84513985664277,0.00021725136602860495,0.0014959950747919473,0.0017132464408205522,0.3384112851923607
66.8784785797633,0.00021703801108580284,0.0014952493256864467,0.0017122873367722495,0.33840090421676305
66.91181730288382,0.00021682497028134576,0.001494504319717925,0.0017113292899992706,0.33839053296081595
66.94515602600434,0.0002166122429988305,0.0014937600557761337,0.0017103722987749643,0.338380171410864
66.97849474912486,0.00021639982862336522,0.001493016532753036,0.001709416361376401,0.3383698195532773
67.01183347224539,0.00021618772654156455,0.0014922737495428,0.0017084614760843645,0.33835947737445154
67.04517219536591,0.00021597593614154547,0.0014915317050417918,0.0017075076411833374,0.3383491448608078
67.07851091848642,0.00021576445681292304,0.001490790398148574,0.001706554854961497,0.3383388219987928
67.11184964160694,0.00021555328794680526,0.0014900498277638959,0.0017056031157107012,0.3383285087748783
67.14518836472746,0.0002153424289357897,0.001489309992790691,0.0017046524217264809,0.3383182051755616
67.17852708784798,0.00021513187917395846,0.0014885708921340696,0.001703702771308028,0.338307911187365
67.2118658109685,0.000214921638056874,0.0014878325247013153,0.0017027541627581892,0.33829762679683617
67.24520453408903,0.00021471170498157477,0.0014870948894018788,0.0017018065943834536,0.3382873519905478
67.27854325720953,0.00021450207934657108,0.0014863579851473719,0.001700860064493943,0.33827708675509777
67.31188198033006,0.00021429276055184033,0.0014856218108515616,0.0016999145714034019,0.3382668310771086
67.34522070345058,0.00021408374799882323,0.0014848863654303682,0.0016989701134291913,0.3382565849432282
67.3785594265711,0.00021387504109041932,0.001484151647801856,0.0016980266888922753,0.33824634834012907
67.41189814969162,0.00021366663923098254,0.0014834176568862296,0.001697084296117212,0.3382361212545085
67.44523687281215,0.00021345854182631732,0.001482684391605829,0.0016961429334321463,0.3382259036730888
67.47857559593267,0.00021325074828367396,0.0014819518508851247,0.0016952025991687986,0.3382156955826168
67.51191431905318,0.00021304325801174486,0.00148122003365071,0.0016942632916624547,0.3382054969698639
67.5452530421737,0.00021283607042065972,0.0014804889388312984,0.001693325009251958,0.3381953078216264
67.57859176529422,0.0002126291849219819,0.0014797585653577177,0.0016923877502796995,0.3381851281247248
67.61193048841474,0.00021242260092870405,0.0014790289121629032,0.0016914515130916072,0.33817495786600416
67.64526921153526,0.00021221631785524382,0.0014782999781818955,0.0016905162960371392,0.3381647970323341
67.67860793465579,0.0002120103351174399,0.001477571762351833,0.001689582097469273,0.3381546456106086
67.71194665777631,0.00021180465213254768,0.001476844263611946,0.0016886489157444937,0.3381445035877457
67.74528538089682,0.00021159926831923554,0.0014761174809035554,0.001687716749222791,0.33813437095068793
67.77862410401734,0.00021139418309757993,0.0014753914131700628,0.0016867855962676428,0.338124247686402
67.81196282713786,0.00021118939588906228,0.0014746660593569483,0.0016858554552460106,0.3381141337818785
67.84530155025838,0.00021098490611656418,0.0014739414184117652,0.0016849263245283293,0.33810402922413246
67.8786402733789,0.00021078071320436374,0.0014732174892841349,0.0016839982024884985,0.3380939340002028
67.91197899649943,0.00021057681657813115,0.00147249427092574,0.001683071087503871,0.3380838480971523
67.94531771961994,0.00021037321566492513,0.0014717717622903213,0.0016821449779552465,0.33807377150206774
67.97865644274046,0.00021016990989318831,0.0014710499623336723,0.0016812198722268605,0.3380637042020598
68.01199516586098,0.0002099668986927438,0.0014703288700136335,0.0016802957687063773,0.33805364618426287
68.0453338889815,0.00020976418149479086,0.001469608484290088,0.0016793726657848788,0.33804359743583523
68.07867261210203,0.00020956175773190094,0.0014688888041249563,0.0016784505618568572,0.3380335579439587
68.11201133522255,0.00020935962683801384,0.0014681698284821913,0.0016775294553202052,0.3380235276958388
68.14535005834307,0.00020915778824843364,0.0014674515563277738,0.0016766093445762075,0.3380135066787048
68.17868878146358,0.00020895624139982485,0.0014667339866297065,0.0016756902280295313,0.33800349487980913
68.2120275045841,0.00020875498573020817,0.00146601711835801,0.0016747721040882182,0.3379934922864281
68.24536622770462,0.0002085540206789571,0.0014653009504847167,0.0016738549711636738,0.3379834988858611
68.27870495082514,0.00020835334568679366,0.001464585481983868,0.0016729388276706617,0.3379735146654312
68.31204367394567,0.0002081529601957846,0.0014638707118315077,0.0016720236720272922,0.33796353961248454
68.34538239706619,0.0002079528636493375,0.0014631566390056767,0.0016711095026550142,0.3379535737143906
68.37872112018671,0.0002077530554921969,0.0014624432624864105,0.0016701963179786075,0.3379436169585422
68.41205984330722,0.00020755353517044062,0.0014617305812557318,0.0016692841164261724,0.3379336693323551
68.44539856642774,0.0002073543021314755,0.0014610185942976457,0.0016683728964291213,0.33792373082326826
68.47873728954826,0.00020715535582403405,0.0014603073005981385,0.0016674626564221725,0.33791380141874383
68.51207601266879,0.00020695669569817038,0.0014595966991451676,0.001666553394843338,0.3379038811062667
68.54541473578931,0.00020675832120525646,0.0014588867889286608,0.0016656451101339173,0.33789396987334475
68.57875345890983,0.00020656023179797833,0.0014581775689405092,0.0016647378007384876,0.33788406770750895
68.61209218203035,0.00020636242693033226,0.0014574690381745645,0.0016638314651048968,0.33787417459631297
68.64543090515086,0.0002061649060576212,0.0014567611956266319,0.0016629261016842531,0.3378642905273333
68.67876962827138,0.0002059676686364506,0.0014560540402944666,0.001662021708930917,0.3378544154881691
68.7121083513919,0.00020577071412472515,0.0014553475711777688,0.001661118285302494,0.33784454946644216
68.74544707451243,0.0002055740419816449,0.00145464178727818,0.001660215829259825,0.3378346924497972
68.77878579763295,0.0002053776516677013,0.0014539366875992762,0.0016593143392669774,0.3378248444259011
68.81212452075347,0.0002051815426446739,0.0014532322711465658,0.0016584138137912398,0.3378150053824437
68.84546324387398,0.00020498571437562647,0.0014525285369274825,0.001657514251303109,0.3378051753071369
68.8788019669945,0.00020479016632490304,0.001451825483951382,0.001656615650276285,0.33779535418771534
68.91214069011502,0.0002045948979581247,0.0014511231112295366,0.0016557180091876613,0.33778554201193584
68.94547941323555,0.00020439990874218599,0.001450421417775132,0.0016548213265173179,0.33777573876757766
68.97881813635607,0.0002042051981452506,0.0014497204026032607,0.0016539256007485114,0.3377659444424423
69.01215685947659,0.0002040107656367485,0.001449020064730919,0.0016530308303676676,0.3377561590243534
69.04549558259711,0.00020381661068737182,0.0014483204031770019,0.0016521370138643738,0.3377463825011569
69.07883430571762,0.0002036227327690717,0.0014476214169622977,0.0016512441497313693,0.33773661486072076
69.11217302883814,0.00020342913135505404,0.0014469231051094846,0.0016503522364645386,0.3377268560909351
69.14551175195867,0.0002032358059197766,0.0014462254666431252,0.0016494612725629018,0.33771710617971196
69.17885047507919,0.00020304275593894505,0.0014455285005896632,0.0016485712565286082,0.33770736511498534
69.21218919819971,0.00020284998088950952,0.001444832205977418,0.0016476821868669275,0.3376976328847113
69.24552792132023,0.00020265748024966116,0.0014441365818365793,0.0016467940620862405,0.3376879094768676
69.27886664444075,0.00020246525349882827,0.0014434416271992049,0.001645906880698033,0.337678194879454
69.31220536756126,0.0002022733001176733,0.0014427473410992138,0.0016450206412168872,0.3376684890804918
69.34554409068178,0.00020208161958808874,0.0014420537225723837,0.0016441353421604724,0.33765879206802424
69.3788828138023,0.00020189021139319408,0.001441360770656345,0.001643250982049539,0.3376491038301161
69.41222153692283,0.00020169907501733228,0.0014406684843905773,0.0016423675594079096,0.3376394243548539
69.44556026004335,0.00020150820994606605,0.0014399768628164048,0.0016414850727624708,0.33762975363034553
69.47889898316387,0.0002013176156661746,0.0014392859049769913,0.001640603520643166,0.3376200916447206
69.51223770628438,0.00020112729166565026,0.001438595609917337,0.0016397229015829874,0.33761043838613014
69.5455764294049,0.0002009372374336945,0.0014379059766842725,0.001638843214117967,0.33760079384274655
69.57891515252543,0.00020074745246071536,0.0014372170043264554,0.0016379644567871708,0.3375911580027637
69.61225387564595,0.00020055793623832336,0.001436528691894366,0.0016370866281326894,0.3375815308543966
69.64559259876647,0.00020036868825932833,0.0014358410384403028,0.001636209726699631,0.3375719123858819
69.67893132188699,0.00020017970801773608,0.0014351540430183783,0.0016353337510361143,0.33756230258547715
69.71227004500751,0.0001999909950087449,0.001434467704684513,0.0016344586996932579,0.33755270144146116
69.74560876812802,0.0001998025487287423,0.001433782022496435,0.0016335845712251774,0.3375431089421341
69.77894749124854,0.00019961436867530145,0.0014330969955136704,0.001632711364188972,0.3375335250758168
69.81228621436907,0.00019942645434717796,0.0014324126227975434,0.0016318390771447213,0.33752394983085154
69.84562493748959,0.00019923880524430672,0.0014317289034111707,0.0016309677086554775,0.3375143831956014
69.87896366061011,0.00019905142086779832,0.0014310458364194553,0.0016300972572872536,0.3375048251584504
69.91230238373063,0.00019886430071993575,0.0014303634208890856,0.0016292277216090213,0.33749527570780363
69.94564110685116,0.00019867744430417122,0.0014296816558885287,0.0016283591001926999,0.3374857348320869
69.97897982997166,0.00019849085112512283,0.0014290005404880267,0.0016274913916131495,0.3374762025197467
70.01231855309219,0.00019830452068857115,0.0014283200737595927,0.0016266245944481638,0.33746667875925057
70.04565727621271,0.00019811845250145618,0.0014276402547770068,0.001625758707278463,0.3374571635390866
70.07899599933323,0.00019793264607187387,0.001426961082615811,0.0016248937286876847,0.33744765684776346
70.11233472245375,0.00019774710090907308,0.001426282556353306,0.001624029657262379,0.33743815867381055
70.14567344557427,0.00019756181652345214,0.0014256046750685475,0.0016231664915919996,0.337428669005778
70.17901216869478,0.00019737679242655575,0.0014249274378423404,0.0016223042302688962,0.3374191878322362
70.2123508918153,0.00019719202813107161,0.0014242508437572346,0.0016214428718883062,0.3374097151417761
70.24568961493583,0.00019700752315082747,0.0014235748918975228,0.0016205824150483503,0.3374002509230091
70.27902833805635,0.00019682327700078767,0.0014228995813492355,0.001619722858350023,0.33739079516456716
70.31236706117687,0.00019663928919705018,0.0014222249112001355,0.0016188642003971856,0.33738134785510226
70.3457057842974,0.00019645555925684312,0.0014215508805397162,0.0016180064397965594,0.33737190898328695
70.37904450741792,0.000196272086698522,0.0014208774884591953,0.0016171495751577173,0.3373624785378139
70.41238323053842,0.00019608887104156626,0.0014202047340515123,0.0016162936050930785,0.3373530565073961
70.44572195365895,0.00019590591180657598,0.0014195326164113229,0.0016154385282178987,0.3373436428807665
70.47906067677947,0.00019572320851526928,0.0014188611346349963,0.0016145843431502657,0.3373342376466784
70.51239939989999,0.00019554076069047878,0.0014181902878206113,0.00161373104851109,0.337324840793905
70.54573812302051,0.00019535856785614852,0.0014175200750679508,0.0016128786429240993,0.33731545231123966
70.57907684614104,0.00019517662953733104,0.0014168504954784988,0.00161202712501583,0.3373060721874957
70.61241556926156,0.00019499494526018407,0.0014161815481554365,0.0016111764934156206,0.3372967004115063
70.64575429238207,0.00019481351455196766,0.001415513232203638,0.0016103267467556057,0.33728733697212454
70.67909301550259,0.00019463233694104074,0.0014148455467296653,0.001609477883670706,0.33727798185822344
70.71243173862311,0.00019445141195685857,0.0014141784908417666,0.0016086299027986252,0.33726863505869575
70.74577046174363,0.00019427073912996927,0.00141351206364987,0.0016077828027798392,0.33725929656245407
70.77910918486415,0.00019409031799201096,0.0014128462642655816,0.0016069365822575926,0.33724996635843063
70.81244790798468,0.00019391014807570872,0.00141218109180218,0.0016060912398778886,0.33724064443557733
70.84578663110518,0.0001937302289148716,0.0014115165453746127,0.0016052467742894844,0.3372313307828658
70.8791253542257,0.0001935505600443892,0.0014108526240994926,0.0016044031841438817,0.3372220253892872
70.91246407734623,0.00019337114100022938,0.001410189327095094,0.0016035604680953233,0.3372127282438522
70.94580280046675,0.0001931919713194347,0.001409526653481348,0.0016027186248007827,0.337203439335591
70.97914152358727,0.0001930130505401197,0.00140886460237984,0.0016018776529199597,0.33719415865355323
71.0124802467078,0.00019283437820146767,0.0014082031729138042,0.001601037551115272,0.33718488618680803
71.04581896982832,0.0001926559538437281,0.0014075423642081213,0.0016001983180518493,0.3371756219244438
71.07915769294883,0.00019247777700821334,0.0014068821753893135,0.0015993599523975268,0.3371663658555683
71.11249641606935,0.00019229984723729572,0.0014062226055855402,0.0015985224528228359,0.33715711796930864
71.14583513918987,0.00019212216407440475,0.0014055636539265961,0.0015976858180010009,0.3371478782548111
71.17917386231039,0.00019194472706402416,0.001404905319543906,0.00159685004660793,0.33713864670124116
71.21251258543091,0.00019176753575168894,0.0014042476015705208,0.0015960151373222097,0.33712942329778356
71.24585130855144,0.00019159058968398234,0.0014035904991411144,0.0015951810888250968,0.33712020803364195
71.27919003167196,0.00019141388840853308,0.0014029340113919796,0.0015943478998005126,0.33711100089803925
71.31252875479247,0.0001912374314740126,0.0014022781374610246,0.0015935155689350373,0.3371018018802174
71.34586747791299,0.00019106121843013172,0.0014016228764877684,0.0015926840949179002,0.33709261096943716
71.37920620103351,0.00019088524882763833,0.001400968227613338,0.0015918534764409764,0.33708342815497844
71.41254492415403,0.00019070952221831412,0.0014003141899804636,0.0015910237121987778,0.33707425342613984
71.44588364727456,0.00019053403815497195,0.001399660762733477,0.001590194800888449,0.33706508677223906
71.47922237039508,0.0001903587961914528,0.0013990079450183048,0.0015893667412097577,0.3370559281826125
71.51256109351559,0.0001901837958826233,0.0013983557359824672,0.0015885395318650905,0.3370467776466153
71.54589981663611,0.00019000903678437225,0.0013977041347750727,0.001587713171559445,0.33703763515362145
71.57923853975663,0.00018983451845360858,0.0013970531405468156,0.0015868876590004243,0.3370285006930235
71.61257726287715,0.00018966024044825806,0.0013964027524499712,0.0015860629928982292,0.3370193742542328
71.64591598599768,0.00018948620232726054,0.0013957529696383931,0.0015852391719656537,0.3370102558266792
71.6792547091182,0.0001893124036505673,0.0013951037912675092,0.0015844161949180764,0.3370011453998112
71.71259343223872,0.0001891388439791382,0.0013944552164943179,0.0015835940604734561,0.3369920429630958
71.74593215535923,0.000188965522874939,0.0013938072444773842,0.0015827727673523233,0.33698294850601856
71.77927087847975,0.00018879243990093818,0.001393159874376836,0.0015819523142777741,0.3369738620180833
71.81260960160027,0.00018861959462110485,0.0013925131053543621,0.001581132699975467,0.33696478348881265
71.8459483247208,0.00018844698660040553,0.0013918669365732053,0.0015803139231736108,0.336955712907747
71.87928704784132,0.00018827461540480157,0.0013912213671981634,0.001579495982602965,0.3369466502644457
71.91262577096184,0.00018810248060124635,0.0013905763963955814,0.0015786788769968278,0.33693759554848607
71.94596449408236,0.0001879305817576827,0.001389932023333349,0.0015778626050910315,0.3369285487494636
71.97930321720287,0.00018775891844304002,0.001389288247180899,0.001577047165623939,0.3369195098569922
72.01264194032339,0.00018758749022723155,0.001388645067109201,0.0015762325573364325,0.33691047886070385
72.04598066344391,0.000187416296681152,0.00138800248229076,0.001575418778971912,0.3369014557502487
72.07931938656444,0.00018724533737667458,0.0013873604918996118,0.0015746058292762863,0.336892440515295
72.11265810968496,0.00018707461188664827,0.001386719095111319,0.0015737937069979673,0.33688343314552904
72.14599683280548,0.00018690411978489538,0.0013860782911029688,0.0015729824108878642,0.336874433630655
72.17933555592599,0.00018673386064620886,0.0013854380790531686,0.0015721719396993776,0.33686544196039525
72.21267427904651,0.00018656383404634923,0.001384798458142042,0.001571362292188391,0.3368564581244899
72.24601300216703,0.00018639403956204268,0.001384159427551227,0.0015705534671132699,0.3368474821126971
72.27935172528755,0.00018622447677097776,0.0013835209864638712,0.001569745463234849,0.33683851391479286
72.31269044840808,0.00018605514525180315,0.0013828831340646278,0.0015689382793164309,0.3368295535205708
72.3460291715286,0.00018588604458412495,0.0013822458695396539,0.0015681319141237788,0.3368206009198426
72.37936789464912,0.00018571717434850388,0.0013816091920766057,0.0015673263664251096,0.3368116561024375
72.41270661776963,0.00018554853412645306,0.0013809731008646358,0.001566521634991089,0.3368027190582026
72.44604534089015,0.00018538012350043494,0.001380337595094388,0.0015657177185948229,0.3367937897770023
72.47938406401067,0.00018521194205385917,0.0013797026739579966,0.0015649146160118558,0.3367848682487191
72.5127227871312,0.00018504398937107972,0.0013790683366490814,0.0015641123260201613,0.3367759544632528
72.54606151025172,0.00018487626503739247,0.001378434582362744,0.0015633108474001364,0.3367670484105208
72.57940023337224,0.0001847087686390326,0.0013778014102955654,0.001562510178934598,0.336758150080458
72.61273895649276,0.00018454149976317202,0.0013771688196456016,0.0015617103194087737,0.3367492594630168
72.64607767961327,0.00018437445799791683,0.001376536809612382,0.0015609112676102988,0.33674037654816713
72.67941640273379,0.00018420764293230476,0.0013759053793969025,0.0015601130223292072,0.33673150132589613
72.71275512585431,0.0001840410541563027,0.0013752745282016258,0.0015593155823579285,0.3367226337862083
72.74609384897484,0.00018387469126080423,0.0013746442552304767,0.0015585189464912808,0.3367137739191257
72.77943257209536,0.000183708553837627,0.0013740145596888385,0.0015577231135264656,0.3367049217146875
72.81277129521588,0.00018354264147951016,0.0013733854407835492,0.0015569280822630594,0.33669607716295
72.84611001833639,0.0001833769537801122,0.0013727568977229,0.0015561338515030123,0.336687240253987
72.87944874145691,0.0001832114903340079,0.0013721289297166294,0.0015553404200506374,0.33667841097788925
72.91278746457743,0.00018304625073668643,0.001371501535975922,0.0015545477867126086,0.33666958932476465
72.94612618769796,0.00018288123458454856,0.001370874715713405,0.0015537559502979536,0.3366607752847383
72.97946491081848,0.00018271644147490424,0.0013702484681431429,0.0015529649096180471,0.3366519688479523
73.012803633939,0.00018255187100597024,0.001369622792480637,0.0015521746634866072,0.33664317000456584
73.04614235705952,0.00018238752277686745,0.00136899768794282,0.0015513852107196873,0.3366343787447549
73.07948108018003,0.00018222339638761893,0.0013683731537480544,0.0015505965501356733,0.3366255950587126
73.11281980330055,0.00018205949143914671,0.001367749189116127,0.0015498086805552738,0.33661681893664896
73.14615852642108,0.00018189580753327024,0.0013671257932682482,0.0015490216008015186,0.3366080503687908
73.1794972495416,0.00018173234427270327,0.0013665029654270477,0.0015482353096997509,0.33659928934538186
73.21283597266212,0.0001815691012610519,0.0013658807048165702,0.0015474498060776222,0.33659053585668264
73.24617469578264,0.00018140607810281185,0.0013652590106622735,0.0015466650887650854,0.33658178989297033
73.27951341890316,0.00018124327440336633,0.0013646378821910257,0.001545881156594392,0.336573051444539
73.31285214202367,0.00018108068976898354,0.0013640173186311002,0.0015450980084000838,0.3365643205016993
73.3461908651442,0.000180918323806814,0.0013633973192121733,0.0015443156430189873,0.33655559705477867
73.37952958826472,0.0001807561761248888,0.0013627778831653227,0.0015435340592902115,0.336546881094121
73.41286831138524,0.00018059424633211672,0.0013621590097230216,0.0015427532560551383,0.33653817261008695
73.44620703450576,0.0001804325340382821,0.0013615406981191372,0.0015419732321574192,0.3365294715930535
73.47954575762628,0.0001802710388540424,0.001360922947588927,0.0015411939864429694,0.3365207780334145
73.51288448074679,0.00018010976039092597,0.0013603057573690358,0.0015404155177599617,0.3365120919215799
73.54622320386731,0.0001799486982613294,0.0013596891266974929,0.0015396378249588223,0.33650341324797634
73.57956192698784,0.00017978785207851567,0.0013590730548137077,0.0015388609068922234,0.3364947420030468
73.61290065010836,0.00017962722145661148,0.0013584575409584683,0.0015380847624150797,0.33648607817725057
73.64623937322888,0.00017946680601060508,0.0013578425843739376,0.0015373093903845428,0.3364774217610635
73.6795780963494,0.00017930660535634384,0.0013572281843036492,0.001536534789659993,0.3364687727449774
73.71291681946992,0.00017914661911053208,0.0013566143399925065,0.0015357609591030385,0.33646013111950074
73.74625554259043,0.00017898684689072883,0.0013560010506867772,0.001534987897577506,0.3364514968751579
73.77959426571095,0.00017882728831534518,0.0013553883156340917,0.001534215603949437,0.3364428700024896
73.81293298883148,0.00017866794300364251,0.00135477613408344,0.0015334440770870825,0.33643425049205283
73.846271711952,0.00017850881057572985,0.0013541645052851678,0.0015326733158608976,0.33642563833442046
73.87961043507252,0.00017834989065256175,0.0013535534284909747,0.0015319033191435365,0.3364170335201817
73.91294915819304,0.00017819118285593608,0.00135294290295391,0.0015311340858098462,0.3364084360399417
73.94628788131357,0.00017803268680849168,0.0013523329279283697,0.0015303656147368614,0.33639984588432165
73.97962660443407,0.00017787440213370612,0.0013517235026700943,0.0015295979048038004,0.3363912630439588
74.0129653275546,0.00017771632845589341,0.0013511146264361647,0.0015288309548920581,0.3363826875095062
74.04630405067512,0.00017755846540020204,0.0013505062984850006,0.0015280647638852027,0.336374119271633
74.07964277379564,0.0001774008125926124,0.0013498985180763559,0.0015272993306689683,0.3363655583210242
74.11298149691616,0.00017724336965993485,0.0013492912844713175,0.0015265346541312524,0.33635700464838075
74.14632022003669,0.00017708613622980735,0.0013486845969322991,0.0015257707331621064,0.336348458244419
74.1796589431572,0.00017692911193069335,0.0013480784547230437,0.001525007566653737,0.33633991909987176
74.21299766627772,0.0001767722963918794,0.001347472857108614,0.0015242451535004934,0.336331387205487
74.24633638939824,0.00017661568924347325,0.001346867803355395,0.0015234834925988683,0.3363228625520288
74.27967511251876,0.00017645929011640154,0.001346263292731087,0.0015227225828474886,0.33631434513027675
74.31301383563928,0.0001763030986424075,0.0013456593245047067,0.001521962423147114,0.3363058349310261
74.3463525587598,0.00017614711445404905,0.0013450558979465792,0.0015212030124006283,0.3362973319450878
74.37969128188033,0.00017599133718469633,0.0013444530123283404,0.0015204443495130367,0.3362888361632884
74.41303000500083,0.00017583576646852997,0.0013438506669229298,0.0015196864333914598,0.3362803475764699
74.44636872812136,0.0001756804019405382,0.0013432488610045893,0.0015189292629451275,0.3362718661754899
74.47970745124188,0.00017552524323651562,0.0013426475938488618,0.0015181728370853775,0.3362633919512215
74.5130461743624,0.00017537028999306046,0.0013420468647325848,0.0015174171547256451,0.3362549248945532
74.54638489748292,0.0001752155418475726,0.001341446672933891,0.0015166622147814637,0.33624646499638905
74.57972362060345,0.0001750609984382516,0.0013408470177322027,0.0015159080161704544,0.3362380122476484
74.61306234372397,0.00017490665940409427,0.0013402478984082308,0.001515154557812325,0.3362295666392659
74.64640106684448,0.00017475252438489298,0.0013396493142439714,0.0015144018386288643,0.33622112816219163
74.679739789965,0.00017459859302123302,0.0013390512645227023,0.0015136498575439353,0.3362126968073911
74.71307851308552,0.000174444864954491,0.0013384537485289802,0.0015128986134834712,0.33620427256584473
74.74641723620604,0.00017429133982683264,0.0013378567655486383,0.001512148105375471,0.3361958554285484
74.77975595932656,0.00017413801728121046,0.0013372603148687845,0.001511398332149995,0.33618744538651324
74.81309468244709,0.00017398489696136195,0.0013366643957777964,0.0015106492927391584,0.3361790424307654
74.8464334055676,0.00017383197851180747,0.0013360690075653197,0.0015099009860771273,0.3361706465523463
74.87977212868812,0.0001736792615778479,0.0013354741495222651,0.001509153411100113,0.33616225774231234
74.91311085180864,0.00017352674580556308,0.001334879820940806,0.0015084065667463691,0.33615387599173513
74.94644957492916,0.00017337443084180932,0.0013342860211143744,0.0015076604519561837,0.3361455012917011
74.97978829804968,0.00017322231633421767,0.0013336927493376603,0.001506915065671878,0.336137133633312
75.0131270211702,0.00017307040193119158,0.0013331000049066062,0.0015061704068377979,0.3361287730076843
75.04646574429073,0.00017291868728190523,0.0013325077871184068,0.001505426474400312,0.3361204194059495
75.07980446741124,0.0001727671720363011,0.0013319160952715043,0.0015046832673078054,0.336112072819254
75.11314319053176,0.00017261585584508823,0.0013313249286655863,0.0015039407845106746,0.33610373323875914
75.14648191365228,0.00017246473835974012,0.0013307342866015843,0.0015031990249613244,0.3360954006556411
75.1798206367728,0.00017231381923249283,0.0013301441683816688,0.0015024579876141615,0.3360870750610908
75.21315935989333,0.00017216309811634277,0.0013295545733092477,0.0015017176714255905,0.336078756446314
75.24649808301385,0.00017201257466504486,0.001328965500688964,0.0015009780753540087,0.3360704448025313
75.27983680613437,0.00017186224853311054,0.001328376949826692,0.0015002391983598025,0.3360621401209779
75.31317552925488,0.00017171211937580573,0.0013277889200295353,0.001499501039405341,0.33605384239290376
75.3465142523754,0.00017156218684914875,0.001327201410605823,0.0014987635974549717,0.3360455516095734
75.37985297549592,0.00017141245060990862,0.0013266144208651093,0.001498026871475018,0.33603726776226617
75.41319169861644,0.00017126291031560291,0.0013260279501181684,0.0014972908604337714,0.33602899084227594
75.44653042173697,0.0001711135656244958,0.0013254419976769928,0.0014965555633014887,0.33602072084091106
75.47986914485749,0.00017096441619559615,0.001324856562854791,0.0014958209790503871,0.3360124577494945
75.513207867978,0.00017081546168865567,0.001324271644965984,0.0014950871066546395,0.33600420155936384
75.54654659109852,0.00017066670176416653,0.0013236872433262023,0.001494353945090369,0.3359959522618709
75.57988531421904,0.0001705181360833601,0.0013231033572522856,0.0014936214933356459,0.3359877098483823
75.61322403733956,0.00017036976430820456,0.0013225199860622768,0.0014928897503704813,0.3359794743102786
75.64656276046009,0.00017022158610140303,0.0013219371290754218,0.0014921587151768248,0.3359712456389552
75.67990148358061,0.00017007360112639177,0.0013213547856121665,0.0014914283867385582,0.3359630238258217
75.71324020670113,0.00016992580904733824,0.0013207729549941523,0.0014906987640414906,0.335954808862302
75.74657892982164,0.00016977820952913917,0.001320191636544217,0.0014899698460733562,0.33594660073983434
75.77991765294216,0.00016963080223741855,0.0013196108295863874,0.0014892416318238058,0.3359383994498712
75.81325637606268,0.00016948358683852596,0.0013190305334458811,0.001488514120284407,0.33593020498387927
75.8465950991832,0.0001693365629995346,0.001318450747449102,0.0014877873104486366,0.3359220173333396
75.87993382230373,0.00016918973038823918,0.0013178714709236375,0.0014870612013118767,0.33591383648974726
75.91327254542425,0.0001690430886731545,0.001317292703198256,0.0014863357918714105,0.3359056624446116
75.94661126854477,0.00016889663752351315,0.001316714443602905,0.001485611081126418,0.335897495189456
75.97994999166528,0.0001687503766092639,0.0013161366914687077,0.0014848870680779715,0.3358893347158179
76.0132887147858,0.00016860430560106964,0.001315559446127961,0.0014841637517290305,0.335881181015249
76.04662743790632,0.00016845842417030572,0.0013149827069141317,0.0014834411310844374,0.3358730340793148
76.07996616102685,0.00016831273198905804,0.001314406473161857,0.001482719205150915,0.33586489389959506
76.11330488414737,0.00016816722873012115,0.001313830744206938,0.0014819979729370591,0.33585676046768326
76.14664360726789,0.0001680219140669965,0.0013132555193863392,0.0014812774334533358,0.3358486337751869
76.1799823303884,0.0001678767876738905,0.0013126807980381868,0.0014805575857120773,0.3358405138137276
76.21332105350892,0.00016773184922571277,0.001312106579501764,0.0014798384287274767,0.33583240057494057
76.24665977662944,0.00016758709839807432,0.0013115328631175104,0.0014791199615155847,0.3358242940504752
76.27999849974996,0.0001674425348672857,0.001310959648227018,0.0014784021830943038,0.3358161942319944
76.31333722287049,0.00016729815831035525,0.0013103869341730301,0.0014776850924833854,0.33580810111117504
76.34667594599101,0.00016715396840498719,0.0013098147202994371,0.0014769686887044244,0.33580001467970777
76.38001466911153,0.00016700996482957995,0.0013092430059512758,0.0014762529707808558,0.33579193492929704
76.41335339223204,0.0001668661472632244,0.001308671790474726,0.0014755379377379505,0.3357838618516609
76.44669211535256,0.00016672251538570163,0.0013081010732171067,0.0014748235886028083,0.3357757954385311
76.48003083847308,0.00016657906887748188,0.0013075308535268767,0.0014741099224043585,0.3357677356816532
76.5133695615936,0.00016643580741972224,0.0013069611307536294,0.0014733969381733516,0.33575968257278616
76.54670828471413,0.0001662927306942651,0.0013063919042480912,0.0014726846349423562,0.3357516361037028
76.58004700783465,0.00016614983838363618,0.00130582317336212,0.0014719730117457562,0.3357435962661893
76.61338573095517,0.0001660071301710431,0.001305254937448701,0.001471262067619744,0.33573556305204566
76.64672445407568,0.00016586460574037333,0.001304687195861946,0.0014705518016023193,0.335727536453085
76.6800631771962,0.00016572226477619244,0.0013041199479570885,0.001469842212733281,0.33571951646113435
76.71340190031673,0.0001655801069637426,0.0013035531930904844,0.001469133300054227,0.3357115030680339
76.74674062343725,0.00016543813198894065,0.001302986930619607,0.0014684250626085477,0.3357034962656374
76.78007934655777,0.00016529633953837644,0.001302421159903047,0.0014677174994414234,0.3356954960458121
76.81341806967829,0.00016515472929931103,0.0013018558803005065,0.0014670106095998176,0.3356875024004385
76.8467567927988,0.00016501330095967503,0.0013012910911728006,0.0014663043921324757,0.33567951532141044
76.88009551591932,0.0001648720542080668,0.001300726791881852,0.0014655988460899189,0.3356715348006353
76.91343423903984,0.00016473098873375086,0.00130016298179069,0.0014648939705244409,0.33566356083003346
76.94677296216037,0.00016459010422665605,0.0012995996602634485,0.0014641897644901045,0.3356555934015388
76.98011168528089,0.000164449400377374,0.0012990368266653622,0.0014634862270427361,0.3356476325070984
77.01345040840141,0.00016430887687715715,0.0012984744803627647,0.001462783357239922,0.33563967813867246
77.04678913152193,0.00016416853341791744,0.0012979126207230865,0.0014620811541410038,0.3356317302882344
77.08012785464244,0.0001640283696922243,0.001297351247114854,0.0014613796168070781,0.33562378894777106
77.11346657776296,0.0001638883853933029,0.0012967903589076832,0.001460678744300986,0.335615854109282
77.14680530088349,0.000163748580215033,0.0012962299554722817,0.0014599785356873146,0.3356079257647802
77.18014402400401,0.00016360895385194663,0.0012956700361804433,0.0014592789900323899,0.33560000390629163
77.21348274712453,0.00016346950599922686,0.001295110600405047,0.001458580106404274,0.33559208852585526
77.24682147024505,0.00016333023635270593,0.001294551647520055,0.001457881883872761,0.33558417961552317
77.28016019336557,0.0001631911446088637,0.0012939931769005092,0.001457184321509373,0.3355762771673604
77.31349891648608,0.000163052230464826,0.0012934351879225299,0.0014564874183873558,0.33556838117344495
77.3468376396066,0.0001629134936183627,0.0012928776799633124,0.0014557911735816752,0.33556049162586793
77.38017636272713,0.00016277493376788652,0.0012923206524011255,0.001455095586169012,0.33555260851673313
77.41351508584765,0.00016263655061245105,0.0012917641046153096,0.0014544006552277607,0.3355447318381574
77.44685380896817,0.00016249834385174934,0.0012912080359862737,0.001453706379838023,0.3355368615822705
77.4801925320887,0.00016236031318611206,0.0012906524458954924,0.0014530127590816045,0.3355289977412148
77.5135312552092,0.0001622224583165061,0.0012900973337255056,0.0014523197920420117,0.3355211403071458
77.54686997832972,0.00016208477894453263,0.0012895426988599136,0.0014516274778044462,0.3355132892722315
77.58020870145025,0.00016194727477242583,0.0012889885406833774,0.0014509358154558033,0.33550544462865295
77.61354742457077,0.0001618099455030511,0.0012884348585816149,0.0014502448040846659,0.3354976063686037
77.64688614769129,0.00016167279083990354,0.001287881651941399,0.0014495544427813025,0.3354897744842902
77.68022487081181,0.0001615358104871062,0.0012873289201505553,0.0014488647306376615,0.3354819489679314
77.71356359393234,0.00016139900414940869,0.0012867766625979595,0.0014481756667473682,0.33547412981175906
77.74690231705284,0.00016126237153218546,0.001286224878673537,0.0014474872502057224,0.33546631700801754
77.78024104017337,0.00016112591234143404,0.001285673567768257,0.001446799480109691,0.33545851054896386
77.81357976329389,0.00016098962628377397,0.0012851227292741342,0.0014461123555579083,0.33545071042686747
77.84691848641441,0.0001608535130664447,0.001284572362584224,0.0014454258756506687,0.3354429166340106
77.88025720953493,0.00016071757239730422,0.0012840224670926212,0.0014447400394899253,0.3354351291626878
77.91359593265545,0.0001605818039848277,0.0012834730421944576,0.0014440548461792852,0.3354273480052063
77.94693465577598,0.00016044620753810545,0.0012829240872859,0.0014433702948240055,0.33541957315388565
77.98027337889648,0.0001603107827668419,0.0012823756017641482,0.00144268638453099,0.33541180460105813
78.013612102017,0.00016017552938135354,0.0012818275850274312,0.0014420031144087846,0.33540404233906806
78.04695082513753,0.00016004044709256769,0.0012812800364750071,0.0014413204835675747,0.3353962863602725
78.08028954825805,0.00015990553561202102,0.0012807329555071603,0.0014406384911191813,0.3353885366570409
78.11362827137857,0.0001597707946518577,0.001280186341525198,0.0014399571361770557,0.3353807932217547
78.1469669944991,0.00015963622392482812,0.0012796401939314506,0.0014392764178562788,0.3353730560468081
78.1803057176196,0.00015950182314428729,0.0012790945121292667,0.001438596335273554,0.3353653251246074
78.21364444074013,0.00015936759202419314,0.001278549295523012,0.0014379168875472052,0.3353576004475712
78.24698316386065,0.00015923353027910535,0.0012780045435180683,0.0014372380737971736,0.3353498820081304
78.28032188698117,0.0001590996376241835,0.0012774602555208295,0.001436559893145013,0.33534216979872794
78.31366061010169,0.0001589659137751858,0.0012769164309387015,0.0014358823447138873,0.3353344638118194
78.34699933322221,0.00015883235844846736,0.0012763730691800975,0.0014352054276285649,0.3353267640398721
78.38033805634274,0.00015869897136097893,0.0012758301696544378,0.0014345291410154167,0.3353190704753658
78.41367677946324,0.00015856575223026522,0.0012752877317721476,0.001433853484002413,0.3353113831107922
78.44701550258377,0.00015843270077446335,0.0012747457549446535,0.001433178455719117,0.3353037019386554
78.48035422570429,0.00015829981671230158,0.001274204238584382,0.0014325040552966835,0.33529602695147104
78.51369294882481,0.0001581670997630977,0.001273663182104759,0.0014318302818678566,0.33528835814176755
78.54703167194533,0.00015803454964675754,0.0012731225849202047,0.0014311571345669623,0.33528069550208484
78.58037039506586,0.00015790216608377352,0.0012725824464461344,0.001430484612529908,0.335273039024975
78.61370911818638,0.0001577699487952231,0.0012720427660989537,0.0014298127148941768,0.3352653887030022
78.64704784130689,0.00015763789750276755,0.0012715035432960594,0.001429141440798827,0.3352577445287425
78.68038656442741,0.00015750601192865004,0.0012709647774558337,0.0014284707893844838,0.33525010649478393
78.71372528754793,0.00015737429179569465,0.001270426467997646,0.0014278007597933406,0.3352424745937263
78.74706401066845,0.00015724273682730472,0.0012698886143418478,0.0014271313511691527,0.33523484881818155
78.78040273378897,0.00015711134674746124,0.0012693512159097726,0.0014264625626572338,0.33522722916077324
78.8137414569095,0.00015698012128072172,0.0012688142721237322,0.001425794393404454,0.335219615614137
78.84708018003,0.00015684906015221852,0.001268277782407017,0.0014251268425592356,0.3352120081709202
78.88041890315053,0.00015671816308765742,0.0012677417461838898,0.0014244599092715473,0.33520440682378183
78.91375762627105,0.00015658742981331628,0.0012672061628795886,0.001423793592692905,0.335196811565393
78.94709634939157,0.00015645686005604352,0.0012666710319203212,0.0014231278919763647,0.3351892223884363
78.9804350725121,0.00015632645354325686,0.0012661363527332649,0.0014224628062765217,0.3351816392856061
79.01377379563262,0.00015619621000294168,0.001265602124746563,0.0014217983347495045,0.3351740622496086
79.04711251875314,0.0001560661291636497,0.001265068347389324,0.0014211344765529736,0.3351664912731615
79.08045124187365,0.0001559362107544976,0.0012645350200916196,0.0014204712308461172,0.33515892634899436
79.11378996499417,0.0001558064545051655,0.0012640021422844806,0.0014198085967896462,0.33515136746984814
79.14712868811469,0.00015567686014589566,0.001263469713399898,0.0014191465735457938,0.33514381462847553
79.18046741123521,0.00015554742740749112,0.001262937732870819,0.00141848516027831,0.33513626781764083
79.21380613435574,0.00015541815602131414,0.001262406200131145,0.0014178243561524591,0.3351287270301199
79.24714485747626,0.0001552890457192849,0.0012618751146157305,0.0014171641603350155,0.3351211922587002
79.28048358059678,0.00015516009623388018,0.0012613444757603805,0.0014165045719942606,0.33511366349618044
79.31382230371729,0.00015503130729813185,0.0012608142830018482,0.0014158455902999801,0.3351061407353711
79.34716102683781,0.0001549026786456254,0.0012602845357778344,0.0014151872144234597,0.33509862396909407
79.38049974995833,0.0001547742100104989,0.0012597552335269835,0.0014145294435374824,0.3350911131901827
79.41383847307885,0.00015464590112744132,0.0012592263756888828,0.001413872276816324,0.3350836083914816
79.44717719619938,0.0001545177517316913,0.0012586979617040606,0.0014132157134357519,0.335076109565847
79.4805159193199,0.00015438976155903575,0.001258169991013984,0.0014125597525730196,0.3350686167061464
79.5138546424404,0.00015426193034580855,0.0012576424630610563,0.0014119043934068649,0.33506112980525876
79.54719336556093,0.00015413425782888885,0.0012571153772886156,0.0014112496351175044,0.33505364885607414
79.58053208868145,0.00015400674374570032,0.0012565887331409335,0.0014105954768866339,0.3350461738514942
79.61387081180197,0.00015387938783420935,0.0012560625300632115,0.0014099419178974209,0.3350387047844317
79.6472095349225,0.0001537521898329238,0.0012555367675015812,0.001409288957334505,0.3350312416478108
79.68054825804302,0.00015362514948089173,0.0012550114449030995,0.0014086365943839912,0.33502378443456665
79.71388698116354,0.00015349826651769993,0.0012544865617157503,0.0014079848282334503,0.335016333137646
79.74722570428405,0.00015337154068347292,0.0012539621173884392,0.001407333658071912,0.33500888775000653
79.78056442740457,0.000153244971718871,0.001253438111370993,0.0014066830830898641,0.3350014482646172
79.81390315052509,0.00015311855936508956,0.0012529145431141586,0.0014060331024792483,0.3349940146744581
79.84724187364561,0.0001529923033638574,0.0012523914120695996,0.0014053837154334571,0.33498658697252043
79.88058059676614,0.0001528662034574356,0.0012518687176898949,0.0014047349211473304,0.3349791651518065
79.91391931988666,0.00015274025938861595,0.0012513464594285375,0.0014040867188171535,0.33497174920532985
79.94725804300718,0.00015261447090071992,0.001250824636739931,0.001403439107640651,0.33496433912611484
79.98059676612769,0.00015248883773759722,0.00125030324907939,0.0014027920868169873,0.3349569349071971
80.01393548924821,0.0001523633596436244,0.001249782295903136,0.0014021456555467604,0.3349495365416231
80.04727421236873,0.00015223803636370373,0.0012492617766682965,0.0014014998130320003,0.3349421440224506
80.08061293548926,0.00015211286764326188,0.0012487416908329029,0.0014008545584761648,0.33493475734274797
80.11395165860978,0.00015198785322824844,0.0012482220378558894,0.0014002098910841378,0.3349273764955948
80.1472903817303,0.00015186299286513492,0.0012477028171970904,0.0013995658100622254,0.3349200014740815
80.18062910485081,0.00015173828630091326,0.0012471840283172378,0.0013989223146181511,0.3349126322713095
80.21396782797133,0.00015161373328309444,0.00124666567067796,0.0013982794039610546,0.33490526888039096
80.24730655109185,0.00015148933355970756,0.0012461477437417819,0.0013976370773014894,0.33489791129444907
80.28064527421238,0.00015136508687929836,0.0012456302469721191,0.0013969953338514175,0.33489055950661784
80.3139839973329,0.0001512409929909278,0.0012451131798332797,0.0013963541728242075,0.3348832135100421
80.34732272045342,0.00015111705164417107,0.0012445965417904592,0.0013957135934346302,0.33487587329787727
80.38066144357394,0.00015099326258911623,0.001244080332309742,0.0013950735948988582,0.33486853886329
80.41400016669445,0.00015086962557636286,0.0012435645508580976,0.0013944341764344605,0.3348612101994573
80.44733888981497,0.00015074614035702082,0.001243049196903378,0.0013937953372603986,0.3348538872995672
80.4806776129355,0.00015062280668270915,0.0012425342699143181,0.0013931570765970272,0.3348465701568183
80.51401633605602,0.00015049962430555466,0.0012420197693605323,0.001392519393666087,0.3348392587644199
80.54735505917654,0.00015037659297819077,0.0012415056947125134,0.0013918822876907043,0.3348319531155921
80.58069378229706,0.00015025371245375624,0.00124099204544163,0.0013912457578953864,0.3348246532035655
80.61403250541758,0.00015013098248589388,0.0012404788210201257,0.0013906098035060196,0.33481735902158155
80.64737122853809,0.00015000840282874953,0.0012399660209211165,0.0013899744237498661,0.3348100705628921
80.68070995165861,0.0001498859732369704,0.001239453644618589,0.0013893396178555593,0.3348027878207596
80.71404867477914,0.00014976369346570426,0.0012389416915873995,0.0013887053850531036,0.33479551078845743
80.74738739789966,0.00014964156327059816,0.001238430161303271,0.0013880717245738693,0.3347882394592691
80.78072612102018,0.00014951958240779688,0.0012379190532427922,0.001387438635650589,0.33478097382648875
80.8140648441407,0.00014939775063394216,0.001237408366883416,0.0013868061175173582,0.33477371388342125
80.84740356726121,0.00014927606770617123,0.0012368981017034564,0.0013861741694096276,0.33476645962338175
80.88074229038173,0.0001491545333821155,0.001236388257182088,0.0013855427905642035,0.33475921103969597
80.91408101350225,0.0001490331474198996,0.0012358788327993437,0.0013849119802192434,0.3347519681257
80.94741973662278,0.0001489119095781401,0.0012353698280361126,0.0013842817376142527,0.3347447308747405
80.9807584597433,0.00014879081961594425,0.0012348612423741395,0.0013836520619900838,0.3347374992801744
81.01409718286382,0.00014866987729290882,0.001234353075296022,0.0013830229525889307,0.3347302733353691
81.04743590598434,0.0001485490823691188,0.0012338453262852082,0.001382394408654327,0.3347230530337023
81.08077462910485,0.0001484284346051466,0.0012333379948259973,0.0013817664294311438,0.3347158383685623
81.11411335222537,0.0001483079337620502,0.001232831080403535,0.0013811390141655851,0.33470862933334733
81.1474520753459,0.0001481875796013726,0.0012323245825038133,0.001380512162105186,0.3347014259214662
81.18079079846642,0.00014806737188514024,0.0012318185006136688,0.001379885872498809,0.3346942281263379
81.21412952158694,0.0001479473103758621,0.0012313128342207815,0.0013792601445966435,0.3346870359413919
81.24746824470746,0.0001478273948365283,0.0012308075828136708,0.0013786349776501992,0.3346798493600676
81.28080696782798,0.00014770762503060907,0.0012303027458816964,0.0013780103709123055,0.33467266837581483
81.3141456909485,0.00014758800072205356,0.001229798322915055,0.0013773863236371086,0.33466549298209364
81.34748441406902,0.00014746852167528846,0.0012292943134047788,0.0013767628350800673,0.3346583231723742
81.38082313718954,0.0001473491876552173,0.0012287907168427347,0.001376139904497952,0.33465115894013686
81.41416186031006,0.00014722999842721888,0.0012282875327216214,0.0013755175311488403,0.33464400027887214
81.44750058343058,0.00014711095375714633,0.0012277847605349677,0.001374895714292114,0.3346368471820806
81.4808393065511,0.0001469920534113258,0.001227282399777133,0.0013742744531884587,0.3346296996432731
81.51417802967161,0.00014687329715655558,0.0012267804499433025,0.001373653747099858,0.33462255765597054
81.54751675279213,0.00014675468476010455,0.0012262789105294868,0.0013730335952895913,0.33461542121370375
81.58085547591266,0.00014663621598971142,0.0012257777810325214,0.0013724139970222328,0.3346082903100137
81.61419419903318,0.00014651789061358346,0.001225277060950063,0.0013717949515636464,0.3346011649384514
81.6475329221537,0.00014639970840039536,0.001224776749780589,0.0013711764581809845,0.3345940450925779
81.68087164527422,0.00014628166911928798,0.0012242768470233966,0.0013705585161426846,0.3345869307659642
81.71421036839475,0.00014616377253986743,0.0012237773521785982,0.0013699411247184658,0.33457982195219127
81.74754909151525,0.00014604601843220391,0.0012232782647471237,0.0013693242831793275,0.33457271864485005
81.78088781463578,0.00014592840656683034,0.0012227795842307155,0.0013687079907975458,0.33456562083754154
81.8142265377563,0.00014581093671474154,0.001222281310131928,0.0013680922468466694,0.3345585285238764
81.84756526087682,0.00014569360864739308,0.0012217834419541273,0.0013674770506015203,0.3345514416974754
81.88090398399734,0.00014557642213670002,0.0012212859792014872,0.0013668624013381872,0.3345443603519691
81.91424270711786,0.0001454593769550358,0.0012207889213789894,0.0013662482983340253,0.3345372844809979
81.94758143023839,0.0001453424728752314,0.0012202922679924208,0.001365634740867652,0.3345302140782121
81.9809201533589,0.00014522570967057395,0.0012197960185483722,0.0013650217282189462,0.3345231491372718
82.01425887647942,0.0001451090871148056,0.0012193001725542367,0.0013644092596690424,0.33451608965184687
82.04759759959994,0.0001449926049821228,0.0012188047295182084,0.0013637973345003312,0.33450903561561707
82.08093632272046,0.00014487626304717478,0.00121830968894928,0.0013631859519964548,0.3345019870222718
82.11427504584098,0.00014476006108506275,0.0012178150503572417,0.0013625751114423046,0.3344949438655102
82.1476137689615,0.00014464399887133863,0.0012173208132526799,0.0013619648121240184,0.3344879061390413
82.18095249208201,0.00014452807618200411,0.0012168269771469743,0.0013613550533289785,0.3344808738365836
82.21429121520254,0.00014441229279350942,0.0012163335415522978,0.0013607458343458073,0.3344738469518655
82.24762993832306,0.00014429664848275234,0.0012158405059816142,0.0013601371544643666,0.334466825478625
82.28096866144358,0.0001441811430270772,0.001215347869948677,0.001359529012975754,0.33445980941060965
82.3143073845641,0.00014406577620427368,0.0012148556329680262,0.0013589214091723,0.33445279874157685
82.34764610768462,0.00014395054779257576,0.0012143637945549895,0.0013583143423475652,0.3344457934652934
82.38098483080515,0.0001438354575706607,0.001213872354225678,0.0013577078117963388,0.3344387935755358
82.41432355392566,0.00014372050531764806,0.001213381311496987,0.0013571018168146351,0.3344317990660901
82.44766227704618,0.0001436056908130983,0.0012128906658865914,0.0013564963566996898,0.33442480993075197
82.4810010001667,0.0001434910138370122,0.0012124004169129475,0.0013558914307499597,0.33441782616332655
82.51433972328722,0.00014337647416982942,0.0012119105640952894,0.0013552870382651189,0.3344108477576285
82.54767844640774,0.0001432620715924277,0.0012114211069536274,0.001354683178546055,0.334403874707482
82.58101716952827,0.0001431478058861216,0.0012109320450087479,0.0013540798508948695,0.3343969070067208
82.61435589264879,0.00014303367683266168,0.0012104433777822094,0.001353477054614871,0.334389944649188
82.6476946157693,0.00014291968421423332,0.0012099551047963443,0.0013528747890105776,0.3343829876287362
82.68103333888982,0.00014280582781345556,0.0012094672255742534,0.001352273053387709,0.3343760359392274
82.71437206201034,0.0001426921074133804,0.0012089797396398073,0.0013516718470531876,0.33436908957453304
82.74771078513086,0.00014257852279749144,0.0012084926465176444,0.0013510711693151358,0.334362148528534
82.78104950825139,0.00014246507374970308,0.001208005945733168,0.001350471019482871,0.3343552127951204
82.81438823137191,0.0001423517600543593,0.0012075196368125467,0.001349871396866906,0.33434828236819203
82.84772695449242,0.00014223858149623285,0.0012070337192827106,0.0013492723007789435,0.33434135724165753
82.88106567761294,0.00014212553786052397,0.0012065481926713513,0.0013486737305318753,0.3343344374094353
82.91440440073346,0.00014201262893285955,0.0012060630565069207,0.0013480756854397802,0.33432752286545286
82.94774312385398,0.00014189985449929217,0.001205578310318628,0.00134747816481792,0.33432061360364695
82.9810818469745,0.00014178721434629886,0.0012050939536364395,0.0013468811679827385,0.3343137096179638
83.01442057009503,0.0001416747082607803,0.0012046099859910765,0.0013462846942518569,0.33430681090235875
83.04775929321555,0.00014156233603005968,0.0012041264069140134,0.001345688742944073,0.33429991745079624
83.08109801633606,0.00014145009744188187,0.0012036432159374772,0.001345093313379359,0.33429302925725024
83.11443673945658,0.00014133799228441206,0.0012031604125944456,0.0013444984048788576,0.33428614631570375
83.1477754625771,0.00014122602034623513,0.001202677996418644,0.0013439040167648791,0.33427926862014884
83.18111418569762,0.0001411141814163546,0.0012021959669445469,0.0013433101483609016,0.334272396164587
83.21445290881815,0.00014100247528419144,0.0012017143237073743,0.0013427167989915657,0.3342655289430286
83.24779163193867,0.0001408909017395832,0.00120123306624309,0.0013421239679826732,0.3342586669494933
83.28113035505919,0.00014077946057278298,0.0012007521940884018,0.0013415316546611848,0.3342518101780099
83.3144690781797,0.00014066815157445868,0.0012002717067807595,0.0013409398583552183,0.33424495862261633
83.34780780130022,0.00014055697453569147,0.0011997916038583509,0.0013403485783940424,0.3342381122773593
83.38114652442074,0.00014044592924797544,0.0011993118848601042,0.0013397578141080796,0.33423127113629486
83.41448524754126,0.00014033501550321625,0.001198832549325684,0.0013391675648289003,0.334224435193488
83.44782397066179,0.0001402242330937302,0.0011983535967954916,0.0013385778298892219,0.3342176044430129
83.48116269378231,0.00014011358181224338,0.0011978750268106604,0.0013379886086229038,0.33421077887895245
83.51450141690282,0.00014000306145189057,0.0011973968389130587,0.0013373999003649492,0.3342039584953988
83.54784014002334,0.00013989267180621425,0.0011969190326452845,0.0013368117044514987,0.3341971432864529
83.58117886314386,0.00013978241266916384,0.0011964416075506662,0.00133622402021983,0.33419033324622477
83.61451758626438,0.00013967228383509453,0.0011959645631732607,0.0013356368470083552,0.3341835283688333
83.6478563093849,0.00013956228509876643,0.0011954878990578515,0.0013350501841566179,0.33417672864840636
83.68119503250543,0.00013945241625534357,0.001195011614749948,0.0013344640310052915,0.33416993407908074
83.71453375562595,0.00013934267710039296,0.0011945357097957823,0.0013338783868961752,0.3341631446550019
83.74787247874646,0.00013923306742988364,0.0011940601837423111,0.0013332932511721947,0.3341563603703246
83.78121120186698,0.00013912358704018572,0.00119358503613721,0.0013327086231773957,0.33414958121921196
83.8145499249875,0.00013901423572806944,0.0011931102665288763,0.0013321245022569457,0.33414280719583644
83.84788864810803,0.00013890501329070424,0.0011926358744664238,0.001331540887757128,0.3341360382943788
83.88122737122855,0.0001387959195256578,0.0011921618594996843,0.001330957779025342,0.334129274509029
83.91456609434907,0.00013868695423089518,0.0011916882211792047,0.0013303751754100998,0.3341225158339858
83.94790481746959,0.00013857811720477766,0.001191214959056246,0.0013297930762610237,0.33411576226345635
83.9812435405901,0.00013846940824606218,0.001190742072682781,0.0013292114809288433,0.334109013791657
84.01458226371062,0.00013836082715389998,0.0011902695616114944,0.0013286303887653944,0.33410227041281243
84.04792098683114,0.00013825237372783598,0.0011897974253957805,0.0013280497991236164,0.33409553212115645
84.08125970995167,0.0001381440477678078,0.0011893256635897417,0.0013274697113575494,0.3340887989109313
84.11459843307219,0.0001380358490741447,0.001188854275748188,0.0013268901248223326,0.334082070776388
84.14793715619271,0.00013792777744756692,0.0011883832614266337,0.0013263110388742007,0.33407534771178626
84.18127587931322,0.0001378198326891844,0.0011879126201812984,0.001325732452870483,0.3340686297113944
84.21461460243374,0.0001377120146004962,0.0011874423515691036,0.0013251543661696,0.3340619167694893
84.24795332555426,0.00013760432298338937,0.0011869724551476731,0.0013245767781310625,0.3340552088803568
84.28129204867479,0.0001374967576401382,0.0011865029304753295,0.0013239996881154676,0.3340485060382909
84.31463077179531,0.00013738931837340318,0.0011860337771110946,0.0013234230954844977,0.33404180823759444
84.34796949491583,0.0001372820049862302,0.0011855649946146875,0.0013228469996009178,0.33403511547257897
84.38130821803635,0.00013717481728204952,0.001185096582546523,0.0013222713998285725,0.3340284277375642
84.41464694115686,0.00013706775506467508,0.0011846285404677104,0.0013216962955323855,0.3340217450268788
84.44798566427738,0.00013696081813830327,0.0011841608679400517,0.001321121686078355,0.33401506733485975
84.4813243873979,0.00013685400630751237,0.0011836935645260405,0.0013205475708335528,0.33400839465585247
84.51466311051843,0.00013674731937726156,0.0011832266297888616,0.0013199739491661232,0.3340017269842111
84.54800183363895,0.00013664075715288986,0.001182760063292388,0.0013194008204452778,0.33399506431429804
84.58134055675947,0.00013653431944011545,0.0011822938646011809,0.0013188281840412963,0.33398840664048435
84.61467927988,0.00013642800604503474,0.001181828033280487,0.0013182560393255219,0.3339817539571494
84.6480180030005,0.00013632181677412144,0.001181362568896239,0.0013176843856703604,0.3339751062586811
84.68135672612102,0.00013621575143422555,0.0011808974710150518,0.0013171132224492773,0.3339684635394756
84.71469544924155,0.00013610980983257278,0.0011804327392042234,0.001316542549036796,0.33396182579393763
84.74803417236207,0.0001360039917767635,0.0011799683730317327,0.0013159723648084962,0.3339551930164802
84.78137289548259,0.00013589829707477187,0.001179504372066238,0.0013154026691410098,0.3339485652015248
84.81471161860311,0.00013579272553494495,0.0011790407358770758,0.0013148334614120206,0.33394194234350116
84.84805034172362,0.00013568727696600195,0.0011785774640342592,0.0013142647410002613,0.33393532443684737
84.88138906484414,0.00013558195117703318,0.0011781145561084768,0.00131369650728551,0.33392871147600983
84.91472778796467,0.00013547674797749932,0.0011776520116710922,0.0013131287596485916,0.3339221034554434
84.94806651108519,0.0001353716671772305,0.001177189830294141,0.0013125614974713717,0.33391550036961093
84.98140523420571,0.0001352667085864256,0.0011767280115503312,0.0013119947201367568,0.3339089022129839
85.01474395732623,0.00013516187201565108,0.00117626655501304,0.001311428427028691,0.3339023089800417
85.04808268044675,0.0001350571572758404,0.0011758054602563149,0.0013108626175321553,0.3338957206652724
85.08142140356726,0.00013495256417829304,0.0011753447268548695,0.0013102972910331626,0.3338891372631717
85.11476012668778,0.00013484809253467366,0.0011748843543840847,0.0013097324469187584,0.3338825587682441
85.1480988498083,0.00013474374215701132,0.0011744243424200063,0.0013091680845770176,0.3338759851750019
85.18143757292883,0.00013463951285769857,0.0011739646905393436,0.0013086042033970422,0.33386941647796586
85.21477629604935,0.00013453540444949058,0.0011735053983194686,0.0013080408027689593,0.33386285267166466
85.24811501916987,0.0001344314167455044,0.0011730464653384144,0.0013074778820839187,0.33385629375063536
85.2814537422904,0.00013432754955921807,0.0011725878911748734,0.0013069154407340914,0.333849739709423
85.3147924654109,0.00013422380270446975,0.0011721296754081975,0.0013063534781126672,0.33384319054258077
85.34813118853143,0.00013412017599545687,0.0011716718176183949,0.0013057919936138517,0.33383664624467013
85.38146991165195,0.00013401666924673538,0.0011712143173861298,0.0013052309866328651,0.33383010681026026
85.41480863477247,0.0001339132822732189,0.001170757174292722,0.001304670456565941,0.3338235722339288
85.44814735789299,0.00013381001489017784,0.0011703003879201443,0.0013041104028103222,0.3338170425102613
85.48148608101351,0.0001337068669132387,0.0011698439578510212,0.0013035508247642598,0.33381051763385133
85.51482480413404,0.00013360383815838296,0.0011693878836686283,0.0013029917218270112,0.3338039975993005
85.54816352725454,0.00013350092844194674,0.0011689321649568914,0.0013024330933988381,0.33379748240121854
85.58150225037507,0.00013339813758061935,0.0011684768013003838,0.001301874938881003,0.33379097203422303
85.61484097349559,0.00013329546539144315,0.0011680217922843258,0.001301317257675769,0.33378446649293964
85.64817969661611,0.00013319291169181218,0.0011675671374945843,0.0013007600491863965,0.3337779657720019
85.68151841973663,0.0001330904762994717,0.0011671128365176706,0.0013002033128171422,0.33377146986605155
85.71485714285716,0.00013298815903251717,0.0011666588889407384,0.0012996470479732555,0.33376497876973793
85.74819586597766,0.00013288595970939362,0.001166205294351585,0.0012990912540609787,0.3337584924777186
85.78153458909819,0.00013278387814889464,0.001165752052338647,0.0012985359304875416,0.33375201098465884
85.81487331221871,0.00013268191417016174,0.0011652991624910014,0.0012979810766611632,0.333745534285232
85.84821203533923,0.00013258006759268355,0.0011648466243983633,0.0012974266919910469,0.3337390623741191
85.88155075845975,0.0001324783382362949,0.0011643944376510849,0.0012968727758873799,0.33373259524600923
85.91488948158027,0.00013237672592117614,0.0011639426018401546,0.0012963193277613306,0.3337261328955992
85.9482282047008,0.00013227523046785222,0.0011634911165571942,0.0012957663470250466,0.33371967531759383
85.9815669278213,0.0001321738516971921,0.0011630399813944607,0.0012952138330916529,0.3337132225067055
86.01490565094183,0.00013207258943040767,0.0011625891959448416,0.0012946617853752493,0.3337067744576546
86.04824437406235,0.00013197144348905325,0.0011621387598018563,0.0012941102032909095,0.33370033116516934
86.08158309718287,0.00013187041369502466,0.0011616886725596533,0.001293559086254678,0.3336938926239856
86.1149218203034,0.00013176949987055842,0.0011612389338130104,0.0012930084336835689,0.33368745882884704
86.14826054342392,0.00013166870183823102,0.001160789543157332,0.0012924582449955631,0.33368102977450514
86.18159926654444,0.00013156801942095815,0.001160340500188649,0.0012919085196096071,0.33367460545571914
86.21493798966495,0.00013146745244199388,0.0011598918045036164,0.0012913592569456104,0.3336681858672559
86.24827671278547,0.00013136700072492985,0.0011594434556995135,0.0012908104564244433,0.33366177100388994
86.28161543590599,0.00013126666409369459,0.0011589954533742423,0.001290262117467937,0.3336553608604038
86.31495415902651,0.00013116644237255273,0.001158547797126325,0.0012897142394988777,0.33364895543158735
86.34829288214704,0.00013106633538610416,0.0011581004865549047,0.0012891668219410088,0.3336425547122383
86.38163160526756,0.00013096634295928336,0.001157653521259743,0.0012886198642190264,0.33363615869716196
86.41497032838807,0.0001308664649173586,0.0011572069008412196,0.0012880733657585782,0.33362976738117134
86.44830905150859,0.00013076670108593097,0.0011567606249003296,0.0012875273259862605,0.33362338075908693
86.48164777462911,0.00013066705129093404,0.0011563146930386845,0.0012869817443296185,0.33361699882573703
86.51498649774963,0.00013056751535863275,0.0011558691048585094,0.0012864366202171421,0.3336106215759575
86.54832522087015,0.0001304680931156228,0.0011554238599626422,0.001285891953078265,0.3336042490045916
86.58166394399068,0.0001303687843888299,0.0011549789579545328,0.0012853477423433628,0.33359788110649047
86.6150026671112,0.0001302695890055089,0.0011545343984382414,0.0012848039874437504,0.3335915178765125
86.6483413902317,0.00013017050679324329,0.0011540901810184376,0.0012842606878116808,0.3335851593095237
86.68168011335223,0.000130071537579944,0.0011536463053003993,0.0012837178428803432,0.3335788054003978
86.71501883647275,0.00012997268119384917,0.0011532027708900116,0.001283175452083861,0.3335724561440159
86.74835755959327,0.00012987393746352312,0.0011527595773937645,0.0012826335148572875,0.33356611153526655
86.7816962827138,0.0001297753062178556,0.001152316724418754,0.0012820920306366094,0.3335597715690458
86.81503500583432,0.00012967678728606117,0.0011518742115726789,0.00128155099885874,0.3335534362402574
86.84837372895484,0.00012957838049767838,0.0011514320384638404,0.0012810104189615187,0.3335471055438122
86.88171245207535,0.00012948008568256902,0.0011509902047011416,0.0012804702903837107,0.3335407794746288
86.91505117519587,0.00012938190267091745,0.0011505487098940842,0.0012799306125650016,0.33353445802763304
86.94838989831639,0.00012928383129322976,0.0011501075536527704,0.0012793913849460002,0.3335281411977583
86.98172862143691,0.0001291858713803332,0.0011496667355878993,0.0012788526069682326,0.33352182897994537
87.01506734455744,0.00012908802276337533,0.0011492262553107666,0.0012783142780741419,0.33351552136914225
87.04840606767796,0.00012899028527382328,0.001148786112433264,0.0012777763977070873,0.33350921836030456
87.08174479079847,0.00012889265874346318,0.0011483463065678774,0.0012772389653113406,0.33350291994839515
87.11508351391899,0.00012879514300439914,0.0011479068373276852,0.0012767019803320845,0.33349662612838427
87.14842223703951,0.00012869773788905286,0.0011474677043263588,0.0012761654422154118,0.33349033689524943
87.18176096016003,0.00012860044323016268,0.0011470289071781599,0.0012756293504083225,0.33348405224397554
87.21509968328056,0.00012850325886078301,0.0011465904454979403,0.0012750937043587232,0.3334777721695548
87.24843840640108,0.00012840618461428349,0.0011461523189011404,0.0012745585035154239,0.3334714966669868
87.2817771295216,0.00012830922032434835,0.0011457145270037886,0.0012740237473281369,0.3334652257312783
87.31511585264211,0.00012821236582497572,0.0011452770694224989,0.0012734894352474746,0.3334589593574433
87.34845457576263,0.0001281156209504768,0.001144839945774471,0.0012729555667249479,0.33345269754050316
87.38179329888315,0.00012801898553547526,0.001144403155677489,0.0012724221412129641,0.3334464402754864
87.41513202200368,0.00012792245941490655,0.0011439666987499196,0.0012718891581648263,0.33344018755742894
87.4484707451242,0.0001278260424240171,0.0011435305746107123,0.0012713566170347295,0.3334339393813737
87.48180946824472,0.00012772973439836367,0.0011430947828793966,0.0012708245172777604,0.33342769574237097
87.51514819136524,0.00012763353517381264,0.0011426593231760821,0.0012702928583498948,0.33342145663547806
87.54848691448575,0.0001275374445865394,0.0011422241951214575,0.001269761639707997,0.3334152220557597
87.58182563760627,0.0001274414624730274,0.0011417893983367879,0.0012692308608098152,0.33340899199828755
87.6151643607268,0.0001273455886700678,0.0011413549324439162,0.001268700521113984,0.3334027664581406
87.64850308384732,0.00012724982301475844,0.0011409207970652594,0.0012681706200800178,0.33339654543040487
87.68184180696784,0.00012715416534450345,0.00114048699182381,0.0012676411571683134,0.33339032891017356
87.71518053008836,0.00012705861549701234,0.0011400535163431328,0.001267112131840145,0.33338411689254704
87.74851925320887,0.00012696317331029942,0.0011396203702473651,0.0012665835435576645,0.3333779093726326
87.78185797632939,0.00012686783862268298,0.0011391875531612146,0.0012660553917838975,0.3333717063455448
87.81519669944991,0.00012677261127278484,0.0011387550647099598,0.0012655276759827446,0.3333655078064052
87.84853542257044,0.00012667749109952946,0.0011383229045194474,0.0012650003956189769,0.3333593137503425
87.88187414569096,0.00012658247794214338,0.001137891072216092,0.0012644735501582355,0.33335312417249235
87.91521286881148,0.00012648757164015445,0.001137459567426875,0.0012639471390670295,0.3333469390679974
87.948551591932,0.00012639277203339123,0.0011370283897793431,0.0012634211618127345,0.33334075843200744
87.98189031505251,0.00012629807896198227,0.0011365975389016083,0.0012628956178635906,0.33333458225967927
88.01522903817303,0.00012620349226635536,0.001136167014422345,0.0012623705066887004,0.3333284105461767
88.04856776129355,0.0001261090117872371,0.0011357368159707908,0.0012618458277580279,0.33332224328667037
88.08190648441408,0.00012601463736565199,0.001135306943176744,0.001261321580542396,0.3333160804763381
88.1152452075346,0.00012592036884292177,0.0011348773956705634,0.0012607977645134852,0.3333099221103644
88.14858393065512,0.000125826206060665,0.0011344481730831675,0.0012602743791438325,0.3333037681839412
88.18192265377564,0.0001257321488607961,0.0011340192750460324,0.0012597514239068284,0.3332976186922668
88.21526137689615,0.00012563819708552484,0.0011335907011911918,0.0012592288982767167,0.3332914736305469
88.24860010001667,0.00012554435057735561,0.0011331624511512345,0.00125870680172859,0.33328533299399377
88.2819388231372,0.00012545060917908685,0.001132734524559305,0.0012581851337383919,0.3332791967778268
88.31527754625772,0.00012535697273381033,0.001132306921049102,0.0012576638937829123,0.33327306497727216
88.34861626937824,0.00012526344108491048,0.0011318796402548764,0.001257143081339787,0.333266937587563
88.38195499249876,0.00012517001407606377,0.0011314526818114316,0.0012566226958874954,0.33326081460393914
88.41529371561927,0.00012507669155123807,0.0011310260453541213,0.0012561027369053595,0.33325469602164737
88.44863243873979,0.0001249834733546919,0.0011305997305188493,0.0012555832038735413,0.3332485818359414
88.48197116186032,0.00012489035933097392,0.001130173736942068,0.001255064096273042,0.3332424720420817
88.51530988498084,0.00012479734932492213,0.0011297480642607776,0.0012545454135856997,0.3332363666353354
88.54864860810136,0.00012470444318166346,0.0011293227121125246,0.001254027155294188,0.33323026561097663
88.58198733122188,0.00012461164074661284,0.0011288976801354022,0.001253509320882015,0.33322416896428625
88.6153260543424,0.00012451894186547277,0.0011284729679680468,0.0012529919098335195,0.33321807669055187
88.64866477746291,0.00012442634638423254,0.0011280485752496398,0.0012524749216338722,0.33321198878506797
88.68200350058343,0.00012433385414916762,0.0011276245016199038,0.0012519583557690714,0.3332059052431356
88.71534222370396,0.00012424146500683916,0.0011272007467191042,0.0012514422117259434,0.3331998260600627
88.74868094682448,0.00012414917880409316,0.0011267773101880459,0.001250926488992139,0.3331937512311638
88.782019669945,0.00012405699538805995,0.0011263541916680742,0.0012504111870561341,0.33318768075176036
88.81535839306552,0.00012396491460615354,0.0011259313908010724,0.0012498963054072259,0.33318161461718027
88.84869711618605,0.00012387293630607097,0.0011255089072294616,0.0012493818435355326,0.3331755528227584
88.88203583930655,0.0001237810603357917,0.0011250867405961991,0.0012488678009319907,0.333169495363836
88.91537456242708,0.00012368928654357686,0.0011246648905447777,0.0012483541770883545,0.33316344223576133
88.9487132855476,0.00012359761477796885,0.0011242433567192252,0.001247840971497194,0.33315739343388895
88.98205200866812,0.0001235060448877906,0.001123822138764102,0.0012473281836518925,0.33315134895358034
89.01539073178864,0.00012341457672214486,0.0011234012363245019,0.0012468158130466468,0.33314530879020343
89.04872945490916,0.00012332321013041372,0.0011229806490460495,0.0012463038591764633,0.3331392729391329
89.08206817802967,0.00012323194496225798,0.0011225603765749007,0.0012457923215371588,0.33313324139575
89.1154069011502,0.0001231407810676163,0.0011221404185577397,0.001245281199625356,0.3331272141554425
89.14874562427072,0.00012304971829670501,0.0011217207746417803,0.0012447704929384852,0.33312119121360484
89.18208434739124,0.00012295875650001703,0.001121301444474763,0.00124426020097478,0.33311517256563805
89.21542307051176,0.0001228678955283216,0.0011208824277049562,0.0012437503232332779,0.3331091582069497
89.24876179363228,0.00012277713523266358,0.0011204637239811519,0.0012432408592138154,0.3331031481329538
89.2821005167528,0.00012268647546436268,0.0011200453329526681,0.0012427318084170308,0.333097142339071
89.31543923987331,0.0001225959160750131,0.0011196272542693462,0.0012422231703443593,0.33309114082072855
89.34877796299384,0.00012250545691648267,0.0011192094875815495,0.0012417149444980322,0.33308514357336005
89.38211668611436,0.00012241509784091247,0.0011187920325401639,0.0012412071303810764,0.3330791505924058
89.41545540923488,0.00012232483870071613,0.0011183748887965952,0.0012406997274973114,0.3330731618733123
89.4487941323554,0.00012223467934857916,0.0011179580560027695,0.0012401927353513486,0.33306717741153286
89.48213285547592,0.00012214461963745848,0.0011175415338111313,0.0012396861534485898,0.3330611972025271
89.51547157859645,0.00012205465942058169,0.0011171253218746427,0.0012391799812952243,0.33305522124176096
89.54881030171695,0.00012196479855144666,0.0011167094198467832,0.00123867421839823,0.3330492495247071
89.58214902483748,0.00012187503688382059,0.0011162938273815474,0.001238168864265368,0.3330432820468444
89.615487747958,0.00012178537427173989,0.0011158785441334454,0.0012376639184051852,0.33303731880365833
89.64882647107852,0.00012169581056950913,0.0011154635697575009,0.00123715938032701,0.3330313597906407
89.68216519419904,0.00012160634563170079,0.0011150489039092504,0.0012366552495409512,0.33302540500328953
89.71550391731957,0.00012151697931315445,0.0011146345462447432,0.0012361515255578976,0.3330194544371096
89.74884264044007,0.00012142771146897635,0.001114220496420539,0.0012356482078895153,0.3330135080876118
89.7821813635606,0.00012133854195453862,0.0011138067540937074,0.001235145296048246,0.33300756595031344
89.81552008668112,0.00012124947062547887,0.0011133933189218278,0.0012346427895473066,0.33300162802073824
89.84885880980164,0.0001211604973376996,0.0011129801905629874,0.001234140687900687,0.3329956942944162
89.88219753292216,0.00012107162194736753,0.001112567368675781,0.0012336389906231484,0.3329897647668837
89.91553625604269,0.000120982844310913,0.0011121548529193094,0.0012331376972302224,0.33298383943368337
89.94887497916321,0.00012089416428502951,0.001111742642953179,0.0012326368072382084,0.33297791829036427
89.98221370228372,0.00012080558172667298,0.001111330738437501,0.001232136320164174,0.33297200133248167
90.01555242540424,0.00012071709649306135,0.0011109191390328893,0.0012316362355259507,0.3329660885555971
90.04889114852476,0.00012062870844167388,0.001110507844400461,0.0012311365528421348,0.33296017995527843
90.08222987164528,0.00012054041743025062,0.0011100968542018348,0.0012306372716320855,0.33295427552709983
90.1155685947658,0.00012045222331679185,0.00110968616809913,0.0012301383914159218,0.33294837526664156
90.14890731788633,0.00012036412595955751,0.0011092757857549661,0.0012296399117145236,0.3329424791694904
90.18224604100685,0.0001202761252170665,0.0011088657068324612,0.0012291418320495276,0.332936587231239
90.21558476412736,0.00012018822094809648,0.0011084559309952312,0.0012286441519433276,0.33293069944748654
90.24892348724788,0.00012010041301168267,0.001108046457907389,0.0012281468709190717,0.33292481581383837
90.2822622103684,0.00012001270126711799,0.001107637287233544,0.0012276499885006621,0.3329189363259058
90.31560093348892,0.00011992508557395202,0.0011072284186388012,0.0012271535042127533,0.3329130609793066
90.34893965660945,0.00011983756579199061,0.0011068198517887589,0.0012266574175807494,0.3329071897696646
90.38227837972997,0.00011975014178129532,0.0011064115863495092,0.0012261617281308045,0.3329013226926098
90.41561710285048,0.00011966281340218284,0.0011060036219876371,0.00122566643538982,0.3328954597437784
90.448955825971,0.00011957558051522436,0.0011055959583702187,0.0012251715388854432,0.33288960091881264
90.48229454909152,0.00011948844298124516,0.0011051885951648209,0.001224677038146066,0.332883746213361
90.51563327221204,0.00011940140066132392,0.0011047815320395001,0.001224182932700824,0.332877895623078
90.54897199533256,0.00011931445341679232,0.0011043747686628024,0.0012236892220795948,0.33287204914362445
90.58231071845309,0.00011922760110923426,0.001103968304703761,0.0012231959058129952,0.332866206770667
90.61564944157361,0.00011914084360048553,0.0011035621398318967,0.0012227029834323822,0.33286036849987855
90.64898816469412,0.0001190541807526332,0.001103156273717216,0.0012222104544698494,0.33285453432693807
90.68232688781464,0.00011896761242801489,0.001102750706030211,0.001221718318458226,0.3328487042475306
90.71566561093516,0.00011888113848921851,0.0011023454364418581,0.0012212265749310767,0.33284287825734715
90.74900433405568,0.00011879475879908158,0.0011019404646236172,0.0012207352234226987,0.3328370563520849
90.7823430571762,0.0001187084732206906,0.0011015357902474311,0.0012202442634681218,0.332831238527447
90.81568178029673,0.0001186222816173807,0.0011011314129857237,0.0012197536946031045,0.3328254247791427
90.84902050341725,0.00011853618385273492,0.0011007273325114003,0.0012192635163641352,0.3328196151028871
90.88235922653776,0.0001184501797905838,0.001100323548497846,0.0012187737282884298,0.33281380949440154
90.91569794965828,0.00011836426929500468,0.0010999200606189247,0.0012182843299139293,0.3328080079494131
90.9490366727788,0.0001182784522303214,0.0010995168685489787,0.0012177953207793,0.3328022104636551
90.98237539589933,0.00011819272846110351,0.001099113971962828,0.0012173067004239316,0.33279641703286666
91.01571411901985,0.00011810709785216599,0.0010987113705357683,0.0012168184683879343,0.3327906276527928
91.04905284214037,0.00011802156026856848,0.0010983090639435716,0.0012163306242121402,0.33278484231918487
91.08239156526088,0.00011793611557561489,0.0010979070518624843,0.0012158431674380993,0.33277906102779964
91.1157302883814,0.00011785076363885284,0.0010975053339692263,0.001215356097608079,0.3327732837744002
91.14906901150192,0.00011776550432407308,0.001097103909940991,0.001214869414265064,0.3327675105547554
91.18240773462244,0.00011768033749730908,0.0010967027794554437,0.001214383116952753,0.3327617413646401
91.21574645774297,0.0001175952630248364,0.0010963019421907209,0.0012138972052155572,0.3327559761998348
91.24908518086349,0.00011751028077317213,0.0010959013978254295,0.0012134116785986018,0.3327502150561264
91.28242390398401,0.0001174253906090746,0.001095501146038646,0.0012129265366477206,0.3327444579293071
91.31576262710452,0.00011734059239954252,0.0010951011865099158,0.0012124417789094583,0.3327387048151754
91.34910135022504,0.00011725588601181467,0.0010947015189192513,0.001211957404931066,0.3327329557095354
91.38244007334556,0.00011717127131336936,0.0010943021429471326,0.001211473414260502,0.33272721060819727
91.41577879646609,0.00011708674817192392,0.001093903058274506,0.0012109898064464298,0.33272146950697684
91.44911751958661,0.00011700231645543413,0.0010935042645827822,0.0012105065810382163,0.3327157324016958
91.48245624270713,0.00011691797603209367,0.0010931057615538374,0.001210023737585931,0.33270999928818173
91.51579496582765,0.00011683372677033377,0.0010927075488700105,0.0012095412756403443,0.33270427016226795
91.54913368894816,0.00011674956853882255,0.0010923096262141037,0.0012090591947529262,0.3326985450197936
91.58247241206868,0.00011666550120646447,0.0010919119932693807,0.0012085774944758452,0.33269282385660376
91.6158111351892,0.00011658152464240003,0.0010915146497195662,0.0012080961743619661,0.332687106668549
91.64914985830973,0.000116497638716005,0.0010911175952488454,0.0012076152339648503,0.33268139345148584
91.68248858143025,0.00011641384329689015,0.0010907208295418633,0.0012071346728387534,0.33267568420127663
91.71582730455077,0.00011633013825490059,0.0010903243522837219,0.0012066544905386225,0.33266997891378924
91.74916602767128,0.00011624652346011533,0.0010899281631599823,0.0012061746866200975,0.3326642775848974
91.7825047507918,0.00011616299878284666,0.0010895322618566618,0.0012056952606395086,0.3326585802104807
91.81584347391232,0.00011607956409363985,0.0010891366480602343,0.0012052162121538742,0.3326528867864243
91.84918219703285,0.00011599621926327253,0.0010887413214576284,0.001204737540720901,0.332647197308619
91.88252092015337,0.00011591296416275414,0.001088346281736227,0.0012042592458989811,0.3326415117729615
91.91585964327389,0.00011582979866332556,0.001087951528583867,0.0012037813272471926,0.332635830175354
91.94919836639441,0.00011574672263645848,0.001087557061688838,0.0012033037843252963,0.3326301525117044
91.98253708951492,0.00011566373595385505,0.0010871628807398812,0.0012028266166937362,0.33262447877792656
92.01587581263544,0.00011558083848744719,0.0010867689854261889,0.001202349823913636,0.33261880896993967
92.04921453575597,0.0001154980301093963,0.0010863753754374037,0.0012018734055468,0.3326131430836686
92.08255325887649,0.0001154153106920926,0.0010859820504636182,0.0012013973611557107,0.33260748111504407
92.11589198199701,0.00011533268010815477,0.0010855890101953728,0.0012009216903035276,0.3326018230600022
92.14923070511753,0.00011525013823042939,0.0010851962543236564,0.0012004463925540858,0.33259616891448485
92.18256942823805,0.00011516768493199047,0.0010848037825399045,0.001199971467471895,0.33259051867443945
92.21590815135856,0.00011508532008613898,0.0010844115945359994,0.0011994969146221384,0.3325848723358191
92.24924687447908,0.00011500304356640222,0.001084019690004268,0.0011990227335706702,0.33257922989458244
92.2825855975996,0.00011492085524653355,0.0010836280686374823,0.001198548923884016,0.3325735913466937
92.31592432072013,0.00011483875500051182,0.0010832367301288582,0.00119807548512937,0.3325679566881226
92.34926304384065,0.00011475674270254084,0.0010828456741720544,0.0011976024168745953,0.3325623259148446
92.38260176696117,0.00011467481822704893,0.0010824549004611716,0.0011971297186882206,0.3325566990228405
92.41594049008168,0.00011459298144868853,0.0010820644086907525,0.001196657390139441,0.3325510760080969
92.4492792132022,0.00011451123224233546,0.0010816741985557798,0.0011961854307981153,0.3325454568666057
92.48261793632273,0.00011442957048308873,0.0010812842697516764,0.0011957138402347652,0.33253984159436445
92.51595665944325,0.00011434799604626998,0.001080894621974304,0.001195242618020574,0.3325342301873762
92.54929538256377,0.00011426650880742288,0.0010805052549199628,0.0011947717637273857,0.33252862264164945
92.58263410568429,0.00011418510864231282,0.0010801161682853903,0.001194301276927703,0.33252301895319825
92.61597282880481,0.00011410379542692631,0.0010797273617677604,0.0011938311571946868,0.33251741911804217
92.64931155192532,0.00011402256903747068,0.0010793388350646836,0.0011933614041021543,0.3325118231322061
92.68265027504584,0.00011394142935037326,0.0010789505878742044,0.0011928920172245775,0.33250623099172066
92.71598899816637,0.00011386037624228135,0.0010785626198948025,0.001192422996137084,0.33250064269262164
92.74932772128689,0.00011377940959006149,0.001078174930825391,0.0011919543404154526,0.3324950582309505
92.78266644440741,0.00011369852927079898,0.0010777875203653153,0.0011914860496361143,0.332489477602754
92.81600516752793,0.00011361773516179756,0.001077400388214353,0.0011910181233761507,0.3324839008040844
92.84934389064846,0.0001135370271405788,0.0010770135340727135,0.0011905505612132923,0.33247832783099934
92.88268261376896,0.00011345640508488178,0.0010766269576410357,0.0011900833627259174,0.332472758679562
92.91602133688949,0.00011337586887266242,0.0010762406586203885,0.0011896165274930509,0.3324671933458408
92.94936006001001,0.00011329541838209326,0.0010758546367122695,0.0011891500550943628,0.3324616318259096
92.98269878313053,0.0001132150534915628,0.0010754688916186051,0.001188683945110168,0.3324560741158477
93.01603750625105,0.00011313477407967515,0.001075083423041748,0.0011882181971214231,0.3324505202117396
93.04937622937157,0.0001130545800252496,0.0010746982306844785,0.0011877528107097281,0.33244497010967555
93.08271495249208,0.00011297447120732006,0.0010743133142500022,0.0011872877854573222,0.33243942380575064
93.1160536756126,0.0001128944475051346,0.0010739286734419494,0.001186823120947084,0.33243388129606577
93.14939239873313,0.00011281450879815512,0.0010735443079643754,0.0011863588167625306,0.3324283425767269
93.18273112185365,0.00011273465496605681,0.0010731602175217585,0.0011858948724878153,0.33242280764384535
93.21606984497417,0.0001126548858887277,0.0010727764018190003,0.001185431287707728,0.3324172764935379
93.2494085680947,0.0001125752014462682,0.0010723928605614237,0.001184968062007692,0.33241174912192656
93.28274729121522,0.00011249560151899068,0.0010720095934547737,0.0011845051949737643,0.33240622552513854
93.31608601433572,0.00011241608598741908,0.001071626600205215,0.0011840426861926341,0.33240070569930646
93.34942473745625,0.00011233665473228825,0.0010712438805193325,0.0011835805352516209,0.3323951896405683
93.38276346057677,0.00011225730763454369,0.0010708614341041302,0.0011831187417386739,0.3323896773450671
93.41610218369729,0.00011217804457534114,0.0010704792606670301,0.0011826573052423712,0.3323841688089513
93.44944090681781,0.00011209886543604596,0.0010700973599158717,0.0011821962253519176,0.33237866402837457
93.48277962993834,0.0001120197700982328,0.0010697157315589117,0.0011817355016571446,0.33237316299949593
93.51611835305886,0.00011194075844368516,0.001069334375304822,0.0011812751337485071,0.3323676657184793
93.54945707617937,0.00011186183035439496,0.0010689532908626912,0.0011808151212170863,0.33236217218149444
93.58279579929989,0.00011178298571256188,0.0010685724779420207,0.0011803554636545825,0.3323566823847156
93.61613452242041,0.00011170422440059331,0.0010681919362527268,0.0011798961606533202,0.33235119632432286
93.64947324554093,0.00011162554630110363,0.001067811665505139,0.0011794372118062427,0.3323457139965011
93.68281196866145,0.0001115469512969138,0.0010674316654099981,0.001178978616706912,0.33234023539744056
93.71615069178198,0.000111468439271051,0.001067051935678458,0.001178520374949509,0.3323347605233367
93.74948941490248,0.00011139001010674826,0.001066672476022082,0.0011780624861288302,0.3323292893703901
93.782828138023,0.00011131166368744374,0.0010662932861528445,0.0011776049498402883,0.3323238219348065
93.81616686114353,0.00011123339989678064,0.0010659143657831289,0.0011771477656799096,0.3323183582127967
93.84950558426405,0.00011115521861860659,0.0010655357146257276,0.0011766909332443342,0.33231289820057697
93.88284430738457,0.00011107711973697318,0.0010651573323938405,0.0011762344521308137,0.33230744189436834
93.9161830305051,0.00011099910313613567,0.0010647792188010752,0.001175778321937211,0.33230198929039717
93.94952175362562,0.00011092116870055243,0.0010644013735614454,0.0011753225422619978,0.332296540384895
93.98286047674613,0.0001108433163148847,0.0010640237963893712,0.0011748671127042559,0.33229109517409827
94.01619919986665,0.00011076554586399573,0.001063646486999677,0.0011744120328636728,0.33228565365424884
94.04953792298717,0.000110687857232951,0.001063269445107592,0.001173957302340543,0.3322802158215933
94.08287664610769,0.00011061025030701725,0.0010628926704287492,0.0011735029207357664,0.3322747816723836
94.11621536922821,0.00011053272497166234,0.001062516162679184,0.0011730488876508464,0.33226935120287676
94.14955409234874,0.00011045528111255466,0.0010621399215753346,0.0011725952026878893,0.33226392440933467
94.18289281546926,0.0001103779186155629,0.00106176394683404,0.0011721418654496028,0.3322585012880244
94.21623153858977,0.00011030063736675548,0.0010613882381725413,0.0011716888755392968,0.3322530818352183
94.24957026171029,0.0001102234372524001,0.0010610127953084778,0.0011712362325608779,0.33224766604719336
94.28290898483081,0.00011014631815896352,0.0010606376179598893,0.001170783936118853,0.33224225392023177
94.31624770795133,0.00011006927997311093,0.0010602627058452147,0.0011703319858183256,0.33223684545062093
94.34958643107186,0.00010999232258170564,0.0010598880586832897,0.0011698803812649954,0.33223144063465304
94.38292515419238,0.00010991544587180868,0.0010595136761933483,0.0011694291220651569,0.33222603946862533
94.41626387731289,0.00010983864973067837,0.0010591395580950205,0.001168978207825699,0.3322206419488402
94.44960260043341,0.00010976193404576976,0.001058765704108332,0.0011685276381541015,0.33221524807160485
94.48294132355393,0.00010968529870473447,0.001058392113953704,0.0011680774126584385,0.3322098578332316
94.51628004667445,0.00010960874359542009,0.001058018787351952,0.001167627530947372,0.3322044712300376
94.54961876979498,0.0001095322686058699,0.0010576457240242857,0.0011671779926301555,0.33219908825834515
94.5829574929155,0.00010945587362432231,0.0010572729236923075,0.0011667287973166297,0.3321937089144814
94.61629621603602,0.00010937955853921065,0.001056900386078012,0.0011662799446172227,0.3321883331947786
94.64963493915653,0.00010930332323916253,0.0010565281109037859,0.0011658314341429484,0.3321829610955736
94.68297366227705,0.0001092271676129996,0.0010561560978924064,0.001165383265505406,0.3321775926132086
94.71631238539757,0.00010915109154973712,0.0010557843467670414,0.0011649354383167785,0.33217222774403043
94.7496511085181,0.00010907509493858353,0.0010554128572512484,0.001164487952189832,0.3321668664843911
94.78298983163862,0.00010899917766893999,0.001055041629068974,0.001164040806737914,0.3321615088306472
94.81632855475914,0.0001089233396304001,0.0010546706619445525,0.0011635940015749526,0.3321561547791605
94.84966727787966,0.00010884758071274944,0.0010542999556027064,0.0011631475363154558,0.33215080432629757
94.88300600100017,0.00010877190080596516,0.0010539295097685448,0.0011627014105745099,0.3321454574684299
94.91634472412069,0.00010869629980021551,0.0010535593241675627,0.0011622556239677783,0.33214011420193384
94.94968344724121,0.00010862077758585958,0.0010531893985256413,0.001161810176111501,0.33213477452319046
94.98302217036174,0.0001085453340534469,0.001052819732569046,0.0011613650666224928,0.33212943842858594
95.01636089348226,0.00010846996909371686,0.0010524503260244268,0.0011609202951181436,0.3321241059145112
95.04969961660278,0.00010839468259759855,0.0010520811786188173,0.001160475861216416,0.33211877697736203
95.08303833972329,0.00010831947445621019,0.001051712290079634,0.001160031764535844,0.332113451613539
95.11637706284381,0.00010824434456085878,0.0010513436601346745,0.0011595880046955333,0.3321081298194476
95.14971578596433,0.00010816929280303979,0.0010509752885121191,0.001159144581315159,0.33210281159149796
95.18305450908485,0.00010809431907443666,0.001050607174940529,0.0011587014940149655,0.3320974969261053
95.21639323220538,0.00010801942326692047,0.0010502393191488444,0.0011582587424157648,0.33209218581968947
95.2497319553259,0.00010794460527254955,0.001049871720866386,0.0011578163261389356,0.33208687826867506
95.28307067844642,0.00010786986498356904,0.0010495043798228532,0.0011573742448064222,0.33208157426949164
95.31640940156693,0.00010779520229241061,0.0010491372957483235,0.0011569324980407341,0.3320762738185734
95.34974812468745,0.00010772061709169187,0.0010487704683732513,0.0011564910854649432,0.3320709769123594
95.38308684780797,0.00010764610927421624,0.0010484038974284688,0.0011560500067026851,0.3320656835472934
95.4164255709285,0.00010757167873297236,0.0010480375826451838,0.001155609261378156,0.33206039371982393
95.44976429404902,0.00010749732536113385,0.00104767152375498,0.0011551688491161138,0.3320551074264044
95.48310301716954,0.0001074230490520588,0.0010473057204898153,0.001154728769541874,0.3320498246634926
95.51644174029006,0.00010734884969928954,0.0010469401725820228,0.0011542890222813124,0.3320445454275516
95.54978046341057,0.00010727472719655204,0.0010465748797643087,0.0011538496069608607,0.33203926971504866
95.58311918653109,0.00010720068143775573,0.0010462098417697515,0.0011534105232075074,0.33203399752245605
95.61645790965161,0.00010712671231699306,0.0010458450583318033,0.0011529717706487963,0.3320287288462508
95.64979663277214,0.00010705281972853911,0.0010454805291842866,0.0011525333489128256,0.3320234636829144
95.68313535589266,0.00010697900356685114,0.0010451162540613954,0.0011520952576282465,0.33201820202893323
95.71647407901318,0.00010690526372656838,0.0010447522326976944,0.0011516574964242627,0.3320129438807984
95.74981280213369,0.00010683160010251153,0.0010443884648281172,0.0011512200649306287,0.33200768923500534
95.78315152525421,0.00010675801258968235,0.0010440249501879669,0.0011507829627776492,0.33200243808805463
95.81649024837473,0.00010668450108326342,0.0010436616885129148,0.0011503461895961782,0.3319971904364512
95.84982897149526,0.00010661106547861767,0.0010432986795390002,0.0011499097450176179,0.3319919462767047
95.88316769461578,0.00010653770567128803,0.0010429359230026294,0.0011494736286739174,0.33198670560532956
95.9165064177363,0.00010646442155699708,0.001042573418640575,0.0011490378401975722,0.33198146841884457
95.94984514085682,0.00010639121303164668,0.0010422111661899762,0.001148602379221623,0.33197623471377347
95.98318386397733,0.00010631807999131753,0.0010418491653883363,0.001148167245379654,0.33197100448664446
96.01652258709785,0.00010624502233226886,0.0010414874159735237,0.0011477324383057925,0.3319657777339903
96.04986131021838,0.00010617203995093809,0.0010411259176837707,0.0011472979576347088,0.3319605544523484
96.0832000333389,0.0001060991327439404,0.0010407646702576732,0.0011468638030016135,0.33195533463826093
96.11653875645942,0.00010602630060806839,0.0010404036734341893,0.0011464299740422577,0.3319501182882745
96.14987747957994,0.00010595354344029177,0.0010400429269526396,0.0011459964703929312,0.3319449053989403
96.18321620270046,0.00010588086113775688,0.0010396824305527058,0.0011455632916904626,0.3319396959668141
96.21655492582097,0.00010580825359778643,0.0010393221839744306,0.001145130437572217,0.33193448998845637
96.2498936489415,0.00010573572071787906,0.0010389621869582165,0.0011446979076760956,0.33192928746043193
96.28323237206202,0.00010566326239570902,0.001038602439244826,0.0011442657016405352,0.33192408837931037
96.31657109518254,0.00010559087852912581,0.0010382429405753804,0.0011438338191045061,0.33191889274166564
96.34990981830306,0.00010551856901615389,0.0010378836906913592,0.001143402259707513,0.3319137005440764
96.38324854142358,0.0001054463337549921,0.0010375246893345996,0.0011429710230895917,0.3319085117831257
96.41658726454409,0.00010537417264401357,0.001037165936247296,0.0011425401088913096,0.33190332645540127
96.44992598766461,0.00010530208558176512,0.0010368074311719992,0.0011421095167537642,0.33189814455749517
96.48326471078514,0.00010523007246696715,0.0010364491738516157,0.0011416792463185828,0.3318929660860041
96.51660343390566,0.00010515813319851312,0.0010360911640294073,0.0011412492972279204,0.3318877910375293
96.54994215702618,0.00010508626767546913,0.0010357334014489904,0.0011408196691244596,0.33188261940867636
96.5832808801467,0.00010501447579707383,0.0010353758858543357,0.0011403903616514096,0.33187745119605544
96.61661960326722,0.00010494275746273777,0.0010350186169897665,0.0011399613744525043,0.3318722863962812
96.64995832638773,0.00010487111257204329,0.0010346615945999599,0.0011395327071720032,0.3318671250059727
96.68329704950825,0.00010479954102474392,0.0010343048184299443,0.0011391043594546882,0.3318619670217536
96.71663577262878,0.00010472804272076431,0.0010339482882251,0.0011386763309458644,0.33185681244025184
96.7499744957493,0.00010465661756019968,0.0010335920037311585,0.0011382486212913581,0.33185166125809995
96.78331321886982,0.00010458526544331554,0.0010332359646942012,0.0011378212301375167,0.3318465134719349
96.81665194199034,0.00010451398627054731,0.0010328801708606597,0.001137394157131207,0.331841369078398
96.84999066511087,0.00010444277994250003,0.0010325246219773142,0.0011369674019198143,0.33183622807413504
96.88332938823137,0.00010437164635994801,0.001032169317791294,0.001136540964151242,0.3318310904557963
96.9166681113519,0.0001043005854238343,0.001031814258050076,0.0011361148434739102,0.3318259562200363
96.95000683447242,0.00010422959703527069,0.0010314594425014842,0.001135689039536755,0.33182082536351426
96.98334555759294,0.00010415868109553704,0.0010311048708936902,0.0011352635519892272,0.33181569788289345
97.01668428071346,0.00010408783750608115,0.0010307505429752108,0.0011348383804812919,0.3318105737748417
97.05002300383399,0.00010401706616851831,0.0010303964584949092,0.0011344135246634274,0.3318054530360314
97.0833617269545,0.00010394636698463102,0.001030042617201993,0.001133988984186624,0.331800335663139
97.11670045007502,0.00010387573985636849,0.0010296890188460142,0.0011335647587023827,0.3317952216528455
97.15003917319554,0.00010380518468584661,0.0010293356631768688,0.0011331408478627155,0.33179011100183625
97.18337789631606,0.00010373470137534729,0.0010289825499447958,0.001132717251320143,0.33178500370680086
97.21671661943658,0.00010366428982731834,0.0010286296789003772,0.0011322939687276956,0.33177989976443356
97.2500553425571,0.00010359394994437298,0.0010282770497945363,0.0011318709997389094,0.3317747991714325
97.28339406567763,0.00010352368162928965,0.0010279246623785387,0.0011314483440078283,0.33176970192450056
97.31673278879813,0.00010345348478501159,0.0010275725164039901,0.0011310260011890016,0.3317646080203447
97.35007151191866,0.0001033833593146464,0.001027220611622837,0.0011306039709374834,0.33175951745567633
97.38341023503918,0.00010331330512146595,0.001026868947787365,0.001130182252908831,0.33175443022721113
97.4167489581597,0.0001032433221089059,0.0010265175246501996,0.0011297608467591056,0.3317493463316691
97.45008768128022,0.0001031734101805653,0.001026166341964304,0.0011293397521448692,0.3317442657657744
97.48342640440075,0.00010310356924020645,0.0010258153994829797,0.001128918968723186,0.33173918852625583
97.51676512752127,0.00010303379919175436,0.0010254646969598657,0.0011284984961516201,0.3317341146098461
97.55010385064178,0.00010296409993929662,0.001025114234148938,0.0011280783340882347,0.33172904401328246
97.5834425737623,0.00010289447138708286,0.0010247640108045077,0.0011276584821915906,0.33172397673330617
97.61678129688282,0.00010282491343952461,0.0010244140266812227,0.0011272389401207473,0.331718912766663
97.65012002000334,0.00010275542600119485,0.0010240642815340657,0.0011268197075352605,0.33171385211010296
97.68345874312386,0.00010268600897682778,0.0010237147751183534,0.0011264007840951812,0.3317087947603802
97.71679746624439,0.00010261666227131839,0.001023365507189737,0.0011259821694610554,0.33170374071425307
97.7501361893649,0.0001025473857897222,0.0010230164775042012,0.0011255638632939233,0.33169868996848434
97.78347491248542,0.0001024781794372549,0.0010226676858180622,0.001125145865255317,0.33169364251984085
97.81681363560594,0.00010240904311929205,0.00102231913188797,0.0011247281750072621,0.33168859836509385
97.85015235872646,0.00010233997674136879,0.0010219708154709053,0.001124310792212274,0.3316835575010185
97.88349108184698,0.00010227098020917943,0.0010216227363241803,0.0011238937165333597,0.3316785199243945
97.9168298049675,0.0001022020534285772,0.0010212748942054373,0.0011234769476340144,0.33167348563200555
97.95016852808803,0.00010213319630557392,0.0010209272888726494,0.0011230604851782233,0.3316684546206396
97.98350725120854,0.00010206440874633965,0.001020579920084118,0.0011226443288304578,0.3316634268870888
98.01684597432906,0.00010199569065720232,0.0010202327875984741,0.0011222284782556765,0.3316584024281494
98.05018469744958,0.00010192704194464759,0.0010198858911746767,0.0011218129331193242,0.33165338124062205
98.0835234205701,0.00010185846251531832,0.0010195392305720125,0.001121397693087331,0.3316483633213113
98.11686214369062,0.00010178995227601442,0.0010191928055500955,0.00112098275782611,0.331643348667026
98.15020086681115,0.00010172151113369246,0.0010188466158688662,0.0011205681270025586,0.3316383372745791
98.18353958993167,0.00010165313899546531,0.0010185006612885915,0.0011201538002840567,0.3316333291407878
98.21687831305218,0.00010158483576860192,0.0010181549415698632,0.001119739777338465,0.33162832426247335
98.2502170361727,0.00010151660136052688,0.0010178094564735982,0.0011193260578341252,0.33162332263646116
98.28355575929322,0.00010144843567882029,0.0010174642057610385,0.0011189126414398588,0.3316183242595807
98.31689448241374,0.00010138033863121729,0.0010171191891937487,0.001118499527824966,0.3316133291286657
98.35023320553427,0.00010131231012560778,0.0010167744065336178,0.0011180867166592256,0.33160833724055394
98.38357192865479,0.00010124435007003617,0.001016429857542857,0.0011176742076128932,0.33160334859208723
98.4169106517753,0.00010117645837270105,0.001016085541984,0.001117262000356701,0.3315983631801116
98.45024937489582,0.00010110863494195473,0.0010157414596199017,0.0011168500945618566,0.3315933810014771
98.48358809801634,0.00010104087968630317,0.0010153976102137388,0.001116438489900042,0.3315884020530379
98.51692682113686,0.00010097319251440556,0.001015053993529008,0.0011160271860434134,0.3315834263316523
98.55026554425739,0.00010090557333507395,0.0010147106093295261,0.0011156161826646,0.3315784538341825
98.58360426737791,0.0001008380220572731,0.0010143674573794294,0.0011152054794367026,0.33157348455749497
98.61694299049843,0.00010077053859011993,0.0010140245374431738,0.0011147950760332938,0.33156851849846014
98.65028171361894,0.00010070312284288354,0.0010136818492855325,0.0011143849721284161,0.33156355565395246
98.68362043673946,0.00010063577472498458,0.0010133393926715975,0.0011139751673965822,0.33155859602085064
98.71695915985998,0.00010056849414599514,0.0010129971673667774,0.0011135656615127725,0.33155363959603706
98.7502978829805,0.00010050128101563844,0.001012655173136798,0.0011131564541524365,0.33154868637639845
98.78363660610103,0.00010043413524378845,0.0010123134097477016,0.0011127475449914902,0.33154373635882556
98.81697532922155,0.00010036705674046962,0.0010119718769658458,0.0011123389337063154,0.3315387895402129
98.85031405234207,0.00010030004541585661,0.0010116305745579033,0.00111193061997376,0.3315338459174592
98.88365277546258,0.00010023310118027397,0.0010112895022908624,0.0011115226034711363,0.3315289054874673
98.9169914985831,0.00010016622394419574,0.0010109486599320242,0.00111111488387622,0.33152396824714375
98.95033022170362,0.00010009941361824536,0.001010608047249004,0.0011107074608672494,0.33151903419339934
98.98366894482415,0.00010003267011319518,0.0010102676640097307,0.0011103003341229258,0.33151410332314873
99.01700766794467,9.99659933399663e-05,0.0010099275099824448,0.0011098935033224111,0.33150917563331056
99.05034639106519,9.989938320962813e-05,0.0010095875849356996,0.0011094869681453278,0.33150425112080756
99.0836851141857,9.983283963339829e-05,0.00100924788863836,0.0011090807282717581,0.3314993297825663
99.11702383730622,9.976636252264204e-05,0.0010089084208596006,0.0011086747833822426,0.33149441161551735
99.15036256042674,9.969995178887225e-05,0.0010085691813689077,0.00110826913315778,0.3314894966165953
99.18370128354726,9.963360734374898e-05,0.0010082301699360775,0.0011078637772798266,0.3314845847827387
99.21704000666779,9.956732909907922e-05,0.001007891386331215,0.0011074587154302942,0.3314796761108898
99.25037872978831,9.95011169668165e-05,0.0010075528303247342,0.0011070539472915507,0.3314747705979952
99.28371745290883,9.94349708590608e-05,0.0010072145016873579,0.0011066494725464186,0.331469868241005
99.31705617602934,9.936889068805805e-05,0.0010068764001901166,0.0011062452908781747,0.3314649690368736
99.35039489914986,9.930287636619991e-05,0.0010065385256043478,0.0011058414019705478,0.33146007298255914
99.38373362227038,9.923692780602356e-05,0.0010062008777016959,0.0011054378055077195,0.3314551800750236
99.4170723453909,9.917104492021133e-05,0.001005863456254112,0.0011050345011743234,0.331450290311233
99.45041106851143,9.910522762159038e-05,0.001005526261033853,0.0011046314886554434,0.3314454036881573
99.48374979163195,9.903947582313252e-05,0.0010051892918134804,0.001104228767636613,0.3314405202027702
99.51708851475247,9.897378943795381e-05,0.0010048525483658613,0.0011038263378038151,0.3314356398520493
99.55042723787298,9.89081683793144e-05,0.0010045160304641666,0.001103424198843481,0.3314307626329762
99.5837659609935,9.884261256061803e-05,0.0010041797378818706,0.0011030223504424888,0.3314258885425364
99.61710468411403,9.8777121895412e-05,0.0010038436703927517,0.0011026207922881636,0.331421017577719
99.65044340723455,9.871169629738674e-05,0.0010035078277708905,0.0011022195240682773,0.33141614973551736
99.68378213035507,9.864633568037554e-05,0.0010031722097906702,0.0011018185454710458,0.3314112850129284
99.71712085347559,9.858103995835428e-05,0.001002836816226775,0.0011014178561851292,0.33140642340695287
99.7504595765961,9.851580904544113e-05,0.0010025016468541911,0.0011010174558996322,0.33140156491459566
99.78379829971662,9.845064285589628e-05,0.001002166701448205,0.0011006173443041012,0.33139670953286515
99.81713702283714,9.838554130412173e-05,0.0010018319797844035,0.001100217521088525,0.33139185725877385
99.85047574595767,9.832050430466084e-05,0.001001497481638673,0.0010998179859433338,0.33138700808933785
99.88381446907819,9.825553177219822e-05,0.0010011632067871996,0.0010994187385593977,0.3313821620215772
99.91715319219871,9.819062362155932e-05,0.0010008291550064675,0.0010990197786280268,0.33137731905251583
99.95049191531923,9.812577976771031e-05,0.0010004953260732594,0.0010986211058409698,0.3313724791791813
99.98383063843974,9.806100012575762e-05,0.0010001617197646561,0.0010982227198904138,0.33136764239860506
100.01716936156026,9.799628461094774e-05,0.0009998283358580347,0.0010978246204689825,0.3313628087078223
100.05050808468079,9.793163313866696e-05,0.0009994951741310696,0.0010974268072697366,0.33135797810387213
100.08384680780131,9.786704562444112e-05,0.0009991622343617315,0.0010970292799861725,0.33135315058379733
100.11718553092183,9.780252198393527e-05,0.0009988295163282869,0.001096632038312222,0.3313483261446445
100.15052425404235,9.773806213295338e-05,0.000998497019809297,0.0010962350819422504,0.331343504783464
100.18386297716287,9.767366598743816e-05,0.0009981647445836185,0.0010958384105710566,0.33133868649731
100.21720170028338,9.760933346347072e-05,0.0009978326904304018,0.0010954420238938724,0.3313338712832403
100.2505404234039,9.754506447727027e-05,0.0009975008571290913,0.0010950459216063615,0.3313290591383167
100.28387914652443,9.748085894519391e-05,0.0009971692444594245,0.0010946501034046184,0.3313242500596043
100.31721786964495,9.741671678373635e-05,0.0009968378522014322,0.0010942545689851687,0.3313194440441726
100.35055659276547,9.735263790952957e-05,0.000996506680135437,0.0010938593180449666,0.33131464108909414
100.383895315886,9.728862223934267e-05,0.0009961757280420535,0.001093464350281396,0.3313098411914457
100.4172340390065,9.722466969008151e-05,0.0009958449957021877,0.0010930696653922692,0.33130504434830754
100.45057276212702,9.716078017878837e-05,0.0009955144828970362,0.0010926752630758246,0.3313002505567637
100.48391148524755,9.709695362264188e-05,0.0009951841894080865,0.0010922811430307284,0.33129545981390196
100.51725020836807,9.70331899389566e-05,0.0009948541150171157,0.0010918873049560723,0.3312906721168138
100.55058893148859,9.69694890451828e-05,0.00099452425950619,0.0010914937485513728,0.33128588746259424
100.58392765460911,9.690585085890618e-05,0.0009941946226576653,0.0010911004735165715,0.3312811058483423
100.61726637772963,9.684227529784763e-05,0.000993865204254185,0.0010907074795520326,0.3312763272711604
100.65060510085014,9.677876227986294e-05,0.0009935360040786816,0.0010903147663585445,0.3312715517281548
100.68394382397067,9.67153117229425e-05,0.0009932070219143738,0.0010899223336373162,0.3312667792164354
100.71728254709119,9.66519235452111e-05,0.0009928782575447683,0.0010895301810899794,0.33126200973311576
100.75062127021171,9.658859766492766e-05,0.0009925497107536583,0.001089138308418586,0.33125724327531314
100.78395999333223,9.652533400048496e-05,0.0009922213813251227,0.0010887467153256076,0.3312524798401484
100.81729871645275,9.64621324704093e-05,0.0009918932690435262,0.0010883554015139354,0.33124771942474607
100.85063743957328,9.639899299336036e-05,0.0009915653736935184,0.0010879643666868789,0.33124296202623443
100.88397616269378,9.633591548813088e-05,0.0009912376950600341,0.001087573610548165,0.33123820764174516
100.9173148858143,9.627289987364633e-05,0.0009909102329282917,0.001087183132801938,0.3312334562684139
100.95065360893483,9.620994606896477e-05,0.0009905829870837934,0.0010867929331527582,0.3312287079033796
100.98399233205535,9.614705399327656e-05,0.0009902559573123255,0.0010864030113056022,0.3312239625437851
101.01733105517587,9.608422356590405e-05,0.0009899291433999558,0.0010860133669658599,0.3312192201867767
101.0506697782964,9.602145470630136e-05,0.0009896025451330353,0.0010856239998393367,0.3312144808295044
101.0840085014169,9.595874733405412e-05,0.0009892761622981967,0.0010852349096322508,0.33120974446912166
101.11734722453743,9.589610136887914e-05,0.0009889499946823537,0.0010848460960512327,0.33120501110278566
101.15068594765795,9.583351673062432e-05,0.0009886240420727015,0.0010844575588033257,0.3312002807276573
101.18402467077847,9.577099333926821e-05,0.0009882983042567152,0.0010840692975959835,0.33119555334090084
101.21736339389899,9.570853111491988e-05,0.0009879727810221505,0.0010836813121370705,0.33119082893968416
101.25070211701951,9.56461299778186e-05,0.0009876474721570421,0.0010832936021348608,0.33118610752117883
101.28404084014004,9.558378984833365e-05,0.0009873223774497042,0.0010829061672980379,0.33118138908256
101.31737956326054,9.552151064696397e-05,0.0009869974966887295,0.0010825190073356936,0.3311766736210062
101.35071828638107,9.545929229433795e-05,0.0009866728296629886,0.0010821321219573266,0.3311719611336998
101.38405700950159,9.539713471121322e-05,0.00098634837616163,0.0010817455108728432,0.33116725161782645
101.41739573262211,9.533503781847636e-05,0.0009860241359740795,0.001081359173792556,0.33116254507057546
101.45073445574263,9.527300153714263e-05,0.0009857001088900395,0.0010809731104271822,0.3311578414891398
101.48407317886316,9.521102578835575e-05,0.0009853762946994895,0.0010805873204878453,0.3311531408707158
101.51741190198368,9.514911049338768e-05,0.0009850526931926835,0.0010802018036860713,0.3311484432125034
101.55075062510419,9.508725557363831e-05,0.0009847293041601523,0.0010798165597337905,0.33114374851170614
101.58408934822471,9.502546095063513e-05,0.000984406127392701,0.0010794315883433361,0.331139056765531
101.61742807134523,9.496372654603322e-05,0.0009840831626814089,0.001079046889227442,0.33113436797118845
101.65076679446575,9.49020522816148e-05,0.0009837604098176303,0.0010786624620992451,0.3311296821258925
101.68410551758627,9.484043807928907e-05,0.0009834378685929927,0.0010782783066722818,0.3311249992268608
101.7174442407068,9.477888386109188e-05,0.0009831155387993963,0.0010778944226604882,0.3311203192713142
101.7507829638273,9.471738954918564e-05,0.0009827934202290148,0.0010775108097782005,0.3311156422564773
101.78412168694783,9.465595506585889e-05,0.0009824715126742936,0.0010771274677401524,0.3311109681795782
101.81746041006835,9.459458033352613e-05,0.0009821498159279503,0.0010767443962614765,0.3311062970378483
101.85079913318887,9.453326527472768e-05,0.000981828329782974,0.0010763615950577018,0.3311016288285226
101.8841378563094,9.447200981212926e-05,0.0009815070540326242,0.0010759790638447536,0.33109696354883955
101.91747657942992,9.441081386852185e-05,0.0009811859884704317,0.0010755968023389536,0.3310923011960411
101.95081530255044,9.434967736682142e-05,0.0009808651328901965,0.0010752148102570178,0.3310876417673726
101.98415402567095,9.428860023006876e-05,0.0009805444870859888,0.0010748330873160575,0.33108298526008284
102.01749274879147,9.422758238142897e-05,0.000980224050852148,0.001074451633233577,0.33107833167142425
102.05083147191199,9.416662374419165e-05,0.0009799038239832818,0.0010740704477274735,0.3310736809986524
102.08417019503251,9.410572424177031e-05,0.0009795838062742668,0.001073689530516037,0.3310690332390266
102.11750891815304,9.404488379770223e-05,0.000979263997520247,0.0010733088813179492,0.33106438838980934
102.15084764127356,9.398410233564828e-05,0.0009789443975166338,0.001072928499852282,0.33105974644826675
102.18418636439408,9.392337977939264e-05,0.0009786250060591062,0.001072548385838499,0.33105510741166827
102.21752508751459,9.386271605284254e-05,0.0009783058229436094,0.001072168538996452,0.3310504712772868
102.25086381063511,9.380211108002798e-05,0.0009779868479663544,0.0010717889590463824,0.3310458380423986
102.28420253375563,9.374156478510168e-05,0.000977668080923818,0.0010714096457089199,0.33104120770428347
102.31754125687615,9.368107709233858e-05,0.000977349521612743,0.0010710305987050815,0.33103658026022437
102.35087997999668,9.362064792613584e-05,0.000977031169830136,0.001070651817756272,0.3310319557075079
102.3842187031172,9.356027721101241e-05,0.0009767130253732687,0.001070273302584281,0.3310273340434239
102.41755742623772,9.349996487160897e-05,0.0009763950880396765,0.0010698950529112856,0.3310227152652658
102.45089614935823,9.343971083268759e-05,0.0009760773576271585,0.0010695170684598462,0.33101809937033017
102.48423487247875,9.337951501913143e-05,0.0009757598339337764,0.0010691393489529078,0.331013486355917
102.51757359559927,9.331937735594467e-05,0.0009754425167578552,0.0010687618941137998,0.33100887621932973
102.5509123187198,9.325929776825223e-05,0.000975125405897982,0.0010683847036662341,0.3310042689578752
102.58425104184032,9.319927618129941e-05,0.0009748085011530056,0.001068007777334305,0.33099966456886365
102.61758976496084,9.313931252045182e-05,0.000974491802322036,0.0010676311148424878,0.33099506304960835
102.65092848808135,9.307940671119507e-05,0.0009741753092044449,0.00106725471591564,0.3309904643974263
102.68426721120187,9.301955867913449e-05,0.0009738590215998636,0.001066878580278998,0.33098586860963763
102.71760593432239,9.295976834999501e-05,0.0009735429393081842,0.0010665027076581792,0.33098127568356595
102.75094465744291,9.29000356496209e-05,0.0009732270621295583,0.0010661270977791793,0.3309766856165381
102.78428338056344,9.284036050397545e-05,0.0009729113898643969,0.0010657517503683722,0.33097209840588415
102.81762210368396,9.278074283914087e-05,0.0009725959223133697,0.0010653766651525106,0.33096751404893787
102.85096082680448,9.272118258131798e-05,0.0009722806592774049,0.0010650018418587228,0.3309629325430359
102.88429954992499,9.266167965682598e-05,0.000971965600557689,0.0010646272802145149,0.3309583538855185
102.91763827304551,9.260223399210219e-05,0.0009716507459556653,0.0010642529799477676,0.33095377807372905
102.95097699616603,9.2542845513702e-05,0.0009713360952730354,0.0010638789407867374,0.3309492051050144
102.98431571928656,9.248351414829846e-05,0.0009710216483117569,0.0010635051624600554,0.3309446349767246
103.01765444240708,9.242423982268204e-05,0.000970707404874044,0.001063131644696726,0.330940067686213
103.0509931655276,9.23650224637606e-05,0.000970393364762367,0.0010627583872261275,0.3309355032308362
103.08433188864812,9.230586199855898e-05,0.0009700795277794513,0.0010623853897780103,0.3309309416079542
103.11767061176863,9.224675835421883e-05,0.0009697658937282782,0.001062012652082497,0.33092638281493025
103.15100933488915,9.218771145799837e-05,0.0009694524624120826,0.0010616401738700809,0.33092182684913074
103.18434805800968,9.212872123727223e-05,0.0009691392336343546,0.001061267954871627,0.33091727370792545
103.2176867811302,9.206978761953116e-05,0.0009688262071988379,0.001060895994818369,0.3309127233886874
103.25102550425072,9.201091053238186e-05,0.0009685133829095298,0.0010605242934419116,0.3309081758887929
103.28436422737124,9.19520899035467e-05,0.0009682007605706803,0.001060152850474227,0.33090363120562144
103.31770295049175,9.189332566086355e-05,0.0009678883399867926,0.0010597816656476562,0.33089908933655576
103.35104167361227,9.183461773228548e-05,0.0009675761209626215,0.0010594107386949069,0.3308945502789819
103.3843803967328,9.177596604588065e-05,0.0009672641033031742,0.001059040069349055,0.33089001403028917
103.41771911985332,9.171737052983204e-05,0.000966952286813709,0.001058669657343541,0.33088548058787
103.45105784297384,9.16588311124372e-05,0.0009666406712997356,0.0010582995024121728,0.3308809499491201
103.48439656609436,9.160034772210804e-05,0.0009663292565670139,0.001057929604289122,0.3308764221114384
103.51773528921488,9.154192028737065e-05,0.0009660180424215542,0.001057559962708925,0.33087189707222714
103.55107401233539,9.148354873686512e-05,0.000965707028669617,0.0010571905774064822,0.33086737482889156
103.58441273545591,9.142523299934508e-05,0.0009653962151177114,0.0010568214481170564,0.33086285537884025
103.61775145857644,9.136697300367785e-05,0.0009650856015725963,0.0010564525745762742,0.33085833871948517
103.65109018169696,9.130876867884395e-05,0.0009647751878412787,0.0010560839565201226,0.33085382484824105
103.68442890481748,9.125061995393699e-05,0.0009644649737310143,0.0010557155936849513,0.3308493137625262
103.717767627938,9.119252675816342e-05,0.0009641549590493061,0.0010553474858074694,0.3308448054597619
103.75110635105852,9.113448902084232e-05,0.0009638451436039049,0.0010549796326247472,0.3308402999373728
103.78444507417903,9.107650667140525e-05,0.0009635355272028084,0.0010546120338742137,0.3308357971927865
103.81778379729955,9.101857963939589e-05,0.0009632261096542608,0.0010542446892936566,0.33083129722343396
103.85112252042008,9.096070785446995e-05,0.0009629168907667529,0.0010538775986212228,0.3308268000267492
103.8844612435406,9.090289124639497e-05,0.0009626078703490208,0.0010535107615954158,0.33082230560016945
103.91779996666112,9.084512974505002e-05,0.0009622990482100465,0.0010531441779550966,0.33081781394113513
103.95113868978164,9.078742328042548e-05,0.000961990424159057,0.0010527778474394825,0.3308133250470897
103.98447741290215,9.072977178262299e-05,0.0009616819980055239,0.001052411769788147,0.3308088389154799
104.01781613602267,9.067217518185497e-05,0.0009613737695591626,0.0010520459447410176,0.33080435554375553
104.0511548591432,9.061463340844468e-05,0.000961065738629933,0.0010516803720383777,0.3307998749293696
104.08449358226372,9.055714639282582e-05,0.0009607579050280384,0.0010513150514208642,0.3307953970697782
104.11783230538424,9.049971406554246e-05,0.0009604502685639251,0.0010509499826294676,0.3307909219624405
104.15117102850476,9.04423363572487e-05,0.0009601428290482817,0.0010505851654055303,0.33078644960481884
104.18450975162528,9.038501319870849e-05,0.0009598355862920399,0.0010502205994907484,0.3307819799943788
104.2178484747458,9.032774452079559e-05,0.0009595285401063728,0.0010498562846271685,0.33077751312858894
104.25118719786632,9.027053025449307e-05,0.000959221690302695,0.0010494922205571881,0.33077304900492094
104.28452592098684,9.02133703308933e-05,0.0009589150366926624,0.0010491284070235558,0.33076858762084954
104.31786464410736,9.015626468119776e-05,0.000958608579088172,0.0010487648437693697,0.33076412897385277
104.35120336722788,9.009921323671669e-05,0.0009583023173013605,0.0010484015305380772,0.3307596730614116
104.3845420903484,9.0042215928869e-05,0.000957996251144605,0.001048038467073474,0.33075521988101
104.41788081346893,8.998527268918204e-05,0.0009576903804305225,0.0010476756531197045,0.33075076943013526
104.45121953658943,8.992838344929139e-05,0.0009573847049719686,0.0010473130884212601,0.3307463217062777
104.48455825970996,8.987154814094058e-05,0.0009570792245820383,0.001046950772722979,0.33074187670693056
104.51789698283048,8.9814766695981e-05,0.0009567739390740646,0.0010465887057700455,0.33073743442959025
104.551235705951,8.975803904637166e-05,0.000956468848261619,0.0010462268873079907,0.3307329948717563
104.58457442907152,8.970136512417894e-05,0.0009561639519585105,0.0010458653170826895,0.3307285580309312
104.61791315219205,8.964474486157648e-05,0.0009558592499787855,0.001045503994840362,0.3307241239046206
104.65125187531255,8.958817819084486e-05,0.0009555547421367275,0.0010451429203275724,0.3307196924903331
104.68459059843308,8.953166504437143e-05,0.0009552504282468561,0.0010447820932912276,0.33071526378558047
104.7179293215536,8.947520535465022e-05,0.0009549463081239277,0.0010444215134785778,0.3307108377878774
104.75126804467412,8.941879905428158e-05,0.0009546423815829341,0.0010440611806372157,0.3307064144947417
104.78460676779464,8.936244607597209e-05,0.0009543386484391029,0.001043701094515075,0.3307019939036942
104.81794549091516,8.930614635253431e-05,0.0009540351085078962,0.0010433412548604306,0.33069757601225874
104.85128421403569,8.92498998168866e-05,0.0009537317616050117,0.0010429816614218983,0.3306931608179622
104.8846229371562,8.919370640205289e-05,0.0009534286075463806,0.0010426223139484334,0.3306887483183344
104.91796166027672,8.913756604116248e-05,0.0009531256461481684,0.0010422632121893309,0.33068433851090845
104.95130038339724,8.908147866744988e-05,0.0009528228772267742,0.001041904355894224,0.33067993139322005
104.98463910651776,8.902544421425465e-05,0.0009525203005988302,0.001041545744813085,0.33067552696280833
105.01797782963828,8.896946261502106e-05,0.0009522179160812017,0.0010411873786962227,0.33067112521721503
105.0513165527588,8.891353380329801e-05,0.0009519157234909861,0.001040829257294284,0.33066672615398524
105.08465527587933,8.885765771273882e-05,0.0009516137226455133,0.0010404713803582521,0.3306623297706669
105.11799399899984,8.880183427710102e-05,0.0009513119133623448,0.0010401137476394459,0.3306579360648108
105.15133272212036,8.874606343024606e-05,0.000951010295459273,0.001039756358889519,0.3306535450339709
105.18467144524088,8.869034510613928e-05,0.0009507088687543221,0.0010393992138604613,0.33064915667570405
105.2180101683614,8.863467923884966e-05,0.0009504076330657464,0.001039042312304596,0.33064477098757017
105.25134889148192,8.857906576254953e-05,0.0009501065882120309,0.0010386856539745803,0.3306403879671321
105.28468761460245,8.852350461151447e-05,0.0009498057340118899,0.0010383292386234044,0.33063600761195555
105.31802633772296,8.846799572012314e-05,0.0009495050702842678,0.001037973066004391,0.3306316299196093
105.35136506084348,8.841253902285693e-05,0.0009492045968483379,0.001037617135871195,0.33062725488766515
105.384703783964,8.835713445429996e-05,0.0009489043135235024,0.0010372614479778022,0.3306228825136976
105.41804250708452,8.830178194913879e-05,0.000948604220129392,0.0010369060020785307,0.33061851279528437
105.45138123020504,8.824648144216224e-05,0.0009483043164858654,0.0010365507979280277,0.3306141457300061
105.48471995332557,8.819123286826118e-05,0.000948004602413009,0.00103619583528127,0.33060978131544605
105.51805867644609,8.813603616242836e-05,0.0009477050777311369,0.0010358411138935652,0.3306054195491908
105.5513973995666,8.808089125975823e-05,0.00094740574226079,0.0010354866335205483,0.3306010604288298
105.58473612268712,8.802579809544669e-05,0.0009471065958227354,0.0010351323939181822,0.3305967039519552
105.61807484580764,8.797075660479099e-05,0.0009468076382379674,0.0010347783948427584,0.33059235011616217
105.65141356892816,8.791576672318947e-05,0.0009465088693277056,0.001034424636050895,0.33058799891904894
105.68475229204869,8.786082838614142e-05,0.0009462102889133953,0.0010340711172995367,0.3305836503582165
105.71809101516921,8.780594152924682e-05,0.0009459118968167073,0.001033717838345954,0.33057930443126887
105.75142973828973,8.775110608820623e-05,0.000945613692859537,0.0010333647989477432,0.3305749611358128
105.78476846141024,8.76963219988206e-05,0.0009453156768640044,0.001033011998862825,0.3305706204694581
105.81810718453076,8.764158919699094e-05,0.0009450178486524536,0.0010326594378494444,0.3305662824298174
105.85144590765128,8.758690761871833e-05,0.0009447202080474527,0.001032307115666171,0.3305619470145062
105.8847846307718,8.753227720010361e-05,0.0009444227548717931,0.0010319550320718968,0.330557614221143
105.91812335389233,8.747769787734728e-05,0.0009441254889484894,0.0010316031868258368,0.330553284047349
105.95146207701285,8.742316958674919e-05,0.0009438284101007789,0.0010312515796875282,0.3305489564907485
105.98480080013336,8.73686922647085e-05,0.0009435315181521215,0.00103090021041683,0.3305446315489684
106.01813952325388,8.731426584772332e-05,0.0009432348129261987,0.001030549078773922,0.3305403092196388
106.0514782463744,8.725989027239073e-05,0.0009429382942469142,0.001030198184519305,0.3305359895003923
106.08481696949492,8.720556547540644e-05,0.0009426419619383929,0.0010298475274137992,0.3305316723888647
106.11815569261545,8.715129139356465e-05,0.0009423458158249805,0.0010294971072185451,0.33052735788269444
106.15149441573597,8.70970679637579e-05,0.0009420498557312438,0.0010291469236950017,0.3305230459795229
106.18483313885649,8.704289512297685e-05,0.0009417540814819697,0.0010287969766049464,0.3305187366769943
106.218171861977,8.698877280831009e-05,0.0009414584929021649,0.001028447265710475,0.3305144299727556
106.25151058509752,8.693470095694398e-05,0.0009411630898170559,0.0010280977907739998,0.3305101258644567
106.28484930821804,8.688067950616247e-05,0.0009408678720520886,0.001027748551558251,0.33050582434975045
106.31818803133856,8.682670839334691e-05,0.0009405728394329276,0.0010273995478262744,0.3305015254262922
106.35152675445909,8.677278755597587e-05,0.0009402779917854562,0.001027050779341432,0.33049722909174045
106.38486547757961,8.671891693162494e-05,0.0009399833289357761,0.001026702245867401,0.3304929353437564
106.41820420070013,8.666509645796658e-05,0.0009396888507102068,0.0010263539471681734,0.33048864418000395
106.45154292382064,8.661132607276996e-05,0.0009393945569352854,0.0010260058830080553,0.33048435559815004
106.48488164694116,8.655760571390065e-05,0.000939100447437766,0.0010256580531516667,0.3304800695958643
106.51822037006168,8.65039353193206e-05,0.00093880652204462,0.0010253104573639405,0.33047578617081913
106.5515590931822,8.645031482708796e-05,0.000938512780583035,0.001024963095410123,0.33047150532068975
106.58489781630273,8.63967441753567e-05,0.0009382192228804152,0.0010246159670557718,0.33046722704315423
106.61823653942325,8.634322330237667e-05,0.0009379258487643802,0.0010242690720667568,0.3304629513358934
106.65157526254376,8.628975214649335e-05,0.0009376326580627656,0.001023922410209259,0.33045867819659086
106.68491398566428,8.62363306461475e-05,0.0009373396506036218,0.0010235759812497692,0.330454407622933
106.7182527087848,8.618295873987527e-05,0.0009370468262152144,0.0010232297849550897,0.330450139612609
106.75159143190533,8.61296363663078e-05,0.0009367541847260233,0.001022883821092331,0.33044587416331084
106.78493015502585,8.607636346417119e-05,0.0009364617259647427,0.0010225380894289138,0.33044161127273325
106.81826887814637,8.60231399722862e-05,0.0009361694497602807,0.001022192589732567,0.3304373509385737
106.85160760126689,8.596996582956818e-05,0.0009358773559417589,0.001021847321771327,0.3304330931585324
106.8849463243874,8.591684097502682e-05,0.0009355854443385121,0.001021502285313539,0.3304288379303124
106.91828504750792,8.586376534776597e-05,0.0009352937147800879,0.001021157480127854,0.33042458525161955
106.95162377062844,8.581073888698356e-05,0.0009350021670962463,0.00102081290598323,0.3304203351201622
106.98496249374897,8.575776153197134e-05,0.0009347108011169599,0.0010204685626489312,0.33041608753365176
107.01830121686949,8.570483322211471e-05,0.0009344196166724129,0.0010201244498945277,0.3304118424898022
107.05163993999001,8.565195389689261e-05,0.0009341286135930011,0.0010197805674898937,0.3304075999863302
107.08497866311053,8.559912349587728e-05,0.0009338377917093313,0.0010194369152052086,0.3304033600209553
107.11831738623104,8.554634195873413e-05,0.0009335471508522218,0.0010190934928109559,0.33039912259139964
107.15165610935156,8.549360922522148e-05,0.0009332566908527006,0.001018750300077922,0.3303948876953883
107.18499483247209,8.544092523519053e-05,0.0009329664115420067,0.001018407336777197,0.33039065533064876
107.21833355559261,8.538828992858508e-05,0.0009326763127515883,0.0010180646026801733,0.33038642549491143
107.25167227871313,8.533570324544145e-05,0.0009323863943131038,0.0010177220975585452,0.3303821981859095
107.28501100183365,8.528316512588819e-05,0.0009320966560584206,0.0010173798211843088,0.33037797340137876
107.31834972495416,8.5230675510146e-05,0.0009318070978196149,0.0010170377733297608,0.33037375113905754
107.35168844807468,8.51782343385275e-05,0.0009315177194289717,0.0010166959537674992,0.33036953139668723
107.3850271711952,8.512584155143715e-05,0.000931228520718984,0.001016354362270421,0.3303653141720116
107.41836589431573,8.507349708937098e-05,0.000930939501522353,0.001016012998611724,0.33036109946277736
107.45170461743625,8.50212008929165e-05,0.0009306506616719876,0.0010156718625649042,0.3303568872667337
107.48504334055677,8.496895290275248e-05,0.0009303620010010038,0.0010153309539037562,0.33035267758163256
107.5183820636773,8.491675305964876e-05,0.0009300735193427245,0.0010149902724023733,0.33034847040522874
107.5517207867978,8.486460130446623e-05,0.0009297852165306798,0.001014649817835146,0.33034426573527936
107.58505950991832,8.48124975781564e-05,0.0009294970923986053,0.0010143095899767618,0.3303400635695446
107.61839823303885,8.47604418217615e-05,0.0009292091467804434,0.001013969588602205,0.33033586390578706
107.65173695615937,8.47084339764142e-05,0.0009289213795103419,0.001013629813486756,0.33033166674177206
107.68507567927989,8.465647398333734e-05,0.0009286337904226538,0.001013290264405991,0.3303274720752676
107.71841440240041,8.460456178384402e-05,0.0009283463793519374,0.0010129509411357814,0.3303232799040443
107.75175312552093,8.45526973193371e-05,0.0009280591461329557,0.0010126118434522929,0.3303190902258755
107.78509184864144,8.450088053130943e-05,0.0009277720906006765,0.0010122729711319858,0.3303149030385373
107.81843057176197,8.444911136134325e-05,0.0009274852125902708,0.0010119343239516142,0.330310718339808
107.85176929488249,8.439738975111037e-05,0.0009271985119371144,0.0010115959016882249,0.3303065361274691
107.88510801800301,8.434571564237191e-05,0.0009269119884767859,0.0010112577041191577,0.33030235639930433
107.91844674112353,8.4294088976978e-05,0.0009266256420450674,0.0010109197310220455,0.33029817915310034
107.95178546424405,8.424250969686783e-05,0.0009263394724779439,0.0010105819821748117,0.3302940043866461
107.98512418736456,8.419097774406932e-05,0.0009260534796116029,0.0010102444573556722,0.3302898320977335
108.01846291048508,8.4139493060699e-05,0.0009257676632824336,0.0010099071563431327,0.3302856622841569
108.0518016336056,8.408805558896194e-05,0.0009254820233270282,0.00100957007891599,0.33028149494371334
108.08514035672613,8.403666527115143e-05,0.0009251965595821795,0.0010092332248533308,0.33027733007420235
108.11847907984665,8.398532204964898e-05,0.0009249112718848823,0.0010088965939345313,0.3302731676734263
108.15181780296717,8.393402586692405e-05,0.0009246261600723319,0.0010085601859392559,0.33026900773918993
108.1851565260877,8.388277666553387e-05,0.0009243412239819247,0.0010082240006474585,0.33026485026930075
108.2184952492082,8.383157438812341e-05,0.0009240564634512571,0.0010078880378393805,0.3302606952615687
108.25183397232873,8.378041897742506e-05,0.0009237718783181258,0.001007552297295551,0.3302565427138066
108.28517269544925,8.372931037625859e-05,0.000923487468420527,0.0010072167787967855,0.3302523926238295
108.31851141856977,8.367824852753097e-05,0.0009232032335966568,0.0010068814821241878,0.3302482449894553
108.35185014169029,8.362723337423613e-05,0.00092291917368491,0.001006546407059146,0.3302440998085044
108.38518886481081,8.357626485945491e-05,0.0009226352885238805,0.0010062115533833354,0.3302399570787997
108.41852758793134,8.35253429263548e-05,0.0009223515779523605,0.0010058769208787152,0.3302358167981668
108.45186631105184,8.347446751818993e-05,0.0009220680418093409,0.0010055425093275308,0.33023167896443395
108.48520503417237,8.342363857830065e-05,0.0009217846799340098,0.0010052083185123105,0.3302275435754317
108.51854375729289,8.337285605011369e-05,0.0009215014921657535,0.0010048743482158672,0.33022341062899335
108.55188248041341,8.332211987714177e-05,0.0009212184783441552,0.0010045405982212969,0.33021928012295465
108.58522120353393,8.327143000298355e-05,0.0009209356383089956,0.0010042070683119791,0.3302151520551541
108.61855992665446,8.322078637132342e-05,0.0009206529719002517,0.001003873758271575,0.3302110264234326
108.65189864977496,8.317018892593144e-05,0.0009203704789580971,0.0010035406678840285,0.33020690322563356
108.68523737289549,8.3119637610663e-05,0.0009200881593229012,0.0010032077969335642,0.33020278245960305
108.71857609601601,8.306913236945882e-05,0.0009198060128352297,0.0010028751452046886,0.3301986641231897
108.75191481913653,8.30186731463448e-05,0.0009195240393358435,0.0010025427124821884,0.3301945482142445
108.78525354225705,8.296825988543177e-05,0.0009192422386656988,0.0010022104985511306,0.33019043473062115
108.81859226537757,8.29178925309154e-05,0.0009189606106659463,0.0010018785031968617,0.33018632367017575
108.8519309884981,8.2867571027076e-05,0.0009186791551779322,0.001001546726205008,0.3301822150307671
108.8852697116186,8.281729531827845e-05,0.0009183978720431962,0.0010012151673614747,0.33017810881025644
108.91860843473913,8.27670653489719e-05,0.0009181167611034721,0.001000883826452444,0.33017400500650734
108.95194715785965,8.271688106368976e-05,0.0009178358222006878,0.0010005527032643775,0.3301699036173862
108.98528588098017,8.266674240704952e-05,0.0009175550551769645,0.001000221797584014,0.33016580464076173
109.0186246041007,8.261664932375252e-05,0.0009172744598746162,0.0009998911091983688,0.33016170807450523
109.05196332722122,8.256660175858386e-05,0.00091699403613615,0.0009995606378947338,0.33015761391649046
109.08530205034174,8.251659965641225e-05,0.0009167137838042657,0.000999230383460678,0.3301535221645937
109.11864077346225,8.246664296218984e-05,0.0009164337027218551,0.000998900345684045,0.33014943281669373
109.15197949658277,8.241673162095206e-05,0.0009161537927320018,0.000998570524352954,0.33014534587067185
109.18531821970329,8.236686557781745e-05,0.0009158740536779813,0.0009982409192557987,0.33014126132441174
109.21865694282381,8.231704477798761e-05,0.0009155944854032604,0.000997911530181248,0.33013717917579977
109.25199566594434,8.226726916674693e-05,0.0009153150877514969,0.0009975823569182438,0.3301330994227245
109.28533438906486,8.221753868946249e-05,0.0009150358605665396,0.000997253399256002,0.3301290220630773
109.31867311218537,8.216785329158399e-05,0.0009147568036924276,0.0009969246569840116,0.3301249470947518
109.35201183530589,8.211821291864336e-05,0.0009144779169733899,0.0009965961298920333,0.33012087451564415
109.38535055842641,8.20686175162549e-05,0.0009141992002538459,0.0009962678177701009,0.3301168043236529
109.41868928154693,8.201906703011495e-05,0.0009139206533784046,0.0009959397204085195,0.3301127365166793
109.45202800466745,8.196956140600183e-05,0.0009136422761918639,0.0009956118375978656,0.33010867109262676
109.48536672778798,8.19201005897756e-05,0.0009133640685392111,0.0009952841691289868,0.33010460804940134
109.5187054509085,8.1870684527378e-05,0.0009130860302656223,0.0009949567147930004,0.33010054738491146
109.552044174029,8.18213131648323e-05,0.0009128081612164617,0.000994629474381294,0.33009648909706807
109.58538289714953,8.177198644824301e-05,0.0009125304612372819,0.000994302447685525,0.3300924331837845
109.61872162027005,8.172270432379598e-05,0.0009122529301738235,0.0009939756344976194,0.33008837964297655
109.65206034339057,8.167346673775802e-05,0.0009119755678720144,0.0009936490346097724,0.3300843284725625
109.6853990665111,8.162427363647688e-05,0.0009116983741779701,0.000993322647814447,0.330080279670463
109.71873778963162,8.15751249663811e-05,0.0009114213489379931,0.0009929964739043742,0.33007623323460117
109.75207651275214,8.152602067397984e-05,0.0009111444919985724,0.0009926705126725522,0.33007218916290243
109.78541523587265,8.147696070586269e-05,0.0009108678032063841,0.0009923447639122469,0.33006814745329494
109.81875395899317,8.142794500869954e-05,0.0009105912824082894,0.000992019227416989,0.33006410810370884
109.85209268211369,8.137897352924057e-05,0.0009103149294513365,0.0009916939029805771,0.33006007111207714
109.88543140523421,8.133004621431593e-05,0.0009100387441827586,0.0009913687903970745,0.33005603647633497
109.91877012835474,8.128116301083565e-05,0.0009097627264499743,0.00099104388946081,0.33005200419441993
109.95210885147526,8.123232386578957e-05,0.0009094868761005876,0.0009907191999663772,0.33004797426427207
109.98544757459577,8.11835287262471e-05,0.0009092111929823871,0.0009903947217086342,0.3300439466838338
110.01878629771629,8.113477753935706e-05,0.0009089356769433454,0.0009900704544827024,0.33003992145105004
110.05212502083681,8.108607025234767e-05,0.00090866032783162,0.0009897463980839676,0.33003589856386795
110.08546374395733,8.103740681252632e-05,0.0009083851454955521,0.0009894225523080784,0.33003187802023715
110.11880246707786,8.09887871672794e-05,0.0009081101297836665,0.0009890989169509458,0.33002785981810967
110.15214119019838,8.09402112640722e-05,0.0009078352805446714,0.0009887754918087436,0.33002384395543993
110.1854799133189,8.089167905044879e-05,0.0009075605976274583,0.000988452276677907,0.3300198304301847
110.21881863643941,8.084319047403181e-05,0.0009072860808811014,0.0009881292713551332,0.33001581924030315
110.25215735955993,8.079474548252236e-05,0.000907011730154857,0.0009878064756373795,0.3300118103837568
110.28549608268045,8.074634402369992e-05,0.0009067375452981645,0.0009874838893218644,0.3300078038585096
110.31883480580098,8.06979860454221e-05,0.0009064635261606446,0.0009871615122060667,0.33000379966252774
110.3521735289215,8.064967149562461e-05,0.0009061896725921002,0.0009868393440877249,0.32999979779378
110.38551225204202,8.0601400322321e-05,0.0009059159844425155,0.0009865173847648364,0.3299957982502373
110.41885097516254,8.055317247360265e-05,0.0009056424615620557,0.0009861956340356584,0.329991801029873
110.45218969828305,8.050498789763853e-05,0.0009053691038010673,0.0009858740916987058,0.32998780613066286
110.48552842140357,8.045684654267507e-05,0.0009050959110100769,0.000985552757552752,0.329983813550585
110.5188671445241,8.040874835703611e-05,0.0009048228830397917,0.0009852316313968279,0.32997982328761977
110.55220586764462,8.036069328912267e-05,0.0009045500197410992,0.000984910713030222,0.3299758353397499
110.58554459076514,8.03126812874128e-05,0.0009042773209650666,0.0009845900022524795,0.32997184970496063
110.61888331388566,8.026471230046158e-05,0.0009040047865629404,0.0009842694988634018,0.32996786638123926
110.65222203700617,8.02167862769008e-05,0.0009037324163861466,0.0009839492026630474,0.32996388536657567
110.68556076012669,8.016890316543889e-05,0.0009034602102862901,0.000983629113451729,0.329959906658962
110.71889948324721,8.01210629148609e-05,0.0009031881681151548,0.0009833092310300158,0.32995593025639264
110.75223820636774,8.007326547402817e-05,0.0009029162897247026,0.0009829895551987308,0.3299519561568643
110.78557692948826,8.002551079187834e-05,0.000902644574967074,0.0009826700857589524,0.3299479843583762
110.81891565260878,7.997779881742511e-05,0.0009023730236945872,0.0009823508225120124,0.3299440148589296
110.8522543757293,7.993012949975822e-05,0.0009021016357597382,0.0009820317652594964,0.3299400476565283
110.88559309884981,7.988250278804322e-05,0.0009018304110152006,0.0009817129138032438,0.3299360827491784
110.91893182197033,7.983491863152128e-05,0.0009015593493138242,0.0009813942679453454,0.32993212013488815
110.95227054509085,7.97873769795093e-05,0.0009012884505086369,0.0009810758274881462,0.32992815981166823
110.98560926821138,7.973987778139946e-05,0.0009010177144528423,0.0009807575922342418,0.3299242017775315
111.0189479913319,7.969242098665932e-05,0.0009007471409998208,0.0009804395619864802,0.32992024603049336
111.05228671445242,7.964500654483159e-05,0.0009004767300031287,0.0009801217365479602,0.32991629256857125
111.08562543757294,7.9597634405534e-05,0.000900206481316498,0.000979804115722032,0.3299123413897849
111.11896416069345,7.955030451845919e-05,0.0008999363947938367,0.000979486699312296,0.3299083924921567
111.15230288381397,7.950301683337451e-05,0.0008996664702892272,0.0009791694871226016,0.3299044458737108
111.1856416069345,7.9455771300122e-05,0.0008993967076569277,0.0009788524789570497,0.3299005015324741
111.21898033005502,7.940856786861817e-05,0.000899127106751371,0.0009785356746199892,0.32989655946647534
111.25231905317554,7.936140648885389e-05,0.0008988576674271641,0.000978219073916018,0.3298926196737459
111.28565777629606,7.931428711089427e-05,0.0008985883895390883,0.0009779026766499827,0.3298886821523192
111.31899649941657,7.926720968487855e-05,0.0008983192729420994,0.000977586482626978,0.32988474690023106
111.35233522253709,7.922017416101982e-05,0.000898050317491326,0.000977270491652346,0.3298808139155196
111.38567394565762,7.917318048960512e-05,0.0008977815230420709,0.000976954703531676,0.329876883196225
111.41901266877814,7.912622862099517e-05,0.0008975128894498095,0.0009766391180708047,0.32987295474038986
111.45235139189866,7.907931850562423e-05,0.0008972444165701908,0.0009763237350758151,0.32986902854605904
111.48569011501918,7.903245009400002e-05,0.0008969761042590358,0.0009760085543530358,0.32986510461127955
111.5190288381397,7.898562333670356e-05,0.0008967079523723384,0.000975693575709042,0.32986118293410077
111.55236756126021,7.89388381843891e-05,0.0008964399607662644,0.0009753787989506535,0.3298572635125742
111.58570628438073,7.889209458778384e-05,0.0008961721292971513,0.0009750642238849352,0.32985334634475366
111.61904500750126,7.8845392497688e-05,0.0008959044578215089,0.0009747498503191969,0.32984943142869527
111.65238373062178,7.879873186497452e-05,0.0008956369461960176,0.0009744356780609921,0.3298455187624572
111.6857224537423,7.875211264058906e-05,0.0008953695942775294,0.0009741217069181185,0.32984160834410003
111.71906117686282,7.870553477554977e-05,0.0008951024019230673,0.000973807936698617,0.3298377001716865
111.75239989998335,7.865899822094724e-05,0.0008948353689898243,0.0009734943672107715,0.3298337942432815
111.78573862310385,7.861250292794431e-05,0.0008945684953351646,0.0009731809982631089,0.3298298905569524
111.81907734622438,7.856604884777594e-05,0.0008943017808166216,0.0009728678296643975,0.3298259891107684
111.8524160693449,7.851963593174917e-05,0.0008940352252918991,0.0009725548612236483,0.3298220899028012
111.88575479246542,7.84732641312429e-05,0.0008937688286188706,0.0009722420927501136,0.32981819293112474
111.91909351558594,7.84269333977078e-05,0.0008935025906555786,0.0009719295240532864,0.32981429819381497
111.95243223870646,7.838064368266617e-05,0.0008932365112602348,0.000971617154942901,0.32981040568895015
111.98577096182697,7.833439493771187e-05,0.0008929705902912201,0.000971304985228932,0.3298065154146108
112.0191096849475,7.828818711451005e-05,0.0008927048276070833,0.0009709930147215933,0.3298026273688795
112.05244840806802,7.82420201647972e-05,0.000892439223066542,0.0009706812432313392,0.32979874154984123
112.08578713118854,7.81958940403809e-05,0.0008921737765284819,0.0009703696705688628,0.3297948579555829
112.11912585430906,7.814980869313974e-05,0.0008919084878519566,0.0009700582965450963,0.3297909765841939
112.15246457742958,7.810376407502324e-05,0.0008916433568961869,0.0009697471209712101,0.32978709743376555
112.1858033005501,7.805776013805161e-05,0.0008913783835205613,0.000969436143658613,0.3297832205023915
112.21914202367061,7.801179683431574e-05,0.0008911135675846355,0.0009691253644189512,0.32977934578816764
112.25248074679114,7.796587411597696e-05,0.0008908489089481314,0.0009688147830641083,0.32977547328919177
112.28581946991166,7.791999193526705e-05,0.0008905844074709382,0.0009685043994062053,0.32977160300356423
112.31915819303218,7.787415024448803e-05,0.0008903200630131111,0.0009681942132575991,0.3297677349293872
112.3524969161527,7.782834899601204e-05,0.0008900558754348716,0.0009678842244308836,0.32976386906476535
112.38583563927322,7.778258814228122e-05,0.0008897918445966069,0.000967574432738888,0.3297600054078052
112.41917436239375,7.773686763580763e-05,0.0008895279703588698,0.0009672648379946775,0.3297561439566156
112.45251308551425,7.769118742917308e-05,0.0008892642525823788,0.0009669554400115519,0.32975228470930756
112.48585180863478,7.7645547475029e-05,0.0008890006911280169,0.0009666462386030459,0.3297484276639942
112.5191905317553,7.759994772609632e-05,0.0008887372858568325,0.0009663372335829288,0.3297445728187909
112.55252925487582,7.755438813516546e-05,0.0008884740366300384,0.0009660284247652039,0.32974072017181505
112.58586797799634,7.750886865509599e-05,0.0008882109433090119,0.0009657198119641079,0.32973686972118615
112.61920670111687,7.746338923881673e-05,0.0008879480057552944,0.0009654113949941111,0.32973302146502614
112.65254542423737,7.741794983932549e-05,0.0008876852238305913,0.0009651031736699167,0.32972917540145874
112.6858841473579,7.737255040968895e-05,0.0008874225973967714,0.0009647951478064604,0.3297253315286101
112.71922287047842,7.732719090304263e-05,0.0008871601263158671,0.0009644873172189097,0.32972148984460825
112.75256159359894,7.728187127259069e-05,0.000886897810450074,0.0009641796817226647,0.32971765034758355
112.78590031671946,7.723659147160585e-05,0.0008866356496617506,0.0009638722411333565,0.32971381303566843
112.81923903983999,7.719135145342927e-05,0.0008863736438134181,0.0009635649952668474,0.32970997790699746
112.85257776296051,7.714615117147034e-05,0.0008861117927677603,0.0009632579439392306,0.32970614495970724
112.88591648608102,7.710099057920675e-05,0.0008858500963876228,0.0009629510869668295,0.3297023141919366
112.91925520920154,7.705586963018412e-05,0.0008855885545360135,0.0009626444241661976,0.3296984856018264
112.95259393232206,7.701078827801613e-05,0.0008853271670761021,0.0009623379553541183,0.3296946591875197
112.98593265544258,7.696574647638421e-05,0.0008850659338712195,0.0009620316803476037,0.32969083494716167
113.0192713785631,7.692074417903755e-05,0.0008848048547848581,0.0009617255989638957,0.32968701287889957
113.05261010168363,7.68757813397929e-05,0.0008845439296806714,0.0009614197110204643,0.3296831929808826
113.08594882480415,7.683085791253448e-05,0.0008842831584224734,0.0009611140163350079,0.3296793752512624
113.11928754792466,7.678597385121387e-05,0.0008840225408742389,0.0009608085147254528,0.3296755596881924
113.15262627104518,7.674112910984988e-05,0.0008837620769001027,0.0009605032060099525,0.3296717462898282
113.1859649941657,7.669632364252841e-05,0.00088350176636436,0.0009601980900068883,0.3296679350543277
113.21930371728622,7.665155740340241e-05,0.0008832416091314655,0.000959893166534868,0.3296641259798506
113.25264244040675,7.660683034669166e-05,0.0008829816050660342,0.0009595884354127259,0.3296603190645589
113.28598116352727,7.656214242668276e-05,0.0008827217540328395,0.0009592838964595222,0.3296565143066165
113.31931988664778,7.65174935977289e-05,0.0008824620558968148,0.0009589795494945437,0.32965271170418964
113.3526586097683,7.647288381424984e-05,0.0008822025105230517,0.0009586753943373015,0.3296489112554464
113.38599733288882,7.642831303073173e-05,0.000881943117776801,0.0009583714308075326,0.3296451129585569
113.41933605600934,7.6383781201727e-05,0.0008816838775234716,0.0009580676587251986,0.3296413168116936
113.45267477912986,7.633928828185431e-05,0.0008814247896286308,0.0009577640779104852,0.32963752281303094
113.48601350225039,7.629483422579837e-05,0.0008811658539580038,0.0009574606881838021,0.32963373096074516
113.51935222537091,7.625041898830984e-05,0.0008809070703774734,0.0009571574893657832,0.32962994125301487
113.55269094849142,7.62060425242052e-05,0.0008806484387530804,0.0009568544812772855,0.32962615368802073
113.58602967161194,7.616170478836666e-05,0.0008803899589510221,0.0009565516637393887,0.3296223682639453
113.61936839473246,7.611740573574203e-05,0.0008801316308376533,0.0009562490365733953,0.32961858497897323
113.65270711785298,7.607314532134464e-05,0.0008798734542794858,0.0009559465996008304,0.3296148038312913
113.6860458409735,7.602892350025317e-05,0.0008796154291431876,0.0009556443526434408,0.3296110248190883
113.71938456409403,7.598474022761157e-05,0.0008793575552955832,0.0009553422955231948,0.32960724794055507
113.75272328721455,7.594059545862893e-05,0.0008790998326036533,0.0009550404280622822,0.3296034731938845
113.78606201033506,7.589648914857944e-05,0.0008788422609345345,0.000954738750083114,0.32959970057727145
113.81940073345558,7.58524212528021e-05,0.0008785848401555188,0.0009544372614083209,0.3295959300889129
113.8527394565761,7.580839172670079e-05,0.0008783275701340538,0.0009541359618607546,0.3295921617270079
113.88607817969663,7.576440052574411e-05,0.0008780704507377426,0.0009538348512634868,0.32958839548975744
113.91941690281715,7.572044760546518e-05,0.0008778134818343428,0.000953533929439808,0.32958463137536453
113.95275562593767,7.567653292146165e-05,0.0008775566632917671,0.0009532331962132288,0.3295808693820343
113.98609434905818,7.563265642939551e-05,0.0008772999949780828,0.0009529326514074783,0.32957710950797386
114.0194330721787,7.558881808499297e-05,0.0008770434767615109,0.0009526322948465039,0.3295733517513923
114.05277179529922,7.554501784404441e-05,0.0008767871085104272,0.0009523321263544716,0.3295695961105008
114.08611051841974,7.55012556624042e-05,0.0008765308900933609,0.0009520321457557651,0.32956584258351246
114.11944924154027,7.54575314959907e-05,0.0008762748213789952,0.0009517323528749859,0.3295620911686425
114.15278796466079,7.541384530078598e-05,0.0008760189022361663,0.0009514327475369523,0.3295583418641081
114.18612668778131,7.537019703283587e-05,0.000875763132533864,0.0009511333295666998,0.3295545946681285
114.21946541090182,7.532658664824977e-05,0.0008755075121412307,0.0009508340987894804,0.3295508495789247
114.25280413402234,7.528301410320046e-05,0.0008752520409275617,0.0009505350550307621,0.3295471065947201
114.28614285714286,7.523947935392425e-05,0.0008749967187623046,0.0009502361981162289,0.32954336571373977
114.31948158026339,7.519598235672053e-05,0.0008747415455150598,0.0009499375278717803,0.32953962693421096
114.35282030338391,7.515252306795196e-05,0.0008744865210555793,0.0009496390441235313,0.32953589025436275
114.38615902650443,7.51091014440442e-05,0.000874231645253767,0.0009493407466978112,0.32953215567242644
114.41949774962495,7.506571744148574e-05,0.0008739769179796788,0.0009490426354211645,0.32952842318663506
114.45283647274546,7.502237101682805e-05,0.0008737223391035215,0.0009487447101203495,0.32952469279522384
114.48617519586598,7.497906212668515e-05,0.0008734679084956533,0.0009484469706223385,0.32952096449642987
114.5195139189865,7.493579072773372e-05,0.0008732136260265835,0.0009481494167543173,0.3295172382884922
114.55285264210703,7.489255677671295e-05,0.0008729594915669719,0.0009478520483436849,0.32951351416965197
114.58619136522755,7.48493602304244e-05,0.0008727055049876291,0.0009475548652180534,0.3295097921381522
114.61953008834807,7.480620104573186e-05,0.0008724516661595156,0.0009472578672052475,0.3295060721922379
114.65286881146858,7.476307917956135e-05,0.0008721979749537425,0.0009469610541333039,0.329502354330156
114.6862075345891,7.471999458890088e-05,0.0008719444312415705,0.0009466644258304714,0.3294986385501556
114.71954625770962,7.467694723080044e-05,0.0008716910348944097,0.0009463679821252102,0.3294949248504874
114.75288498083015,7.463393706237189e-05,0.00087143778578382,0.0009460717228461919,0.32949121322940444
114.78622370395067,7.459096404078877e-05,0.0008711846837815107,0.0009457756478222994,0.32948750368516155
114.81956242707119,7.45480281232863e-05,0.0008709317287593395,0.0009454797568826257,0.32948379621601537
114.85290115019171,7.45051292671612e-05,0.0008706789205893132,0.0009451840498564744,0.3294800908202247
114.88623987331222,7.446226742977164e-05,0.0008704262591435874,0.0009448885265733591,0.3294763874960503
114.91957859643274,7.4419442568537e-05,0.0008701737442944656,0.0009445931868630026,0.32947268624175463
114.95291731955326,7.437665464093796e-05,0.0008699213759143997,0.0009442980305553377,0.3294689870556024
114.98625604267379,7.433390360451629e-05,0.0008696691538759895,0.0009440030574805058,0.32946528993586005
115.01959476579431,7.429118941687473e-05,0.0008694170780519827,0.0009437082674688574,0.32946159488079607
115.05293348891483,7.424851203567692e-05,0.0008691651483152739,0.0009434136603509508,0.3294579018886808
115.08627221203535,7.420587141864726e-05,0.0008689133645389057,0.0009431192359575529,0.3294542109577866
115.11961093515586,7.416326752357088e-05,0.0008686617265960673,0.0009428249941196383,0.3294505220863876
115.15294965827638,7.412070030829344e-05,0.0008684102343600949,0.0009425309346683884,0.3294468352727601
115.1862883813969,7.407816973072107e-05,0.0008681588877044713,0.0009422370574351924,0.3294431505151821
115.21962710451743,7.40356757488203e-05,0.0008679076865028258,0.0009419433622516461,0.3294394678119336
115.25296582763795,7.39932183206179e-05,0.0008676566306289339,0.0009416498489495518,0.3294357871612966
115.28630455075847,7.39507974042008e-05,0.0008674057199567171,0.0009413565173609179,0.32943210856155497
115.31964327387898,7.3908412957716e-05,0.0008671549543602428,0.0009410633673179588,0.3294284320109944
115.3529819969995,7.386606493937041e-05,0.0008669043337137236,0.000940770398653094,0.32942475750790257
115.38632072012003,7.382375330743085e-05,0.0008666538578915179,0.0009404776111989488,0.32942108505056905
115.41965944324055,7.378147802022384e-05,0.0008664035267681291,0.0009401850047883529,0.32941741463728536
115.45299816636107,7.373923903613558e-05,0.0008661533402182055,0.0009398925792543411,0.32941374626634484
115.48633688948159,7.369703631361177e-05,0.0008659032981165405,0.0009396003344301523,0.3294100799360428
115.51967561260211,7.365486981115757e-05,0.0008656534003380715,0.0009393082701492291,0.3294064156446765
115.55301433572262,7.361273948733752e-05,0.0008654036467578805,0.000939016386245218,0.32940275339054487
115.58635305884314,7.357064530077531e-05,0.0008651540372511937,0.000938724682551969,0.329399093171949
115.61969178196367,7.352858721015381e-05,0.000864904571693381,0.0009384331589035348,0.3293954349871917
115.65303050508419,7.348656517421494e-05,0.0008646552499599561,0.0009381418151341711,0.3293917788345777
115.68636922820471,7.34445791517595e-05,0.0008644060719265765,0.000937850651078336,0.32938812471241363
115.71970795132523,7.34026291016472e-05,0.0008641570374690425,0.0009375596665706896,0.32938447261900805
115.75304667444576,7.336071498279639e-05,0.0008639081464632976,0.0009372688614460939,0.3293808225526713
115.78638539756626,7.331883675418414e-05,0.0008636593987854285,0.0009369782355396126,0.3293771745117157
115.81972412068679,7.327699437484593e-05,0.0008634107943116643,0.0009366877886865103,0.32937352849445534
115.85306284380731,7.323518780387576e-05,0.0008631623329183766,0.0009363975207222524,0.32936988449920623
115.88640156692783,7.319341700042596e-05,0.0008629140144820792,0.0009361074314825051,0.3293662425242863
115.91974029004835,7.315168192370704e-05,0.0008626658388794281,0.0009358175208031352,0.32936260256801525
115.95307901316887,7.310998253298768e-05,0.0008624178059872212,0.0009355277885202089,0.32935896462871467
115.98641773628938,7.30683187875946e-05,0.0008621699156823979,0.0009352382344699926,0.3293553287047081
116.0197564594099,7.302669064691236e-05,0.0008619221678420391,0.0009349488584889515,0.3293516947943208
116.05309518253043,7.298509807038345e-05,0.0008616745623433668,0.0009346596604137503,0.32934806289588
116.08643390565095,7.294354101750805e-05,0.0008614270990637445,0.0009343706400812526,0.3293444330077147
116.11977262877147,7.290201944784398e-05,0.0008611797778806759,0.0009340817973285198,0.32934080512815583
116.153111351892,7.286053332100661e-05,0.0008609325986718058,0.0009337931319928124,0.32933717925553607
116.18645007501252,7.281908259666873e-05,0.0008606855613149194,0.0009335046439115882,0.3293335553881901
116.21978879813302,7.27776672345605e-05,0.000860438665687942,0.0009332163329225025,0.3293299335244542
116.25312752125355,7.273628719446925e-05,0.0008601919116689388,0.000932928198863408,0.32932631366266674
116.28646624437407,7.26949424362395e-05,0.0008599452991361151,0.0009326402415723546,0.3293226958011678
116.31980496749459,7.265363291977286e-05,0.0008596988279678157,0.0009323524608875886,0.3293190799382993
116.35314369061511,7.261235860502782e-05,0.0008594524980425249,0.0009320648566475527,0.3293154660724049
116.38648241373564,7.257111945201976e-05,0.0008592063092388662,0.000931777428690886,0.3293118542018304
116.41982113685616,7.252991542082078e-05,0.0008589602614356022,0.0009314901768564229,0.3293082443249231
116.45315985997667,7.248874647155972e-05,0.0008587143545116341,0.0009312031009831938,0.32930463644003233
116.48649858309719,7.244761256442188e-05,0.000858468588346002,0.0009309162009104239,0.3293010305455091
116.51983730621771,7.240651365964907e-05,0.0008582229628178843,0.0009306294764775334,0.3292974266397063
116.55317602933823,7.23654497175395e-05,0.0008579774778065976,0.000930342927524137,0.3292938247209786
116.58651475245875,7.232442069844762e-05,0.0008577321331915967,0.0009300565538900444,0.3292902247876827
116.61985347557928,7.228342656278405e-05,0.0008574869288524742,0.0009297703554152582,0.3292866268381768
116.65319219869978,7.224246727101553e-05,0.0008572418646689603,0.0009294843319399758,0.329283030870821
116.6865309218203,7.220154278366474e-05,0.0008569969405209224,0.0009291984833045871,0.32927943688397737
116.71986964494083,7.216065306131031e-05,0.0008567521562883656,0.0009289128093496759,0.3292758448760096
116.75320836806135,7.211979806458662e-05,0.0008565075118514318,0.0009286273099160184,0.3292722548452833
116.78654709118187,7.207897775418378e-05,0.0008562630070904001,0.0009283419848445839,0.3292686667901658
116.8198858143024,7.203819209084748e-05,0.0008560186418856856,0.000928056833976533,0.32926508070902627
116.85322453742292,7.199744103537898e-05,0.0008557744161178405,0.0009277718571532195,0.3292614966002357
116.88656326054343,7.19567245486349e-05,0.000855530329667553,0.0009274870542161879,0.32925791446216673
116.91990198366395,7.19160425915272e-05,0.0008552863824156473,0.0009272024250071745,0.329254334293194
116.95324070678447,7.187539512502307e-05,0.0008550425742430837,0.0009269179693681068,0.32925075609169385
116.98657942990499,7.183478211014488e-05,0.0008547989050309582,0.0009266336871411031,0.3292471798560443
117.01991815302551,7.179420350797001e-05,0.0008545553746605021,0.0009263495781684721,0.3292436055846253
117.05325687614604,7.175365927963078e-05,0.000854311983013082,0.0009260656422927128,0.3292400332758185
117.08659559926656,7.171314938631442e-05,0.0008540687299702001,0.0009257818793565146,0.3292364629280074
117.11993432238707,7.167267378926286e-05,0.0008538256154134928,0.0009254982892027557,0.32923289453957716
117.15327304550759,7.163223244977271e-05,0.0008535826392247318,0.0009252148716745045,0.3292293281089148
117.18661176862811,7.159182532919523e-05,0.000853339801285823,0.0009249316266150183,0.32922576363440914
117.21995049174863,7.15514523889361e-05,0.000853097101478807,0.000924648553867743,0.32922220111445066
117.25328921486916,7.151111359045544e-05,0.000852854539685858,0.0009243656532763134,0.3292186405474317
117.28662793798968,7.147080889526763e-05,0.0008526121157892846,0.0009240829246845522,0.3292150819317463
117.31996666111019,7.14305382649413e-05,0.0008523698296715295,0.0009238003679364708,0.3292115252657903
117.35330538423071,7.139030166109918e-05,0.000852127681215168,0.0009235179828762671,0.32920797054796125
117.38664410735123,7.135009904541801e-05,0.0008518856703029097,0.0009232357693483277,0.32920441777665854
117.41998283047175,7.130993037962854e-05,0.000851643796817597,0.0009229537271972255,0.32920086695028333
117.45332155359227,7.126979562551528e-05,0.0008514020606422053,0.0009226718562677205,0.3291973180672383
117.4866602767128,7.122969474491656e-05,0.0008511604616598431,0.0009223901564047596,0.3291937711259282
117.51999899983332,7.118962769972435e-05,0.0008509189997537511,0.0009221086274534755,0.32919022612475923
117.55333772295383,7.114959445188421e-05,0.0008506776748073032,0.0009218272692591875,0.3291866830621396
117.58667644607435,7.110959496339512e-05,0.0008504364867040047,0.0009215460816673998,0.32918314193647913
117.62001516919487,7.106962919630955e-05,0.0008501954353274933,0.0009212650645238029,0.3291796027461893
117.6533538923154,7.102969711273321e-05,0.000849954520561539,0.0009209842176742722,0.3291760654896835
117.68669261543592,7.098979867482503e-05,0.0008497137422900429,0.0009207035409648679,0.3291725301653767
117.72003133855644,7.094993384479713e-05,0.0008494731003970379,0.000920423034241835,0.3291689967716857
117.75337006167696,7.091010258491456e-05,0.0008492325947666884,0.000920142697351603,0.32916546530702906
117.78670878479747,7.087030485749541e-05,0.0008489922252832897,0.000919862530140785,0.3291619357698269
117.82004750791799,7.083054062491057e-05,0.0008487519918312679,0.0009195825324561784,0.3291584081585012
117.85338623103851,7.07908098495837e-05,0.0008485118942951803,0.000919302704144764,0.32915488247147573
117.88672495415904,7.075111249399117e-05,0.0008482719325597145,0.0009190230450537057,0.3291513587071758
117.92006367727956,7.071144852066192e-05,0.0008480321065096886,0.0009187435550303505,0.32914783686402854
117.95340240040008,7.06718178921774e-05,0.000847792416030051,0.0009184642339222284,0.32914431694046276
117.98674112352059,7.063222057117147e-05,0.0008475528610058801,0.0009181850815770516,0.32914079893490905
118.02007984664111,7.059265652033032e-05,0.000847313441322384,0.0009179060978427143,0.32913728284579963
118.05341856976163,7.055312570239236e-05,0.0008470741568649004,0.0009176272825672928,0.32913376867156846
118.08675729288215,7.051362808014817e-05,0.0008468350075188968,0.000917348635599045,0.32913025641065125
118.12009601600268,7.04741636164404e-05,0.00084659599316997,0.0009170701567864104,0.3291267460614853
118.1534347391232,7.043473227416364e-05,0.0008463571137038457,0.0009167918459780093,0.3291232376225098
118.18677346224372,7.039533401626441e-05,0.0008461183690063786,0.000916513703022643,0.32911973109216536
118.22011218536423,7.035596880574103e-05,0.0008458797589635523,0.0009162357277692933,0.32911622646889455
118.25345090848475,7.031663660564347e-05,0.0008456412834614786,0.0009159579200671221,0.3291127237511416
118.28678963160527,7.027733737907337e-05,0.0008454029423863983,0.0009156802797654716,0.32910922293735223
118.3201283547258,7.023807108918397e-05,0.0008451647356246798,0.0009154028067138637,0.32910572402597404
118.35346707784632,7.019883769917985e-05,0.0008449266630628199,0.0009151255007619997,0.32910222701545633
118.38680580096684,7.015963717231704e-05,0.0008446887245874432,0.0009148483617597603,0.32909873190425
118.42014452408736,7.012046947190283e-05,0.000844450920085302,0.0009145713895572047,0.32909523869080753
118.45348324720787,7.008133456129574e-05,0.000844213249443276,0.0009142945840045717,0.3290917473735834
118.48682197032839,7.00422324039053e-05,0.000843975712548372,0.0009140179449522774,0.3290882579510334
118.52016069344891,7.000316296319216e-05,0.0008437383092877245,0.0009137414722509166,0.32908477042161527
118.55349941656944,6.996412620266787e-05,0.0008435010395485944,0.0009134651657512622,0.3290812847837883
118.58683813968996,6.992512208589488e-05,0.0008432639032183699,0.0009131890253042648,0.32907780103601353
118.62017686281048,6.988615057648635e-05,0.0008430269001845652,0.0009129130507610516,0.3290743191767535
118.65351558593099,6.984721163810617e-05,0.0008427900303348216,0.0009126372419729278,0.3290708392044726
118.68685430905151,6.980830523446876e-05,0.0008425532935569059,0.0009123615987913747,0.3290673611176368
118.72019303217203,6.976943132933915e-05,0.0008423166897387116,0.0009120861210680508,0.32906388491471383
118.75353175529256,6.973058988653274e-05,0.0008420802187682578,0.0009118108086547906,0.3290604105941729
118.78687047841308,6.969178086991529e-05,0.0008418438805336894,0.0009115356614036046,0.329056938154485
118.8202092015336,6.965300424340284e-05,0.0008416076749232765,0.0009112606791666794,0.32905346759412285
118.85354792465412,6.961425997096158e-05,0.0008413716018254153,0.0009109858617963769,0.32904999891156056
118.88688664777463,6.957554801660784e-05,0.0008411356611286266,0.0009107112091452344,0.32904653210527424
118.92022537089515,6.953686834440789e-05,0.0008408998527215562,0.0009104367210659641,0.3290430671737413
118.95356409401568,6.949822091847799e-05,0.0008406641764929749,0.0009101623974114529,0.32903960411544114
118.9869028171362,6.945960570298422e-05,0.0008404286323317784,0.0009098882380347626,0.3290361429288545
119.02024154025672,6.942102266214244e-05,0.0008401932201269864,0.0009096142427891289,0.329032683612464
119.05358026337724,6.938247176021816e-05,0.0008399579397677432,0.0009093404115279614,0.32902922616475366
119.08691898649776,6.934395296152653e-05,0.0008397227911433173,0.0009090667441048439,0.32902577058420945
119.12025770961827,6.930546623043218e-05,0.000839487774143101,0.0009087932403735331,0.32902231686931865
119.1535964327388,6.926701153134914e-05,0.0008392528886566103,0.0009085199001879594,0.3290188650185704
119.18693515585932,6.922858882874087e-05,0.000839018134573485,0.0009082467234022258,0.32901541503045534
119.22027387897984,6.919019808712005e-05,0.0008387835117834885,0.0009079737098706085,0.3290119669034659
119.25361260210036,6.915183927104852e-05,0.000838549020176507,0.0009077008594475555,0.32900852063609587
119.28695132522088,6.911351234513728e-05,0.0008383146596425503,0.0009074281719876876,0.329005076226841
119.32029004834139,6.907521727404636e-05,0.0008380804300717508,0.0009071556473457972,0.3290016336741984
119.35362877146191,6.903695402248461e-05,0.0008378463313543638,0.0009068832853768484,0.3289981929766668
119.38696749458244,6.899872255520988e-05,0.000837612363380767,0.000906611085935977,0.32899475413274687
119.42030621770296,6.896052283702872e-05,0.0008373785260414609,0.0009063390488784896,0.3289913171409405
119.45364494082348,6.892235483279641e-05,0.0008371448192270678,0.0009060671740598642,0.3289878819997514
119.486983663944,6.888421850741684e-05,0.0008369112428283323,0.0009057954613357492,0.3289844487076848
119.52032238706452,6.884611382584243e-05,0.0008366777967361208,0.0009055239105619633,0.32898101726324763
119.55366111018503,6.880804075307405e-05,0.0008364444808414219,0.000905252521594496,0.32897758766494845
119.58699983330555,6.876999925416093e-05,0.0008362112950353448,0.0009049812942895058,0.32897415991129725
119.62033855642608,6.873198929420064e-05,0.0008359782392091211,0.0009047102285033217,0.32897073400080584
119.6536772795466,6.869401083833892e-05,0.0008357453132541029,0.0009044393240924418,0.3289673099319875
119.68701600266712,6.865606385176968e-05,0.0008355125170617638,0.0009041685809135335,0.32896388770335705
119.72035472578764,6.861814829973486e-05,0.000835279850523698,0.0009038979988234329,0.3289604673134311
119.75369344890817,6.858026414752437e-05,0.0008350473135316207,0.000903627577679145,0.3289570487607277
119.78703217202867,6.854241136047606e-05,0.0008348149059773675,0.0009033573173378435,0.3289536320437666
119.8203708951492,6.85045899039755e-05,0.0008345826277528941,0.0009030872176568696,0.328950217161069
119.85370961826972,6.84667997434561e-05,0.0008343504787502769,0.000902817278493733,0.3289468041111578
119.88704834139024,6.84290408443989e-05,0.0008341184588617121,0.000902547499706111,0.3289433928925575
119.92038706451076,6.839131317233247e-05,0.0008338865679795158,0.0009022778811518483,0.32893998350379405
119.95372578763129,6.835361669283296e-05,0.0008336548059961239,0.0009020084226889568,0.3289365759433951
119.98706451075181,6.831595137152386e-05,0.0008334231728040917,0.0009017391241756156,0.32893317020988994
120.02040323387232,6.827831717407609e-05,0.0008331916682960941,0.0009014699854701702,0.32892976630180926
120.05374195699284,6.824071406620773e-05,0.0008329602923649249,0.0009012010064311327,0.32892636421768545
120.08708068011336,6.820314201368415e-05,0.0008327290449034972,0.0009009321869171813,0.32892296395605236
120.12041940323388,6.816560098231777e-05,0.0008324979258048428,0.0009006635267871606,0.3289195655154456
120.1537581263544,6.812809093796806e-05,0.0008322669349621125,0.0009003950259000806,0.32891616889440217
120.18709684947493,6.809061184654144e-05,0.0008320360722685755,0.000900126684115117,0.32891277409146075
120.22043557259543,6.805316367399122e-05,0.0008318053376176194,0.0008998585012916107,0.3289093811051615
120.25377429571596,6.801574638631746e-05,0.0008315747309027497,0.0008995904772890672,0.3289059899340462
120.28711301883648,6.797835994956702e-05,0.0008313442520175906,0.0008993226119671576,0.32890260057665816
120.320451741957,6.794100432983335e-05,0.0008311139008558838,0.0008990549051857171,0.32889921303154224
120.35379046507752,6.790367949325648e-05,0.0008308836773114887,0.0008987873568047452,0.3288958272972449
120.38712918819805,6.786638540602292e-05,0.0008306535812783825,0.0008985199666844055,0.3288924433723142
120.42046791131857,6.782912203436564e-05,0.0008304236126506596,0.0008982527346850253,0.32888906125529965
120.45380663443908,6.779188934456391e-05,0.000830193771322532,0.0008979856606670959,0.3288856809447523
120.4871453575596,6.775468730294324e-05,0.0008299640571883282,0.0008977187444912714,0.3288823024392248
120.52048408068012,6.771751587587539e-05,0.000829734470142494,0.0008974519860183693,0.32887892573727134
120.55382280380064,6.768037502977816e-05,0.000829505010079592,0.0008971853851093702,0.3288755508374477
120.58716152692116,6.764326473111546e-05,0.0008292756768943013,0.0008969189416254168,0.3288721777383111
120.62050025004169,6.760618494639711e-05,0.0008290464704814176,0.0008966526554278146,0.3288688064384205
120.65383897316221,6.756913564217878e-05,0.0008288173907358524,0.0008963865263780312,0.328865436936336
120.68717769628272,6.753211678506205e-05,0.0008285884375526341,0.0008961205543376961,0.3288620692306197
120.72051641940324,6.749512834169413e-05,0.0008283596108269062,0.0008958547391686003,0.32885870331983497
120.75385514252376,6.745817027876794e-05,0.0008281309104539286,0.0008955890807326965,0.3288553392025467
120.78719386564428,6.742124256302195e-05,0.0008279023363290765,0.0008953235788920985,0.32885197687732143
120.8205325887648,6.738434516124018e-05,0.0008276738883478409,0.0008950582335090811,0.3288486163427272
120.85387131188533,6.734747804025205e-05,0.0008274455664058281,0.0008947930444460801,0.3288452575973336
120.88721003500584,6.731064116693238e-05,0.0008272173703987591,0.0008945280115656914,0.32884190063971147
120.92054875812636,6.727383450820121e-05,0.0008269893002224702,0.0008942631347306715,0.3288385454684336
120.95388748124688,6.72370580310238e-05,0.0008267613557729127,0.0008939984138039366,0.32883519208207407
120.9872262043674,6.72003117024106e-05,0.0008265335369461524,0.0008937338486485631,0.3288318404792084
121.02056492748792,6.716359548941709e-05,0.0008263058436383697,0.0008934694391277868,0.32882849065841385
121.05390365060845,6.712690935914373e-05,0.0008260782757458593,0.0008932051851050029,0.32882514261826895
121.08724237372897,6.709025327873586e-05,0.0008258508331650301,0.000892941086443766,0.328821796357354
121.12058109684948,6.705362721538377e-05,0.0008256235157924053,0.000892677143007789,0.3288184518742505
121.15391981997,6.701703113632239e-05,0.0008253963235246214,0.0008924133546609438,0.3288151091675418
121.18725854309052,6.698046500883141e-05,0.0008251692562584295,0.0008921497212672608,0.32881176823581254
121.22059726621104,6.694392880023513e-05,0.0008249423138906934,0.0008918862426909286,0.32880842907764884
121.25393598933157,6.690742247790241e-05,0.0008247154963183911,0.0008916229187962935,0.3288050916916384
121.28727471245209,6.687094600924655e-05,0.0008244888034386133,0.0008913597494478599,0.3288017560763705
121.32061343557261,6.683449936172531e-05,0.0008242622351485642,0.0008910967345102896,0.32879842223043576
121.35395215869312,6.679808250284073e-05,0.0008240357913455608,0.0008908338738484016,0.32879509015242636
121.38729088181364,6.676169540013909e-05,0.0008238094719270327,0.0008905711673271718,0.328791759840936
121.42062960493416,6.67253380212109e-05,0.0008235832767905225,0.0008903086148117333,0.3287884312945598
121.45396832805469,6.668901033369076e-05,0.0008233572058336852,0.0008900462161673759,0.3287851045118945
121.48730705117521,6.665271230525732e-05,0.0008231312589542881,0.0008897839712595454,0.3287817794915382
121.52064577429573,6.66164439036332e-05,0.0008229054360502106,0.0008895218799538437,0.3287784562320905
121.55398449741624,6.658020509658493e-05,0.0008226797370194444,0.0008892599421160293,0.3287751347321526
121.58732322053676,6.654399585192279e-05,0.0008224541617600926,0.0008889981576120155,0.328771814990327
121.62066194365728,6.650781613750092e-05,0.0008222287101703706,0.0008887365263078715,0.3287684970052178
121.6540006667778,6.647166592121708e-05,0.000822003382148605,0.0008884750480698221,0.3287651807754306
121.68733938989833,6.643554517101262e-05,0.000821778177593234,0.0008882137227642466,0.32876186629957244
121.72067811301885,6.63994538548725e-05,0.0008215530964028069,0.0008879525502576794,0.3287585535762517
121.75401683613937,6.63633919408251e-05,0.0008213281384759843,0.0008876915304168095,0.32875524260407857
121.78735555925988,6.632735939694224e-05,0.0008211033037115378,0.00088743066310848,0.32875193338166425
121.8206942823804,6.629135619133896e-05,0.0008208785920083494,0.0008871699481996884,0.3287486259076219
121.85403300550092,6.62553822921737e-05,0.0008206540032654122,0.0008869093855575859,0.3287453201805656
121.88737172862145,6.621943766764798e-05,0.0008204295373818297,0.0008866489750494777,0.3287420161991115
121.92071045174197,6.618352228600652e-05,0.0008202051942568158,0.0008863887165428223,0.32873871396187676
121.95404917486249,6.6147636115537e-05,0.0008199809737896943,0.0008861286099052313,0.32873541346748014
121.98738789798301,6.611177912457014e-05,0.0008197568758798995,0.0008858686550044697,0.3287321147145419
122.02072662110352,6.607595128147955e-05,0.0008195329004269753,0.0008856088517084548,0.32872881770168366
122.05406534422404,6.604015255468165e-05,0.0008193090473305755,0.0008853491998852571,0.32872552242752867
122.08740406734456,6.600438291263567e-05,0.0008190853164904634,0.0008850896994030991,0.3287222288907014
122.12074279046509,6.59686423238435e-05,0.0008188617078065118,0.0008848303501303553,0.32871893708982797
122.15408151358561,6.593293075684968e-05,0.000818638221178703,0.0008845711519355527,0.3287156470235359
122.18742023670613,6.589724818024129e-05,0.0008184148565071281,0.0008843121046873694,0.32871235869045395
122.22075895982664,6.586159456264795e-05,0.0008181916136919875,0.0008840532082546355,0.3287090720892127
122.25409768294716,6.582596987274162e-05,0.0008179684926335904,0.000883794462506332,0.32870578721844385
122.28743640606768,6.579037407923667e-05,0.0008177454932323545,0.0008835358673115912,0.32870250407678075
122.3207751291882,6.575480715088974e-05,0.0008175226153888064,0.0008832774225396962,0.32869922266285806
122.35411385230873,6.571926905649968e-05,0.0008172998590035809,0.0008830191280600806,0.3286959429753119
122.38745257542925,6.56837597649075e-05,0.0008170772239774211,0.0008827609837423286,0.3286926650127799
122.42079129854977,6.564827924499626e-05,0.0008168547102111783,0.0008825029894561745,0.32868938877390097
122.45413002167028,6.561282746569108e-05,0.0008166323176058117,0.0008822451450715028,0.32868611425731564
122.4874687447908,6.557740439595895e-05,0.0008164100460623883,0.0008819874504583473,0.3286828414616658
122.52080746791133,6.55420100048088e-05,0.0008161878954820828,0.0008817299054868916,0.3286795703855947
122.55414619103185,6.550664426129131e-05,0.0008159658657661777,0.000881472510027469,0.3286763010277471
122.58748491415237,6.547130713449896e-05,0.0008157439568160623,0.0008812152639505612,0.32867303338676906
122.62082363727289,6.543599859356584e-05,0.0008155221685332339,0.0008809581671267997,0.3286697674613083
122.65416236039341,6.54007186076677e-05,0.0008153005008192961,0.0008807012194269638,0.32866650325001373
122.68750108351392,6.536546714602181e-05,0.0008150789535759602,0.000880444420721982,0.32866324075153575
122.72083980663444,6.533024417788684e-05,0.0008148575267050436,0.0008801877708829305,0.32865997996452617
122.75417852975497,6.529504967256297e-05,0.0008146362201084709,0.0008799312697810339,0.32865672088763837
122.78751725287549,6.525988359939163e-05,0.0008144150336882731,0.0008796749172876647,0.3286534635195268
122.82085597599601,6.522474592775558e-05,0.0008141939673465873,0.0008794187132743429,0.3286502078588477
122.85419469911653,6.518963662707876e-05,0.0008139730209856573,0.000879162657612736,0.32864695390425847
122.88753342223704,6.515455566682623e-05,0.0008137521945078325,0.0008789067501746588,0.32864370165441803
122.92087214535756,6.511950301650411e-05,0.0008135314878155685,0.0008786509908320726,0.3286404511079866
122.95421086847809,6.508447864565955e-05,0.0008133109008114266,0.0008783953794570861,0.3286372022636259
122.98754959159861,6.504948252388065e-05,0.0008130904333980738,0.0008781399159219544,0.3286339551199991
123.02088831471913,6.501451462079636e-05,0.0008128700854782827,0.000877884600099079,0.3286307096757707
123.05422703783965,6.49795749060764e-05,0.0008126498569549311,0.0008776294318610075,0.3286274659296064
123.08756576096017,6.494466334943129e-05,0.000812429747731002,0.0008773744110804334,0.3286242238801737
123.12090448408068,6.49097799206122e-05,0.000812209757709584,0.0008771195376301962,0.3286209835261413
123.1542432072012,6.487492458941087e-05,0.0008119898867938697,0.0008768648113832806,0.32861774486617906
123.18758193032173,6.484009732565964e-05,0.0008117701348871573,0.0008766102322128169,0.32861450789895863
123.22092065344225,6.48052980992313e-05,0.0008115505018928492,0.0008763557999920805,0.3286112726231528
123.25425937656277,6.477052688003905e-05,0.0008113309877144526,0.0008761015145944917,0.32860803903743585
123.2875980996833,6.473578363803644e-05,0.000811111592255579,0.0008758473758936154,0.3286048071404834
123.32093682280382,6.470106834321732e-05,0.0008108923154199439,0.0008755933837631611,0.32860157693097247
123.35427554592432,6.466638096561572e-05,0.0008106731571113674,0.0008753395380769831,0.32859834840758145
123.38761426904485,6.463172147530585e-05,0.0008104541172337728,0.0008750858387090786,0.32859512156899007
123.42095299216537,6.459708984240198e-05,0.0008102351956911878,0.0008748322855335898,0.3285918964138796
123.45429171528589,6.456248603705847e-05,0.0008100163923877438,0.0008745788784248023,0.32858867294093247
123.48763043840641,6.452791002946955e-05,0.0008097977072276753,0.0008743256172571448,0.32858545114883264
123.52096916152693,6.449336178986939e-05,0.0008095791401153205,0.00087407250190519,0.3285822310362653
123.55430788464744,6.445884128853203e-05,0.000809360690955121,0.000873819532243653,0.3285790126019173
123.58764660776797,6.442434849577119e-05,0.0008091423596516209,0.0008735667081473921,0.32857579584447644
123.62098533088849,6.438988338194035e-05,0.0008089241461094678,0.0008733140294914082,0.32857258076263224
123.65432405400901,6.435544591743262e-05,0.0008087060502334119,0.0008730614961508445,0.32856936735507536
123.68766277712953,6.432103607268069e-05,0.0008084880719283064,0.0008728091080009871,0.328566155620498
123.72100150025005,6.428665381815676e-05,0.0008082702110991067,0.0008725568649172634,0.32856294555759363
123.75434022337058,6.425229912437247e-05,0.0008080524676508708,0.0008723047667752433,0.3285597371650571
123.78767894649108,6.421797196187885e-05,0.0008078348414887589,0.0008720528134506377,0.32855653044158445
123.8210176696116,6.418367230126624e-05,0.0008076173325180333,0.0008718010048192996,0.32855332538587345
123.85435639273213,6.414940011316429e-05,0.0008073999406440586,0.0008715493407572229,0.3285501219966229
123.88769511585265,6.411515536824177e-05,0.0008071826657723009,0.0008712978211405428,0.3285469202725332
123.92103383897317,6.408093803720665e-05,0.0008069655078083281,0.0008710464458455347,0.3285437202123057
123.9543725620937,6.404674809080593e-05,0.00080674846665781,0.0008707952147486159,0.3285405218146436
123.98771128521422,6.401258549982565e-05,0.0008065315422265175,0.0008705441277263431,0.3285373250782512
124.02105000833473,6.397845023509078e-05,0.000806314734420323,0.0008702931846554137,0.328534130001834
124.05438873145525,6.394434226746517e-05,0.0008060980431451999,0.000870042385412665,0.3285309365840991
124.08772745457577,6.391026156785149e-05,0.0008058814683072228,0.0008697917298750743,0.3285277448237549
124.12106617769629,6.387620810719117e-05,0.0008056650098125673,0.0008695412179197585,0.328524554719511
124.15440490081681,6.384218185646438e-05,0.0008054486675675098,0.0008692908494239742,0.3285213662700785
124.18774362393734,6.380818278668986e-05,0.0008052324414784269,0.0008690406242651168,0.3285181794741697
124.22108234705784,6.3774210868925e-05,0.0008050163314517963,0.0008687905423207214,0.32851499433049836
124.25442107017837,6.37402660742656e-05,0.0008048003373941956,0.0008685406034684613,0.32851181083777947
124.28775979329889,6.370634837384601e-05,0.0008045844592123031,0.0008682908075861491,0.32850862899472943
124.32109851641941,6.367245773883891e-05,0.0008043686968128965,0.0008680411545517354,0.32850544880006594
124.35443723953993,6.363859414045536e-05,0.0008041530501028543,0.0008677916442433097,0.328502270252508
124.38777596266046,6.360475754994462e-05,0.0008039375189891543,0.0008675422765390989,0.32849909335077604
124.42111468578098,6.357094793859421e-05,0.000803722103378874,0.0008672930513174683,0.32849591809359163
124.45445340890149,6.35371652777298e-05,0.0008035068031791911,0.0008670439684569208,0.3284927444796778
124.48779213202201,6.350340953871509e-05,0.0008032916182973815,0.0008667950278360967,0.32848957250775895
124.52113085514253,6.346968069295186e-05,0.0008030765486408218,0.0008665462293337737,0.3284864021765607
124.55446957826305,6.343597871187981e-05,0.0008028615941169867,0.0008662975728288665,0.32848323348480996
124.58780830138357,6.34023035669766e-05,0.0008026467546334506,0.0008660490582004273,0.32848006643123506
124.6211470245041,6.336865522975769e-05,0.0008024320300978865,0.0008658006853276441,0.3284769010145656
124.65448574762462,6.333503367177631e-05,0.0008022174204180661,0.0008655524540898423,0.3284737372335325
124.68782447074513,6.330143886462346e-05,0.0008020029255018601,0.0008653043643664835,0.328470575086868
124.72116319386565,6.326787077992775e-05,0.0008017885452572371,0.0008650564160371649,0.3284674145733055
124.75450191698617,6.323432938935544e-05,0.0008015742795922648,0.0008648086089816202,0.32846425569158005
124.7878406401067,6.32008146646103e-05,0.0008013601284151086,0.0008645609430797189,0.32846109844042765
124.82117936322722,6.316732657743361e-05,0.0008011460916340323,0.0008643134182114659,0.3284579428185858
124.85451808634774,6.313386509960403e-05,0.0008009321691573975,0.0008640660342570015,0.3284547888247933
124.88785680946825,6.310043020293766e-05,0.0008007183608936639,0.0008638187910966016,0.32845163645779013
124.92119553258877,6.306702185928782e-05,0.0008005046667513884,0.0008635716886106762,0.3284484857163177
124.95453425570929,6.303364004054512e-05,0.0008002910866392262,0.0008633247266797713,0.3284453365991187
124.98787297882981,6.300028471863734e-05,0.0008000776204659296,0.0008630779051845669,0.32844218910493694
125.02121170195034,6.296695586552941e-05,0.0007998642681403479,0.0008628312240058773,0.3284390432325178
125.05455042507086,6.293365345322331e-05,0.0007996510295714283,0.0008625846830246516,0.3284358989806079
125.08788914819138,6.290037745375805e-05,0.0007994379046682145,0.0008623382821219726,0.3284327563479549
125.12122787131189,6.286712783920958e-05,0.0007992248933398476,0.0008620920211790572,0.32842961533330794
125.15456659443241,6.283390458169071e-05,0.0007990119954955649,0.0008618459000772555,0.32842647593541757
125.18790531755293,6.280070765335111e-05,0.0007987992110447009,0.000861599918698052,0.3284233381530354
125.22124404067345,6.276753702637727e-05,0.0007985865398966866,0.0008613540769230639,0.32842020198491445
125.25458276379398,6.27343926729923e-05,0.0007983739819610493,0.0008611083746340415,0.3284170674298089
125.2879214869145,6.270127456545607e-05,0.0007981615371474125,0.0008608628117128686,0.32841393448647443
125.32126021003502,6.266818267606499e-05,0.000797949205365496,0.0008606173880415611,0.32841080315366783
125.35459893315553,6.263511697715204e-05,0.0007977369865251159,0.0008603721035022679,0.32840767343014715
125.38793765627605,6.260207744108665e-05,0.0007975248805361837,0.0008601269579772703,0.32840454531467184
125.42127637939657,6.256906404027471e-05,0.0007973128873087069,0.0008598819513489816,0.32840141880600254
125.4546151025171,6.253607674715847e-05,0.0007971010067527889,0.0008596370834999474,0.32839829390290115
125.48795382563762,6.25031155342165e-05,0.0007968892387786282,0.0008593923543128447,0.3283951706041309
125.52129254875814,6.247018037396364e-05,0.0007966775832965191,0.0008591477636704827,0.32839204890845636
125.55463127187865,6.243727123895088e-05,0.000796466040216851,0.000858903311455802,0.32838892881464316
125.58796999499917,6.240438810176537e-05,0.0007962546094501085,0.0008586589975518739,0.3283858103214583
125.62130871811969,6.237153093503039e-05,0.000796043290906871,0.0008584148218419014,0.3283826934276702
125.65464744124021,6.233869971140516e-05,0.0007958320844978132,0.0008581707842092183,0.3283795781320482
125.68798616436074,6.230589440358495e-05,0.0007956209901337042,0.0008579268845372892,0.3283764644333633
125.72132488748126,6.22731149843009e-05,0.0007954100077254081,0.000857683122709709,0.32837335233038745
125.75466361060178,6.224036142632001e-05,0.0007951991371838832,0.0008574394986102032,0.32837024182189406
125.78800233372229,6.220763370244513e-05,0.0007949883784201824,0.0008571960121226275,0.3283671329066576
125.82134105684281,6.217493178551474e-05,0.0007947777313454528,0.0008569526631309676,0.32836402558345396
125.85467977996333,6.214225564840312e-05,0.0007945671958709356,0.0008567094515193387,0.3283609198510602
125.88801850308386,6.210960526402014e-05,0.0007943567719079661,0.0008564663771719863,0.3283578157082548
125.92135722620438,6.20769806053112e-05,0.0007941464593679736,0.0008562234399732848,0.3283547131538172
125.9546959493249,6.204438164525733e-05,0.0007939362581624809,0.0008559806398077383,0.32835161218652825
125.98803467244542,6.201180835687487e-05,0.0007937261682031047,0.0008557379765599796,0.32834851280517013
126.02137339556593,6.197926071321573e-05,0.0007935161894015552,0.0008554954501147709,0.3283454150085262
126.05471211868645,6.194673868736703e-05,0.0007933063216696357,0.0008552530603570028,0.32834231879538095
126.08805084180698,6.191424225245127e-05,0.0007930965649192432,0.0008550108071716945,0.32833922416452016
126.1213895649275,6.188177138162616e-05,0.0007928869190623676,0.0008547686904439938,0.32833613111473103
126.15472828804802,6.18493260480846e-05,0.000792677384011092,0.0008545267100591766,0.3283330396448018
126.18806701116854,6.181690622505461e-05,0.0007924679596775921,0.0008542848659026468,0.3283299497535221
126.22140573428905,6.178451188579934e-05,0.0007922586459741369,0.0008540431578599362,0.32832686143968254
126.25474445740957,6.175214300361684e-05,0.0007920494428130876,0.0008538015858167045,0.32832377470207524
126.2880831805301,6.171979955184023e-05,0.000791840350106898,0.0008535601496587383,0.32832068953949345
126.32142190365062,6.16874815038375e-05,0.0007916313677681146,0.0008533188492719521,0.3283176059507317
126.35476062677114,6.165518883301149e-05,0.000791422495709376,0.0008530776845423874,0.32831452393458554
126.38809934989166,6.162292151279985e-05,0.0007912137338434129,0.0008528366553562128,0.3283114434898521
126.42143807301218,6.159067951667498e-05,0.0007910050820830483,0.0008525957615997232,0.32830836461532936
126.45477679613269,6.155846281814397e-05,0.000790796540341197,0.000852355003159341,0.32830528730981695
126.48811551925321,6.152627139074849e-05,0.0007905881085308654,0.000852114379921614,0.32830221157211525
126.52145424237374,6.149410520806488e-05,0.0007903797865651521,0.000851873891773217,0.32829913740102623
126.55479296549426,6.146196424370394e-05,0.0007901715743572467,0.0008516335386009506,0.32829606479535295
126.58813168861478,6.142984847131099e-05,0.0007899634718204307,0.0008513933202917417,0.32829299375389964
126.6214704117353,6.139775786456572e-05,0.0007897554788680765,0.0008511532367326423,0.32828992427547177
126.65480913485582,6.136569239718223e-05,0.0007895475954136484,0.0008509132878108306,0.32828685635887617
126.68814785797633,6.133365204290891e-05,0.0007893398213707011,0.00085067347341361,0.3282837900029207
126.72148658109685,6.13016367755284e-05,0.0007891321566528805,0.0008504337934284089,0.3282807252064145
126.75482530421738,6.126964656885758e-05,0.0007889246011739232,0.0008501942477427808,0.3282776619681679
126.7881640273379,6.12376813967474e-05,0.000788717154847657,0.0008499548362444044,0.32827460028699246
126.82150275045842,6.1205741233083e-05,0.000788509817588,0.000849715558821083,0.328271540161701
126.85484147357894,6.117382605178353e-05,0.0007883025893089606,0.0008494764153607441,0.3282684815911075
126.88818019669945,6.114193582680212e-05,0.0007880954699246381,0.0008492374057514402,0.3282654245740272
126.92151891981997,6.11100705321258e-05,0.0007878884593492214,0.0008489985298813471,0.3282623691092763
126.9548576429405,6.107823014177558e-05,0.0007876815574969899,0.0008487597876387654,0.32825931519567253
126.98819636606102,6.104641462980621e-05,0.0007874747642823132,0.0008485211789121195,0.3282562628320347
127.02153508918154,6.101462397030625e-05,0.0007872680796196505,0.0008482827035899568,0.32825321201718266
127.05487381230206,6.0982858137398055e-05,0.0007870615034235509,0.000848044361560949,0.3282501627499378
127.08821253542258,6.095111710523748e-05,0.000786855035608653,0.0008478061527138905,0.3282471150291223
127.1215512585431,6.091940084801422e-05,0.0007866486760896854,0.0008475680769376996,0.32824406885355994
127.15488998166362,6.088770933995134e-05,0.0007864424247814655,0.0008473301341214169,0.32824102422207535
127.18822870478414,6.085604255530554e-05,0.0007862362815989004,0.0008470923241542059,0.3282379811334945
127.22156742790466,6.082440046836695e-05,0.0007860302464569864,0.0008468546469253533,0.3282349395866446
127.25490615102518,6.079278305345911e-05,0.0007858243192708086,0.0008466171023242678,0.328231899580354
127.2882448741457,6.07611902849389e-05,0.0007856184999555416,0.0008463796902404804,0.3282288611134522
127.32158359726623,6.072962213719655e-05,0.0007854127884264482,0.0008461424105636447,0.32822582418476987
127.35492232038673,6.0698078584655534e-05,0.0007852071845988806,0.0008459052631835361,0.32822278879313904
127.38826104350726,6.066655960177245e-05,0.0007850016883882789,0.0008456682479900514,0.32821975493739264
127.42159976662778,6.06350651630372e-05,0.0007847962997101721,0.0008454313648732093,0.3282167226163651
127.4549384897483,6.06035952429726e-05,0.0007845910184801776,0.0008451946137231503,0.3282136918288917
127.48827721286882,6.057214981613473e-05,0.000784385844614001,0.0008449579944301357,0.32821066257380915
127.52161593598935,6.054072885711243e-05,0.000784180778027436,0.0008447215068845484,0.32820763484995524
127.55495465910985,6.0509332340527703e-05,0.0007839758186363645,0.0008444851509768923,0.328204608656169
127.58829338223038,6.04779602410353e-05,0.000783770966356756,0.0008442489265977914,0.32820158399129046
127.6216321053509,6.0446612533322855e-05,0.0007835662211046682,0.000844012833637991,0.328198560854161
127.65497082847142,6.0415289192110834e-05,0.0007833615827962462,0.000843776871988357,0.32819553924362316
127.68830955159194,6.038399019215239e-05,0.0007831570513477228,0.0008435410415398751,0.3281925191585205
127.72164827471246,6.035271550823341e-05,0.0007829526266754181,0.0008433053421836516,0.32818950059769797
127.75498699783299,6.0321465115172384e-05,0.0007827483086957399,0.0008430697738109123,0.3281864835600014
127.7883257209535,6.029023898782043e-05,0.0007825440973251829,0.0008428343363130034,0.32818346804427817
127.82166444407402,6.0259037101061115e-05,0.000782339992480329,0.0008425990295813902,0.3281804540493764
127.85500316719454,6.022785942981067e-05,0.0007821359940778473,0.0008423638535076579,0.3281774415741457
127.88834189031506,6.01967059490175e-05,0.0007819321020344933,0.0008421288079835109,0.3281744306174366
127.92168061343558,6.016557663366272e-05,0.00078172831626711,0.0008418938929007728,0.32817142117810105
127.9550193365561,6.013447145875947e-05,0.0007815246366926265,0.000841659108151386,0.3281684132549919
127.98835805967663,6.0103390399353426e-05,0.0007813210632280586,0.000841424453627412,0.3281654068469633
128.02169678279714,6.0072333430522305e-05,0.0007811175957905087,0.0008411899292210311,0.3281624019528706
128.05503550591766,6.004130052737614e-05,0.0007809142342971653,0.0008409555348245414,0.3281593985715701
128.08837422903818,6.0010291665057066e-05,0.0007807109786653032,0.0008407212703303603,0.3281563967019195
128.1217129521587,5.997930681873927e-05,0.0007805078288122835,0.0008404871356310228,0.32815339634277746
128.15505167527922,5.9948345963629024e-05,0.0007803047846555529,0.0008402531306191819,0.3281503974930038
128.18839039839975,5.991740907496456e-05,0.0007801018461126443,0.0008400192551876089,0.32814740015145966
128.22172912152027,5.9886496128016046e-05,0.0007798990131011762,0.0008397855092291922,0.32814440431700714
128.2550678446408,5.9855607098085564e-05,0.000779696285538853,0.0008395518926369386,0.3281414099885096
128.2884065677613,5.982474196050701e-05,0.0007794936633434643,0.0008393184053039713,0.32813841716483144
128.32174529088184,5.9793900690646085e-05,0.0007792911464328853,0.0008390850471235315,0.32813542584483835
128.35508401400233,5.976308326390026e-05,0.0007790887347250768,0.0008388518179889771,0.32813243602739695
128.38842273712285,5.973228965569858e-05,0.0007788864281380841,0.0008386187177937827,0.3281294477113752
128.42176146024337,5.9701519841501866e-05,0.0007786842265900384,0.0008383857464315403,0.3281264608956421
128.4551001833639,5.967077379680247e-05,0.0007784821299991553,0.0008381529037959578,0.32812347557906785
128.48843890648442,5.9640051497124326e-05,0.0007782801382837356,0.0008379201897808599,0.3281204917605236
128.52177762960494,5.9609352918022807e-05,0.0007780782513621648,0.0008376876042801876,0.3281175094388819
128.55511635272546,5.957867803508479e-05,0.0007778764691529131,0.0008374551471879979,0.3281145286130163
128.58845507584599,5.954802682392853e-05,0.0007776747915745352,0.0008372228183984637,0.3281115492818014
128.6217937989665,5.951739926020361e-05,0.0007774732185456702,0.0008369906178058738,0.3281085714441131
128.65513252208703,5.948679531959096e-05,0.0007772717499850415,0.0008367585453046324,0.3281055950988283
128.68847124520755,5.945621497780274e-05,0.0007770703858114568,0.0008365266007892596,0.328102620244825
128.72180996832807,5.942565821058229e-05,0.0007768691259438081,0.0008362947841543904,0.3280996468809825
128.7551486914486,5.9395124993704185e-05,0.0007766679703010712,0.0008360630952947754,0.328096675006181
128.7884874145691,5.936461530297405e-05,0.0007764669188023058,0.0008358315341052798,0.32809370461930204
128.8218261376896,5.933412911422852e-05,0.0007762659713666552,0.0008356001004808837,0.3280907357192281
128.85516486081013,5.930366640333537e-05,0.0007760651279133468,0.0008353687943166823,0.32808776830484293
128.88850358393066,5.927322714619325e-05,0.0007758643883616912,0.0008351376155078845,0.3280848023750312
128.92184230705118,5.9242811318731774e-05,0.0007756637526310828,0.0008349065639498145,0.3280818379286789
128.9551810301717,5.92124188969114e-05,0.000775463220640999,0.0008346756395379104,0.32807887496467303
128.98851975329222,5.918204985672343e-05,0.0007752627923110007,0.0008344448421677242,0.3280759134819018
129.02185847641275,5.9151704174189895e-05,0.000775062467560732,0.0008342141717349219,0.3280729534792543
129.05519719953327,5.912138182536364e-05,0.0007748622463099197,0.0008339836281352833,0.32806999495562106
129.0885359226538,5.9091082786328134e-05,0.0007746621284783738,0.0008337532112647019,0.3280670379098934
129.1218746457743,5.9060807033197465e-05,0.0007744621139859872,0.0008335229210191846,0.32806408234096396
129.15521336889483,5.903055454211636e-05,0.000774262202752735,0.0008332927572948514,0.3280611282477265
129.18855209201536,5.9000325289260044e-05,0.0007740623946986756,0.0008330627199879357,0.32805817562907563
129.22189081513585,5.897011925083428e-05,0.0007738626897439496,0.0008328328089947839,0.32805522448390734
129.25522953825637,5.89399364030752e-05,0.0007736630878087796,0.0008326030242118549,0.32805227481111865
129.2885682613769,5.8909776722249406e-05,0.000773463588813471,0.0008323733655357205,0.3280493266096076
129.32190698449742,5.887964018465384e-05,0.0007732641926784114,0.0008321438328630652,0.32804637987827345
129.35524570761794,5.884952676661574e-05,0.00077306489932407,0.0008319144260906857,0.32804343461601637
129.38858443073846,5.881943644449261e-05,0.0007728657086709985,0.0008316851451154911,0.32804049082173786
129.42192315385898,5.878936919467216e-05,0.0007726666206398301,0.0008314559898345023,0.32803754849434036
129.4552618769795,5.8759324993572274e-05,0.00077246763515128,0.0008312269601448522,0.32803460763272746
129.48860060010003,5.872930381764096e-05,0.0007722687521261448,0.0008309980559437857,0.3280316682358038
129.52193932322055,5.86993056433563e-05,0.0007720699714853028,0.0008307692771286591,0.32802873030247515
129.55527804634107,5.866933044722639e-05,0.0007718712931497137,0.0008305406235969401,0.32802579383164837
129.5886167694616,5.863937820578934e-05,0.0007716727170404187,0.0008303120952462081,0.3280228588222314
129.62195549258212,5.860944889561316e-05,0.0007714742430785401,0.0008300836919741532,0.3280199252731333
129.65529421570264,5.857954249329577e-05,0.0007712758711852812,0.000829855413678577,0.3280169931832641
129.68863293882313,5.854965897546499e-05,0.0007710776012819267,0.0008296272602573917,0.32801406255153503
129.72197166194366,5.851979831877829e-05,0.0007708794332898415,0.0008293992316086198,0.32801113337685844
129.75531038506418,5.848996049992306e-05,0.0007706813671304721,0.0008291713276303952,0.32800820565814764
129.7886491081847,5.8460145495616293e-05,0.0007704834027253453,0.0008289435482209616,0.328005279394317
129.82198783130522,5.84303532826047e-05,0.0007702855399960687,0.0008287158932786734,0.3280023545842822
129.85532655442574,5.8400583837664585e-05,0.0007700877788643303,0.0008284883627019948,0.3279994312269597
129.88866527754627,5.8370837137601845e-05,0.0007698901192518984,0.0008282609563895002,0.3279965093212672
129.9220040006668,5.8341113159251855e-05,0.0007696925610806217,0.0008280336742398736,0.32799358886612356
129.9553427237873,5.8311411879479556e-05,0.0007694951042724294,0.0008278065161519089,0.32799066986044845
129.98868144690783,5.828173327517925e-05,0.0007692977487493301,0.0008275794820245093,0.3279877523031629
130.02202017002836,5.8252077323274666e-05,0.000769100494433413,0.0008273525717566877,0.3279848361931888
130.05535889314888,5.822244400071886e-05,0.000768903341246847,0.0008271257852475658,0.32798192152944916
130.0886976162694,5.819283328449423e-05,0.0007687062891118807,0.0008268991223963749,0.3279790083108682
130.1220363393899,5.816324515161242e-05,0.0007685093379508426,0.000826672583102455,0.327976096536371
130.15537506251042,5.8133679579114235e-05,0.0007683124876861403,0.0008264461672652546,0.32797318620488386
130.18871378563094,5.810413654406971e-05,0.0007681157382402614,0.0008262198747843311,0.32797027731533407
130.22205250875146,5.807461602357799e-05,0.0007679190895357727,0.0008259937055593507,0.3279673698666499
130.25539123187198,5.8045117994767275e-05,0.0007677225414953202,0.0008257676594900875,0.32796446385776096
130.2887299549925,5.801564243479485e-05,0.0007675260940416292,0.0008255417364764241,0.3279615592875976
130.32206867811303,5.798618932084693e-05,0.000767329747097504,0.0008253159364183509,0.32795865615509145
130.35540740123355,5.795675863013874e-05,0.0007671335005858277,0.0008250902592159664,0.327955754459175
130.38874612435407,5.792735033991436e-05,0.0007669373544295627,0.0008248647047694771,0.32795285419878206
130.4220848474746,5.789796442744677e-05,0.0007667413085517497,0.0008246392729791965,0.32794995537284727
130.45542357059512,5.7868600870037715e-05,0.0007665453628755086,0.0008244139637455463,0.3279470579803065
130.48876229371564,5.7839259645017766e-05,0.0007663495173240372,0.000824188776969055,0.32794416202009635
130.52210101683616,5.780994072974618e-05,0.0007661537718206123,0.0008239637125503585,0.32794126749115493
130.55543973995665,5.7780644101610954e-05,0.0007659581262885891,0.0008237387703902001,0.32793837439242113
130.58877846307718,5.775136973802863e-05,0.0007657625806514005,0.000823513950389429,0.3279354827228348
130.6221171861977,5.772211761644442e-05,0.000765567134832558,0.0008232892524490024,0.3279325924813371
130.65545590931822,5.7692887714332086e-05,0.0007653717887556512,0.0008230646764699833,0.32792970366687
130.68879463243874,5.76636800091939e-05,0.0007651765423443476,0.0008228402223535415,0.3279268162783767
130.72213335555927,5.763449447856056e-05,0.0007649813955223924,0.0008226158900009529,0.32792393031480127
130.7554720786798,5.7605331099991244e-05,0.0007647863482136088,0.0008223916793136001,0.327921045775089
130.7888108018003,5.7576189851073467e-05,0.0007645914003418977,0.0008221675901929712,0.3279181626581861
130.82214952492083,5.754707070942311e-05,0.0007643965518312371,0.0008219436225406603,0.32791528096303985
130.85548824804135,5.751797365268434e-05,0.0007642018026056832,0.0008217197762583675,0.3279124006885985
130.88882697116188,5.748889865852955e-05,0.0007640071525893691,0.0008214960512478986,0.32790952183381156
130.9221656942824,5.7459845704659406e-05,0.0007638126017065053,0.0008212724474111647,0.32790664439762934
130.95550441740292,5.7430814768802676e-05,0.0007636181498813792,0.0008210489646501819,0.3279037683790032
130.98884314052344,5.740180582871627e-05,0.0007634237970383559,0.0008208256028670722,0.32790089377688575
131.02218186364394,5.737281886218522e-05,0.0007632295431018771,0.0008206023619640623,0.3278980205902304
131.05552058676446,5.7343853847022515e-05,0.000763035387996461,0.0008203792418434836,0.32789514881799164
131.08885930988498,5.7314910761069196e-05,0.0007628413316467034,0.0008201562424077725,0.32789227845912505
131.1221980330055,5.728598958219426e-05,0.0007626473739772761,0.0008199333635594704,0.3278894095125873
131.15553675612603,5.7257090288294606e-05,0.000762453514912928,0.0008197106052012227,0.3278865419773359
131.18887547924655,5.7228212857295e-05,0.0007622597543784841,0.0008194879672357791,0.3278836758523295
131.22221420236707,5.719935726714802e-05,0.000762066092298846,0.000819265449565994,0.32788081113652784
131.2555529254876,5.7170523495834047e-05,0.0007618725285989916,0.0008190430520948257,0.3278779478288915
131.28889164860811,5.71417115213612e-05,0.000761679063203975,0.0008188207747253361,0.3278750859283822
131.32223037172864,5.711292132176531e-05,0.0007614856960389263,0.0008185986173606916,0.3278722254339627
131.35556909484916,5.7084152875109847e-05,0.0007612924270290517,0.0008183765799041615,0.3278693663445968
131.38890781796968,5.7055406159485915e-05,0.0007610992560996333,0.0008181546622591192,0.32786650865924916
131.4222465410902,5.702668115301218e-05,0.0007609061831760288,0.000817932864329041,0.32786365237688564
131.4555852642107,5.6997977833834896e-05,0.0007607132081836723,0.0008177111860175072,0.327860797496473
131.48892398733122,5.6969296180127674e-05,0.0007605203310480727,0.0008174896272282004,0.32785794401697904
131.52226271045174,5.694063617009171e-05,0.0007603275516948148,0.0008172681878649065,0.3278550919373726
131.55560143357226,5.691199778195556e-05,0.0007601348700495589,0.0008170468678315144,0.3278522412566236
131.5889401566928,5.688338099397515e-05,0.0007599422860380404,0.0008168256670320155,0.3278493919737027
131.6222788798133,5.6854785784433725e-05,0.0007597497995860702,0.0008166045853705039,0.3278465440875819
131.65561760293383,5.682621213164186e-05,0.0007595574106195344,0.0008163836227511762,0.32784369759723403
131.68895632605435,5.679766001393729e-05,0.0007593651190643937,0.000816162779078331,0.327840852501633
131.72229504917487,5.6769129409685026e-05,0.0007591729248466843,0.0008159420542563693,0.3278380087997536
131.7556337722954,5.6740620297277236e-05,0.0007589808278925168,0.000815721448189794,0.3278351664905718
131.78897249541592,5.671213265513316e-05,0.0007587888281280769,0.0008155009607832101,0.32783232557306446
131.82231121853644,5.6683666461699155e-05,0.0007585969254796248,0.000815280591941324,0.32782948604620943
131.85564994165696,5.665522169544863e-05,0.0007584051198734954,0.0008150603415689441,0.32782664790898564
131.88898866477746,5.6626798334881976e-05,0.0007582134112360982,0.0008148402095709802,0.327823811160373
131.92232738789798,5.659839635852653e-05,0.0007580217994939165,0.000814620195852443,0.3278209757993524
131.9556661110185,5.6570015744936546e-05,0.0007578302845735083,0.0008144003003184449,0.3278181418249056
131.98900483413902,5.6541656472693195e-05,0.0007576388664015061,0.0008141805228741993,0.3278153092360156
132.02234355725955,5.651331852040445e-05,0.0007574475449046161,0.0008139608634250206,0.32781247803166624
132.05568228038007,5.6485001866705086e-05,0.0007572563200096186,0.0008137413218763238,0.32780964821084246
132.0890210035006,5.6456706490256647e-05,0.0007570651916433677,0.0008135218981336244,0.32780681977253
132.1223597266211,5.642843236974738e-05,0.0007568741597327918,0.0008133025921025392,0.32780399271571586
132.15569844974164,5.64001794838922e-05,0.0007566832242048925,0.0008130834036887847,0.3278011670393877
132.18903717286216,5.6371947811432705e-05,0.0007564923849867452,0.0008128643327981779,0.3277983427425345
132.22237589598268,5.634373733113703e-05,0.0007563016420054989,0.000812645379336636,0.327795519824146
132.2557146191032,5.63155480217999e-05,0.0007561109951883763,0.0008124265432101763,0.3277926982832131
132.28905334222372,5.6287379862242544e-05,0.0007559204444626729,0.0008122078243249155,0.3277898781187275
132.32239206534425,5.625923283131267e-05,0.000755729989755758,0.0008119892225870707,0.32778705932968194
132.35573078846474,5.623110690788446e-05,0.000755539630995074,0.0008117707379029584,0.32778424191507033
132.38906951158526,5.620300207085838e-05,0.0007553493681081359,0.0008115523701789942,0.32778142587388726
132.42240823470578,5.61749182991614e-05,0.0007551592010225322,0.0008113341193216936,0.3277786112051285
132.4557469578263,5.614685557174671e-05,0.0007549691296659241,0.0008111159852376708,0.32777579790779077
132.48908568094683,5.611881386759383e-05,0.0007547791539660459,0.0008108979678336397,0.32777298598087173
132.52242440406735,5.6090793165708467e-05,0.0007545892738507041,0.0008106800670164125,0.32777017542337006
132.55576312718787,5.606279344512257e-05,0.0007543994892477782,0.0008104622826929008,0.3277673662342854
132.5891018503084,5.603481468489426e-05,0.0007542098000852202,0.0008102446147701145,0.3277645584126182
132.62244057342892,5.600685686410773e-05,0.0007540202062910547,0.0008100270631551624,0.32776175195737023
132.65577929654944,5.597891996187329e-05,0.000753830707793378,0.0008098096277552513,0.3277589468675439
132.68911801966996,5.59510039573273e-05,0.0007536413045203594,0.0008095923084776868,0.32775614314214285
132.72245674279048,5.59231088296321e-05,0.0007534519964002401,0.0008093751052298722,0.3277533407801715
132.755795465911,5.589523455797601e-05,0.0007532627833613334,0.0008091580179193094,0.3277505397806353
132.7891341890315,5.586738112157329e-05,0.0007530736653320245,0.0008089410464535978,0.32774774014254066
132.82247291215202,5.583954849966404e-05,0.0007528846422407705,0.0008087241907404345,0.32774494186489506
132.85581163527254,5.581173667151425e-05,0.0007526957140161004,0.0008085074506876147,0.3277421449467068
132.88915035839307,5.578394561641573e-05,0.0007525068805866149,0.0008082908262030306,0.3277393493869851
132.9224890815136,5.575617531368602e-05,0.0007523181418809864,0.0008080743171946724,0.32773655518474043
132.9558278046341,5.5728425742668434e-05,0.0007521294978279587,0.0008078579235706271,0.3277337623389839
132.98916652775463,5.570069688273198e-05,0.0007519409483563472,0.0008076416452390792,0.32773097084872777
133.02250525087516,5.5672988713271294e-05,0.0007517524933950385,0.0008074254821083098,0.32772818071298515
133.05584397399568,5.5645301213706626e-05,0.0007515641328729907,0.0008072094340866974,0.3277253919307702
133.0891826971162,5.561763436348387e-05,0.0007513758667192328,0.0008069935010827167,0.327722604501098
133.12252142023672,5.558998814207438e-05,0.0007511876948628651,0.0008067776830049394,0.3277198184229846
133.15586014335724,5.556236252897508e-05,0.0007509996172330589,0.0008065619797620339,0.32771703369544697
133.18919886647777,5.553475750370833e-05,0.0007508116337590562,0.0008063463912627645,0.327714250317503
133.22253758959826,5.550717304582194e-05,0.0007506237443701703,0.0008061309174159922,0.32771146828817166
133.25587631271878,5.547960913488903e-05,0.0007504359489957846,0.0008059155581306736,0.32770868760647276
133.2892150358393,5.545206575050819e-05,0.0007502482475653535,0.0008057003133158618,0.3277059082714271
133.32255375895983,5.542454287230326e-05,0.0007500606400084022,0.0008054851828807055,0.32770313028205644
133.35589248208035,5.539704047992336e-05,0.0007498731262545258,0.0008052701667344491,0.32770035363738337
133.38923120520087,5.536955855304285e-05,0.0007496857062333904,0.0008050552647864333,0.32769757833643165
133.4225699283214,5.534209707136133e-05,0.0007494983798747318,0.0008048404769460932,0.3276948043782258
133.45590865144192,5.5314656014603506e-05,0.0007493111471083566,0.0008046258031229602,0.32769203176179135
133.48924737456244,5.5287235362519257e-05,0.0007491240078641412,0.0008044112432266605,0.32768926048615477
133.52258609768296,5.525983509488352e-05,0.0007489369620720319,0.0008041967971669155,0.3276864905503435
133.55592482080348,5.523245519149631e-05,0.0007487500096620453,0.0008039824648535416,0.32768372195338585
133.589263543924,5.520509563218264e-05,0.0007485631505642676,0.0008037682461964502,0.32768095469431113
133.62260226704453,5.517775639679251e-05,0.0007483763847088548,0.0008035541411056473,0.32767818877214955
133.65594099016505,5.515043746520085e-05,0.0007481897120260327,0.0008033401494912335,0.3276754241859323
133.68927971328554,5.5123138817307544e-05,0.0007480031324460967,0.0008031262712634042,0.3276726609346915
133.72261843640607,5.509586043303724e-05,0.0007478166458994116,0.0008029125063324489,0.32766989901746013
133.7559571595266,5.506860229233952e-05,0.0007476302523164116,0.0008026988546087511,0.3276671384332722
133.7892958826471,5.504136437518868e-05,0.0007474439516276004,0.0008024853160027891,0.3276643791811626
133.82263460576763,5.501414666158384e-05,0.0007472577437635508,0.0008022718904251347,0.3276616212601672
133.85597332888815,5.498694913154882e-05,0.000747071628654905,0.0008020585777864538,0.3276588646693227
133.88931205200868,5.495977176513208e-05,0.0007468856062323741,0.0008018453779975062,0.3276561094076669
133.9226507751292,5.4932614542406765e-05,0.000746699676426738,0.0008016322909691448,0.32765335547423824
133.95598949824972,5.490547744347065e-05,0.0007465138391688459,0.0008014193166123166,0.32765060286807646
133.98932822137024,5.487836044844602e-05,0.0007463280943896157,0.0008012064548380617,0.3276478515882219
134.02266694449077,5.485126353747977e-05,0.0007461424420200338,0.0008009937055575136,0.3276451016337161
134.0560056676113,5.482418669074323e-05,0.0007459568819911557,0.0008007810686818989,0.3276423530036013
134.0893443907318,5.4797129888432255e-05,0.0007457714142341049,0.0008005685441225372,0.3276396056969207
134.1226831138523,5.4770093110767095e-05,0.0007455860386800741,0.0008003561317908413,0.32763685971271855
134.15602183697283,5.4743076337992365e-05,0.0007454007552603236,0.0008001438315983159,0.3276341150500399
134.18936056009335,5.471607955037709e-05,0.0007452155639061825,0.0007999316434565596,0.3276313717079308
134.22269928321387,5.468910272821458e-05,0.000745030464549048,0.0007997195672772627,0.3276286296854381
134.2560380063344,5.4662145851822454e-05,0.0007448454571203857,0.000799507602972208,0.32762588898160977
134.28937672945491,5.463520890154256e-05,0.0007446605415517287,0.0007992957504532712,0.32762314959549443
134.32271545257544,5.460829185774096e-05,0.0007444757177746785,0.0007990840096324195,0.32762041152614185
134.35605417569596,5.45813947008079e-05,0.0007442909857209046,0.0007988723804217125,0.32761767477260256
134.38939289881648,5.4554517411157776e-05,0.0007441063453221438,0.0007986608627333017,0.32761493933392816
134.422731621937,5.4527659969229055e-05,0.0007439217965102011,0.0007984494564794302,0.3276122052091709
134.45607034505753,5.450082235548432e-05,0.000743737339216949,0.0007982381615724333,0.3276094723973843
134.48940906817805,5.447400455041014e-05,0.0007435529733743273,0.0007980269779247375,0.32760674089762243
134.52274779129857,5.4447206534517125e-05,0.0007433686989143436,0.0007978159054488607,0.3276040107089405
134.55608651441906,5.442042828833984e-05,0.0007431845157690729,0.0007976049440574127,0.32760128183039455
134.5894252375396,5.4393669792436736e-05,0.000743000423870657,0.0007973940936630937,0.32759855426104156
134.6227639606601,5.4366931027390194e-05,0.0007428164231513054,0.0007971833541786956,0.32759582799993936
134.65610268378063,5.434021197380646e-05,0.0007426325135432947,0.0007969727255171012,0.3275931030461467
134.68944140690115,5.431351261231558e-05,0.0007424486949789685,0.0007967622075912841,0.3275903793987233
134.72278013002168,5.42868329235714e-05,0.0007422649673907373,0.0007965518003143087,0.3275876570567297
134.7561188531422,5.426017288825151e-05,0.0007420813307110784,0.00079634150359933,0.32758493601922734
134.78945757626272,5.423353248705724e-05,0.0007418977848725363,0.0007961313173595935,0.3275822162852786
134.82279629938324,5.4206911700713556e-05,0.0007417143298077216,0.0007959212415084351,0.3275794978539468
134.85613502250376,5.418031050996911e-05,0.0007415309654493121,0.0007957112759592812,0.32757678072429613
134.8894737456243,5.415372889559616e-05,0.0007413476917300519,0.000795501420625648,0.32757406489539154
134.9228124687448,5.412716683839053e-05,0.0007411645085827516,0.0007952916754211421,0.32757135036629903
134.95615119186533,5.410062431917159e-05,0.0007409814159402883,0.00079508204025946,0.32756863713608547
134.98948991498585,5.407410131878223e-05,0.0007407984137356053,0.0007948725150543876,0.3275659252038186
135.02282863810635,5.404759781808882e-05,0.0007406155019017122,0.000794663099719801,0.3275632145685671
135.05616736122687,5.4021113797981126e-05,0.0007404326803716844,0.0007944537941696656,0.3275605052294004
135.0895060843474,5.3994649239372345e-05,0.0007402499490786639,0.0007942445983180362,0.32755779718538897
135.1228448074679,5.396820412319907e-05,0.0007400673079558583,0.0007940355120790573,0.3275550904356041
135.15618353058844,5.3941778430421194e-05,0.0007398847569365414,0.0007938265353669626,0.32755238497911804
135.18952225370896,5.3915372142021945e-05,0.0007397022959540526,0.0007936176680960745,0.3275496808150038
135.22286097682948,5.3888985239007765e-05,0.0007395199249417971,0.0007934089101808049,0.3275469779423354
135.25619969995,5.38626177024084e-05,0.0007393376438332458,0.0007932002615356542,0.32754427636018774
135.28953842307052,5.383626951327675e-05,0.0007391554525619351,0.0007929917220752118,0.3275415760676364
135.32287714619105,5.380994065268886e-05,0.000738973351061467,0.0007927832917141558,0.3275388770637581
135.35621586931157,5.3783631101743974e-05,0.0007387913392655087,0.0007925749703672527,0.32753617934763035
135.3895545924321,5.3757340841564385e-05,0.0007386094171077932,0.0007923667579493575,0.3275334829183315
135.4228933155526,5.373106985329544e-05,0.000738427584522118,0.0007921586543754135,0.3275307877749408
135.4562320386731,5.370481811810558e-05,0.0007382458414423468,0.0007919506595604524,0.3275280939165385
135.48957076179363,5.367858561718615e-05,0.0007380641878024073,0.0007917427734195935,0.3275254013422054
135.52290948491415,5.3652372331751524e-05,0.0007378826235362928,0.0007915349958680444,0.3275227100510236
135.55624820803467,5.3626178243038985e-05,0.0007377011485780617,0.0007913273268211008,0.32752002004207575
135.5895869311552,5.3600003332308715e-05,0.0007375197628618369,0.0007911197661941456,0.32751733131444555
135.62292565427572,5.357384758084376e-05,0.0007373384663218062,0.0007909123139026499,0.32751464386721746
135.65626437739624,5.3547710969949974e-05,0.0007371572588922221,0.0007907049698621721,0.3275119576994769
135.68960310051676,5.3521593480956034e-05,0.0007369761405074017,0.0007904977339883578,0.3275092728103101
135.72294182363729,5.3495495095213364e-05,0.0007367951111017266,0.00079029060619694,0.32750658919880427
135.7562805467578,5.346941579409612e-05,0.000736614170609643,0.0007900835864037391,0.3275039068640473
135.78961926987833,5.344335555900114e-05,0.0007364333189656613,0.0007898766745246624,0.3275012258051281
135.82295799299885,5.341731437134794e-05,0.0007362525561043562,0.0007896698704757041,0.3274985460211364
135.85629671611937,5.3391292212578656e-05,0.000736071881960367,0.0007894631741729456,0.32749586751116283
135.88963543923987,5.336528906415805e-05,0.0007358912964683966,0.0007892565855325546,0.3274931902742988
135.9229741623604,5.333930490757338e-05,0.0007357107995632123,0.0007890501044707857,0.3274905143096367
135.9563128854809,5.3313339724334475e-05,0.0007355303911796452,0.0007888437309039797,0.3274878396162697
135.98965160860143,5.328739349597367e-05,0.0007353500712525904,0.0007886374647485641,0.32748516619329177
136.02299033172196,5.326146620404577e-05,0.0007351698397170069,0.0007884313059210526,0.3274824940397979
136.05632905484248,5.323555783012796e-05,0.0007349896965079173,0.0007882252543380453,0.32747982315488383
136.089667777963,5.320966835581989e-05,0.000734809641560408,0.0007880193099162279,0.3274771535376462
136.12300650108352,5.3183797762743515e-05,0.0007346296748096291,0.0007878134725723726,0.3274744851871826
136.15634522420405,5.3157946032543155e-05,0.0007344497961907937,0.0007876077422233369,0.3274718181025912
136.18968394732457,5.313211314688545e-05,0.0007342700056391789,0.0007874021187860643,0.32746915228297124
136.2230226704451,5.310629908745926e-05,0.000734090303090125,0.0007871966021775843,0.3274664877274229
136.2563613935656,5.308050383597571e-05,0.0007339106884790354,0.0007869911923150112,0.32746382443504696
136.28970011668613,5.305472737416812e-05,0.0007337311617413771,0.0007867858891155452,0.32746116240494527
136.32303883980666,5.302896968379199e-05,0.0007335517228126795,0.0007865806924964716,0.3274585016362203
136.35637756292715,5.300323074662498e-05,0.0007333723716285363,0.0007863756023751612,0.32745584212797574
136.38971628604767,5.297751054446678e-05,0.0007331931081246025,0.0007861706186690693,0.3274531838793157
136.4230550091682,5.295180905913922e-05,0.0007330139322365973,0.0007859657412957365,0.3274505268893454
136.45639373228872,5.292612627248614e-05,0.0007328348439003024,0.0007857609701727886,0.32744787115717094
136.48973245540924,5.290046216637344e-05,0.0007326558430515621,0.0007855563052179355,0.327445216681899
136.52307117852976,5.2874816722688945e-05,0.0007324769296262833,0.0007853517463489723,0.3274425634626375
136.55640990165028,5.284918992334244e-05,0.0007322981035604357,0.0007851472934837781,0.32743991149849483
136.5897486247708,5.2823581750265635e-05,0.0007321193647900514,0.000784942946540317,0.32743726078858043
136.62308734789133,5.279799218541211e-05,0.000731940713251225,0.0007847387054366372,0.32743461133200447
136.65642607101185,5.27724212107573e-05,0.0007317621488801136,0.0007845345700908709,0.32743196312787815
136.68976479413237,5.274686880829847e-05,0.000731583671612936,0.0007843305404212344,0.3274293161753133
136.7231035172529,5.272133496005465e-05,0.000731405281385974,0.0007841266163460286,0.32742667047342267
136.75644224037342,5.269581964806664e-05,0.000731226978135571,0.0007839227977836376,0.32742402602131987
136.7897809634939,5.267032285439698e-05,0.0007310487617981327,0.0007837190846525297,0.3274213828181194
136.82311968661443,5.2644844561129846e-05,0.0007308706323101265,0.0007835154768712563,0.3274187408629364
136.85645840973496,5.2619384750371136e-05,0.000730692589608082,0.0007833119743584532,0.32741610015488704
136.88979713285548,5.259394340424834e-05,0.0007305146336285906,0.000783108577032839,0.32741346069308824
136.923135855976,5.256852050491058e-05,0.0007303367643083053,0.0007829052848132158,0.3274108224766578
136.95647457909652,5.25431160345285e-05,0.0007301589815839409,0.0007827020976184694,0.32740818550471434
136.98981330221704,5.2517729975294315e-05,0.0007299812853922738,0.0007824990153675681,0.3274055497763772
137.02315202533757,5.249236230942175e-05,0.0007298036756701419,0.0007822960379795636,0.32740291529076676
137.0564907484581,5.2467013019145946e-05,0.0007296261523544445,0.0007820931653735905,0.32740028204700405
137.0898294715786,5.244168208672356e-05,0.0007294487153821426,0.0007818903974688661,0.32739765004421106
137.12316819469913,5.241636949443262e-05,0.0007292713646902579,0.0007816877341846906,0.32739501928151044
137.15650691781966,5.239107522457252e-05,0.0007290941002158739,0.0007814851754404464,0.3273923897580258
137.18984564094018,5.236579925946406e-05,0.000728916921896135,0.000781282721155599,0.3273897614728816
137.2231843640607,5.234054158144928e-05,0.0007287398296682467,0.000781080371249696,0.3273871344252031
137.2565230871812,5.23153021728916e-05,0.0007285628234694756,0.0007808781256423672,0.3273845086141162
137.28986181030172,5.229008101617558e-05,0.0007283859032371492,0.0007806759842533248,0.327381884038748
137.32320053342224,5.2264878093707114e-05,0.0007282090689086556,0.0007804739470023628,0.327379260698226
137.35653925654276,5.223969338791323e-05,0.0007280323204214441,0.0007802720138093573,0.32737663859167876
137.38987797966328,5.221452688124215e-05,0.0007278556577130246,0.0007800701845942667,0.3273740177182357
137.4232167027838,5.2189378556163214e-05,0.0007276790807209674,0.0007798684592771306,0.327371398077027
137.45655542590433,5.216424839516687e-05,0.0007275025893829036,0.0007796668377780705,0.3273687796671835
137.48989414902485,5.213913638076462e-05,0.0007273261836365249,0.0007794653200172895,0.327366162487837
137.52323287214537,5.2114042495489064e-05,0.000727149863419583,0.000779263905915072,0.3273635465381202
137.5565715952659,5.208896672189375e-05,0.0007269736286698902,0.000779062595391784,0.3273609318171666
137.58991031838642,5.206390904255324e-05,0.0007267974793253194,0.0007788613883678726,0.32735831832411033
137.62324904150694,5.203886944006305e-05,0.0007266214153238031,0.0007786602847638662,0.3273557060580864
137.65658776462746,5.2013847897039586e-05,0.0007264454366033344,0.000778459284500374,0.3273530950182308
137.68992648774795,5.198884439612023e-05,0.000726269543101966,0.0007782583874980862,0.32735048520368004
137.72326521086848,5.196385891996308e-05,0.000726093734757811,0.0007780575936777741,0.3273478766135718
137.756603933989,5.193889145124718e-05,0.0007259180115090423,0.0007778569029602895,0.32734526924704427
137.78994265710952,5.1913941972672365e-05,0.0007257423732938924,0.0007776563152665647,0.32734266310323656
137.82328138023004,5.18890104669592e-05,0.0007255668200506539,0.000777455830517613,0.32734005818128864
137.85662010335056,5.1864096916849014e-05,0.0007253913517176789,0.0007772554486345279,0.32733745448034113
137.8899588264711,5.1839201305103835e-05,0.0007252159682333791,0.0007770551695384829,0.32733485199953566
137.9232975495916,5.181432361450638e-05,0.0007250406695362259,0.0007768549931507322,0.3273322507380145
137.95663627271213,5.1789463827860046e-05,0.0007248654555647501,0.0007766549193926101,0.3273296506949208
137.98997499583265,5.176462192798879e-05,0.0007246903262575419,0.0007764549481855306,0.32732705186939853
138.02331371895318,5.173979789773722e-05,0.0007245152815532507,0.0007762550794509879,0.32732445426059237
138.0566524420737,5.171499171997046e-05,0.0007243403213905853,0.0007760553131105558,0.3273218578676479
138.08999116519422,5.1690203377574196e-05,0.0007241654457083139,0.0007758556490858881,0.3273192626897114
138.12332988831471,5.1665432853454645e-05,0.0007239906544452636,0.0007756560872987183,0.3273166687259301
138.15666861143524,5.1640680130538396e-05,0.0007238159475403201,0.0007754566276708585,0.3273140759754519
138.19000733455576,5.161594519177258e-05,0.000723641324932429,0.0007752572701242016,0.3273114844374256
138.22334605767628,5.1591228020124735e-05,0.000723466786560594,0.0007750580145807187,0.3273088941110006
138.2566847807968,5.156652859858272e-05,0.0007232923323638781,0.0007748588609624608,0.32730630499532726
138.29002350391733,5.154184691015483e-05,0.0007231179622814029,0.0007746598091915578,0.3273037170895568
138.32336222703785,5.151718293786963e-05,0.0007229436762523487,0.0007744608591902184,0.32730113039284103
138.35670095015837,5.149253666477601e-05,0.0007227694742159544,0.0007742620108807304,0.3272985449043327
138.3900396732789,5.146790807394312e-05,0.0007225953561115176,0.0007740632641854607,0.3272959606231853
138.42337839639941,5.1443297148460353e-05,0.0007224213218783941,0.0007738646190268544,0.32729337754855314
138.45671711951994,5.141870387143731e-05,0.0007222473714559984,0.0007736660753274357,0.3272907956795913
138.49005584264046,5.1394128226003786e-05,0.0007220735047838031,0.0007734676330098069,0.3272882150154556
138.52339456576098,5.136957019530971e-05,0.0007218997218013393,0.000773269291996649,0.32728563555530277
138.5567332888815,5.134502976252515e-05,0.0007217260224481961,0.0007730710522107213,0.32728305729829016
138.590072012002,5.132050691084028e-05,0.0007215524066640209,0.0007728729135748611,0.3272804802435761
138.62341073512252,5.129600162346529e-05,0.0007213788743885189,0.0007726748760119842,0.32727790439031956
138.65674945824304,5.127151388363046e-05,0.0007212054255614534,0.0007724769394450839,0.3272753297376803
138.69008818136356,5.124704367458604e-05,0.0007210320601226459,0.0007722791037972319,0.327272756284819
138.72342690448409,5.122259097960232e-05,0.0007208587780119755,0.0007720813689915778,0.3272701840308969
138.7567656276046,5.119815578196948e-05,0.000720685579169379,0.0007718837349513485,0.32726761297507634
138.79010435072513,5.117373806499765e-05,0.000720512463534851,0.0007716862015998486,0.32726504311652
138.82344307384565,5.114933781201686e-05,0.0007203394310484439,0.0007714887688604607,0.32726247445439177
138.85678179696617,5.112495500637699e-05,0.0007201664816502673,0.0007712914366566442,0.32725990698785606
138.8901205200867,5.110058963144777e-05,0.0007199936152804887,0.0007710942049119364,0.32725734071607815
138.92345924320722,5.107624167061873e-05,0.0007198208318793328,0.0007708970735499515,0.32725477563822414
138.95679796632774,5.10519111072992e-05,0.0007196481313870818,0.000770700042494381,0.32725221175346075
138.99013668944826,5.102759792491824e-05,0.0007194755137440751,0.0007705031116689934,0.3272496490609556
139.02347541256876,5.1003302106924654e-05,0.0007193029788907094,0.000770306280997634,0.3272470875598771
139.05681413568928,5.097902363678692e-05,0.0007191305267674384,0.0007701095504042253,0.32724452724939435
139.0901528588098,5.095476249799321e-05,0.000718958157314773,0.0007699129198127662,0.3272419681286773
139.12349158193032,5.09305186740513e-05,0.0007187858704732812,0.0007697163891473326,0.32723941019689656
139.15683030505085,5.090629214848864e-05,0.000718613666183588,0.0007695199583320766,0.3272368534532237
139.19016902817137,5.08820829048522e-05,0.000718441544386375,0.0007693236272912271,0.32723429789683084
139.2235077512919,5.085789092670855e-05,0.0007182695050223807,0.0007691273959490893,0.327231743526891
139.2568464744124,5.0833716197643766e-05,0.0007180975480324006,0.0007689312642300444,0.32722919034257797
139.29018519753294,5.0809558701263436e-05,0.0007179256733572867,0.0007687352320585501,0.3272266383430663
139.32352392065346,5.07854184211926e-05,0.0007177538809379477,0.0007685392993591403,0.32722408752753124
139.35686264377398,5.076129534107579e-05,0.0007175821707153486,0.0007683434660564244,0.32722153789514885
139.3902013668945,5.0737189444576893e-05,0.0007174105426305112,0.0007681477320750881,0.32721898944509603
139.42354009001502,5.071310071537925e-05,0.0007172389966245135,0.0007679520973398928,0.32721644217655027
139.45687881313552,5.0689029137185525e-05,0.00071706753263849,0.0007677565617756755,0.32721389608868995
139.49021753625604,5.066497469371769e-05,0.0007168961506136313,0.0007675611253073491,0.3272113511806942
139.52355625937656,5.06409373687171e-05,0.0007167248504911843,0.0007673657878599013,0.3272088074517429
139.55689498249708,5.061691714594432e-05,0.000716553632212452,0.0007671705493583963,0.3272062649010167
139.5902337056176,5.0592914009179214e-05,0.0007163824957187936,0.0007669754097279728,0.32720372352769694
139.62357242873813,5.056892794222084e-05,0.0007162114409516242,0.000766780368893845,0.3272011833309658
139.65691115185865,5.0544958928887484e-05,0.0007160404678524148,0.0007665854267813023,0.3271986443100062
139.69024987497917,5.0521006953016565e-05,0.0007158695763626925,0.0007663905833157091,0.3271961064640019
139.7235885980997,5.049707199846466e-05,0.00071569876642404,0.0007661958384225046,0.3271935697921371
139.75692732122022,5.0473154049107485e-05,0.0007155280379780956,0.000766001192027203,0.32719103429359714
139.79026604434074,5.044925308883983e-05,0.0007153573909665536,0.0007658066440553935,0.32718849996756794
139.82360476746126,5.0425369101575515e-05,0.0007151868253311638,0.0007656121944327393,0.3271859668132361
139.85694349058178,5.040150207124744e-05,0.0007150163410137315,0.000765417843084979,0.3271834348297892
139.8902822137023,5.03776519818075e-05,0.0007148459379561175,0.000765223589937925,0.32718090401641525
139.9236209368228,5.0353818817226564e-05,0.0007146756161002381,0.0007650294349174646,0.32717837437230335
139.95695965994332,5.0330002561494434e-05,0.0007145053753880645,0.000764835377949559,0.32717584589664306
139.99029838306384,5.030620319861987e-05,0.0007143352157616238,0.0007646414189602437,0.3271733185886249
140.02363710618437,5.028242071263054e-05,0.000714165137162998,0.0007644475578756285,0.32717079244744
140.0569758293049,5.0258655087572945e-05,0.0007139951395343241,0.000764253794621897,0.32716826747228034
140.0903145524254,5.023490630751246e-05,0.0007138252228177947,0.0007640601291253071,0.3271657436623386
140.12365327554593,5.0211174356533264e-05,0.0007136553869556568,0.0007638665613121901,0.32716322101680817
140.15699199866646,5.0187459218738366e-05,0.0007134856318902126,0.000763673091108951,0.3271606995348832
140.19033072178698,5.01637608782495e-05,0.0007133159575638194,0.0007634797184420689,0.3271581792157586
140.2236694449075,5.014007931920714e-05,0.0007131463639188891,0.0007632864432380962,0.3271556600586301
140.25700816802802,5.01164145257705e-05,0.0007129768508978882,0.0007630932654236587,0.327153142062694
140.29034689114854,5.0092766482117475e-05,0.0007128074184433383,0.0007629001849254558,0.32715062522714755
140.32368561426907,5.0069135172444606e-05,0.0007126380664978153,0.00076270720167026,0.32714810955118856
140.35702433738956,5.0045520580967087e-05,0.0007124687950039499,0.000762514315584917,0.3271455950340156
140.39036306051008,5.0021922691918666e-05,0.0007122996039044268,0.0007623215265963455,0.3271430816748281
140.4237017836306,4.999834148955176e-05,0.0007121304931419857,0.0007621288346315375,0.3271405694728261
140.45704050675113,4.997477695813726e-05,0.0007119614626594205,0.0007619362396175578,0.32713805842721044
140.49037922987165,4.995122908196464e-05,0.0007117925123995792,0.0007617437414815439,0.3271355485371827
140.52371795299217,4.992769784534185e-05,0.0007116236423053644,0.0007615513401507062,0.3271330398019452
140.5570566761127,4.9904183232595324e-05,0.0007114548523197323,0.0007613590355523277,0.3271305322207009
140.59039539923322,4.988068522806995e-05,0.0007112861423856939,0.0007611668276137638,0.3271280257926536
140.62373412235374,4.9857203816129014e-05,0.0007111175124463138,0.0007609747162624429,0.3271255205170079
140.65707284547426,4.9833738981154246e-05,0.0007109489624447106,0.0007607827014258649,0.32712301639296887
140.69041156859478,4.981029070754572e-05,0.000710780492324057,0.0007605907830316027,0.3271205134197425
140.7237502917153,4.9786858979721845e-05,0.0007106121020275794,0.0007603989610073013,0.32711801159653564
140.75708901483583,4.9763443782119374e-05,0.000710443791498558,0.0007602072352806775,0.32711551092255553
140.79042773795632,4.9740045099193384e-05,0.0007102755606803272,0.0007600156057795206,0.32711301139701043
140.82376646107684,4.9716662915417096e-05,0.0007101074095162738,0.0007598240724316909,0.32711051301910915
140.85710518419737,4.9693297215282123e-05,0.0007099393379498397,0.0007596326351651218,0.3271080157880613
140.8904439073179,4.966994798329821e-05,0.0007097713459245193,0.0007594412939078175,0.3271055197030773
140.9237826304384,4.964661520399334e-05,0.000709603433383861,0.0007592500485878543,0.32710302476336806
140.95712135355893,4.962329886191361e-05,0.0007094356002714663,0.0007590588991333799,0.32710053096814545
140.99046007667945,4.9599998941623306e-05,0.0007092678465309904,0.0007588678454726137,0.327098038316622
141.02379879979998,4.957671542770479e-05,0.0007091001721061413,0.0007586768875338461,0.32709554680801084
141.0571375229205,4.955344830475855e-05,0.0007089325769406807,0.0007584860252454393,0.3270930564415259
141.09047624604102,4.9530197557403117e-05,0.000708765060978423,0.0007582952585358262,0.327090567216382
141.12381496916154,4.9506963170275047e-05,0.0007085976241632361,0.0007581045873335111,0.3270880791317944
141.15715369228207,4.948374512802894e-05,0.0007084302664390408,0.0007579140115670697,0.32708559218697925
141.1904924154026,4.946054341533736e-05,0.0007082629877498105,0.0007577235311651479,0.32708310638115334
141.2238311385231,4.943735801689084e-05,0.0007080957880395722,0.000757533146056463,0.32708062171353425
141.2571698616436,4.94141889173979e-05,0.0007079286672524054,0.0007573428561698033,0.32707813818334025
141.29050858476413,4.9391036101584845e-05,0.000707761625332442,0.0007571526614340268,0.32707565578979025
141.32384730788465,4.9367899554195994e-05,0.0007075946622238671,0.0007569625617780631,0.32707317453210405
141.35718603100517,4.934477925999346e-05,0.0007074277778709183,0.0007567725571309118,0.3270706944095019
141.3905247541257,4.932167520375723e-05,0.000707260972217886,0.0007565826474216432,0.32706821542120507
141.42386347724621,4.929858737028508e-05,0.0007070942452091127,0.0007563928325793977,0.32706573756643526
141.45720220036674,4.9275515744392565e-05,0.0007069275967889936,0.0007562031125333863,0.3270632608444151
141.49054092348726,4.925246031091303e-05,0.0007067610269019766,0.0007560134872128896,0.32706078525436777
141.52387964660778,4.922942105469753e-05,0.0007065945354925615,0.000755823956547259,0.32705831079551734
141.5572183697283,4.920639796061485e-05,0.0007064281225053005,0.0007556345204659154,0.3270558374670884
141.59055709284883,4.918339101355144e-05,0.0007062617878847982,0.0007554451788983497,0.3270533652683063
141.62389581596935,4.916040019841145e-05,0.0007060955315757111,0.0007552559317741225,0.32705089419839717
141.65723453908987,4.913742550011662e-05,0.0007059293535227481,0.0007550667790228646,0.32704842425658787
141.69057326221036,4.9114466903606365e-05,0.0007057632536706698,0.0007548777205742762,0.3270459554421058
141.7239119853309,4.9091524393837586e-05,0.0007055972319642891,0.0007546887563581267,0.32704348775417924
141.7572507084514,4.906859795578486e-05,0.0007054312883484705,0.0007544998863042553,0.32704102119203704
141.79058943157193,4.904568757444023e-05,0.0007052654227681306,0.0007543111103425708,0.3270385557549088
141.82392815469245,4.902279323481328e-05,0.0007050996351682377,0.000754122428403051,0.32703609144202495
141.85726687781298,4.8999914921931093e-05,0.0007049339254938119,0.000753933840415743,0.3270336282526164
141.8906056009335,4.8977052620838184e-05,0.000704768293689925,0.0007537453463107632,0.32703116618591493
141.92394432405402,4.895420631659654e-05,0.0007046027397017001,0.0007535569460182966,0.32702870524115296
141.95728304717454,4.8931375994285555e-05,0.0007044372634743122,0.0007533686394685977,0.3270262454175636
141.99062177029506,4.8908561639002e-05,0.0007042718649529877,0.0007531804265919897,0.3270237867143806
142.0239604934156,4.888576323586005e-05,0.0007041065440830045,0.0007529923073188645,0.3270213291308386
142.0572992165361,4.886298076999117e-05,0.0007039413008096915,0.0007528042815796827,0.3270188726661727
142.09063793965663,4.884021422654419e-05,0.0007037761350784295,0.0007526163493049736,0.3270164173196189
142.12397666277712,4.8817463590685246e-05,0.0007036110468346502,0.0007524285104253354,0.3270139630904138
142.15731538589765,4.879472884759767e-05,0.0007034460360238362,0.0007522407648714338,0.32701150997779466
142.19065410901817,4.87720099824821e-05,0.0007032811025915218,0.0007520531125740039,0.3270090579809995
142.2239928321387,4.874930698055638e-05,0.0007031162464832922,0.0007518655534638485,0.327006607099267
142.2573315552592,4.872661982705558e-05,0.0007029514676447833,0.0007516780874718389,0.3270041573318366
142.29067027837974,4.870394850723191e-05,0.0007027867660216823,0.0007514907145289143,0.32700170867794826
142.32400900150026,4.868129300635473e-05,0.0007026221415597272,0.0007513034345660819,0.3269992611368428
142.35734772462078,4.865865330971055e-05,0.0007024575942047068,0.0007511162475144173,0.3269968147077617
142.3906864477413,4.863602940260298e-05,0.0007022931239024607,0.0007509291533050636,0.3269943693899471
142.42402517086182,4.861342127035267e-05,0.000702128730598879,0.0007507421518692317,0.3269919251826418
142.45736389398235,4.859082889829737e-05,0.0007019644142399028,0.0007505552431382002,0.3269894820850894
142.49070261710287,4.856825227179187e-05,0.0007018001747715237,0.0007503684270433156,0.326987040096534
142.5240413402234,4.854569137620791e-05,0.0007016360121397836,0.0007501817035159915,0.32698459921622053
142.5573800633439,4.852314619693427e-05,0.0007014719262907752,0.0007499950724877095,0.32698215944339465
142.5907187864644,4.850061671937666e-05,0.0007013079171706414,0.000749808533890018,0.32697972077730253
142.62405750958493,4.8478102928957714e-05,0.0007011439847255754,0.0007496220876545331,0.32697728321719116
142.65739623270545,4.845560481111702e-05,0.0007009801289018209,0.0007494357337129379,0.32697484676230815
142.69073495582597,4.8433122351311024e-05,0.0007008163496456717,0.0007492494719969827,0.32697241141190186
142.7240736789465,4.841065553501306e-05,0.0007006526469034719,0.000749063302438485,0.32696997716522125
142.75741240206702,4.838820434771328e-05,0.0007004890206216156,0.0007488772249693289,0.326967544021516
142.79075112518754,4.836576877491868e-05,0.000700325470746547,0.0007486912395214657,0.32696511198003647
142.82408984830806,4.834334880215302e-05,0.0007001619972247605,0.0007485053460269135,0.32696268104003373
142.85742857142858,4.8320944414956874e-05,0.0006999986000028,0.0007483195444177569,0.3269602512007594
142.8907672945491,4.829855559888753e-05,0.0006998352790272596,0.0007481338346261472,0.32695782246146593
142.92410601766963,4.827618233951901e-05,0.0006996720342447835,0.0007479482165843025,0.32695539482140645
142.95744474079015,4.8253824622442054e-05,0.0006995088656020649,0.000747762690224507,0.3269529682798346
142.99078346391067,4.823148243326406e-05,0.0006993457730458476,0.0007475772554791116,0.32695054283600494
143.02412218703117,4.820915575760912e-05,0.0006991827565229244,0.0007473919122805335,0.3269481184891724
143.0574609101517,4.818684458111788e-05,0.0006990198159801379,0.0007472066605612558,0.32694569523859285
143.0907996332722,4.816454888944767e-05,0.0006988569513643803,0.0007470215002538279,0.3269432730835227
143.12413835639273,4.814226866827239e-05,0.0006986941626225933,0.0007468364312908656,0.3269408520232191
143.15747707951326,4.812000390328249e-05,0.0006985314497017679,0.0007466514536050503,0.3269384320569398
143.19081580263378,4.8097754580184975e-05,0.0006983688125489446,0.0007464665671291296,0.32693601318394333
143.2241545257543,4.807552068470335e-05,0.0006982062511112131,0.0007462817717959165,0.3269335954034887
143.25749324887482,4.805330220257763e-05,0.0006980437653357125,0.0007460970675382901,0.3269311787148358
143.29083197199535,4.80310991195643e-05,0.000697881355169631,0.0007459124542891953,0.32692876311724506
143.32417069511587,4.800891142143631e-05,0.0006977190205602058,0.0007457279319816421,0.32692634860997766
143.3575094182364,4.798673909398298e-05,0.0006975567614547235,0.0007455435005487064,0.3269239351922953
143.3908481413569,4.79645821230101e-05,0.0006973945778005195,0.0007453591599235296,0.3269215228634606
143.42418686447743,4.7942440494339805e-05,0.0006972324695449781,0.0007451749100393179,0.32691911162273657
143.45752558759793,4.792031419381061e-05,0.0006970704366355328,0.0007449907508293434,0.32691670146938706
143.49086431071845,4.7898203207277334e-05,0.0006969084790196655,0.0007448066822269429,0.3269142924026765
143.52420303383897,4.787610752061112e-05,0.0006967465966449075,0.0007446227041655186,0.32691188442187
143.5575417569595,4.785402711969943e-05,0.0006965847894588382,0.0007444388165785377,0.32690947752623345
143.59088048008002,4.783196199044597e-05,0.0006964230574090862,0.0007442550193995322,0.3269070717150332
143.62421920320054,4.780991211877068e-05,0.0006962614004433286,0.0007440713125620993,0.32690466698753645
143.65755792632106,4.778787749060976e-05,0.0006960998185092907,0.0007438876959999004,0.32690226334301087
143.69089664944158,4.776585809191557e-05,0.0006959383115547468,0.0007437041696466624,0.3268998607807249
143.7242353725621,4.774385390865666e-05,0.0006957768795275196,0.0007435207334361762,0.32689745929994773
143.75757409568263,4.772186492681777e-05,0.0006956155223754797,0.0007433373873022975,0.3268950588999491
143.79091281880315,4.7699891132399716e-05,0.0006954542400465467,0.0007431541311789465,0.3268926595799993
143.82425154192367,4.767793251141948e-05,0.0006952930324886882,0.0007429709650001077,0.3268902613393695
143.8575902650442,4.76559890499101e-05,0.00069513189964992,0.00074278788869983,0.3268878641773313
143.89092898816472,4.763406073392068e-05,0.000694970841478306,0.0007426049022122267,0.3268854680931572
143.9242677112852,4.76121475495164e-05,0.0006948098579219585,0.0007424220054714749,0.3268830730861202
143.95760643440573,4.75902494827784e-05,0.0006946489489290376,0.0007422391984118161,0.326880679155494
143.99094515752626,4.756836651980389e-05,0.0006944881144477516,0.0007420564809675554,0.3268782863005529
144.02428388064678,4.7546498646706014e-05,0.0006943273544263564,0.0007418738530730625,0.3268758945205718
144.0576226037673,4.752464584961391e-05,0.0006941666688131564,0.0007416913146627703,0.3268735038148265
144.09096132688782,4.75028081146726e-05,0.0006940060575565033,0.0007415088656711759,0.3268711141825932
144.12430005000834,4.748098542804306e-05,0.000693845520604797,0.00074132650603284,0.32686872562314884
144.15763877312887,4.7459177775902134e-05,0.0006936850579064847,0.0007411442356823868,0.32686633813577104
144.1909774962494,4.7437385144442556e-05,0.0006935246694100617,0.0007409620545545043,0.32686395171973803
144.2243162193699,4.741560751987288e-05,0.0006933643550640707,0.0007407799625839437,0.3268615663743287
144.25765494249043,4.739384488841751e-05,0.0006932041148171019,0.0007405979597055194,0.3268591820988226
144.29099366561096,4.737209723631662e-05,0.0006930439486177932,0.0007404160458541098,0.3268567988924998
144.32433238873148,4.7350364549826225e-05,0.0006928838564148299,0.0007402342209646562,0.32685441675464133
144.35767111185197,4.7328646815218036e-05,0.0006927238381569448,0.0007400524849721628,0.3268520356845285
144.3910098349725,4.730694401877951e-05,0.0006925638937929176,0.0007398708378116971,0.32684965568144336
144.42434855809302,4.728525614681386e-05,0.0006924040232715757,0.0007396892794183895,0.32684727674466885
144.45768728121354,4.7263583185639955e-05,0.000692244226541794,0.0007395078097274339,0.32684489887348833
144.49102600433406,4.724192512159237e-05,0.0006920845035524938,0.0007393264286740861,0.3268425220671857
144.52436472745458,4.7220281941021316e-05,0.0006919248542526442,0.0007391451361936656,0.32684014632504593
144.5577034505751,4.719865363029261e-05,0.0006917652785912612,0.0007389639322215538,0.326837771646354
144.59104217369563,4.717704017578772e-05,0.0006916057765174076,0.0007387828166931954,0.32683539803039613
144.62438089681615,4.715544156390368e-05,0.0006914463479801937,0.0007386017895440974,0.3268330254764588
144.65771961993667,4.7133857781053074e-05,0.0006912869929287759,0.000738420850709829,0.3268306539838293
144.6910583430572,4.711228881366407e-05,0.0006911277113123581,0.0007382400001260222,0.3268282835517955
144.72439706617772,4.7090734648180314e-05,0.000690968503080191,0.0007380592377283714,0.3268259141796459
144.75773578929824,4.7069195271061005e-05,0.0006908093681815717,0.0007378785634526327,0.3268235458666697
144.79107451241873,4.7047670668780784e-05,0.0006906503065658443,0.0007376979772346251,0.32682117861215665
144.82441323553925,4.7026160827829725e-05,0.0006904913181823993,0.000737517479010229,0.3268188124153972
144.85775195865978,4.7004665734713416e-05,0.0006903324029806738,0.0007373370687153872,0.3268164472756823
144.8910906817803,4.698318537595281e-05,0.0006901735609101516,0.0007371567462861044,0.3268140831923038
144.92442940490082,4.696171973808427e-05,0.0006900147919203632,0.0007369765116584475,0.32681172016455395
144.95776812802134,4.694026880765951e-05,0.0006898560959608849,0.0007367963647685444,0.32680935819172574
144.99110685114186,4.691883257124565e-05,0.00068969747298134,0.0007366163055525857,0.32680699727311274
145.0244455742624,4.6897411015425086e-05,0.0006895389229313978,0.0007364363339468229,0.3268046374080092
145.0577842973829,4.687600412679557e-05,0.0006893804457607738,0.0007362564498875694,0.3268022785957098
145.09112302050343,4.685461189197011e-05,0.00068922204141923,0.0007360766533112001,0.3267999208355103
145.12446174362395,4.683323429757701e-05,0.0006890637098565742,0.0007358969441541512,0.3267975641267066
145.15780046674448,4.6811871330259805e-05,0.0006889054510226608,0.0007357173223529206,0.3267952084685955
145.191139189865,4.679052297667726e-05,0.0006887472648673898,0.0007355377878440671,0.32679285386047435
145.22447791298552,4.676918922350336e-05,0.0006885891513407074,0.0007353583405642108,0.32679050030164114
145.257816636106,4.674787005742729e-05,0.000688431110392606,0.0007351789804500332,0.3267881477913945
145.29115535922654,4.672656546515332e-05,0.000688273141973123,0.0007349997074382763,0.32678579632903365
145.32449408234706,4.670527543340097e-05,0.0006881152460323429,0.0007348205214657439,0.3267834459138585
145.35783280546758,4.6683999948904807e-05,0.0006879574225203951,0.0007346414224692998,0.32678109654516946
145.3911715285881,4.666273899841456e-05,0.0006877996713874551,0.0007344624103858697,0.3267787482222677
145.42451025170863,4.6641492568695e-05,0.0006876419925837438,0.0007342834851524388,0.3267764009444549
145.45784897482915,4.662026064652597e-05,0.0006874843860595283,0.0007341046467060543,0.32677405471103355
145.49118769794967,4.6599043218702365e-05,0.0006873268517651207,0.0007339258949838231,0.3267717095213065
145.5245264210702,4.657784027203408e-05,0.0006871693896508789,0.0007337472299229129,0.3267693653745773
145.5578651441907,4.6556651793346034e-05,0.0006870119996672063,0.0007335686514605524,0.3267670222701503
145.59120386731124,4.6535477769478115e-05,0.0006868546817645516,0.0007333901595340296,0.3267646802073303
145.62454259043176,4.6514318187285157e-05,0.0006866974358934089,0.000733211754080694,0.32676233918542263
145.65788131355228,4.6493173033636976e-05,0.0006865402620043178,0.0007330334350379548,0.32675999920373355
145.69122003667277,4.647204229541828e-05,0.000686383160047863,0.0007328552023432813,0.3267576602615696
145.7245587597933,4.6450925959528634e-05,0.0006862261299746745,0.0007326770559342032,0.3267553223582382
145.75789748291382,4.642982401288255e-05,0.0006860691717354273,0.0007324989957483098,0.3267529854930471
145.79123620603434,4.6408736442409354e-05,0.0006859122852808417,0.0007323210217232511,0.32675064966530504
145.82457492915486,4.6387663235053244e-05,0.0006857554705616831,0.0007321431337967363,0.326748314874321
145.85791365227539,4.63666043777732e-05,0.0006855987275287617,0.0007319653319065349,0.32674598111940484
145.8912523753959,4.6345559857543034e-05,0.0006854420561329329,0.000731787615990476,0.3267436483998669
145.92459109851643,4.632452966135132e-05,0.000685285456325097,0.0007316099859864482,0.32674131671501816
145.95792982163695,4.6303513776201345e-05,0.0006851289280561987,0.0007314324418324,0.3267389860641702
145.99126854475747,4.628251218911123e-05,0.0006849724712772282,0.0007312549834663395,0.32673665644663524
146.024607267878,4.626152488711372e-05,0.0006848160859392201,0.0007310776108263339,0.3267343278617261
146.05794599099852,4.624055185725632e-05,0.0006846597719932537,0.00073090032385051,0.3267320003087563
146.09128471411904,4.621959308660116e-05,0.0006845035293904529,0.000730723122477054,0.3267296737870397
146.12462343723953,4.61986485622251e-05,0.0006843473580819866,0.0007305460066442117,0.32672734829589106
146.15796216036006,4.6177718271219536e-05,0.0006841912580190675,0.000730368976290287,0.3267250238346256
146.19130088348058,4.615680220069054e-05,0.0006840352291529535,0.000730192031353644,0.3267227004025592
146.2246396066011,4.613590033775881e-05,0.0006838792714349467,0.0007300151717727054,0.32672037799900827
146.25797832972162,4.6115012669559576e-05,0.0006837233848163935,0.000729838397485953,0.3267180566232899
146.29131705284215,4.609413918324263e-05,0.000683567569248685,0.0007296617084319276,0.32671573627472184
146.32465577596267,4.6073279865972334e-05,0.0006834118246832561,0.0007294851045492284,0.32671341695262224
146.3579944990832,4.605243470492752e-05,0.0006832561510715865,0.000729308585776514,0.3267110986563101
146.3913332222037,4.603160368730156e-05,0.0006831005483651996,0.0007291321520525011,0.3267087813851048
146.42467194532423,4.601078680030227e-05,0.0006829450165156631,0.0007289558033159654,0.32670646513832646
146.45801066844476,4.598998403115195e-05,0.000682789555474589,0.000728779539505741,0.3267041499152958
146.49134939156528,4.596919536708734e-05,0.0006826341651936332,0.0007286033605607206,0.32670183571533407
146.5246881146858,4.59484207953596e-05,0.0006824788456244955,0.0007284272664198551,0.32669952253776313
146.55802683780632,4.592766030323428e-05,0.0006823235967189199,0.0007282512570221542,0.3266972103819056
146.59136556092682,4.5906913877991305e-05,0.0006821684184286943,0.0007280753323066855,0.3266948992470844
146.62470428404734,4.5886181506924976e-05,0.0006820133107056499,0.0007278994922125749,0.3266925891326233
146.65804300716786,4.586546317734393e-05,0.0006818582735016622,0.0007277237366790061,0.3266902800378465
146.69138173028838,4.584475887657112e-05,0.0006817033067686506,0.0007275480656452217,0.32668797196207905
146.7247204534089,4.582406859194383e-05,0.0006815484104585777,0.0007273724790505216,0.32668566490464623
146.75805917652943,4.580339231081359e-05,0.0006813935845234501,0.0007271969768342637,0.32668335886487415
146.79139789964995,4.578273002054623e-05,0.000681238828915318,0.0007270215589358643,0.3266810538420896
146.82473662277047,4.5762081708521784e-05,0.0006810841435862749,0.0007268462252947967,0.32667874983561973
146.858075345891,4.574144736213456e-05,0.0006809295284884581,0.0007266709758505927,0.3266764468447924
146.89141406901152,4.5720826968793034e-05,0.000680774983574048,0.000726495810542841,0.32667414486893603
146.92475279213204,4.57002205159199e-05,0.0006806205087952689,0.0007263207293111888,0.32667184390737974
146.95809151525256,4.5679627990951986e-05,0.0006804661041043879,0.0007261457320953398,0.326669543959453
146.99143023837308,4.5659049381340296e-05,0.0006803117694537158,0.000725970818835056,0.32666724502448624
147.02476896149358,4.563848467454997e-05,0.0006801575047956065,0.0007257959894701564,0.32666494710181004
147.0581076846141,4.5617933858060225e-05,0.0006800033100824571,0.0007256212439405173,0.326662650190756
147.09144640773462,4.5597396919364384e-05,0.0006798491852667078,0.0007254465821860723,0.326660354290656
147.12478513085514,4.557687384596987e-05,0.0006796951303008423,0.0007252720041468121,0.3266580594008426
147.15812385397567,4.5556364625398114e-05,0.0006795411451373867,0.0007250975097627848,0.326655765520649
147.1914625770962,4.553586924518463e-05,0.0006793872297289106,0.0007249230989740952,0.3266534726494089
147.2248013002167,4.551538769287891e-05,0.0006792333840280266,0.0007247487717209055,0.3266511807864567
147.25814002333723,4.549491995604448e-05,0.0006790796079873898,0.0007245745279434343,0.3266488899311273
147.29147874645776,4.547446602225879e-05,0.0006789259015596986,0.0007244003675819573,0.3266466000827562
147.32481746957828,4.54540258791133e-05,0.0006787722646976938,0.0007242262905768071,0.32664431124067944
147.3581561926988,4.543359951421339e-05,0.0006786186973541593,0.0007240522968683728,0.32664202340423376
147.39149491581932,4.541318691517836e-05,0.0006784651994819217,0.0007238783863971,0.32663973657275636
147.42483363893984,4.539278806964143e-05,0.0006783117710338501,0.0007237045591034915,0.32663745074558515
147.45817236206034,4.537240296524969e-05,0.0006781584119628564,0.0007235308149281061,0.32663516592205843
147.49151108518086,4.535203158966407e-05,0.0006780051222218948,0.0007233571538115589,0.3266328821015153
147.52484980830138,4.5331673930559386e-05,0.0006778519017639624,0.0007231835756945217,0.32663059928329535
147.5581885314219,4.531132997562427e-05,0.0006776987505420983,0.0007230100805177225,0.3266283174667387
147.59152725454243,4.529099971256117e-05,0.0006775456685093846,0.0007228366682219457,0.32662603665118606
147.62486597766295,4.5270683129086324e-05,0.0006773926556189454,0.0007226633387480317,0.32662375683597883
147.65820470078347,4.525038021292972e-05,0.0006772397118239472,0.0007224900920368769,0.3266214780204588
147.691543423904,4.5230090951835126e-05,0.0006770868370775989,0.000722316928029434,0.32661920020396856
147.72488214702452,4.520981533356004e-05,0.0006769340313331515,0.0007221438466667115,0.3266169233858511
147.75822087014504,4.518955334587566e-05,0.0006767812945438983,0.000721970847889774,0.32661464756545
147.79155959326556,4.5169304976566917e-05,0.0006766286266631747,0.0007217979316397416,0.3266123727421095
147.82489831638608,4.5149070213432376e-05,0.000676476027644358,0.0007216250978577904,0.3266100989151744
147.8582370395066,4.51288490442843e-05,0.0006763234974408681,0.0007214523464851523,0.3266078260839901
147.89157576262713,4.51086414569486e-05,0.0006761710360061662,0.0007212796774631148,0.3266055542479024
147.92491448574762,4.508844743926479e-05,0.0006760186432937562,0.0007211070907330209,0.3266032834062578
147.95825320886814,4.506826697908598e-05,0.0006758663192571831,0.0007209345862362691,0.32660101355840354
147.99159193198867,4.5048100064278884e-05,0.0006757140638500343,0.0007207621639143132,0.3265987447036871
148.0249306551092,4.5027946682723804e-05,0.0006755618770259389,0.0007205898237086627,0.32659647684145665
148.0582693782297,4.500780682231457e-05,0.0006754097587385678,0.0007204175655608824,0.32659420997106114
148.09160810135023,4.498768047095857e-05,0.0006752577089416334,0.000720245389412592,0.32659194409184983
148.12494682447075,4.4967567616576664e-05,0.0006751057275888902,0.000720073295205467,0.32658967920317267
148.15828554759128,4.4947468247103264e-05,0.000674953814634134,0.0007199012828812372,0.32658741530438007
148.1916242707118,4.492738235048622e-05,0.000674801970031202,0.0007197293523816882,0.32658515239482316
148.22496299383232,4.490730991468686e-05,0.0006746501937339734,0.0007195575036486602,0.3265828904738535
148.25830171695284,4.488725092767996e-05,0.0006744984856963685,0.0007193857366240484,0.3265806295408234
148.29164044007337,4.4867205377453714e-05,0.0006743468458723494,0.0007192140512498032,0.32657836959508557
148.3249791631939,4.4847173252009716e-05,0.0006741952742159192,0.000719042447467929,0.32657611063599323
148.35831788631438,4.4827154539362985e-05,0.0006740437706811228,0.0007188709252204858,0.3265738526629004
148.3916566094349,4.4807149227541856e-05,0.0006738923352220457,0.0007186994844495876,0.3265715956751614
148.42499533255543,4.4787157304588046e-05,0.0006737409677928154,0.0007185281250974035,0.32656933967213136
148.45833405567595,4.476717875855662e-05,0.0006735896683476002,0.0007183568471061568,0.3265670846531658
148.49167277879647,4.4747213577515954e-05,0.0006734384368406096,0.0007181856504181256,0.32656483061762087
148.525011501917,4.472726174954771e-05,0.0006732872732260945,0.0007180145349756422,0.32656257756485335
148.55835022503751,4.470732326274685e-05,0.0006731361774583463,0.0007178435007210931,0.3265603254942203
148.59168894815804,4.468739810522159e-05,0.0006729851494916979,0.0007176725475969195,0.3265580744050797
148.62502767127856,4.466748626509338e-05,0.000672834189280523,0.0007175016755456164,0.32655582429679
148.65836639439908,4.4647587730496935e-05,0.0006726832967792363,0.0007173308845097332,0.32655357516871
148.6917051175196,4.462770248958016e-05,0.0006725324719422933,0.0007171601744318735,0.3265513270201992
148.72504384064013,4.460783053050414e-05,0.0006723817147241904,0.0007169895452546946,0.3265490798506177
148.75838256376065,4.458797184144317e-05,0.0006722310250794648,0.000716818996920908,0.3265468336593261
148.79172128688114,4.456812641058468e-05,0.0006720804029626945,0.0007166485293732792,0.3265445884456856
148.82506001000166,4.454829422612923e-05,0.0006719298483284979,0.0007164781425546271,0.326542344209058
148.8583987331222,4.452847527629052e-05,0.0006717793611315342,0.0007163078364078247,0.3265401009488054
148.8917374562427,4.450866954929538e-05,0.0006716289413265036,0.000716137610875799,0.3265378586642908
148.92507617936323,4.448887703338368e-05,0.0006714785888681463,0.00071596746590153,0.3265356173548775
148.95841490248375,4.44690977168084e-05,0.0006713283037112433,0.0007157974014280517,0.3265333770199295
148.99175362560428,4.4449331587835546e-05,0.0006711780858106161,0.0007156274173984517,0.3265311376588113
149.0250923487248,4.4429578634744175e-05,0.0006710279351211266,0.0007154575137558708,0.32652889927088796
149.05843107184532,4.440983884582637e-05,0.000670877851597677,0.0007152876904435034,0.32652666185552504
149.09176979496584,4.4390112209387215e-05,0.0006707278351952097,0.000715117947404597,0.3265244254120887
149.12510851808636,4.4370398713744736e-05,0.0006705778858687079,0.0007149482845824526,0.32652218993994564
149.1584472412069,4.4350698347229986e-05,0.0006704280035731946,0.0007147787019204246,0.3265199554384632
149.1917859643274,4.433101109818693e-05,0.000670278188263733,0.0007146091993619199,0.3265177219070091
149.22512468744793,4.4311336954972486e-05,0.0006701284398954267,0.0007144397768503992,0.3265154893449517
149.25846341056842,4.429167590595649e-05,0.0006699787584234194,0.000714270434329376,0.32651325775166
149.29180213368895,4.427202793952162e-05,0.0006698291438028945,0.0007141011717424162,0.3265110271265034
149.32514085680947,4.42523930440635e-05,0.0006696795959890759,0.0007139319890331394,0.3265087974688518
149.35847957993,4.42327712079906e-05,0.000669530114937227,0.0007137628861452177,0.3265065687780759
149.3918183030505,4.421316241972424e-05,0.0006693807006026518,0.000713593863022376,0.32650434105354664
149.42515702617104,4.4193566667698546e-05,0.0006692313529406934,0.000713424919608392,0.3265021142946358
149.45849574929156,4.417398394036048e-05,0.0006690820719067354,0.0007132560558470959,0.3264998885007155
149.49183447241208,4.4154414226169795e-05,0.0006689328574562009,0.0007130872716823707,0.32649766367115846
149.5251731955326,4.4134857513599016e-05,0.0006687837095445526,0.0007129185670581516,0.3264954398053379
149.55851191865312,4.411531379113343e-05,0.0006686346281272933,0.0007127499419184268,0.3264932169026278
149.59185064177365,4.409578304727108e-05,0.0006684856131599653,0.0007125813962072364,0.32649099496240236
149.62518936489417,4.4076265270522714e-05,0.0006683366645981503,0.0007124129298686731,0.32648877398403653
149.6585280880147,4.4056760449411814e-05,0.0006681877823974699,0.0007122445428468817,0.32648655396690573
149.69186681113518,4.4037268572474555e-05,0.0006680389665135852,0.0007120762350860597,0.3264843349103859
149.7252055342557,4.401778962825976e-05,0.0006678902169021966,0.0007119080065304563,0.3264821168138537
149.75854425737623,4.399832360532894e-05,0.0006677415335190438,0.0007117398571243727,0.3264798996766861
149.79188298049675,4.3978870492256245e-05,0.0006675929163199066,0.0007115717868121629,0.3264776834982607
149.82522170361727,4.3959430277628445e-05,0.0006674443652606033,0.0007114037955382317,0.3264754682779556
149.8585604267378,4.394000295004493e-05,0.0006672958802969922,0.0007112358832470372,0.32647325401514954
149.89189914985832,4.3920588498117655e-05,0.0006671474613849706,0.0007110680498830882,0.32647104070922167
149.92523787297884,4.39011869104712e-05,0.0006669991084804749,0.0007109002953909461,0.3264688283595518
149.95857659609936,4.3881798175742665e-05,0.0006668508215394807,0.0007107326197152234,0.3264666169655202
149.99191531921988,4.3862422282581706e-05,0.0006667026005180031,0.0007105650228005848,0.32646440652650766
150.0252540423404,4.3843059219650505e-05,0.000666554445372096,0.0007103975045917464,0.32646219704189555
150.05859276546093,4.3823708975623764e-05,0.0006664063560578523,0.0007102300650334761,0.3264599885110658
150.09193148858145,4.3804371539188646e-05,0.000666258332531404,0.0007100627040705926,0.3264577809334008
150.12527021170195,4.3785046899044844e-05,0.0006661103747489224,0.0007098954216479672,0.3264555743082834
150.15860893482247,4.376573504390445e-05,0.0006659624826666168,0.0007097282177105212,0.3264533686350973
150.191947657943,4.374643596249204e-05,0.0006658146562407365,0.0007095610922032285,0.3264511639132263
150.2252863810635,4.372714964354461e-05,0.000665666895427569,0.0007093940450711136,0.32644896014205516
150.25862510418403,4.370787607581157e-05,0.0006655192001834406,0.0007092270762592522,0.32644675732096884
150.29196382730456,4.368861524805472e-05,0.0006653715704647166,0.0007090601857127713,0.32644455544935297
150.32530255042508,4.366936714904822e-05,0.0006652240062278008,0.000708893373376849,0.3264423545265937
150.3586412735456,4.365013176757863e-05,0.0006650765074291357,0.0007087266391967143,0.32644015455207764
150.39197999666612,4.363090909244482e-05,0.0006649290740252026,0.0007085599831176474,0.3264379555251921
150.42531871978665,4.361169911245801e-05,0.0006647817059725212,0.0007083934050849792,0.3264357574453248
150.45865744290717,4.359250181644173e-05,0.0006646344032276498,0.0007082269050440916,0.32643356031186394
150.4919961660277,4.35733171932318e-05,0.0006644871657471852,0.0007080604829404171,0.3264313641241984
150.5253348891482,4.3554145231676325e-05,0.0006643399934877626,0.0007078941387194389,0.32642916888171725
150.55867361226873,4.353498592063567e-05,0.0006641928864060556,0.0007077278723266913,0.32642697458381054
150.59201233538923,4.351583924898248e-05,0.0006640458444587764,0.0007075616837077589,0.3264247812298686
150.62535105850975,4.3496705205601554e-05,0.000663898867602675,0.0007073955728082766,0.3264225888192823
150.65868978163027,4.347758377938997e-05,0.0006637519557945403,0.0007072295395739302,0.326420397351443
150.6920285047508,4.3458474959257006e-05,0.0006636051089911989,0.000707063583950456,0.32641820682574274
150.72536722787132,4.34393787341241e-05,0.0006634583271495162,0.0007068977058836402,0.3264160172415739
150.75870595099184,4.342029509292487e-05,0.0006633116102263951,0.00070673190531932,0.3264138285983294
150.79204467411236,4.340122402460508e-05,0.000663164958178777,0.0007065661822033821,0.3264116408954028
150.82538339723288,4.338216551812263e-05,0.0006630183709636415,0.0007064005364817641,0.3264094541321882
150.8587221203534,4.3363119562447546e-05,0.0006628718485380058,0.0007062349681004533,0.32640726830808003
150.89206084347393,4.334408614656195e-05,0.0006627253908589254,0.0007060694770054873,0.3264050834224734
150.92539956659445,4.332506525946004e-05,0.0006625789978834935,0.0007059040631429536,0.3264028994747638
150.95873828971497,4.330605689014812e-05,0.0006624326695688417,0.0007057387264589898,0.32640071646434754
150.9920770128355,4.3287061027644514e-05,0.0006622864058721387,0.0007055734668997833,0.326398534390621
151.025415735956,4.326807766097963e-05,0.000662140206750592,0.0007054082844115716,0.3263963532529815
151.0587544590765,4.324910677919583e-05,0.0006619940721614457,0.0007052431789406415,0.3263941730508266
151.09209318219703,4.323014837134755e-05,0.0006618480020619826,0.0007050781504333301,0.32639199378355443
151.12543190531755,4.321120242650117e-05,0.0006617019964095227,0.0007049131988360239,0.32638981545056384
151.15877062843808,4.31922689337351e-05,0.0006615560551614239,0.0007047483240951591,0.32638763805125387
151.1921093515586,4.317334788213967e-05,0.0006614101782750816,0.0007045835261572213,0.32638546158502424
151.22544807467912,4.315443926081716e-05,0.0006612643657079287,0.0007044188049687459,0.3263832860512753
151.25878679779964,4.3135543058881805e-05,0.0006611186174174359,0.0007042541604763178,0.32638111144940773
151.29212552092017,4.3116659265459714e-05,0.000660972933361111,0.0007040895926265706,0.32637893777882276
151.3254642440407,4.309778786968892e-05,0.0006608273134964995,0.0007039251013661884,0.32637676503892227
151.3588029671612,4.307892886071934e-05,0.0006606817577811844,0.0007037606866419037,0.32637459322910845
151.39214169028173,4.306008222771276e-05,0.0006605362661727856,0.0007035963484004984,0.32637242234878405
151.42548041340225,4.304124795984279e-05,0.0006603908386289609,0.0007034320865888038,0.3263702523973525
151.45881913652275,4.3022426046294926e-05,0.0006602454751074051,0.0007032679011537,0.3263680833742175
151.49215785964327,4.300361647626642e-05,0.0006601001755658501,0.0007031037920421165,0.32636591527878356
151.5254965827638,4.298481923896637e-05,0.0006599549399620652,0.0007029397592010317,0.3263637481104553
151.55883530588432,4.296603432361567e-05,0.0006598097682538569,0.0007027758025774726,0.32636158186863823
151.59217402900484,4.294726171944696e-05,0.0006596646603990688,0.0007026119221185158,0.32635941655273815
151.62551275212536,4.292850141570466e-05,0.0006595196163555812,0.0007024481177712858,0.3263572521621613
151.65885147524588,4.290975340164492e-05,0.000659374636081312,0.0007022843894829569,0.3263550886963148
151.6921901983664,4.289101766653564e-05,0.0006592297195342158,0.0007021207372007515,0.32635292615460587
151.72552892148693,4.28722941996564e-05,0.0006590848666722842,0.0007019571608719406,0.3263507645364424
151.75886764460745,4.28535829902985e-05,0.0006589400774535455,0.0007017936604438441,0.3263486038412328
151.79220636772797,4.28348840277649e-05,0.0006587953518360655,0.0007016302358638304,0.326346444068386
151.8255450908485,4.281619730137027e-05,0.000658650689777946,0.0007014668870793162,0.32634428521731135
151.85888381396902,4.2797522800440875e-05,0.0006585060912373263,0.0007013036140377672,0.3263421272874188
151.89222253708954,4.2778860514314653e-05,0.0006583615561723819,0.0007011404166866966,0.32633997027811873
151.92556126021003,4.276021043234118e-05,0.0006582170845413255,0.0007009772949736668,0.326337814188822
151.95889998333055,4.274157254388156e-05,0.0006580726763024062,0.0007008142488462878,0.3263356590189401
151.99223870645108,4.2722946838308565e-05,0.0006579283314139097,0.0007006512782522182,0.326333504767885
152.0255774295716,4.270433330500651e-05,0.0006577840498341582,0.0007004883831391647,0.326331351435069
152.05891615269212,4.268573193337128e-05,0.0006576398315215109,0.0007003255634548823,0.3263291990199051
152.09225487581264,4.26671427128103e-05,0.0006574956764343632,0.0007001628191471735,0.32632704752180663
152.12559359893316,4.264856563274252e-05,0.0006573515845311468,0.0007000001501638893,0.3263248969401875
152.1589323220537,4.263000068259841e-05,0.0006572075557703303,0.0006998375564529287,0.3263227472744623
152.1922710451742,4.261144785181995e-05,0.0006570635901104182,0.0006996750379622381,0.3263205985240458
152.22560976829473,4.259290712986058e-05,0.0006569196875099516,0.0006995125946398122,0.3263184506883535
152.25894849141525,4.257437850618524e-05,0.0006567758479275079,0.0006993502264336931,0.3263163037668012
152.29228721453578,4.255586197027029e-05,0.0006566320713217008,0.0006991879332919711,0.3263141577588054
152.3256259376563,4.253735751160356e-05,0.0006564883576511803,0.0006990257151627838,0.326312012663783
152.3589646607768,4.2518865119684313e-05,0.0006563447068746323,0.0006988635719943166,0.3263098684811514
152.3923033838973,4.2500384784023176e-05,0.000656201118950779,0.0006987015037348023,0.32630772521032847
152.42564210701784,4.24819164941422e-05,0.0006560575938383789,0.0006985395103325211,0.32630558285073263
152.45898083013836,4.2463460239574814e-05,0.0006559141314962262,0.000698377591735801,0.3263034414017828
152.49231955325888,4.244501600986582e-05,0.0006557707318831516,0.0006982157478930175,0.32630130086289827
152.5256582763794,4.242658379457137e-05,0.0006556273949580214,0.0006980539787525928,0.326299161233499
152.55899699949993,4.2408163583258936e-05,0.000655484120679738,0.0006978922842629969,0.3262970225130053
152.59233572262045,4.238975536550733e-05,0.0006553409090072398,0.0006977306643727472,0.3262948847008381
152.62567444574097,4.2371359130906645e-05,0.000655197759899501,0.0006975691190304077,0.32629274779641876
152.6590131688615,4.2352974869058306e-05,0.0006550546733155317,0.0006974076481845899,0.326290611799169
152.692351891982,4.233460256957497e-05,0.0006549116492143775,0.0006972462517839524,0.32628847670851135
152.72569061510254,4.231624222208059e-05,0.0006547686875551201,0.0006970849297772007,0.3262863425238685
152.75902933822306,4.229789381621035e-05,0.0006546257882968768,0.0006969236821130872,0.3262842092446638
152.79236806134355,4.227955734161068e-05,0.0006544829513988008,0.0006967625087404115,0.326282076870321
152.82570678446407,4.226123278793921e-05,0.0006543401768200805,0.0006966014096080197,0.3262799454002645
152.8590455075846,4.224292014486477e-05,0.0006541974645199402,0.000696440384664805,0.326277814833919
152.89238423070512,4.222461940206741e-05,0.0006540548144576397,0.0006962794338597071,0.3262756851707099
152.92572295382564,4.220633054923834e-05,0.0006539122265924745,0.0006961185571417128,0.3262735564100628
152.95906167694616,4.218805357607992e-05,0.0006537697008837752,0.0006959577544598551,0.326271428551404
152.99240040006669,4.216978847230567e-05,0.0006536272372909081,0.0006957970257632138,0.3262693015941603
153.0257391231872,4.215153522764024e-05,0.0006534848357732749,0.0006956363710009151,0.3262671755377588
153.05907784630773,4.2133293831819374e-05,0.0006533424962903128,0.0006954757901221322,0.3262650503816273
153.09241656942825,4.211506427458994e-05,0.000653200218801494,0.0006953152830760839,0.3262629261251939
153.12575529254877,4.209684654570992e-05,0.0006530580032663263,0.0006951548498120362,0.32626080276788744
153.1590940156693,4.20786406349483e-05,0.0006529158496443526,0.0006949944902793009,0.3262586803091369
153.19243273878982,4.2060446532085186e-05,0.0006527737578951511,0.0006948342044272363,0.326256558748372
153.22577146191034,4.20422642269117e-05,0.000652631727978335,0.0006946739922052467,0.32625443808502286
153.25911018503083,4.202409370923003e-05,0.0006524897598535531,0.0006945138535627832,0.3262523183185201
153.29244890815136,4.200593496885332e-05,0.0006523478534804886,0.0006943537884493419,0.3262501994482947
153.32578763127188,4.198778799560574e-05,0.0006522060088188603,0.000694193796814466,0.3262480814737784
153.3591263543924,4.1969652779322497e-05,0.0006520642258284219,0.0006940338786077443,0.32624596439440307
153.39246507751292,4.19515293098497e-05,0.0006519225044689619,0.0006938740337788116,0.32624384820960134
153.42580380063345,4.193341757704446e-05,0.0006517808447003042,0.0006937142622773486,0.32624173291880615
153.45914252375397,4.191531757077482e-05,0.0006516392464823071,0.0006935545640530819,0.3262396185214511
153.4924812468745,4.189722928091976e-05,0.0006514977097748641,0.0006933949390557838,0.3262375050169701
153.525819969995,4.1879152697369164e-05,0.0006513562345379034,0.0006932353872352725,0.32623539240479754
153.55915869311553,4.186108781002384e-05,0.0006512148207313881,0.0006930759085414119,0.3262332806843684
153.59249741623606,4.1843034608795456e-05,0.000651073468315316,0.0006929165029241114,0.3262311698551181
153.62583613935658,4.1824993083606585e-05,0.0006509321772497194,0.0006927571703333259,0.3262290599164824
153.6591748624771,4.1806963224390636e-05,0.0006507909474946658,0.0006925979107190565,0.32622695086789777
153.6925135855976,4.178894502109189e-05,0.000650649779010257,0.000692438724031349,0.32622484270880103
153.72585230871812,4.1770938463665416e-05,0.0006505086717566294,0.0006922796102202948,0.3262227354386294
153.75919103183864,4.175294354207715e-05,0.000650367625693954,0.0006921205692360312,0.3262206290568207
153.79252975495916,4.17349602463038e-05,0.0006502266407824365,0.0006919616010287403,0.3262185235628132
153.82586847807968,4.171698856633289e-05,0.0006500857169823168,0.0006918027055486497,0.32621641895604564
153.8592072012002,4.1699028492162705e-05,0.0006499448542538696,0.0006916438827460323,0.3262143152359571
153.89254592432073,4.168108001380228e-05,0.000649804052557404,0.0006914851325712062,0.32621221240198744
153.92588464744125,4.166314312127144e-05,0.0006496633118532629,0.0006913264549745343,0.3262101104535766
153.95922337056177,4.164521780460069e-05,0.0006495226321018245,0.0006911678499064252,0.32620800939016537
153.9925620936823,4.16273040538313e-05,0.0006493820132635004,0.0006910093173173317,0.32620590921119474
154.02590081680282,4.160940185901523e-05,0.0006492414552987371,0.0006908508571577523,0.32620380991610626
154.05923953992334,4.1591511210215126e-05,0.0006491009581680152,0.0006906924693782303,0.32620171150434196
154.09257826304386,4.157363209750433e-05,0.0006489605218318492,0.0006905341539293536,0.32619961397534436
154.12591698616438,4.155576451096684e-05,0.0006488201462507881,0.000690375910761755,0.32619751732855645
154.15925570928488,4.153790844069733e-05,0.0006486798313854151,0.0006902177398261125,0.32619542156342163
154.1925944324054,4.152006387680105e-05,0.000648539577196347,0.000690059641073148,0.3261933266793837
154.22593315552592,4.1502230809393926e-05,0.0006483993836442351,0.0006899016144536291,0.32619123267588723
154.25927187864644,4.148440922860249e-05,0.0006482592506897645,0.000689743659918367,0.3261891395523769
154.29261060176697,4.146659912456386e-05,0.0006481191782936544,0.0006895857774182183,0.3261870473082981
154.3259493248875,4.144880048742577e-05,0.000647979166416658,0.0006894279669040838,0.32618495594309654
154.359288048008,4.143101330734645e-05,0.0006478392150195623,0.0006892702283269087,0.3261828654562185
154.39262677112853,4.141323757449477e-05,0.0006476993240631879,0.0006891125616376827,0.3261807758471107
154.42596549424906,4.1395473279050085e-05,0.0006475594935083899,0.00068895496678744,0.3261786871152202
154.45930421736958,4.13777204112023e-05,0.0006474197233160565,0.0006887974437272587,0.32617659925999465
154.4926429404901,4.135997896115184e-05,0.00064728001344711,0.0006886399924082619,0.3261745122808823
154.52598166361062,4.134224891910964e-05,0.0006471403638625067,0.0006884826127816163,0.3261724261773315
154.55932038673114,4.13245302752971e-05,0.0006470007745232358,0.0006883253047985329,0.3261703409487914
154.59265910985164,4.1306823019946107e-05,0.0006468612453903211,0.0006881680684102672,0.32616825659471144
154.62599783297216,4.1289127143299e-05,0.0006467217764248192,0.0006880109035681183,0.32616617311454155
154.65933655609268,4.127144263560858e-05,0.0006465823675878208,0.0006878538102234294,0.3261640905077321
154.6926752792132,4.125376948713808e-05,0.0006464430188404498,0.0006876967883275879,0.3261620087737341
154.72601400233373,4.123610768816114e-05,0.0006463037301438639,0.000687539837832025,0.32615992791199866
154.75935272545425,4.1218457228961836e-05,0.0006461645014592541,0.0006873829586882159,0.3261578479219777
154.79269144857477,4.120081809983462e-05,0.000646025332747845,0.0006872261508476796,0.3261557688031235
154.8260301716953,4.1183190291084324e-05,0.0006458862239708942,0.0006870694142619785,0.3261536905548887
154.85936889481582,4.1165573793026164e-05,0.0006457471750896931,0.0006869127488827192,0.3261516131767265
154.89270761793634,4.114796859598568e-05,0.0006456081860655664,0.0006867561546615521,0.32614953666809043
154.92604634105686,4.113037469029878e-05,0.0006454692568598717,0.0006865996315501704,0.3261474610284346
154.95938506417738,4.11127920663117e-05,0.0006453303874340002,0.0006864431795003119,0.3261453862572136
154.9927237872979,4.109522071438097e-05,0.0006451915777493762,0.0006862867984637572,0.3261433123538824
155.0260625104184,4.107766062487346e-05,0.0006450528277674575,0.0006861304883923309,0.32614123931789646
155.05940123353892,4.1060111788166265e-05,0.0006449141374497342,0.0006859742492379005,0.3261391671487116
155.09273995665944,4.104257419464682e-05,0.0006447755067577305,0.0006858180809523773,0.32613709584578426
155.12607867977997,4.102504783471279e-05,0.0006446369356530031,0.0006856619834877159,0.32613502540857126
155.1594174029005,4.1007532698772086e-05,0.0006444984240971418,0.0006855059567959139,0.32613295583652974
155.192756126021,4.0990028777242876e-05,0.0006443599720517696,0.0006853500008290126,0.3261308871291176
155.22609484914153,4.097253606055354e-05,0.0006442215794785425,0.000685194115539096,0.3261288192857929
155.25943357226205,4.0955054539142655e-05,0.000644083246339149,0.0006850383008782917,0.3261267523060143
155.29277229538258,4.093758420345902e-05,0.000643944972595311,0.00068488255679877,0.32612468618924084
155.3261110185031,4.092012504396158e-05,0.000643806758208783,0.0006847268832527446,0.3261226209349321
155.35944974162362,4.0902677051119496e-05,0.0006436686031413523,0.0006845712801924718,0.326120556542548
155.39278846474414,4.0885240215412055e-05,0.0006435305073548393,0.0006844157475702513,0.32611849301154905
155.42612718786467,4.08678145273287e-05,0.0006433924708110966,0.0006842602853384253,0.3261164303413961
155.4594659109852,4.085039997736901e-05,0.0006432544934720101,0.0006841048934493791,0.32611436853155046
155.49280463410568,4.0832996556042675e-05,0.0006431165752994983,0.0006839495718555409,0.3261123075814739
155.5261433572262,4.0815604253869476e-05,0.0006429787162555118,0.0006837943205093813,0.3261102474906287
155.55948208034673,4.079822306137931e-05,0.0006428409163020345,0.0006836391393634138,0.32610818825847754
155.59282080346725,4.078085296911215e-05,0.0006427031754010824,0.0006834840283701946,0.3261061298844835
155.62615952658777,4.076349396761803e-05,0.0006425654935147046,0.0006833289874823227,0.3261040723681102
155.6594982497083,4.0746146047457046e-05,0.0006424278706049819,0.0006831740166524389,0.3261020157088215
155.69283697282881,4.072880919919932e-05,0.0006422903066340284,0.0006830191158332278,0.3260999599060822
155.72617569594934,4.071148341342502e-05,0.0006421528015639901,0.0006828642849774151,0.32609790495935687
155.75951441906986,4.069416868072432e-05,0.0006420153553570456,0.0006827095240377699,0.32609585086811105
155.79285314219038,4.067686499169741e-05,0.000641877967975406,0.0006825548329671034,0.32609379763181057
155.8261918653109,4.0659572336954446e-05,0.0006417406393813145,0.000682400211718269,0.3260917452499216
155.85953058843143,4.0642290707115574e-05,0.0006416033695370467,0.0006822456602441622,0.3260896937219108
155.89286931155195,4.0625020092810904e-05,0.0006414661584049105,0.0006820911784977215,0.3260876430472454
155.92620803467244,4.060776048468054e-05,0.0006413290059472463,0.0006819367664319269,0.326085593225393
155.95954675779296,4.059051187337442e-05,0.000641191912126426,0.0006817824239998004,0.3260835442558215
155.9928854809135,4.0573274249552504e-05,0.0006410548769048541,0.0006816281511544066,0.3260814961379994
156.026224204034,4.0556047603884636e-05,0.0006409179002449675,0.0006814739478488522,0.3260794488713957
156.05956292715453,4.053883192705056e-05,0.0006407809821092347,0.0006813198140362853,0.3260774024554797
156.09290165027505,4.0521627209739915e-05,0.0006406441224601567,0.0006811657496698967,0.32607535688972117
156.12624037339558,4.050443344265221e-05,0.0006405073212602661,0.0006810117547029184,0.3260733121735904
156.1595790965161,4.048725061649681e-05,0.0006403705784721278,0.0006808578290886246,0.32607126830655797
156.19291781963662,4.0470078721992945e-05,0.0006402338940583385,0.0006807039727803314,0.326069225288095
156.22625654275714,4.045291774986968e-05,0.000640097267981527,0.0006805501857313967,0.32606718311767313
156.25959526587766,4.04357676908659e-05,0.0006399607002043539,0.0006803964678952197,0.3260651417947643
156.2929339889982,4.0418628535730324e-05,0.0006398241906895115,0.0006802428192252419,0.326063101318841
156.3262727121187,4.040150027522143e-05,0.0006396877393997242,0.0006800892396749456,0.32606106168937593
156.3596114352392,4.038438290010755e-05,0.0006395513462977481,0.0006799357291978556,0.3260590229058425
156.39295015835972,4.03672764011667e-05,0.000639415011346371,0.0006797822877475377,0.3260569849677145
156.42628888148025,4.0350180769186754e-05,0.0006392787345084123,0.000679628915277599,0.32605494787446604
156.45962760460077,4.0333095994965274e-05,0.0006391425157467233,0.0006794756117416886,0.32605291162557176
156.4929663277213,4.031602206930959e-05,0.0006390063550241869,0.0006793223770934965,0.32605087622050666
156.5263050508418,4.029895898303676e-05,0.0006388702523037178,0.0006791692112867546,0.32604884165874626
156.55964377396234,4.028190672697353e-05,0.0006387342075482618,0.0006790161142752354,0.3260468079397665
156.59298249708286,4.0264865291956386e-05,0.0006385982207207969,0.0006788630860127533,0.32604477506304363
156.62632122020338,4.0247834668831477e-05,0.0006384622917843321,0.0006787101264531635,0.3260427430280546
156.6596599433239,4.0230814848454634e-05,0.0006383264207019079,0.0006785572355503625,0.3260407118342765
156.69299866644442,4.0213805821691346e-05,0.0006381906074365968,0.0006784044132582881,0.32603868148118703
156.72633738956495,4.019680757941678e-05,0.000638054851951502,0.0006782516595309188,0.3260366519682643
156.75967611268547,4.0179820112515716e-05,0.0006379191542097586,0.0006780989743222744,0.32603462329498684
156.793014835806,4.0162843411882576e-05,0.0006377835141745329,0.0006779463575864155,0.32603259546083346
156.82635355892648,4.014587746842141e-05,0.0006376479318090225,0.0006777938092774439,0.32603056846528367
156.859692282047,4.0128922273045836e-05,0.0006375124070764562,0.0006776413293495021,0.32602854230781725
156.89303100516753,4.01119778166791e-05,0.0006373769399400942,0.0006774889177567733,0.3260265169879144
156.92636972828805,4.0095044090254e-05,0.0006372415303632279,0.0006773365744534819,0.32602449250505583
156.95970845140857,4.0078121084712926e-05,0.0006371061783091799,0.0006771842993938929,0.32602246885872266
156.9930471745291,4.006120879100781e-05,0.0006369708837413038,0.0006770320925323116,0.3260204460483964
157.02638589764962,4.0044307200100134e-05,0.0006368356466229846,0.0006768799538230848,0.326018424073559
157.05972462077014,4.002741630296089e-05,0.000636700466917638,0.0006767278832205989,0.32601640293369283
157.09306334389066,4.001053609057062e-05,0.0006365653445887113,0.0006765758806792819,0.32601438262828075
157.12640206701118,3.999366655391936e-05,0.0006364302795996822,0.0006764239461536015,0.32601236315680593
157.1597407901317,3.9976807684006636e-05,0.0006362952719140598,0.0006762720795980664,0.3260103445187521
157.19307951325223,3.995995947184147e-05,0.000636160321495384,0.0006761202809672255,0.3260083267136033
157.22641823637275,3.9943121908442326e-05,0.0006360254283072259,0.0006759685502156682,0.3260063097408441
157.25975695949325,3.992629498483718e-05,0.0006358905923131871,0.0006758168872980242,0.3260042935999594
157.29309568261377,3.9909478692063385e-05,0.0006357558134769001,0.0006756652921689635,0.3260022782904346
157.3264344057343,3.9892673021167785e-05,0.0006356210917620286,0.0006755137647831964,0.32600026381175545
157.3597731288548,3.987587796320663e-05,0.0006354864271322666,0.0006753623050954733,0.3259982501634082
157.39311185197533,3.9859093509245586e-05,0.0006353518195513394,0.0006752109130605849,0.32599623734487954
157.42645057509586,3.9842319650359705e-05,0.0006352172689830024,0.0006750595886333621,0.3259942253556565
157.45978929821638,3.982555637763343e-05,0.0006350827753910423,0.0006749083317686758,0.32599221419522645
157.4931280213369,3.9808803682160605e-05,0.0006349483387392762,0.0006747571424214368,0.3259902038630775
157.52646674445742,3.9792061555044395e-05,0.0006348139589915516,0.0006746060205465959,0.32598819435869775
157.55980546757795,3.977532998739736e-05,0.0006346796361117469,0.0006744549660991443,0.32598618568157617
157.59314419069847,3.975860897034137e-05,0.0006345453700637711,0.0006743039790341125,0.3259841778312018
157.626482913819,3.9741898495007634e-05,0.0006344111608115636,0.0006741530593065712,0.3259821708070643
157.6598216369395,3.9725198552536686e-05,0.0006342770083190943,0.000674002206871631,0.3259801646086537
157.69316036006,3.970850913407836e-05,0.0006341429125503637,0.0006738514216844421,0.32597815923546036
157.72649908318053,3.969183023079176e-05,0.0006340088734694023,0.0006737007037001941,0.3259761546869751
157.75983780630105,3.9675161833845304e-05,0.0006338748910402716,0.000673550052874117,0.32597415096268934
157.79317652942157,3.9658503934416676e-05,0.0006337409652270632,0.0006733994691614799,0.3259721480620947
157.8265152525421,3.96418565236928e-05,0.000633607095993899,0.0006732489525175918,0.3259701459846832
157.85985397566262,3.9625219592869856e-05,0.0006334732833049312,0.0006730985028978011,0.3259681447299475
157.89319269878314,3.960859313315327e-05,0.0006333395271243426,0.0006729481202574958,0.32596614429738047
157.92653142190366,3.9591977135757684e-05,0.0006332058274163456,0.0006727978045521033,0.3259641446864755
157.95987014502418,3.9575371591906937e-05,0.0006330721841451834,0.0006726475557370903,0.32596214589672634
157.9932088681447,3.955877649283409e-05,0.0006329385972751292,0.0006724973737679633,0.3259601479276272
158.02654759126523,3.9542191829781384e-05,0.0006328050667704862,0.0006723472586002676,0.32595815077867263
158.05988631438575,3.952561759400024e-05,0.000632671592595588,0.0006721972101895882,0.32595615444935777
158.09322503750627,3.950905377675124e-05,0.000632538174714798,0.0006720472284915492,0.32595415893917795
158.1265637606268,3.9492500369304104e-05,0.0006324048130925097,0.0006718973134618138,0.325952164247629
158.1599024837473,3.947595736293774e-05,0.000632271507693147,0.0006717474650560847,0.3259501703742073
158.1932412068678,3.9459424748940145e-05,0.0006321382584811632,0.0006715976832301034,0.3259481773184095
158.22657992998833,3.944290251860844e-05,0.000632005065421042,0.0006714479679396505,0.32594618507973266
158.25991865310885,3.942639066324887e-05,0.0006318719284772968,0.0006712983191405457,0.3259441936576743
158.29325737622938,3.940988917417678e-05,0.000631738847614471,0.0006711487367886478,0.3259422030517322
158.3265960993499,3.9393398042716586e-05,0.0006316058227971379,0.0006709992208398545,0.32594021326140493
158.35993482247042,3.937691726020177e-05,0.0006314728539899004,0.0006708497712501021,0.325938224286191
158.39327354559094,3.9360446817974915e-05,0.0006313399411573916,0.0006707003879753664,0.32593623612558975
158.42661226871147,3.934398670738761e-05,0.0006312070842642739,0.0006705510709716615,0.3259342487791006
158.459950991832,3.93275369198005e-05,0.0006310742832752399,0.0006704018201950404,0.32593226224622357
158.4932897149525,3.931109744658328e-05,0.0006309415381550115,0.0006702526356015948,0.325930276526459
158.52662843807303,3.929466827911462e-05,0.0006308088488683407,0.0006701035171474553,0.3259282916193078
158.55996716119355,3.927824940878224e-05,0.0006306762153800087,0.000669954464788791,0.32592630752427104
158.59330588431405,3.9261840826982844e-05,0.0006305436376548266,0.0006698054784818095,0.3259243242408503
158.62664460743457,3.924544252512207e-05,0.000630411115657635,0.0006696565581827571,0.32592234176854773
158.6599833305551,3.922905449461459e-05,0.000630278649353304,0.0006695077038479186,0.32592036010686565
158.69332205367562,3.921267672688401e-05,0.0006301462387067335,0.0006693589154336175,0.3259183792553069
158.72666077679614,3.9196309213362904e-05,0.0006300138836828524,0.0006692101928962153,0.3259163992133748
158.75999949991666,3.917995194549274e-05,0.0006298815842466194,0.0006690615361921122,0.3259144199805728
158.79333822303718,3.916360491472397e-05,0.0006297493403630226,0.0006689129452777465,0.3259124415564051
158.8266769461577,3.914726811251592e-05,0.0006296171519970794,0.0006687644201095953,0.3259104639403761
158.86001566927823,3.913094153033685e-05,0.0006294850191138368,0.0006686159606441736,0.32590848713199067
158.89335439239875,3.911462515966388e-05,0.0006293529416783706,0.0006684675668380345,0.32590651113075403
158.92669311551927,3.9098318991983047e-05,0.0006292209196557866,0.0006683192386477696,0.3259045359361719
158.9600318386398,3.9082023018789236e-05,0.0006290889530112194,0.0006681709760300086,0.3259025615477503
158.99337056176032,3.906573723158621e-05,0.0006289570417098329,0.0006680227789414192,0.32590058796499577
159.0267092848808,3.9049461621886575e-05,0.0006288251857168206,0.0006678746473387071,0.3258986151874151
159.06004800800133,3.9033196181211755e-05,0.0006286933849974043,0.0006677265811786161,0.3258966432145156
159.09338673112185,3.9016940901092025e-05,0.0006285616395168361,0.0006675785804179282,0.32589467204580497
159.12672545424238,3.900069577306647e-05,0.0006284299492403963,0.0006674306450134628,0.32589270168079126
159.1600641773629,3.8984460788682985e-05,0.0006282983141333947,0.0006672827749220776,0.3258907321189829
159.19340290048342,3.896823593949825e-05,0.00062816673416117,0.0006671349701006682,0.32588876335988887
159.22674162360394,3.8952021217077726e-05,0.0006280352092890903,0.000666987230506168,0.3258867954030184
159.26008034672446,3.893581661299567e-05,0.0006279037394825522,0.0006668395560955479,0.3258848282478812
159.293419069845,3.891962211883506e-05,0.0006277723247069815,0.0006666919468258166,0.3258828618939873
159.3267577929655,3.890343772618767e-05,0.000627640964927833,0.0006665444026540206,0.3258808963408472
159.36009651608603,3.888726342665397e-05,0.0006275096601105903,0.0006663969235372443,0.3258789315879719
159.39343523920655,3.8871099211843196e-05,0.0006273784102207658,0.000666249509432609,0.32587696763487245
159.42677396232708,3.8854945073373276e-05,0.0006272472152239011,0.0006661021602972744,0.32587500448106066
159.4601126854476,3.8838801002870846e-05,0.0006271160750855662,0.000665954876088437,0.3258730421260486
159.4934514085681,3.882266699197127e-05,0.0006269849897713603,0.0006658076567633316,0.32587108056934877
159.5267901316886,3.880654303231855e-05,0.0006268539592469107,0.0006656605022792292,0.32586911981047395
159.56012885480914,3.879042911556538e-05,0.000626722983477874,0.0006655134125934394,0.32586715984893744
159.59346757792966,3.877432523337314e-05,0.0006265920624299356,0.0006653663876633087,0.3258652006842529
159.62680630105018,3.8758231377411836e-05,0.0006264611960688091,0.000665219427446221,0.32586324231593444
159.6601450241707,3.8742147539360126e-05,0.0006263303843602369,0.000665072531899597,0.3258612847434964
159.69348374729122,3.87260737109053e-05,0.0006261996272699902,0.0006649257009808955,0.3258593279664537
159.72682247041175,3.871000988374326e-05,0.0006260689247638686,0.0006647789346476119,0.32585737198432163
159.76016119353227,3.869395604957853e-05,0.0006259382768077002,0.0006646322328572787,0.32585541679661567
159.7934999166528,3.867791220012423e-05,0.0006258076833673418,0.000664485595567466,0.32585346240285196
159.8268386397733,3.866187832710205e-05,0.0006256771444086785,0.0006643390227357806,0.32585150880254693
159.86017736289384,3.8645854422242295e-05,0.000625546659897624,0.0006641925143198663,0.32584955599521725
159.89351608601436,3.86298404772838e-05,0.0006254162298001204,0.0006640460702774042,0.32584760398038026
159.92685480913485,3.8613836483973984e-05,0.0006252858540821383,0.0006638996905661122,0.3258456527575536
159.96019353225537,3.859784243406878e-05,0.0006251555327096761,0.000663753375143745,0.3258437023262551
159.9935322553759,3.858185831933268e-05,0.0006250252656487614,0.0006636071239680941,0.32584175268600324
160.02687097849642,3.85658841315387e-05,0.0006248950528654496,0.0006634609369969883,0.3258398038363168
160.06020970161694,3.854991986246837e-05,0.0006247648943258244,0.0006633148141882928,0.32583785577671487
160.09354842473746,3.853396550391171e-05,0.0006246347899959979,0.0006631687554999096,0.325835908506717
160.12688714785799,3.851802104766725e-05,0.0006245047398421103,0.0006630227608897776,0.32583396202584325
160.1602258709785,3.850208648554198e-05,0.00062437474383033,0.000662876830315872,0.32583201633361375
160.19356459409903,3.848616180935138e-05,0.0006242448019268537,0.0006627309637362051,0.3258300714295494
160.22690331721955,3.84702470109194e-05,0.0006241149140979062,0.0006625851611088256,0.3258281273131713
160.26024204034007,3.845434208207841e-05,0.0006239850803097402,0.0006624394223918186,0.32582618398400076
160.2935807634606,3.843844701466925e-05,0.0006238553005286367,0.0006622937475433059,0.32582424144155986
160.32691948658112,3.8422561800541166e-05,0.0006237255747209045,0.0006621481365214457,0.32582229968537074
160.3602582097016,3.840668643155185e-05,0.000623595902852881,0.0006620025892844329,0.3258203587149561
160.39359693282213,3.839082089956736e-05,0.0006234662848909308,0.0006618571057904982,0.32581841852983906
160.42693565594266,3.83749651964622e-05,0.0006233367208014468,0.000661711685997909,0.3258164791295429
160.46027437906318,3.835911931411922e-05,0.0006232072105508501,0.0006615663298649693,0.32581454051359154
160.4936131021837,3.83432832444297e-05,0.0006230777541055894,0.0006614210373500191,0.3258126026815092
160.52695182530422,3.832745697929324e-05,0.0006229483514321411,0.0006612758084114344,0.3258106656328203
160.56029054842475,3.831164051061782e-05,0.00062281900249701,0.0006611306430076278,0.32580872936704997
160.59362927154527,3.829583383031974e-05,0.0006226897072667283,0.000660985541097048,0.3258067938837235
160.6269679946658,3.8280036930323673e-05,0.0006225604657078559,0.0006608405026381796,0.3258048591823666
160.6603067177863,3.82642498025626e-05,0.0006224312777869809,0.0006606955275895435,0.3258029252625054
160.69364544090683,3.824847243897782e-05,0.0006223021434707187,0.0006605506159096966,0.32580099212366653
160.72698416402736,3.8232704831518924e-05,0.0006221730627257126,0.0006604057675572315,0.32579905976537665
160.76032288714788,3.821694697214383e-05,0.0006220440355186335,0.0006602609824907773,0.3257971281871632
160.7936616102684,3.8201198852818695e-05,0.00062191506181618,0.0006601162606689987,0.3257951973885538
160.8270003333889,3.818546046551801e-05,0.0006217861415850784,0.0006599716020505964,0.3257932673690764
160.86033905650942,3.816973180222446e-05,0.0006216572747920823,0.0006598270065943067,0.3257913381282594
160.89367777962994,3.8154012854929036e-05,0.0006215284614039731,0.0006596824742589021,0.3257894096656317
160.92701650275046,3.813830361563096e-05,0.0006213997013875596,0.0006595380050031906,0.32578748198072244
160.96035522587098,3.812260407633769e-05,0.0006212709947096782,0.0006593935987860159,0.3257855550730612
160.9936939489915,3.810691422906489e-05,0.0006211423413371927,0.0006592492555662576,0.32578362894217777
161.02703267211203,3.8091234065836454e-05,0.0006210137412369943,0.0006591049753028308,0.32578170358760256
161.06037139523255,3.8075563578684484e-05,0.0006208851943760018,0.0006589607579546863,0.32577977900886623
161.09371011835307,3.8059902759649264e-05,0.0006207567007211613,0.0006588166034808106,0.3257778552054999
161.1270488414736,3.8044251600779263e-05,0.000620628260239446,0.0006586725118402253,0.32577593217703493
161.16038756459412,3.802861009413112e-05,0.0006204998728978569,0.000658528482991988,0.32577400992300326
161.19372628771464,3.8012978231769644e-05,0.0006203715386634219,0.0006583845168951915,0.3257720884429369
161.22706501083516,3.799735600576779e-05,0.0006202432575031963,0.0006582406135089642,0.3257701677363687
161.26040373395566,3.7981743408206685e-05,0.0006201150293842629,0.0006580967727924696,0.32576824780283137
161.29374245707618,3.796614043117552e-05,0.0006199868542737311,0.0006579529947049066,0.3257663286418583
161.3270811801967,3.795054706677167e-05,0.0006198587321387381,0.0006578092792055098,0.3257644102529832
161.36041990331722,3.793496330710061e-05,0.000619730662946448,0.0006576656262535487,0.3257624926357402
161.39375862643774,3.791938914427592e-05,0.0006196026466640521,0.000657522035808328,0.3257605757896637
161.42709734955827,3.790382457041925e-05,0.0006194746832587685,0.0006573785078291878,0.3257586597142886
161.4604360726788,3.7888269577660346e-05,0.000619346772697843,0.0006572350422755033,0.3257567444091499
161.4937747957993,3.787272415813704e-05,0.000619218914948548,0.000657091639106685,0.32575482987378346
161.52711351891983,3.785718830399521e-05,0.0006190911099781827,0.0006569482982821779,0.32575291610772505
161.56045224204036,3.78416620073888e-05,0.0006189633577540739,0.0006568050197614628,0.32575100311051103
161.59379096516088,3.782614526047978e-05,0.0006188356582435751,0.0006566618035040549,0.3257490908816781
161.6271296882814,3.781063805543816e-05,0.0006187080114140665,0.0006565186494695046,0.3257471794207633
161.66046841140192,3.7795140384441986e-05,0.0006185804172329554,0.0006563755576173974,0.32574526872730414
161.69380713452242,3.7779652239677326e-05,0.0006184528756676762,0.0006562325279073535,0.3257433588008384
161.72714585764294,3.776417361333819e-05,0.0006183253866856896,0.0006560895602990278,0.3257414496409041
161.76048458076346,3.774870449762666e-05,0.0006181979502544838,0.0006559466547521105,0.32573954124704013
161.79382330388398,3.773324488475274e-05,0.0006180705663415732,0.000655803811226326,0.3257376336187851
161.8271620270045,3.771779476693445e-05,0.0006179432349144994,0.0006556610296814339,0.32573572675567847
161.86050075012503,3.770235413639776e-05,0.0006178159559408305,0.0006555183100772282,0.3257338206572598
161.89383947324555,3.7686922985376596e-05,0.0006176887293881613,0.0006553756523735379,0.3257319153230692
161.92717819636607,3.767150130611282e-05,0.0006175615552241136,0.0006552330565302264,0.32573001075264707
161.9605169194866,3.765608909085624e-05,0.0006174344334163354,0.0006550905225071917,0.32572810694553417
161.99385564260712,3.764068633186458e-05,0.0006173073639325016,0.0006549480502643663,0.32572620390127155
162.02719436572764,3.7625293021403494e-05,0.0006171803467403138,0.0006548056397617173,0.3257243016194008
162.06053308884816,3.760990915174653e-05,0.0006170533818075,0.0006546632909592465,0.32572240009946385
162.09387181196868,3.7594534715175125e-05,0.0006169264691018146,0.0006545210038169897,0.3257204993410028
162.1272105350892,3.757916970397862e-05,0.000616799608591039,0.0006543787782950177,0.32571859934356034
162.1605492582097,3.7563814110454234e-05,0.0006166728002429809,0.0006542366143534351,0.32571670010667947
162.19388798133022,3.754846792690703e-05,0.000616546044025474,0.000654094511952381,0.3257148016299034
162.22722670445074,3.753313114564994e-05,0.0006164193399063789,0.0006539524710520288,0.325712903912776
162.26056542757127,3.7517803759003764e-05,0.0006162926878535826,0.0006538104916125864,0.3257110069548412
162.2939041506918,3.7502485759297106e-05,0.0006161660878349986,0.0006536685735942957,0.3257091107556435
162.3272428738123,3.7487177138866416e-05,0.0006160395398185664,0.0006535267169574329,0.3257072153147277
162.36058159693283,3.747187789005598e-05,0.0006159130437722521,0.0006533849216623081,0.325705320631639
162.39392032005335,3.745658800521787e-05,0.000615786599664048,0.0006532431876692659,0.32570342670592284
162.42725904317388,3.744130747671195e-05,0.0006156602074619727,0.0006531015149386847,0.3257015335371251
162.4605977662944,3.742603629690591e-05,0.000615533867134071,0.0006529599034309769,0.3256996411247921
162.49393648941492,3.741077445817517e-05,0.000615407578648414,0.0006528183531065892,0.32569774946847047
162.52727521253544,3.739552195290299e-05,0.0006152813419730991,0.0006526768639260021,0.3256958585677071
162.56061393565597,3.738027877348032e-05,0.0006151551570762495,0.0006525354358497299,0.32569396842204945
162.59395265877646,3.736504491230593e-05,0.0006150290239260152,0.000652394068838321,0.3256920790310451
162.62729138189698,3.734982036178625e-05,0.0006149029424905714,0.0006522527628523576,0.3256901903942422
162.6606301050175,3.733460511433553e-05,0.0006147769127381203,0.0006521115178524558,0.32568830251118913
162.69396882813803,3.731939916237569e-05,0.0006146509346368895,0.0006519703337992651,0.3256864153814346
162.72730755125855,3.7304202498336384e-05,0.000614525008155133,0.0006518292106534694,0.325684529004528
162.76064627437907,3.7289015114654965e-05,0.0006143991332611308,0.0006516881483757858,0.32568264338001857
162.7939849974996,3.727383700377649e-05,0.0006142733099231887,0.0006515471469269652,0.32568075850745626
162.82732372062011,3.72586681581537e-05,0.0006141475381096387,0.0006514062062677923,0.3256788743863913
162.86066244374064,3.7243508570246994e-05,0.0006140218177888382,0.0006512653263590852,0.3256769910163743
162.89400116686116,3.722835823252446e-05,0.0006138961489291714,0.0006511245071616958,0.3256751083969562
162.92733988998168,3.7213217137461844e-05,0.0006137705314990474,0.0006509837486365093,0.32567322652768826
162.9606786131022,3.719808527754254e-05,0.000613644965466902,0.0006508430507444445,0.32567134540812215
162.99401733622273,3.718296264525756e-05,0.0006135194508011962,0.0006507024134464537,0.32566946503780986
163.02735605934322,3.716784923310559e-05,0.0006133939874704171,0.0006505618367035227,0.32566758541630375
163.06069478246374,3.715274503359288e-05,0.0006132685754430776,0.0006504213204766705,0.32566570654315663
163.09403350558426,3.713765003923333e-05,0.0006131432146877161,0.0006502808647269494,0.32566382841792146
163.1273722287048,3.7122564242548444e-05,0.0006130179051728969,0.0006501404694154453,0.3256619510401518
163.1607109518253,3.71074876360673e-05,0.00061289264686721,0.0006500001345032773,0.3256600744094013
163.19404967494583,3.709242021232657e-05,0.0006127674397392712,0.0006498598599515978,0.3256581985252243
163.22738839806635,3.70773619638705e-05,0.0006126422837577216,0.0006497196457215921,0.3256563233871751
163.26072712118687,3.706231288325091e-05,0.0006125171788912281,0.0006495794917744791,0.3256544489948087
163.2940658443074,3.7047272963027154e-05,0.0006123921251084833,0.0006494393980715105,0.3256525753476803
163.32740456742792,3.7032242195766156e-05,0.0006122671223782051,0.0006492993645739713,0.3256507024453454
163.36074329054844,3.701722057404236e-05,0.0006121421706691371,0.0006491593912431795,0.3256488302873599
163.39408201366896,3.700220809043776e-05,0.0006120172699500485,0.0006490194780404862,0.32564695887328016
163.4274207367895,3.698720473754185e-05,0.0006118924201897338,0.0006488796249272756,0.3256450882026628
163.46075945991,3.697221050795163e-05,0.000611767621357013,0.0006487398318649646,0.3256432182750647
163.4940981830305,3.695722539427164e-05,0.0006116428734207317,0.0006486000988150033,0.3256413490900433
163.52743690615102,3.6942249389113845e-05,0.0006115181763497606,0.0006484604257388744,0.3256394806471562
163.56077562927155,3.692728248509775e-05,0.0006113935301129959,0.0006483208125980937,0.3256376129459615
163.59411435239207,3.691232467485033e-05,0.0006112689346793594,0.0006481812593542097,0.32563574598601747
163.6274530755126,3.689737595100599e-05,0.000611144390017798,0.000648041765968804,0.32563387976688296
163.6607917986331,3.6882436306206615e-05,0.0006110198960972838,0.0006479023324034904,0.325632014288117
163.69413052175364,3.686750573310155e-05,0.0006108954528868145,0.0006477629586199161,0.32563014954927905
163.72746924487416,3.6852584224347535e-05,0.0006107710603554127,0.0006476236445797602,0.32562828554992884
163.76080796799468,3.683767177260879e-05,0.0006106467184721265,0.0006474843902447352,0.32562642228962657
163.7941466911152,3.6822768370556906e-05,0.000610522427206029,0.0006473451955765859,0.3256245597679327
163.82748541423572,3.680787401087092e-05,0.0006103981865262186,0.0006472060605370894,0.325622697984408
163.86082413735625,3.679298868623726e-05,0.0006102739964018187,0.000647066985088056,0.3256208369386137
163.89416286047677,3.677811238934974e-05,0.0006101498568019783,0.000646927969191328,0.32561897663011136
163.92750158359726,3.676324511290958e-05,0.0006100257676958709,0.0006467890128087804,0.3256171170584628
163.96084030671778,3.6748386849625326e-05,0.0006099017290526951,0.0006466501159023204,0.32561525822323023
163.9941790298383,3.6733537592212936e-05,0.000609777740841675,0.0006465112784338879,0.32561340012397627
164.02751775295883,3.671869733339571e-05,0.0006096538030320595,0.0006463725003654552,0.3256115427602638
164.06085647607935,3.670386606590429e-05,0.0006095299155931223,0.0006462337816590266,0.3256096861316561
164.09419519919987,3.6689043782476675e-05,0.0006094060784941624,0.0006460951222766391,0.32560783023771667
164.1275339223204,3.667423047585818e-05,0.0006092822917045035,0.0006459565221803617,0.3256059750780096
164.16087264544092,3.6659426138801434e-05,0.0006091585551934943,0.0006458179813322957,0.32560412065209915
164.19421136856144,3.6644630764066396e-05,0.0006090348689305083,0.0006456794996945747,0.3256022669595499
164.22755009168196,3.662984434442031e-05,0.0006089112328849443,0.0006455410772293645,0.3256004139999269
164.26088881480248,3.661506687263774e-05,0.0006087876470262252,0.000645402713898863,0.3255985617727955
164.294227537923,3.6600298341500507e-05,0.0006086641113237994,0.0006452644096652999,0.32559671027772125
164.32756626104353,3.658553874379773e-05,0.0006085406257471398,0.0006451261644909376,0.3255948595142703
164.36090498416402,3.657078807232581e-05,0.0006084171902657441,0.0006449879783380699,0.3255930094820089
164.39424370728455,3.655604631988834e-05,0.0006082938048491345,0.0006448498511690228,0.3255911601805038
164.42758243040507,3.654131347929624e-05,0.0006081704694668584,0.0006447117829461546,0.32558931160932214
164.4609211535256,3.652658954336764e-05,0.0006080471840884875,0.0006445737736318551,0.3255874637680311
164.4942598766461,3.65118745049279e-05,0.0006079239486836184,0.0006444358231885464,0.3255856166561986
164.52759859976663,3.649716835680961e-05,0.0006078007632218722,0.0006442979315786819,0.3255837702733926
164.56093732288716,3.648247109185259e-05,0.0006076776276728948,0.0006441600987647474,0.3255819246191815
164.59427604600768,3.646778270290383e-05,0.0006075545420063565,0.0006440223247092603,0.32558007969313413
164.6276147691282,3.6453103182817554e-05,0.0006074315061919521,0.0006438846093747697,0.3255782354948195
164.66095349224872,3.6438432524455155e-05,0.0006073085201994012,0.0006437469527238563,0.3255763920238071
164.69429221536925,3.642377072068523e-05,0.0006071855839984479,0.0006436093547191331,0.3255745492796667
164.72763093848977,3.6409117764383514e-05,0.0006070626975588605,0.000643471815323244,0.3255727072619684
164.7609696616103,3.6394473648432945e-05,0.0006069398608504321,0.000643334334498865,0.3255708659702826
164.7943083847308,3.6379838365723576e-05,0.00060681707384298,0.0006431969122087035,0.3255690254041802
164.8276471078513,3.636521190915265e-05,0.0006066943365063461,0.0006430595484154987,0.32556718556323216
164.86098583097183,3.635059427162449e-05,0.0006065716488103966,0.0006429222430820211,0.3255653464470101
164.89432455409235,3.6335985446050604e-05,0.000606449010725022,0.0006427849961710726,0.3255635080550857
164.92766327721287,3.632138542534958e-05,0.0006063264222201373,0.0006426478076454869,0.32556167038703115
164.9610020003334,3.630679420244716e-05,0.0006062038832656818,0.0006425106774681289,0.32555983344241896
164.99434072345392,3.6292211770276144e-05,0.000606081393831619,0.0006423736056018951,0.3255579972208219
165.02767944657444,3.627763812177647e-05,0.0006059589538879367,0.0006422365920097132,0.3255561617218132
165.06101816969496,3.6263073249895124e-05,0.000605836563404647,0.0006420996366545422,0.32555432694496617
165.09435689281548,3.6248517147586184e-05,0.0006057142223517863,0.0006419627394993725,0.32555249288985477
165.127695615936,3.6233969807810816e-05,0.0006055919306994149,0.0006418259005072258,0.3255506595560531
165.16103433905653,3.621943122353721e-05,0.0006054696884176177,0.0006416891196411549,0.32554882694313575
165.19437306217705,3.620490138774065e-05,0.0006053474954765033,0.0006415523968642439,0.3255469950506774
165.22771178529757,3.619038029340342e-05,0.0006052253518462045,0.0006414157321396079,0.3255451638782533
165.26105050841807,3.6175867933514886e-05,0.0006051032574968789,0.0006412791254303939,0.3255433334254389
165.2943892315386,3.6161364301071394e-05,0.0006049812123987071,0.0006411425766997785,0.32554150369181006
165.3277279546591,3.614686938907634e-05,0.0006048592165218944,0.0006410060859109708,0.3255396746769429
165.36106667777963,3.613238319054011e-05,0.00060473726983667,0.0006408696530272101,0.32553784638041394
165.39440540090015,3.611790569848011e-05,0.0006046153723132872,0.0006407332780117672,0.3255360188018
165.42774412402068,3.6103436905920733e-05,0.0006044935239220231,0.0006405969608279438,0.3255341919406783
165.4610828471412,3.608897680589335e-05,0.0006043717246331788,0.0006404607014390721,0.32553236579662626
165.49442157026172,3.607452539143632e-05,0.0006042499744170794,0.0006403244998085157,0.3255305403692217
165.52776029338224,3.606008265559495e-05,0.000604128273244074,0.0006401883558996689,0.3255287156580428
165.56109901650277,3.6045648591421535e-05,0.0006040066210845353,0.0006400522696759568,0.325526891662668
165.5944377396233,3.603122319197529e-05,0.0006038850179088599,0.0006399162411008352,0.3255250683826762
165.6277764627438,3.60168064503224e-05,0.0006037634636874687,0.0006397802701377911,0.3255232458176465
165.66111518586433,3.600239835953597e-05,0.0006036419583908058,0.0006396443567503417,0.32552142396715833
165.69445390898483,3.5987998912696035e-05,0.0006035205019893395,0.0006395085009020356,0.3255196028307916
165.72779263210535,3.597360810288954e-05,0.0006033990944535616,0.0006393727025564512,0.3255177824081264
165.76113135522587,3.595922592321034e-05,0.0006032777357539877,0.0006392369616771981,0.3255159626987431
165.7944700783464,3.5944852366759206e-05,0.0006031564258611573,0.0006391012782279165,0.3255141437022226
165.82780880146692,3.59304874266438e-05,0.0006030351647456334,0.0006389656521722772,0.32551232541814606
165.86114752458744,3.5916131095978657e-05,0.0006029139523780028,0.0006388300834739815,0.3255105078460948
165.89448624770796,3.590178336788519e-05,0.0006027927887288757,0.0006386945720967609,0.32550869098565066
165.92782497082848,3.5887444235491685e-05,0.0006026716737688863,0.000638559118004378,0.3255068748363958
165.961163693949,3.5873113691933296e-05,0.000602550607468692,0.0006384237211606253,0.3255050593979126
165.99450241706953,3.5858791730352e-05,0.0006024295897989741,0.0006382883815293261,0.3255032446697838
166.02784114019005,3.584447834389666e-05,0.0006023086207304372,0.0006381530990743338,0.3255014306515925
166.06117986331057,3.583017352572294e-05,0.0006021877002338096,0.0006380178737595326,0.3254996173429221
166.0945185864311,3.581587726899334e-05,0.000602066828279843,0.0006378827055488364,0.3254978047433564
166.12785730955162,3.580158956687719e-05,0.0006019460048393127,0.0006377475944061899,0.3254959928524794
166.1611960326721,3.5787310412550625e-05,0.0006018252298830174,0.000637612540295568,0.3254941816698755
166.19453475579263,3.577303979919657e-05,0.000601704503381779,0.0006374775431809756,0.32549237119512947
166.22787347891315,3.5758777720004755e-05,0.000601583825306443,0.0006373426030264477,0.32549056142782623
166.26121220203368,3.574452416817171e-05,0.0006014631956278785,0.0006372077197960502,0.32548875236755126
166.2945509251542,3.573027913690071e-05,0.0006013426143169776,0.0006370728934538784,0.3254869440138902
166.32788964827472,3.5716042619401845e-05,0.000601222081344656,0.0006369381239640579,0.32548513636642906
166.36122837139524,3.570181460889192e-05,0.0006011015966818526,0.0006368034112907445,0.3254833294247542
166.39456709451576,3.568759509859453e-05,0.0006009811602995296,0.0006366687553981241,0.3254815231884523
166.4279058176363,3.567338408174e-05,0.0006008607721686723,0.0006365341562504123,0.3254797176571102
166.4612445407568,3.56591815515654e-05,0.0006007404322602895,0.0006363996138118549,0.32547791283031535
166.49458326387733,3.5644987501314505e-05,0.0006006201405454133,0.0006362651280467277,0.32547610870765536
166.52792198699785,3.563080192423786e-05,0.0006004998969950984,0.0006361306989193363,0.32547430528871807
166.56126071011838,3.561662481359268e-05,0.0006003797015804236,0.0006359963263940163,0.32547250257309185
166.59459943323887,3.560245616264292e-05,0.0006002595542724901,0.0006358620104351331,0.32547070056036526
166.6279381563594,3.5588295964659185e-05,0.0006001394550424225,0.0006357277510070817,0.3254688992501272
166.6612768794799,3.5574144212918824e-05,0.0006000194038613684,0.0006355935480742873,0.32546709864196693
166.69461560260044,3.5560000900705825e-05,0.0005998994007004987,0.0006354594016012046,0.3254652987354739
166.72795432572096,3.554586602131088e-05,0.0005997794455310072,0.0006353253115523181,0.3254634995302381
166.76129304884148,3.5531739568031344e-05,0.0005996595383241107,0.000635191277892142,0.32546170102584976
166.794631771962,3.551762153417121e-05,0.0005995396790510491,0.0006350573005852203,0.3254599032218992
166.82797049508252,3.5503511913041134e-05,0.0005994198676830852,0.0006349233795961264,0.32545810611797743
166.86130921820305,3.5489410697958415e-05,0.0005993001041915049,0.0006347895148894633,0.32545630971367545
166.89464794132357,3.547531788224698e-05,0.000599180388547617,0.000634655706429864,0.3254545140085848
166.9279866644441,3.5461233459237393e-05,0.0005990607207227532,0.0006345219541819906,0.32545271900229733
166.9613253875646,3.544715742226683e-05,0.0005989411006882679,0.0006343882581105347,0.32545092469440506
166.99466411068514,3.5433089764679066e-05,0.0005988215284155389,0.000634254618180218,0.3254491310845004
167.02800283380563,3.5419030479824516e-05,0.0005987020038759663,0.0006341210343557908,0.32544733817217614
167.06134155692615,3.5404979561060136e-05,0.0005985825270409732,0.0006339875066020334,0.3254455459570253
167.09468028004667,3.5390937001749504e-05,0.0005984630978820056,0.0006338540348837551,0.3254437544386412
167.1280190031672,3.537690279526278e-05,0.0005983437163705323,0.0006337206191657951,0.32544196361661765
167.16135772628772,3.5362876934976666e-05,0.0005982243824780447,0.0006335872594130214,0.32544017349054855
167.19469644940824,3.534885941427446e-05,0.0005981050961760572,0.0006334539555903317,0.32543838406002823
167.22803517252876,3.533485022654601e-05,0.0005979858574361066,0.0006333207076626526,0.32543659532465136
167.26137389564929,3.53208493651877e-05,0.0005978666662297526,0.0006331875155949403,0.32543480728401286
167.2947126187698,3.530685682360245e-05,0.0005977475225285775,0.00063305437935218,0.32543301993770796
167.32805134189033,3.529287259519973e-05,0.0005976284263041863,0.000632921298899386,0.3254312332853323
167.36139006501085,3.5278896673395524e-05,0.0005975093775282066,0.0006327882742016021,0.32542944732648177
167.39472878813137,3.5264929051612334e-05,0.0005973903761722885,0.0006326553052239008,0.3254276620607525
167.4280675112519,3.525096972327917e-05,0.0005972714222081048,0.0006325223919313839,0.3254258774877411
167.46140623437242,3.523701868183155e-05,0.0005971525156073509,0.0006323895342891824,0.32542409360704433
167.4947449574929,3.5223075920711474e-05,0.0005970336563417447,0.0006322567322624562,0.32542231041825936
167.52808368061343,3.520914143336744e-05,0.0005969148443830264,0.0006321239858163939,0.3254205279209837
167.56142240373396,3.5195215213254415e-05,0.0005967960797029591,0.0006319912949162136,0.3254187461148151
167.59476112685448,3.518129725383383e-05,0.000596677362273328,0.0006318586595271618,0.3254169649993515
167.628099849975,3.516738754857362e-05,0.0005965586920659408,0.0006317260796145144,0.32541518457419144
167.66143857309552,3.515348609094812e-05,0.0005964400690526278,0.0006315935551435759,0.32541340483893355
167.69477729621605,3.5139592874438146e-05,0.0005963214932052416,0.0006314610860796798,0.32541162579317695
167.72811601933657,3.512570789253094e-05,0.0005962029644956573,0.0006313286723881882,0.3254098474365208
167.7614547424571,3.511183113872018e-05,0.0005960844828957721,0.0006311963140344923,0.3254080697685649
167.7947934655776,3.5097962606505986e-05,0.0005959660483775057,0.0006310640109840117,0.32540629278890915
167.82813218869813,3.508410228939486e-05,0.0005958476609128001,0.000630931763202195,0.3254045164971537
167.86147091181866,3.507025018089975e-05,0.0005957293204736197,0.0006307995706545194,0.3254027408928992
167.89480963493918,3.5056406274539975e-05,0.0005956110270319509,0.0006306674333064909,0.3254009659757466
167.92814835805967,3.504257056384128e-05,0.0005954927805598026,0.0006305353511236439,0.32539919174529697
167.9614870811802,3.5028743042335753e-05,0.0005953745810292057,0.0006304033240715415,0.32539741820115176
167.99482580430072,3.50149237035619e-05,0.0005952564284122135,0.0006302713521157754,0.32539564534291293
168.02816452742124,3.500111254106459e-05,0.0005951383226809014,0.0006301394352219659,0.3253938731701825
168.06150325054176,3.498730954839504e-05,0.0005950202638073669,0.000630007573355762,0.3253921016825629
168.09484197366228,3.497351471911085e-05,0.0005949022517637298,0.0006298757664828406,0.32539033087965674
168.1281806967828,3.495972804677595e-05,0.0005947842865221318,0.0006297440145689077,0.3253885607610672
168.16151941990333,3.49459495249606e-05,0.0005946663680547368,0.0006296123175796974,0.32538679132639764
168.19485814302385,3.493217914724144e-05,0.0005945484963337309,0.0006294806754809723,0.3253850225752516
168.22819686614437,3.491841690720138e-05,0.0005944306713313221,0.0006293490882385234,0.32538325450723304
168.2615355892649,3.490466279842968e-05,0.0005943128930197402,0.00062921755581817,0.32538148712194626
168.29487431238542,3.4890916814521924e-05,0.0005941951613712376,0.0006290860781857596,0.3253797204189958
168.32821303550594,3.487717894907997e-05,0.0005940774763580881,0.000628954655307168,0.3253779543979865
168.36155175862643,3.4863449195711994e-05,0.000593959837952588,0.0006288232871483,0.32537618905852367
168.39489048174696,3.484972754803244e-05,0.0005938422461270547,0.0006286919736750872,0.3253744244002126
168.42822920486748,3.483601399966205e-05,0.0005937247008538285,0.0006285607148534905,0.32537266042265917
168.461567927988,3.4822308544227846e-05,0.000593607202105271,0.0006284295106494988,0.3253708971254694
168.49490665110852,3.4808611175363095e-05,0.0005934897498537658,0.0006282983610291289,0.32536913450824984
168.52824537422904,3.479492188670736e-05,0.0005933723440717183,0.0006281672659584256,0.32536737257060694
168.56158409734957,3.478124067190642e-05,0.0005932549847315559,0.0006280362254034624,0.3253656113121479
168.5949228204701,3.476756752461231e-05,0.0005931376718057279,0.0006279052393303402,0.32536385073248
168.6282615435906,3.475390243848331e-05,0.0005930204052667048,0.0006277743077051881,0.3253620908312107
168.66160026671113,3.474024540718392e-05,0.0005929031850869797,0.0006276434304941636,0.3253603316079481
168.69493898983166,3.4726596424384875e-05,0.0005927860112390666,0.0006275126076634515,0.32535857306230015
168.72827771295218,3.471295548376312e-05,0.0005926688836955019,0.000627381839179265,0.3253568151938756
168.7616164360727,3.46993225790018e-05,0.0005925518024288434,0.0006272511250078452,0.3253550580022832
168.79495515919322,3.468569770379026e-05,0.0005924347674116706,0.0006271204651154609,0.32535330148713204
168.82829388231372,3.467208085182408e-05,0.0005923177786165847,0.0006269898594684088,0.3253515456480314
168.86163260543424,3.465847201680495e-05,0.0005922008360162085,0.0006268593080330134,0.3253497904845913
168.89497132855476,3.46448711924408e-05,0.0005920839395831863,0.0006267288107756271,0.3253480359964215
168.92831005167528,3.4631278372445714e-05,0.0005919670892901843,0.00062659836766263,0.32534628218313233
168.9616487747958,3.461769355053994e-05,0.0005918502851098901,0.0006264679786604301,0.3253445290443346
168.99498749791633,3.460411672044988e-05,0.0005917335270150127,0.0006263376437354625,0.32534277657963895
169.02832622103685,3.459054787590809e-05,0.0005916168149782829,0.000626207362854191,0.3253410247886568
169.06166494415737,3.4576987010653264e-05,0.0005915001489724529,0.0006260771359831061,0.3253392736709995
169.0950036672779,3.456343411843024e-05,0.0005913835289702964,0.0006259469630887267,0.32533752322627907
169.12834239039842,3.454988919298998e-05,0.0005912669549446084,0.0006258168441375984,0.32533577345410747
169.16168111351894,3.453635222808956e-05,0.0005911504268682056,0.0006256867790962952,0.3253340243540971
169.19501983663946,3.4522823217492186e-05,0.0005910339447139262,0.0006255567679314183,0.3253322759258607
169.22835855975998,3.4509302154967155e-05,0.0005909175084546293,0.0006254268106095964,0.3253305281690113
169.26169728288048,3.449578903428987e-05,0.000590801118063196,0.0006252969070974859,0.3253287810831622
169.295036006001,3.448228384924182e-05,0.0005906847735125282,0.00062516705736177,0.32532703466792695
169.32837472912152,3.4468786593610596e-05,0.0005905684747755496,0.0006250372613691602,0.32532528892291945
169.36171345224204,3.445529726118984e-05,0.0005904522218252049,0.0006249075190863947,0.3253235438477539
169.39505217536257,3.44418158457793e-05,0.0005903360146344603,0.0006247778304802397,0.3253217994420448
169.4283908984831,3.442834234118475e-05,0.0005902198531763033,0.000624648195517488,0.3253200557054069
169.4617296216036,3.441487674121805e-05,0.0005901037374237424,0.0006245186141649604,0.3253183126374553
169.49506834472413,3.44014190396971e-05,0.0005899876673498076,0.0006243890863895047,0.3253165702378054
169.52840706784465,3.438796923044584e-05,0.00058987164292755,0.0006242596121579959,0.3253148285060728
169.56174579096518,3.4374527307294244e-05,0.0005897556641300419,0.0006241301914373362,0.3253130874418735
169.5950845140857,3.436109326407832e-05,0.0005896397309303768,0.0006240008241944551,0.32531134704482373
169.62842323720622,3.43476670946401e-05,0.0005895238433016694,0.0006238715103963094,0.3253096073145401
169.66176196032674,3.4334248792827615e-05,0.0005894080012170552,0.0006237422500098829,0.3253078682506394
169.69510068344724,3.4320838352494925e-05,0.0005892922046496916,0.0006236130430021865,0.32530612985273877
169.72843940656776,3.430743576750206e-05,0.000589176453572756,0.0006234838893402581,0.3253043921204557
169.76177812968828,3.4294041031715075e-05,0.0005890607479594478,0.0006233547889911629,0.32530265505340783
169.7951168528088,3.428065413900599e-05,0.0005889450877829869,0.000623225741921993,0.32530091865121324
169.82845557592933,3.426727508325281e-05,0.0005888294730166146,0.0006230967480998674,0.3252991829134902
169.86179429904985,3.4253903858339525e-05,0.0005887139036335929,0.0006229678074919325,0.32529744783985737
169.89513302217037,3.4240540458156064e-05,0.0005885983796072049,0.0006228389200653609,0.3252957134299335
169.9284717452909,3.422718487659834e-05,0.0005884829009107547,0.0006227100857873531,0.32529397968333795
169.96181046841141,3.421383710756819e-05,0.0005883674675175674,0.0006225813046251356,0.32529224659969014
169.99514919153194,3.4200497144973434e-05,0.000588252079400989,0.0006224525765459625,0.32529051417860977
170.02848791465246,3.418716498272779e-05,0.0005881367365343861,0.0006223239015171138,0.3252887824197169
170.06182663777298,3.417384061475092e-05,0.0005880214388911467,0.0006221952795058977,0.3252870513226321
170.0951653608935,3.416052403496843e-05,0.0005879061864446793,0.0006220667104796477,0.32528532088697565
170.12850408401403,3.41472152373118e-05,0.0005877909791684133,0.0006219381944057251,0.32528359111236876
170.16184280713452,3.4133914215718475e-05,0.0005876758170357992,0.0006218097312515177,0.32528186199843256
170.19518153025504,3.412062096413173e-05,0.0005875607000203078,0.0006216813209844395,0.32528013354478846
170.22852025337556,3.41073354765008e-05,0.000587445628095431,0.0006215529635719318,0.32527840575105843
170.2618589764961,3.409405774678079e-05,0.0005873306012346816,0.0006214246589814624,0.32527667861686443
170.2951976996166,3.4080787768932666e-05,0.0005872156194115927,0.0006212964071805254,0.3252749521418289
170.32853642273713,3.4067525536923296e-05,0.0005871006825997186,0.0006211682081366419,0.3252732263255744
170.36187514585765,3.405427104472541e-05,0.000586985790772634,0.0006210400618173595,0.3252715011677241
170.39521386897817,3.404102428631759e-05,0.0005868709439039345,0.0006209119681902521,0.32526977666790097
170.4285525920987,3.402778525568427e-05,0.0005867561419672359,0.0006207839272229203,0.32526805282572874
170.46189131521922,3.4014553946815755e-05,0.0005866413849361753,0.0006206559388829911,0.3252663296408311
170.49523003833974,3.400133035370817e-05,0.00058652667278441,0.0006205280031381181,0.3252646071128321
170.52856876146026,3.3988114470363466e-05,0.000586412005485618,0.0006204001199559815,0.3252628852413564
170.5619074845808,3.3974906290789455e-05,0.0005862973830134976,0.0006202722893042871,0.3252611640260284
170.59524620770128,3.396170580899975e-05,0.0005861828053417684,0.0006201445111507682,0.3252594434664732
170.6285849308218,3.394851301901375e-05,0.0005860682724441696,0.0006200167854631834,0.3252577235623159
170.66192365394232,3.3935327914856706e-05,0.0005859537842944617,0.0006198891122093184,0.3252560043131822
170.69526237706285,3.3922150490559655e-05,0.0005858393408664251,0.0006197614913569848,0.32525428571869774
170.72860110018337,3.390898074015941e-05,0.0005857249421338614,0.0006196339228740208,0.3252525677784888
170.7619398233039,3.389581865769859e-05,0.0005856105880705919,0.0006195064067282905,0.3252508504921817
170.7952785464244,3.388266423722559e-05,0.0005854962786504586,0.0006193789428876842,0.32524913385940313
170.82861726954494,3.3869517472794585e-05,0.0005853820138473243,0.0006192515313201189,0.32524741787977995
170.86195599266546,3.3856378358465485e-05,0.0005852677936350716,0.0006191241719935371,0.3252457025529395
170.89529471578598,3.3843246888304e-05,0.0005851536179876038,0.0006189968648759078,0.32524398787850917
170.9286334389065,3.383012305638157e-05,0.0005850394868788447,0.0006188696099352263,0.3252422738561169
170.96197216202702,3.3817006856775386e-05,0.0005849254002827382,0.0006187424071395135,0.32524056048539074
170.99531088514755,3.380389828356838e-05,0.0005848113581732485,0.0006186152564568169,0.32523884776595907
171.02864960826807,3.379079733084922e-05,0.0005846973605243603,0.0006184881578552095,0.3252371356974505
171.06198833138856,3.3777703992712296e-05,0.0005845834073100784,0.0006183611113027908,0.325235424279494
171.09532705450908,3.376461826325771e-05,0.000584469498504428,0.0006182341167676856,0.32523371351171876
171.1286657776296,3.375154013659129e-05,0.0005843556340814543,0.0006181071742180456,0.3252320033937543
171.16200450075013,3.3738469606824565e-05,0.000584241814015223,0.0006179802836220475,0.32523029392523034
171.19534322387065,3.372540666807477e-05,0.0005841280382798198,0.0006178534449478945,0.32522858510577707
171.22868194699117,3.371235131446482e-05,0.0005840143068493508,0.0006177266581638156,0.3252268769350247
171.2620206701117,3.369930354012333e-05,0.0005839006196979422,0.0006175999232380656,0.32522516941260404
171.29535939323222,3.368626333918459e-05,0.0005837869767997401,0.0006174732401389247,0.32522346253814577
171.32869811635274,3.367323070578856e-05,0.000583673378128911,0.0006173466088346996,0.3252217563112812
171.36203683947326,3.366020563408087e-05,0.0005835598236596415,0.0006172200292937223,0.32522005073164173
171.39537556259378,3.3647188118212805e-05,0.000583446313366138,0.0006170935014843508,0.32521834579885917
171.4287142857143,3.363417815234131e-05,0.0005833328472226272,0.0006169670253749686,0.3252166415125655
171.46205300883483,3.362117573062899e-05,0.000583219425203356,0.000616840600933985,0.32521493787239303
171.49539173195532,3.360818084724407e-05,0.000583106047282591,0.0006167142281298351,0.3252132348779744
171.52873045507584,3.359519349636039e-05,0.0005829927134346188,0.0006165879069309792,0.32521153252894236
171.56206917819637,3.358221367215747e-05,0.0005828794236337463,0.0006164616373059037,0.3252098308249301
171.5954079013169,3.3569241368820415e-05,0.0005827661778543,0.0006163354192231205,0.32520812976557106
171.6287466244374,3.355627658053994e-05,0.0005826529760706268,0.0006162092526511667,0.32520642935049887
171.66208534755793,3.35433193015124e-05,0.0005825398182570931,0.0006160831375586056,0.32520472957934765
171.69542407067846,3.353036952593973e-05,0.0005824267043880854,0.0006159570739140252,0.3252030304517515
171.72876279379898,3.351742724802945e-05,0.00058231363443801,0.0006158310616860395,0.3252013319673449
171.7621015169195,3.350449246199468e-05,0.0005822006083812933,0.000615705100843288,0.3251996341257628
171.79544024004002,3.349156516205414e-05,0.0005820876261923814,0.0006155791913544355,0.3251979369266403
171.82877896316054,3.3478645342432095e-05,0.00058197468784574,0.0006154533331881721,0.32519624036961253
171.86211768628107,3.346573299735839e-05,0.0005818617933158549,0.0006153275263132133,0.32519454445431534
171.8954564094016,3.345282812106844e-05,0.0005817489425772317,0.0006152017706983002,0.32519284918038455
171.92879513252208,3.343993070780322e-05,0.0005816361356043958,0.0006150760663121991,0.32519115454745634
171.9621338556426,3.3427040751809225e-05,0.0005815233723718921,0.0006149504131237013,0.3251894605551672
171.99547257876313,3.341415824733852e-05,0.0005814106528542854,0.0006148248111016239,0.32518776720315384
172.02881130188365,3.340128318864871e-05,0.0005812979770261602,0.0006146992602148089,0.32518607449105325
172.06215002500417,3.3388415570002915e-05,0.0005811853448621208,0.0006145737604321237,0.3251843824185028
172.0954887481247,3.3375555385669784e-05,0.0005810727563367909,0.0006144483117224606,0.32518269098513986
172.12882747124522,3.336270262992349e-05,0.0005809602114248143,0.0006143229140547379,0.3251810001906024
172.16216619436574,3.3349857297043714e-05,0.0005808477101008541,0.0006141975673978978,0.32517931003452855
172.19550491748626,3.333701938131564e-05,0.000580735252339593,0.0006140722717209086,0.3251776205165566
172.22884364060678,3.332418887702994e-05,0.0005806228381157334,0.0006139470269927634,0.3251759316363252
172.2621823637273,3.3311365778482806e-05,0.0005805104674039976,0.0006138218331824803,0.32517424339347334
172.29552108684783,3.329855007997589e-05,0.0005803981401791269,0.0006136966902591028,0.32517255578764015
172.32885980996835,3.3285741775816346e-05,0.0005802858564158823,0.0006135715981916986,0.32517086881846513
172.36219853308887,3.327294086031677e-05,0.0005801736160890447,0.0006134465569493614,0.325169182485588
172.39553725620937,3.326014732779527e-05,0.0005800614191734142,0.0006133215665012094,0.3251674967886488
172.4288759793299,3.324736117257536e-05,0.0005799492656438103,0.0006131966268163857,0.3251658117272878
172.4622147024504,3.323458238898606e-05,0.0005798371554750721,0.0006130717378640581,0.3251641273011455
172.49555342557093,3.322181097136179e-05,0.0005797250886420582,0.0006129468996134201,0.3251624435098629
172.52889214869145,3.320904691404246e-05,0.0005796130651196467,0.0006128221120336892,0.3251607603530809
172.56223087181198,3.3196290211373384e-05,0.0005795010848827349,0.0006126973750941083,0.32515907783044085
172.5955695949325,3.318354085770532e-05,0.0005793891479062396,0.0006125726887639449,0.32515739594158455
172.62890831805302,3.3170798847394426e-05,0.0005792772541650969,0.0006124480530124912,0.32515571468615373
172.66224704117354,3.3158064174802316e-05,0.0005791654036342624,0.0006123234678090647,0.3251540340637908
172.69558576429407,3.314533683429598e-05,0.0005790535962887111,0.000612198933123007,0.325152354074138
172.7289244874146,3.313261682024783e-05,0.0005789418321034369,0.0006120744489236847,0.32515067471683806
172.7622632105351,3.311990412703567e-05,0.0005788301110534536,0.0006119500151804892,0.3251489959915341
172.79560193365563,3.3107198749042696e-05,0.0005787184331137937,0.0006118256318628364,0.3251473178978692
172.82894065677613,3.3094500680657495e-05,0.0005786067982595096,0.0006117012989401671,0.325145640435487
172.86227937989665,3.308180991627402e-05,0.0005784952064656721,0.0006115770163819461,0.32514396360403125
172.89561810301717,3.306912645029161e-05,0.0005783836577073721,0.0006114527841576637,0.325142287403146
172.9289568261377,3.305645027711497e-05,0.0005782721519597191,0.0006113286022368341,0.32514061183247567
172.96229554925822,3.304378139115417e-05,0.0005781606891978422,0.0006112044705889964,0.3251389368916647
172.99563427237874,3.3031119786824614e-05,0.0005780492693968894,0.0006110803891837141,0.325137262580358
173.02897299549926,3.301846545854707e-05,0.0005779378925320279,0.000610956357990575,0.3251355888982007
173.06231171861978,3.300581840074767e-05,0.0005778265585784441,0.0006108323769791917,0.32513391584483825
173.0956504417403,3.2993178607857834e-05,0.0005777152675113435,0.0006107084461192013,0.32513224341991626
173.12898916486083,3.2980546074314354e-05,0.0005776040193059507,0.0006105845653802651,0.3251305716230807
173.16232788798135,3.296792079455933e-05,0.0005774928139375094,0.0006104607347320688,0.32512890045397763
173.19566661110187,3.2955302763040176e-05,0.0005773816513812822,0.0006103369541443224,0.3251272299122536
173.2290053342224,3.2942691974209626e-05,0.000577270531612551,0.0006102132235867606,0.3251255599975554
173.2623440573429,3.293008842252572e-05,0.0005771594546066167,0.0006100895430291425,0.32512389070952996
173.2956827804634,3.2917492102451775e-05,0.000577048420338799,0.0006099659124412508,0.32512222204782454
173.32902150358393,3.290490300845644e-05,0.0005769374287844365,0.0006098423317928929,0.3251205540120866
173.36236022670445,3.289232113501363e-05,0.0005768264799188871,0.0006097188010539007,0.3251188866019639
173.39569894982498,3.287974647660253e-05,0.0005767155737175276,0.0006095953201941301,0.3251172198171046
173.4290376729455,3.286717902770763e-05,0.0005766047101557535,0.0006094718891834611,0.325115553657157
173.46237639606602,3.285461878281867e-05,0.0005764938892089796,0.0006093485079917983,0.32511388812176967
173.49571511918654,3.284206573643066e-05,0.0005763831108526392,0.0006092251765890699,0.32511222321059136
173.52905384230706,3.2829519883043855e-05,0.0005762723750621846,0.0006091018949452285,0.32511055892327123
173.5623925654276,3.281698121716377e-05,0.0005761616818130872,0.000608978663030251,0.32510889525945863
173.5957312885481,3.2804449733301184e-05,0.0005760510310808367,0.0006088554808141379,0.3251072322188032
173.62907001166863,3.279192542597208e-05,0.0005759404228409423,0.0006087323482669144,0.32510556980095484
173.66240873478915,3.277940828969769e-05,0.0005758298570689315,0.0006086092653586291,0.32510390800556366
173.69574745790968,3.2766898319004494e-05,0.0005757193337403509,0.0006084862320593554,0.3251022468322802
173.72908618103017,3.275439550842417e-05,0.0005756088528307657,0.0006083632483391898,0.3251005862807549
173.7624249041507,3.27418998524936e-05,0.0005754984143157598,0.0006082403141682534,0.3250989263506389
173.7957636272712,3.27294113457549e-05,0.0005753880181709359,0.0006081174295166908,0.32509726704158337
173.82910235039174,3.271692998275538e-05,0.0005752776643719155,0.0006079945943546709,0.32509560835323964
173.86244107351226,3.2704455758047544e-05,0.0005751673528943388,0.0006078718086523863,0.32509395028525956
173.89577979663278,3.26919886661891e-05,0.0005750570837138645,0.0006077490723800536,0.3250922928372951
173.9291185197533,3.267952870174293e-05,0.0005749468568061702,0.0006076263855079131,0.32509063600899846
173.96245724287382,3.2667075859277096e-05,0.0005748366721469519,0.000607503748006229,0.32508897980002216
173.99579596599435,3.2654630133364836e-05,0.0005747265297119245,0.0006073811598452894,0.32508732421001896
174.02913468911487,3.2642191518584564e-05,0.0005746164294768213,0.0006072586209954059,0.32508566923864185
174.0624734122354,3.262976000951984e-05,0.0005745063714173941,0.0006071361314269139,0.3250840148855441
174.0958121353559,3.26173356007594e-05,0.0005743963555094138,0.0006070136911101732,0.32508236115037936
174.12915085847644,3.260491828689709e-05,0.0005742863817286691,0.0006068913000155662,0.3250807080328013
174.16248958159693,3.2592508062531976e-05,0.0005741764500509679,0.0006067689581134998,0.325079055532464
174.19582830471745,3.258010492226816e-05,0.0005740665604521361,0.0006066466653744043,0.3250774036490219
174.22916702783797,3.2567708860714974e-05,0.0005739567129080186,0.0006065244217687335,0.32507575238212943
174.2625057509585,3.255531987248682e-05,0.0005738469073944782,0.000606402227266965,0.32507410173144147
174.29584447407902,3.2542937952203225e-05,0.0005737371438873967,0.0006062800818395999,0.32507245169661303
174.32918319719954,3.253056309448885e-05,0.0005736274223626743,0.0006061579854571631,0.32507080227729956
174.36252192032006,3.2518195293973467e-05,0.0005735177427962292,0.0006060359380902026,0.3250691534731567
174.39586064344059,3.250583454529192e-05,0.0005734081051639985,0.0006059139397092904,0.3250675052838402
174.4291993665611,3.249348084308419e-05,0.0005732985094419374,0.0006057919902850216,0.3250658577090062
174.46253808968163,3.248113418199531e-05,0.0005731889556060195,0.0006056700897880148,0.3250642107483111
174.49587681280215,3.246879455667544e-05,0.000573079443632237,0.0006055482381889124,0.32506256440141157
174.52921553592267,3.2456461961779786e-05,0.0005729699734966001,0.0006054264354583798,0.3250609186679644
174.5625542590432,3.244413639196865e-05,0.0005728605451751375,0.0006053046815671061,0.3250592735476267
174.5958929821637,3.24318178419074e-05,0.0005727511586438964,0.0006051829764858038,0.32505762904005603
174.6292317052842,3.241950630626644e-05,0.000572641813878942,0.0006050613201852085,0.32505598514490996
174.66257042840473,3.2407201779721265e-05,0.0005725325108563579,0.0006049397126360791,0.3250543418618464
174.69590915152526,3.2394904256952406e-05,0.0005724232495522458,0.0006048181538091983,0.32505269919052343
174.72924787464578,3.238261373264544e-05,0.0005723140299427259,0.0006046966436753713,0.32505105713059956
174.7625865977663,3.2370330201491e-05,0.0005722048520039365,0.0006045751822054275,0.32504941568173346
174.79592532088682,3.235805365818472e-05,0.000572095715712034,0.0006044537693702187,0.32504777484358405
174.82926404400735,3.234578409742729e-05,0.0005719866210431932,0.0006043324051406206,0.32504613461581044
174.86260276712787,3.233352151392441e-05,0.000571877567973607,0.0006042110894875314,0.32504449499807214
174.8959414902484,3.2321265902386804e-05,0.0005717685564794862,0.000604089822381873,0.3250428559900288
174.9292802133689,3.2309017257530195e-05,0.0005716595865370601,0.0006039686037945903,0.32504121759134036
174.96261893648943,3.229677557407534e-05,0.000571550658122576,0.0006038474336966513,0.32503957980166703
174.99595765960996,3.2284540846747946e-05,0.0005714417712122991,0.0006037263120590471,0.32503794262066926
175.02929638273048,3.2272313070278766e-05,0.0005713329257825128,0.0006036052388527916,0.32503630604800765
175.06263510585097,3.2260092239403526e-05,0.000571224121809519,0.0006034842140489225,0.32503467008334325
175.0959738289715,3.22478783488629e-05,0.0005711153592696369,0.0006033632376184998,0.32503303472633727
175.12931255209202,3.2235671393402576e-05,0.0005710066381392042,0.0006032423095326068,0.3250313999766511
175.16265127521254,3.2223471367773216e-05,0.0005708979583945765,0.0006031214297623497,0.32502976583394644
175.19598999833306,3.2211278266730425e-05,0.0005707893200121274,0.0006030005982788578,0.3250281322978853
175.22932872145358,3.219909208503479e-05,0.0005706807229682485,0.0006028798150532833,0.32502649936812983
175.2626674445741,3.218691281745183e-05,0.0005705721672393493,0.0006027590800568012,0.3250248670443426
175.29600616769463,3.2174740458752026e-05,0.0005704636528018574,0.0006026383932606094,0.32502323532618616
175.32934489081515,3.216257500371081e-05,0.0005703551796322182,0.000602517754635929,0.32502160421332355
175.36268361393567,3.215041644710854e-05,0.0005702467477068949,0.0006023971641540035,0.32501997370541796
175.3960223370562,3.2138264783730494e-05,0.0005701383570023688,0.0006022766217860993,0.32501834380213285
175.42936106017672,3.212612000836691e-05,0.0005700300074951392,0.0006021561275035061,0.3250167145031319
175.46269978329724,3.211398211581292e-05,0.0005699216991617228,0.0006020356812775357,0.3250150858080792
175.49603850641773,3.2101851100868584e-05,0.0005698134319786546,0.0006019152830795232,0.32501345771663875
175.52937722953826,3.208972695833886e-05,0.0005697052059224871,0.0006017949328808259,0.32501183022847513
175.56271595265878,3.207760968303362e-05,0.0005695970209697908,0.0006016746306528244,0.32501020334325303
175.5960546757793,3.2065499269767624e-05,0.000569488877097154,0.0006015543763669216,0.3250085770606374
175.62939339889982,3.205339571336055e-05,0.0005693807742811827,0.0006014341699945432,0.3250069513802934
175.66273212202034,3.204129900863693e-05,0.0005692727124985005,0.0006013140115071374,0.32500532630188655
175.69607084514087,3.202920915042621e-05,0.0005691646917257493,0.0006011939008761755,0.3250037018250825
175.7294095682614,3.201712613356268e-05,0.000569056711939588,0.0006010738380731506,0.3250020779495471
175.7627482913819,3.200504995288553e-05,0.0005689487731166938,0.0006009538230695794,0.32500045467494676
175.79608701450243,3.19929806032388e-05,0.0005688408752337612,0.000600833855837,0.32499883200094776
175.82942573762296,3.19809180794714e-05,0.0005687330182675026,0.000600713936346974,0.3249972099272168
175.86276446074348,3.1968862376437075e-05,0.000568625202194648,0.000600594064571085,0.32499558845342086
175.896103183864,3.1956813488994446e-05,0.0005685174269919449,0.0006004742404809393,0.32499396757922705
175.9294419069845,3.194477141200696e-05,0.0005684096926361588,0.0006003544640481658,0.3249923473043028
175.96278063010502,3.193273614034289e-05,0.0005683019991040723,0.0006002347352444151,0.3249907276283159
175.99611935322554,3.1920707668875376e-05,0.000568194346372486,0.0006001150540413614,0.3249891085509341
176.02945807634606,3.190868599248235e-05,0.0005680867344182177,0.0005999954204107,0.32498749007182565
176.06279679946658,3.18966711060466e-05,0.0005679791632181035,0.0005998758343241501,0.32498587219065894
176.0961355225871,3.188466300445569e-05,0.000567871632748996,0.0005997562957534517,0.32498425490710264
176.12947424570763,3.187266168260203e-05,0.0005677641429877661,0.0005996368046703681,0.32498263822082557
176.16281296882815,3.186066713538282e-05,0.0005676566939113019,0.0005995173610466848,0.324981022131497
176.19615169194867,3.184867935770007e-05,0.0005675492854965091,0.0005993979648542092,0.3249794066387862
176.2294904150692,3.1836698344460565e-05,0.0005674419177203109,0.0005992786160647714,0.32497779174236285
176.26282913818972,3.1824724090575896e-05,0.0005673345905596477,0.0005991593146502236,0.32497617744189683
176.29616786131024,3.1812756590962434e-05,0.0005672273039914777,0.0005990400605824401,0.3249745637370582
176.32950658443076,3.180079584054131e-05,0.0005671200579927763,0.0005989208538333176,0.3249729506275174
176.36284530755128,3.178884183423846e-05,0.0005670128525405364,0.0005988016943747748,0.324971338112945
176.39618403067178,3.1776894566984584e-05,0.0005669056876117683,0.0005986825821787529,0.32496972619301184
176.4295227537923,3.17649540337151e-05,0.0005667985631834995,0.0005985635172172146,0.32496811486738897
176.46286147691282,3.175302022937024e-05,0.000566691479232775,0.0005984444994621453,0.3249665041357478
176.49620020003334,3.174109314889494e-05,0.0005665844357366573,0.0005983255288855522,0.3249648939977598
176.52953892315386,3.172917278723893e-05,0.0005664774326722261,0.000598206605459465,0.3249632844530969
176.5628776462744,3.1717259139356635e-05,0.0005663704700165781,0.0005980877291559348,0.3249616755014311
176.5962163693949,3.170535220020725e-05,0.0005662635477468279,0.0005979688999470352,0.32496006714243475
176.62955509251543,3.169345196475467e-05,0.0005661566658401069,0.0005978501178048615,0.3249584593757802
176.66289381563595,3.1681558427967534e-05,0.0005660498242735639,0.0005977313827015315,0.32495685220114057
176.69623253875648,3.16696715848192e-05,0.000565943023024365,0.0005976126946091843,0.3249552456181886
176.729571261877,3.165779143028774e-05,0.0005658362620696935,0.0005974940534999813,0.3249536396265977
176.76290998499752,3.164591795935593e-05,0.0005657295413867499,0.0005973754593461059,0.32495203422604124
176.79624870811804,3.1634051167011236e-05,0.000565622860952752,0.0005972569121197633,0.32495042941619307
176.82958743123854,3.1622191048245864e-05,0.0005655162207449345,0.0005971384117931804,0.32494882519672713
176.86292615435906,3.1610337598056665e-05,0.0005654096207405497,0.0005970199583386063,0.3249472215673177
176.89626487747958,3.1598490811445195e-05,0.0005653030609168666,0.0005969015517283117,0.3249456185276392
176.9296036006001,3.158665068341771e-05,0.0005651965412511715,0.0005967831919345892,0.32494401607736634
176.96294232372063,3.157481720898512e-05,0.000565090061720768,0.0005966648789297531,0.3249424142161741
176.99628104684115,3.156299038316302e-05,0.0005649836223029766,0.0005965466126861397,0.3249408129437376
177.02961976996167,3.155117020097167e-05,0.000564877222975135,0.0005964283931761067,0.3249392122597323
177.0629584930822,3.153935665743598e-05,0.0005647708637145978,0.0005963102203720338,0.3249376121638339
177.09629721620271,3.152754974758552e-05,0.0005646645444987368,0.0005961920942463223,0.32493601265571814
177.12963593932324,3.151574946645453e-05,0.0005645582653049407,0.0005960740147713953,0.3249344137350614
177.16297466244376,3.150395580908188e-05,0.0005644520261106154,0.0005959559819196973,0.3249328154015398
177.19631338556428,3.149216877051107e-05,0.0005643458268931838,0.0005958379956636948,0.3249312176548301
177.2296521086848,3.148038834579026e-05,0.0005642396676300856,0.0005957200559758758,0.3249296204946091
177.2629908318053,3.1468614529972236e-05,0.0005641335482987776,0.0005956021628287498,0.324928023920554
177.29632955492582,3.1456847318114366e-05,0.0005640274688767335,0.0005954843161948478,0.32492642793234194
177.32966827804634,3.1445086705278694e-05,0.0005639214293414439,0.0005953665160467226,0.32492483252965054
177.36300700116686,3.143333268653185e-05,0.0005638154296704166,0.0005952487623569484,0.32492323771215775
177.3963457242874,3.142158525694508e-05,0.000563709469841176,0.0005951310550981211,0.3249216434795414
177.4296844474079,3.140984441159424e-05,0.0005636035498312634,0.0005950133942428577,0.3249200498314799
177.46302317052843,3.1398110145559774e-05,0.0005634976696182372,0.000594895779763797,0.3249184567676516
177.49636189364895,3.1386382453926724e-05,0.0005633918291796725,0.0005947782116335992,0.32491686428773536
177.52970061676947,3.137466133178471e-05,0.0005632860284931613,0.000594660689824946,0.32491527239141016
177.56303933989,3.136294677422797e-05,0.0005631802675363124,0.0005945432143105403,0.3249136810783552
177.59637806301052,3.135123877635528e-05,0.0005630745462867513,0.0005944257850631065,0.32491209034824986
177.62971678613104,3.133953733327001e-05,0.0005629688647221206,0.0005943084020553906,0.32491050020077394
177.66305550925156,3.1327842440080084e-05,0.0005628632228200795,0.0005941910652601596,0.3249089106356073
177.69639423237209,3.1316154091898024e-05,0.0005627576205583037,0.0005940737746502017,0.32490732165243
177.72973295549258,3.130447228384088e-05,0.0005626520579144863,0.0005939565301983272,0.32490573325092253
177.7630716786131,3.129279701103023e-05,0.0005625465348663366,0.0005938393318773668,0.32490414543076557
177.79641040173362,3.1281128268592255e-05,0.0005624410513915806,0.0005937221796601728,0.3249025581916398
177.82974912485415,3.126946605165765e-05,0.0005623356074679612,0.0005936050735196189,0.32490097153322645
177.86308784797467,3.1257810355361646e-05,0.0005622302030732382,0.0005934880134285998,0.32489938545520675
177.8964265710952,3.1246161174844025e-05,0.0005621248381851877,0.0005933709993600318,0.32489779995726237
177.9297652942157,3.123451850524907e-05,0.0005620195127816025,0.0005932540312868516,0.3248962150390749
177.96310401733624,3.12228823417256e-05,0.0005619142268402923,0.0005931371091820179,0.32489463070032654
177.99644274045676,3.121125267942695e-05,0.0005618089803390831,0.0005930202330185101,0.3248930469406995
178.02978146357728,3.1199629513510985e-05,0.0005617037732558178,0.0005929034027693287,0.32489146375987615
178.0631201866978,3.118801283914004e-05,0.0005615986055683556,0.0005927866184074957,0.3248898811575394
178.09645890981832,3.117640265148098e-05,0.0005614934772545726,0.0005926698799060536,0.324888299133372
178.12979763293885,3.116479894570516e-05,0.0005613883882923613,0.0005925531872380664,0.32488671768705735
178.16313635605934,3.1153201716988434e-05,0.0005612833386596306,0.000592436540376619,0.32488513681827863
178.19647507917986,3.1141610960511124e-05,0.0005611783283343062,0.0005923199392948173,0.32488355652671963
178.22981380230038,3.1130026671458047e-05,0.0005610733572943301,0.0005922033839657881,0.3248819768120642
178.2631525254209,3.11184488450185e-05,0.0005609684255176609,0.0005920868743626794,0.3248803976739964
178.29649124854143,3.1106877476386246e-05,0.0005608635329822738,0.00059197041045866,0.32487881911220057
178.32982997166195,3.109531256075952e-05,0.0005607586796661602,0.0005918539922269197,0.32487724112636135
178.36316869478247,3.1083754093341014e-05,0.0005606538655473283,0.0005917376196406693,0.32487566371616344
178.396507417903,3.107220206933789e-05,0.0005605490906038024,0.0005916212926731402,0.32487408688129193
178.42984614102352,3.106065648396174e-05,0.0005604443548136234,0.0005915050112975851,0.3248725106214321
178.46318486414404,3.104911733242862e-05,0.0005603396581548485,0.0005913887754872771,0.3248709349362693
178.49652358726456,3.1037584609959015e-05,0.0005602350006055515,0.0005912725852155105,0.32486935982548937
178.52986231038508,3.1026058311777875e-05,0.0005601303821438225,0.0005911564404556004,0.3248677852887782
178.5632010335056,3.1014538433114546e-05,0.0005600258027477677,0.0005910403411808822,0.32486621132582194
178.5965397566261,3.100302496920284e-05,0.0005599212623955102,0.000590924287364713,0.32486463793630715
178.62987847974662,3.099151791528095e-05,0.0005598167610651887,0.0005908082789804697,0.32486306511992025
178.66321720286714,3.098001726659151e-05,0.0005597122987349588,0.0005906923160015503,0.3248614928763482
178.69655592598767,3.096852301838157e-05,0.0005596078753829922,0.0005905763984013737,0.32485992120527807
178.7298946491082,3.0957035165902574e-05,0.000559503490987477,0.0005904605261533796,0.3248583501063972
178.7632333722287,3.094555370441039e-05,0.0005593991455266173,0.0005903446992310277,0.3248567795793931
178.79657209534923,3.093407862916525e-05,0.0005592948389786336,0.0005902289176077989,0.3248552096239535
178.82991081846976,3.092260993543182e-05,0.0005591905713217629,0.0005901131812571948,0.3248536402397665
178.86324954159028,3.091114761847912e-05,0.000559086342534258,0.0005899974901527371,0.3248520714265202
178.8965882647108,3.089969167358058e-05,0.0005589821525943882,0.0005898818442679687,0.3248505031839031
178.92992698783132,3.088824209601399e-05,0.0005588780014804388,0.0005897662435764528,0.324848935511604
178.96326571095184,3.087679888106152e-05,0.0005587738891707115,0.000589650688051773,0.3248473684093116
178.99660443407237,3.08653620240097e-05,0.000558669815643524,0.0005895351776675337,0.3248458018767152
179.0299431571929,3.085393152014944e-05,0.0005585657808772102,0.0005894197123973597,0.3248442359135041
179.06328188031338,3.0842507364776013e-05,0.0005584617848501202,0.0005893042922148963,0.32484267051936777
179.0966206034339,3.0831089553189005e-05,0.00055835782754062,0.000589188917093809,0.32484110569399616
179.12995932655443,3.0819678080692396e-05,0.000558253908927092,0.0005890735870077844,0.32483954143707927
179.16329804967495,3.0808272942594504e-05,0.0005581500289879344,0.000588958301930529,0.32483797774830736
179.19663677279547,3.079687413420796e-05,0.0005580461877015617,0.0005888430618357697,0.32483641462737084
179.229975495916,3.078548165084976e-05,0.0005579423850464046,0.0005887278666972544,0.3248348520739605
179.26331421903652,3.077409548784122e-05,0.0005578386210009092,0.0005886127164887504,0.3248332900877672
179.29665294215704,3.076271564050797e-05,0.0005577348955435384,0.0005884976111840463,0.3248317286684822
179.32999166527756,3.075134210417997e-05,0.0005576312086527706,0.0005883825507569505,0.32483016781579677
179.36333038839808,3.07399748741915e-05,0.0005575275603071005,0.0005882675351812919,0.32482860752940257
179.3966691115186,3.0728613945881155e-05,0.0005574239504850386,0.0005881525644309197,0.32482704780899146
179.43000783463913,3.071725931459181e-05,0.0005573203791651115,0.0005880376384797033,0.3248254886542555
179.46334655775965,3.070591097567066e-05,0.0005572168463258616,0.0005879227573015323,0.32482393006488686
179.49668528088014,3.069456892446922e-05,0.0005571133519458475,0.0005878079208703167,0.3248223720405781
179.53002400400067,3.068323315634324e-05,0.0005570098960036434,0.0005876931291599867,0.32482081458102197
179.5633627271212,3.067190366665281e-05,0.0005569064784778395,0.0005875783821444923,0.3248192576859114
179.5967014502417,3.066058045076227e-05,0.0005568030993470421,0.0005874636797978044,0.32481770135493954
179.63004017336223,3.0649263504040254e-05,0.0005566997585898733,0.0005873490220939135,0.3248161455877997
179.66337889648275,3.0637952821859666e-05,0.000556596456184971,0.0005872344090068306,0.3248145903841857
179.69671761960328,3.062664839959767e-05,0.0005564931921109889,0.0005871198405105866,0.3248130357437912
179.7300563427238,3.061535023263571e-05,0.0005563899663465966,0.0005870053165792324,0.32481148166631035
179.76339506584432,3.0604058316359466e-05,0.0005562867788704796,0.0005868908371868391,0.32480992815143733
179.79673378896484,3.0592772646158894e-05,0.0005561836296613392,0.0005867764023074981,0.32480837519886674
179.83007251208537,3.058149321742818e-05,0.0005560805186978923,0.0005866620119153205,0.3248068228082932
179.8634112352059,3.0570220025565774e-05,0.0005559774459588718,0.0005865476659844375,0.3248052709794117
179.8967499583264,3.0558953065974354e-05,0.0005558744114230262,0.0005864333644890005,0.32480371971191746
179.9300886814469,3.054769233406084e-05,0.0005557714150691201,0.0005863191074031809,0.3248021690055058
179.96342740456743,3.053643782523636e-05,0.0005556684568759332,0.0005862048947011696,0.32480061885987227
179.99676612768795,3.0525189534916296e-05,0.0005555655368222615,0.0005860907263571778,0.3247990692747128
180.03010485080847,3.051394745852024e-05,0.0005554626548869165,0.0005859766023454366,0.32479752024972336
180.063443573929,3.0502711591472006e-05,0.0005553598110487252,0.0005858625226401972,0.32479597178460023
180.09678229704951,3.0491481929199604e-05,0.0005552570052865307,0.0005857484872157303,0.32479442387903995
180.13012102017004,3.0480258467135274e-05,0.0005551542375791915,0.0005856344960463269,0.3247928765327392
180.16345974329056,3.046904120071544e-05,0.0005550515079055818,0.0005855205491062973,0.32479132974539476
180.19679846641108,3.045783012538073e-05,0.0005549488162445912,0.000585406646369972,0.32478978351670396
180.2301371895316,3.0446625236575976e-05,0.0005548461625751254,0.0005852927878117014,0.32478823784636407
180.26347591265213,3.0435426529750175e-05,0.0005547435468761053,0.0005851789734058555,0.3247866927340727
180.29681463577265,3.0424234000356522e-05,0.0005546409691264675,0.000585065203126824,0.3247851481795275
180.33015335889317,3.0413047643852407e-05,0.0005545384293051643,0.0005849514769490166,0.32478360418242674
180.3634920820137,3.0401867455699366e-05,0.0005544359273911634,0.0005848377948468628,0.32478206074246846
180.3968308051342,3.0390693431363124e-05,0.0005543334633634481,0.0005847241567948113,0.3247805178593512
180.4301695282547,3.0379525566313558e-05,0.0005542310372010174,0.000584610562767331,0.3247789755327735
180.46350825137523,3.0368363856024718e-05,0.0005541286488828854,0.0005844970127389102,0.32477743376243445
180.49684697449575,3.03572082959748e-05,0.0005540262983880823,0.0005843835066840571,0.32477589254803296
180.53018569761628,3.034605888164617e-05,0.0005539239856956531,0.0005842700445772993,0.3247743518892685
180.5635244207368,3.0334915608525316e-05,0.000553821710784659,0.0005841566263931843,0.3247728117858405
180.59686314385732,3.032377847210289e-05,0.0005537194736341761,0.000584043252106279,0.3247712722374487
180.63020186697784,3.0312647467873675e-05,0.0005536172742232962,0.0005839299216911699,0.32476973324379316
180.66354059009836,3.0301522591336582e-05,0.0005535151125311263,0.0005838166351224629,0.324768194804574
180.6968793132189,3.0290403837994667e-05,0.0005534129885367893,0.000583703392374784,0.32476665691949164
180.7302180363394,3.027929120335508e-05,0.0005533109022194231,0.0005835901934227782,0.3247651195882467
180.76355675945993,3.0268184682929125e-05,0.000553208853558181,0.0005834770382411101,0.32476358281054
180.79689548258045,3.0257084272232196e-05,0.0005531068425322318,0.0005833639268044641,0.3247620465860726
180.83023420570095,3.0245989966783827e-05,0.0005530048691207599,0.0005832508590875437,0.3247605109145458
180.86357292882147,3.0234901762107615e-05,0.0005529029333029644,0.0005831378350650721,0.324758975795661
180.896911651942,3.02238196537313e-05,0.0005528010350580602,0.0005830248547117915,0.32475744122911987
180.9302503750625,3.0212743637186695e-05,0.0005526991743652776,0.0005829119180024643,0.32475590721462444
180.96358909818304,3.020167370800972e-05,0.0005525973512038619,0.0005827990249118717,0.3247543737518768
180.99692782130356,3.019060986174038e-05,0.000552495565553074,0.0005826861754148143,0.3247528408405792
181.03026654442408,3.0179552093922744e-05,0.0005523938173921896,0.0005825733694861124,0.32475130848043426
181.0636052675446,3.0168500400105e-05,0.0005522921067005002,0.0005824606071006053,0.32474977667114474
181.09694399066512,3.0157454775839372e-05,0.0005521904334573124,0.0005823478882331517,0.3247482454124136
181.13028271378565,3.0146415216682172e-05,0.0005520887976419479,0.0005822352128586301,0.32474671470394406
181.16362143690617,3.013538171819379e-05,0.0005519871992337434,0.0005821225809519372,0.32474518454543944
181.1969601600267,3.0124354275938645e-05,0.0005518856382120516,0.0005820099924879902,0.3247436549366035
181.2302988831472,3.0113332885485247e-05,0.0005517841145562394,0.0005818974474417247,0.32474212587713996
181.2636376062677,3.010231754240615e-05,0.0005516826282456897,0.0005817849457880959,0.32474059736675287
181.29697632938823,3.0091308242277928e-05,0.0005515811792598,0.000581672487502078,0.3247390694051466
181.33031505250875,3.0080304980681233e-05,0.0005514797675779833,0.0005815600725586645,0.3247375419920254
181.36365377562927,3.006930775320074e-05,0.0005513783931796675,0.0005814477009328682,0.32473601512709416
181.3969924987498,3.005831655542516e-05,0.0005512770560442958,0.0005813353725997209,0.32473448881005773
181.43033122187032,3.0047331382947245e-05,0.0005511757561513266,0.0005812230875342738,0.32473296304062116
181.46366994499084,3.0036352231363764e-05,0.0005510744934802329,0.0005811108457115967,0.32473143781848973
181.49700866811136,3.0025379096275508e-05,0.0005509732680105035,0.000580998647106779,0.3247299131433691
181.53034739123189,3.0014411973287272e-05,0.0005508720797216417,0.000580886491694929,0.3247283890149649
181.5636861143524,3.00034508580079e-05,0.000550770928593166,0.0005807743794511739,0.3247268654329831
181.59702483747293,2.999249574605021e-05,0.0005506698146046102,0.0005806623103506603,0.32472534239712997
181.63036356059345,2.9981546633031032e-05,0.0005505687377355226,0.0005805502843685537,0.3247238199071117
181.66370228371397,2.997060351457121e-05,0.0005504676979654671,0.0005804383014800384,0.32472229796263496
181.6970410068345,2.9959666386295563e-05,0.0005503666952740222,0.0005803263616603177,0.3247207765634066
181.730379729955,2.9948735243832924e-05,0.0005502657296407817,0.0005802144648846146,0.32471925570913357
181.7637184530755,2.9937810082816075e-05,0.0005501648010453539,0.00058010261112817,0.32471773539952303
181.79705717619603,2.9926890898881825e-05,0.0005500639094673625,0.0005799908003662443,0.32471621563428243
181.83039589931656,2.9915977687670932e-05,0.0005499630548864459,0.0005798790325741167,0.32471469641311945
181.86373462243708,2.990507044482813e-05,0.0005498622372822575,0.0005797673077270856,0.3247131777357419
181.8970733455576,2.9894169166002138e-05,0.0005497614566344658,0.0005796556258004679,0.3247116596018578
181.93041206867812,2.9883273846845623e-05,0.0005496607129227539,0.0005795439867695996,0.32471014201117554
181.96375079179865,2.9872384483015217e-05,0.00054956000612682,0.0005794323906098352,0.32470862496340347
181.99708951491917,2.9861501070171514e-05,0.000549459336226377,0.0005793208372965485,0.32470710845825024
182.0304282380397,2.985062360397905e-05,0.0005493587032011529,0.000579209326805132,0.3247055924954248
182.0637669611602,2.983975208010632e-05,0.0005492581070308903,0.0005790978591109966,0.32470407707463617
182.09710568428073,2.9828886494225744e-05,0.0005491575476953469,0.0005789864341895726,0.3247025621955938
182.13044440740126,2.9818026842013704e-05,0.0005490570251742948,0.0005788750520163084,0.324701047858007
182.16378313052175,2.9807173119150513e-05,0.0005489565394475214,0.0005787637125666719,0.3246995340615857
182.19712185364227,2.979632532132038e-05,0.0005488560904948287,0.000578652415816149,0.3246980208060397
182.2304605767628,2.978548344421148e-05,0.0005487556782960332,0.0005785411617402447,0.32469650809107914
182.26379929988332,2.9774647483515893e-05,0.0005486553028309667,0.0005784299503144826,0.3246949959164144
182.29713802300384,2.976381743492962e-05,0.0005485549640794752,0.0005783187815144048,0.3246934842817559
182.33047674612436,2.9752993294152576e-05,0.00054845466202142,0.0005782076553155726,0.3246919731868146
182.36381546924488,2.974217505688859e-05,0.0005483543966366765,0.0005780965716935652,0.3246904626313012
182.3971541923654,2.9731362718845374e-05,0.0005482541679051356,0.000577985530623981,0.32468895261492714
182.43049291548593,2.9720556275734555e-05,0.000548153975806702,0.0005778745320824366,0.3246874431374036
182.46383163860645,2.9709755723271664e-05,0.0005480538203212959,0.0005777635760445675,0.32468593419844227
182.49717036172697,2.9698961057176118e-05,0.0005479537014288516,0.0005776526624860277,0.32468442579775486
182.5305090848475,2.9688172273171207e-05,0.0005478536191093183,0.0005775417913824896,0.3246829179350534
182.56384780796802,2.967738936698412e-05,0.0005477535733426599,0.0005774309627096441,0.32468141061005007
182.5971865310885,2.9666612334345942e-05,0.0005476535641088548,0.0005773201764432007,0.3246799038224572
182.63052525420903,2.9655841170991578e-05,0.0005475535913878961,0.0005772094325588877,0.3246783975719875
182.66386397732956,2.9645075872659855e-05,0.0005474536551597914,0.0005770987310324512,0.3246768918583538
182.69720270045008,2.963431643509344e-05,0.0005473537554045629,0.0005769880718396564,0.324675386681269
182.7305414235706,2.9623562854038887e-05,0.0005472538921022477,0.0005768774549562866,0.3246738820404464
182.76388014669112,2.9612815125246588e-05,0.000547154065232897,0.0005767668803581436,0.32467237793559944
182.79721886981164,2.960207324447078e-05,0.0005470542747765769,0.0005766563480210477,0.3246708743664416
182.83055759293217,2.9591337207469577e-05,0.0005469545207133678,0.0005765458579208374,0.3246693713326869
182.8638963160527,2.9580607010004918e-05,0.0005468548030233649,0.0005764354100333698,0.32466786883404936
182.8972350391732,2.9569882647842593e-05,0.0005467551216866776,0.0005763250043345202,0.3246663668702431
182.93057376229373,2.9559164116752217e-05,0.0005466554766834299,0.000576214640800182,0.3246648654409825
182.96391248541426,2.954845141250726e-05,0.0005465558679937604,0.0005761043194062676,0.32466336454598244
182.99725120853478,2.953774453088499e-05,0.0005464562955978222,0.0005759940401287072,0.3246618641849577
183.0305899316553,2.9527043467666536e-05,0.0005463567594757827,0.0005758838029434493,0.3246603643576232
183.0639286547758,2.9516348218636824e-05,0.0005462572596078238,0.0005757736078264606,0.3246588650636943
183.09726737789632,2.9505658779584574e-05,0.0005461577959741419,0.0005756634547537264,0.32465736630288644
183.13060610101684,2.9494975146302383e-05,0.0005460583685549477,0.0005755533437012501,0.32465586807491525
183.16394482413736,2.9484297314586587e-05,0.0005459589773304664,0.0005754432746450529,0.3246543703794967
183.19728354725788,2.9473625280237368e-05,0.0005458596222809376,0.0005753332475611749,0.32465287321634667
183.2306222703784,2.9462959039058702e-05,0.0005457603033866152,0.0005752232624256739,0.3246513765851816
183.26396099349893,2.945229858685834e-05,0.0005456610206277675,0.0005751133192146259,0.32464988048571786
183.29729971661945,2.9441643919447854e-05,0.0005455617739846773,0.0005750034179041252,0.3246483849176722
183.33063843973997,2.9430995032642583e-05,0.0005454625634376416,0.0005748935584702842,0.32464688988076135
183.3639771628605,2.9420351922261646e-05,0.0005453633889669717,0.0005747837408892334,0.3246453953747025
183.39731588598102,2.940971458412797e-05,0.0005452642505529932,0.0005746739651371212,0.3246439013992129
183.43065460910154,2.9399083014068212e-05,0.0005451651481760463,0.0005745642311901145,0.32464240795401
183.46399333222206,2.9388457207912837e-05,0.000545066081816485,0.0005744545390243978,0.3246409150388115
183.49733205534255,2.937783716149608e-05,0.000544967051454678,0.0005743448886161741,0.32463942265333523
183.53067077846308,2.936722287065589e-05,0.0005448680570710081,0.000574235279941664,0.32463793079729936
183.5640095015836,2.9356614331234024e-05,0.0005447690986458721,0.0005741257129771062,0.324636439470422
183.59734822470412,2.9346011539075983e-05,0.0005446701761596816,0.0005740161876987576,0.32463494867242176
183.63068694782464,2.9335414490031005e-05,0.000544571289592862,0.000573906704082893,0.32463345840301727
183.66402567094516,2.9324823179952086e-05,0.0005444724389258531,0.0005737972621058052,0.32463196866192745
183.6973643940657,2.9314237604695963e-05,0.0005443736241391087,0.0005736878617438046,0.3246304794488713
183.7307031171862,2.9303657760123102e-05,0.000544274845213097,0.0005735785029732201,0.3246289907635681
183.76404184030673,2.929308364209772e-05,0.0005441761021283003,0.000573469185770398,0.3246275026057374
183.79738056342725,2.9282515246487754e-05,0.000544077394865215,0.0005733599101117028,0.3246260149750988
183.83071928654778,2.927195256916486e-05,0.0005439787234043518,0.0005732506759735166,0.3246245278713722
183.8640580096683,2.9261395606004434e-05,0.0005438800877262353,0.0005731414833322398,0.3246230412942776
183.89739673278882,2.9250844352885572e-05,0.0005437814878114045,0.00057303233216429,0.32462155524353536
183.9307354559093,2.9240298805691105e-05,0.0005436829236404122,0.0005729232224461032,0.3246200697188658
183.96407417902984,2.9229758960307545e-05,0.0005435843951938256,0.0005728141541541332,0.3246185847199898
183.99741290215036,2.9219224812625143e-05,0.0005434859024522258,0.000572705127264851,0.32461710024662804
184.03075162527088,2.920869635853782e-05,0.0005433874453962081,0.0005725961417547459,0.32461561629850166
184.0640903483914,2.9198173593943233e-05,0.0005432890240063816,0.0005724871976003249,0.32461413287533186
184.09742907151193,2.918765651474269e-05,0.0005431906382633697,0.0005723782947781124,0.3246126499768401
184.13076779463245,2.9177145116841224e-05,0.0005430922881478099,0.0005722694332646511,0.32461116760274805
184.16410651775297,2.916663939614753e-05,0.0005429939736403534,0.000572160613036501,0.32460968575277754
184.1974452408735,2.9156139348574014e-05,0.0005428956947216658,0.0005720518340702398,0.3246082044266507
184.230783963994,2.9145644970036725e-05,0.0005427974513724262,0.000571943096342463,0.32460672362408965
184.26412268711454,2.9135156256455415e-05,0.0005426992435733282,0.0005718343998297836,0.32460524334481683
184.29746141023506,2.912467320375349e-05,0.000542601071305079,0.0005717257445088325,0.32460376358855497
184.33080013335558,2.9114195807858025e-05,0.0005425029345484,0.000571617130356258,0.32460228435502675
184.3641388564761,2.9103724064699757e-05,0.0005424048332840263,0.0005715085573487261,0.3246008056439553
184.3974775795966,2.9093257970213097e-05,0.0005423067674927073,0.0005714000254629204,0.32459932745506387
184.43081630271712,2.9082797520336087e-05,0.0005422087371552059,0.0005712915346755419,0.3245978497880758
184.46415502583764,2.907234271101043e-05,0.0005421107422522991,0.0005711830849633095,0.3245963726427147
184.49749374895816,2.9061893538181473e-05,0.0005420127827647777,0.0005710746763029591,0.3245948960187044
184.53083247207869,2.9051449997798214e-05,0.0005419148586734468,0.000570966308671245,0.3245934199157689
184.5641711951992,2.9041012085813285e-05,0.0005418169699591247,0.000570857982044938,0.32459194433363237
184.59750991831973,2.9030579798182943e-05,0.0005417191166026442,0.0005707496964008271,0.32459046927201923
184.63084864144025,2.902015313086709e-05,0.0005416212985848513,0.0005706414517157184,0.324588994730654
184.66418736456077,2.900973207982925e-05,0.0005415235158866065,0.0005705332479664357,0.32458752070926156
184.6975260876813,2.899931664103657e-05,0.0005414257684887836,0.0005704250851298201,0.3245860472075668
184.73086481080182,2.8988906810459816e-05,0.0005413280563722704,0.0005703169631827303,0.3245845742252949
184.76420353392234,2.897850258407336e-05,0.0005412303795179687,0.000570208882102042,0.32458310176217126
184.79754225704286,2.8968103957855214e-05,0.0005411327379067937,0.0005701008418646489,0.3245816298179214
184.83088098016336,2.895771092778697e-05,0.0005410351315196746,0.0005699928424474616,0.32458015839227106
184.86421970328388,2.8947323489853813e-05,0.0005409375603375543,0.0005698848838274081,0.32457868748494617
184.8975584264044,2.893694164004456e-05,0.0005408400243413893,0.0005697769659814339,0.32457721709567294
184.93089714952492,2.8926565374351618e-05,0.0005407425235121502,0.0005696690888865018,0.3245757472241776
184.96423587264545,2.891619468877096e-05,0.0005406450578308209,0.0005695612525195919,0.3245742778701867
184.99757459576597,2.8905829579302187e-05,0.0005405476272783995,0.0005694534568577017,0.324572809033427
185.0309133188865,2.889547004194844e-05,0.0005404502318358972,0.0005693457018778456,0.3245713407136253
185.064252042007,2.8885116072716477e-05,0.0005403528714843394,0.0005692379875570559,0.3245698729105088
185.09759076512753,2.8874767667616617e-05,0.0005402555462047648,0.0005691303138723814,0.32456840562380473
185.13092948824806,2.8864424822662745e-05,0.000540158255978226,0.0005690226808008887,0.3245669388532406
185.16426821136858,2.8854087533872337e-05,0.0005400610007857892,0.0005689150883196615,0.32456547259854407
185.1976069344891,2.884375579726641e-05,0.000539963780608534,0.0005688075364058005,0.324564006859443
185.23094565760962,2.8833429608869546e-05,0.0005398665954275541,0.0005687000250364237,0.3245625416356654
185.26428438073012,2.8823108964709917e-05,0.0005397694452239565,0.0005685925541886665,0.3245610769269396
185.29762310385064,2.881279386081919e-05,0.0005396723299788616,0.0005684851238396808,0.324559612732994
185.33096182697116,2.8802484293232632e-05,0.0005395752496734036,0.0005683777339666363,0.3245581490535572
185.36430055009168,2.879218025798903e-05,0.0005394782042887305,0.0005682703845467195,0.324556685888358
185.3976392732122,2.8781881751130733e-05,0.0005393811938060035,0.0005681630755571342,0.3245552232371255
185.43097799633273,2.8771588768703597e-05,0.0005392842182063976,0.0005680558069751013,0.3245537610995889
185.46431671945325,2.8761301306757052e-05,0.000539187277471101,0.0005679485787778581,0.3245522994754775
185.49765544257377,2.875101936134403e-05,0.0005390903715813159,0.00056784139094266,0.3245508383645209
185.5309941656943,2.8740742928520995e-05,0.0005389935005182577,0.0005677342434467787,0.3245493777664489
185.56433288881482,2.8730472004347948e-05,0.0005388966642631552,0.0005676271362675032,0.32454791768099145
185.59767161193534,2.8720206584888393e-05,0.000538799862797251,0.0005675200693821394,0.3245464581078787
185.63101033505586,2.870994666620935e-05,0.000538703096101801,0.0005674130427680103,0.324544999046841
185.66434905817638,2.869969224438137e-05,0.0005386063641580745,0.0005673060564024559,0.32454354049760886
185.6976877812969,2.8689443315478486e-05,0.0005385096669473544,0.0005671991102628328,0.32454208245991295
185.7310265044174,2.8679199875578268e-05,0.0005384130044509371,0.0005670922043265154,0.3245406249334843
185.76436522753792,2.8668961920761744e-05,0.0005383163766501321,0.0005669853385708939,0.3245391679180539
185.79770395065844,2.8658729447113473e-05,0.0005382197835262626,0.0005668785129733761,0.324537711413353
185.83104267377897,2.8648502450721495e-05,0.000538123225060665,0.0005667717275113865,0.3245362554191132
185.8643813968995,2.8638280927677343e-05,0.0005380267012346894,0.0005666649821623668,0.3245347999350661
185.89772012002,2.8628064874076025e-05,0.000537930212029699,0.000566558276903775,0.3245333449609435
185.93105884314053,2.861785428601604e-05,0.0005378337574270704,0.0005664516117130865,0.3245318904964775
185.96439756626106,2.8607649159599382e-05,0.0005377373374081938,0.0005663449865677932,0.32453043654140035
185.99773628938158,2.8597449490931473e-05,0.0005376409519544723,0.0005662384014454038,0.3245289830954443
186.0310750125021,2.8587255276121252e-05,0.0005375446010473227,0.000566131856323444,0.3245275301583421
186.06441373562262,2.8577066511281113e-05,0.000537448284668175,0.0005660253511794561,0.3245260777298265
186.09775245874314,2.8566883192526892e-05,0.0005373520027984726,0.0005659188859909994,0.3245246258096305
186.13109118186367,2.855670531597791e-05,0.000537255755419672,0.0005658124607356499,0.32452317439748724
186.16442990498416,2.854653287775694e-05,0.0005371595425132431,0.0005657060753910001,0.32452172349313
186.19776862810468,2.853636587399018e-05,0.000537063364060669,0.0005655997299346592,0.32452027309629233
186.2311073512252,2.852620430080732e-05,0.0005369672200434462,0.0005654934243442536,0.32451882320670805
186.26444607434573,2.851604815434146e-05,0.0005368711104430844,0.0005653871585974259,0.324517373824111
186.29778479746625,2.8505897430729155e-05,0.0005367750352411064,0.0005652809326718356,0.3245159249482352
186.33112352058677,2.8495752126110403e-05,0.0005366789944190484,0.0005651747465451588,0.32451447657881505
186.3644622437073,2.8485612236628625e-05,0.0005365829879584597,0.0005650686001950883,0.32451302871558496
186.39780096682782,2.847547775843068e-05,0.0005364870158409028,0.0005649624935993335,0.32451158135827957
186.43113968994834,2.8465348687666844e-05,0.0005363910780479535,0.0005648564267356203,0.3245101345066337
186.46447841306886,2.845522502049083e-05,0.0005362951745612007,0.0005647503995816915,0.3245086881603824
186.49781713618938,2.8445106753059764e-05,0.0005361993053622465,0.0005646444121153062,0.3245072423192609
186.5311558593099,2.843499388153417e-05,0.0005361034704327059,0.0005645384643142401,0.3245057969830046
186.56449458243043,2.842488640207802e-05,0.0005360076697542075,0.0005644325561562855,0.32450435215134893
186.59783330555092,2.8414784310858666e-05,0.0005359119033083928,0.0005643266876192516,0.32450290782402985
186.63117202867144,2.8404687604046866e-05,0.0005358161710769162,0.0005642208586809631,0.3245014640007831
186.66451075179197,2.839459627781679e-05,0.0005357204730414456,0.0005641150693192624,0.324500020681345
186.6978494749125,2.8384510328346006e-05,0.0005356248091836618,0.0005640093195120078,0.3244985778654517
186.731188198033,2.8374429751815463e-05,0.0005355291794852586,0.000563903609237074,0.3244971355528399
186.76452692115353,2.8364354544409515e-05,0.0005354335839279429,0.0005637979384723523,0.324495693743246
186.79786564427405,2.835428470231589e-05,0.0005353380224934349,0.0005636923071957508,0.3244942524364071
186.83120436739458,2.8344220221725707e-05,0.0005352424951634675,0.0005635867153851933,0.3244928116320602
186.8645430905151,2.8334161098833472e-05,0.0005351470019197871,0.0005634811630186205,0.32449137132994244
186.89788181363562,2.8324107329837036e-05,0.0005350515427441524,0.0005633756500739894,0.3244899315297913
186.93122053675614,2.831405891093766e-05,0.0005349561176183359,0.0005632701765292736,0.32448849223134435
186.96455925987667,2.830401583833995e-05,0.0005348607265241226,0.0005631647423624625,0.32448705343433937
186.9978979829972,2.8293978108251885e-05,0.0005347653694433107,0.0005630593475515626,0.32448561513851437
187.0312367061177,2.8283945716884805e-05,0.0005346700463577112,0.000562953992074596,0.32448417734360746
187.0645754292382,2.8273918660453405e-05,0.0005345747572491483,0.0005628486759096016,0.3244827400493569
187.09791415235873,2.8263896935175736e-05,0.0005344795020994589,0.0005627433990346346,0.32448130325550134
187.13125287547925,2.8253880537273198e-05,0.0005343842808904931,0.0005626381614277663,0.3244798669617794
187.16459159859977,2.824386946297054e-05,0.0005342890936041138,0.0005625329630670843,0.32447843116792996
187.1979303217203,2.8233863708495853e-05,0.0005341939402221967,0.0005624278039306926,0.32447699587369205
187.23126904484081,2.8223863270080577e-05,0.0005340988207266307,0.0005623226839967113,0.32447556107880493
187.26460776796134,2.8213868143959474e-05,0.0005340037350993174,0.0005622176032432769,0.324474126783008
187.29794649108186,2.820387832637065e-05,0.0005339086833221712,0.0005621125616485419,0.3244726929860409
187.33128521420238,2.819389381355553e-05,0.0005338136653771197,0.0005620075591906752,0.32447125968764334
187.3646239373229,2.818391460175888e-05,0.000533718681246103,0.0005619025958478619,0.32446982688755543
187.39796266044343,2.8173940687228768e-05,0.0005336237309110743,0.0005617976715983031,0.3244683945855172
187.43130138356395,2.8163972066216604e-05,0.0005335288143539994,0.000561692786420216,0.32446696278126885
187.46464010668447,2.81540087349771e-05,0.0005334339315568573,0.0005615879402918344,0.32446553147455115
187.49797882980496,2.814405068976828e-05,0.0005333390825016395,0.0005614831331914078,0.3244641006651046
187.5313175529255,2.8134097926851465e-05,0.0005332442671703503,0.0005613783650972018,0.3244626703526701
187.564656276046,2.8124150442491307e-05,0.000533149485545007,0.0005612736359874983,0.32446124053698877
187.59799499916653,2.8114208232955746e-05,0.0005330547376076396,0.0005611689458405953,0.32445981121780176
187.63133372228705,2.810427129451601e-05,0.0005329600233402908,0.0005610642946348068,0.3244583823948505
187.66467244540758,2.8094339623446634e-05,0.0005328653427250162,0.0005609596823484629,0.32445695406787656
187.6980111685281,2.808441321602544e-05,0.000532770695743884,0.0005608551089599094,0.3244555262366217
187.73134989164862,2.807449206853354e-05,0.000532676082378975,0.0005607505744475085,0.3244540989008278
187.76468861476914,2.806457617725533e-05,0.0005325815026123833,0.0005606460787896386,0.3244526720602372
187.79802733788966,2.8054665538478477e-05,0.0005324869564262151,0.0005605416219646936,0.324451245714592
187.8313660610102,2.804476014849394e-05,0.0005323924438025896,0.0005604372039510836,0.3244498198636347
187.8647047841307,2.803486000359593e-05,0.0005322979647236387,0.0005603328247272346,0.324448394507108
187.89804350725123,2.802496510008195e-05,0.0005322035191715069,0.0005602284842715888,0.3244469696447548
187.93138223037175,2.8015075434252752e-05,0.0005321091071283512,0.000560124182562604,0.3244455452763179
187.96472095349225,2.8005191002412376e-05,0.0005320147285763418,0.0005600199195787541,0.3244441214015407
187.99805967661277,2.7995311800868086e-05,0.0005319203834976609,0.000559915695298529,0.32444269802016656
188.0313983997333,2.7985437825930422e-05,0.0005318260718745037,0.0005598115097004342,0.32444127513193893
188.0647371228538,2.7975569073913188e-05,0.000531731793689078,0.0005597073627629912,0.3244398527366016
188.09807584597434,2.796570554113341e-05,0.0005316375489236042,0.0005596032544647377,0.32443843083389845
188.13141456909486,2.7955847223911384e-05,0.0005315433375603153,0.0005594991847842266,0.32443700942357356
188.16475329221538,2.7945994118570637e-05,0.0005314491595814567,0.0005593951537000273,0.3244355885053712
188.1980920153359,2.793614622143793e-05,0.0005313550149692867,0.0005592911611907247,0.3244341680790358
188.23143073845642,2.7926303528843275e-05,0.000531260903706076,0.0005591872072349193,0.324432748144312
188.26476946157695,2.7916466037119897e-05,0.0005311668257741077,0.0005590832918112277,0.32443132870094454
188.29810818469747,2.7906633742604266e-05,0.000531072781155678,0.0005589794148982822,0.3244299097486784
188.331446907818,2.7896806641636067e-05,0.0005309787698330948,0.0005588755764747309,0.3244284912872588
188.3647856309385,2.788698473055821e-05,0.0005308847917886793,0.0005587717765192376,0.32442707331643095
188.398124354059,2.787716800571684e-05,0.0005307908470047649,0.0005586680150104817,0.3244256558359404
188.43146307717953,2.786735646346128e-05,0.0005306969354636973,0.0005585642919271586,0.3244242388455328
188.46480180030005,2.7857550100144088e-05,0.000530603057147835,0.0005584606072479791,0.324422822344954
188.49814052342057,2.7847748912121028e-05,0.0005305092120395489,0.0005583569609516699,0.32442140633395006
188.5314792465411,2.783795289575108e-05,0.0005304154001212223,0.0005582533530169734,0.32441999081226713
188.56481796966162,2.7828162047396398e-05,0.000530321621375251,0.0005581497834226474,0.3244185757796516
188.59815669278214,2.781837636342236e-05,0.0005302278757840432,0.0005580462521474656,0.32441716123585007
188.63149541590266,2.780859584019753e-05,0.0005301341633300197,0.0005579427591702172,0.3244157471806091
188.66483413902318,2.7798820474093658e-05,0.0005300404839956135,0.0005578393044697071,0.32441433361367583
188.6981728621437,2.778905026148569e-05,0.0005299468377632703,0.000557735888024756,0.3244129205347972
188.73151158526423,2.7779285198751747e-05,0.0005298532246154478,0.0005576325098141996,0.3244115079437204
188.76485030838475,2.7769525282273134e-05,0.0005297596445346165,0.0005575291698168897,0.324410095840193
188.79818903150527,2.7759770508434348e-05,0.0005296660975032591,0.0005574258680116934,0.32440868422396246
188.83152775462577,2.775002087362305e-05,0.0005295725835038705,0.0005573226043774935,0.3244072730947766
188.8648664777463,2.774027637423006e-05,0.0005294791025189583,0.0005572193788931884,0.32440586245238345
188.8982052008668,2.7730537006649384e-05,0.0005293856545310423,0.0005571161915376916,0.32440445229653103
188.93154392398733,2.772080276727818e-05,0.0005292922395226544,0.0005570130422899326,0.3244030426269677
188.96488264710786,2.7711073652516777e-05,0.0005291988574763393,0.0005569099311288561,0.32440163344344186
188.99822137022838,2.7701349658768656e-05,0.0005291055083746536,0.0005568068580334222,0.3244002247457021
189.0315600933489,2.7691630782440467e-05,0.0005290121922001664,0.0005567038229826068,0.3243988165334974
189.06489881646942,2.768191701994198e-05,0.0005289189089354592,0.0005566008259554012,0.3243974088065767
189.09823753958995,2.7672208367686148e-05,0.0005288256585631256,0.0005564978669308117,0.32439600156468906
189.13157626271047,2.7662504822089042e-05,0.0005287324410657713,0.0005563949458878603,0.32439459480758387
189.164914985831,2.765280637956989e-05,0.0005286392564260149,0.0005562920628055847,0.3243931885350107
189.1982537089515,2.7643113036551046e-05,0.0005285461046264864,0.0005561892176630375,0.32439178274671915
189.23159243207203,2.7633424789458005e-05,0.0005284529856498288,0.0005560864104392868,0.3243903774424591
189.26493115519256,2.762374163471941e-05,0.0005283598994786968,0.0005559836411134162,0.32438897262198046
189.29826987831305,2.7614063568767007e-05,0.0005282668460957577,0.0005558809096645247,0.3243875682850336
189.33160860143357,2.760439058803566e-05,0.0005281738254836907,0.0005557782160717263,0.32438616443136886
189.3649473245541,2.759472268896339e-05,0.0005280808376251873,0.0005556755603141507,0.32438476106073666
189.39828604767462,2.7585059867991306e-05,0.0005279878825029514,0.0005555729423709427,0.3243833581728879
189.43162477079514,2.7575402121563647e-05,0.0005278949600996987,0.0005554703622212624,0.3243819557675732
189.46496349391566,2.7565749446127757e-05,0.0005278020703981574,0.0005553678198442852,0.3243805538445439
189.49830221703618,2.755610183813409e-05,0.0005277092133810677,0.0005552653152192018,0.324379152403551
189.5316409401567,2.7546459294036208e-05,0.0005276163890311819,0.0005551628483252181,0.324377751444346
189.56497966327723,2.753682181029077e-05,0.0005275235973312645,0.0005550604191415554,0.3243763509666805
189.59831838639775,2.752718938335754e-05,0.0005274308382640922,0.0005549580276474498,0.32437495097030616
189.63165710951827,2.751756200969937e-05,0.0005273381118124536,0.000554855673822153,0.3243735514549749
189.6649958326388,2.7507939685782216e-05,0.0005272454179591496,0.0005547533576449317,0.32437215242043876
189.69833455575932,2.74983224080751e-05,0.0005271527566869931,0.0005546510790950682,0.32437075386645015
189.7316732788798,2.7488710173050167e-05,0.0005270601279788092,0.0005545488381518593,0.3243693557927613
189.76501200200033,2.7479102977182597e-05,0.0005269675318174347,0.0005544466347946174,0.32436795819912495
189.79835072512086,2.7469500816950682e-05,0.0005268749681857191,0.0005543444690026697,0.32436656108529377
189.83168944824138,2.7459903688835784e-05,0.0005267824370665233,0.0005542423407553591,0.3243651644510207
189.8650281713619,2.745031158932234e-05,0.0005266899384427206,0.0005541402500320429,0.32436376829605884
189.89836689448242,2.744072451489785e-05,0.0005265974722971962,0.000554038196812094,0.3243623726201615
189.93170561760294,2.7431142462052885e-05,0.0005265050386128474,0.0005539361810749003,0.32436097742308206
189.96504434072347,2.7421565427281067e-05,0.0005264126373725835,0.0005538342027998646,0.3243595827045742
189.998383063844,2.7411993407079103e-05,0.0005263202685593256,0.0005537322619664048,0.32435818846439163
190.0317217869645,2.740242639794673e-05,0.0005262279321560072,0.0005536303585539539,0.3243567947022883
190.06506051008503,2.7392864396386745e-05,0.0005261356281455734,0.0005535284925419601,0.32435540141801833
190.09839923320555,2.7383307398905018e-05,0.0005260433565109813,0.0005534266639098864,0.324354008611336
190.13173795632608,2.7373755402010438e-05,0.0005259511172352002,0.0005533248726372105,0.3243526162819958
190.16507667944657,2.736420840221496e-05,0.000525858910301211,0.0005532231187034259,0.32435122442975234
190.1984154025671,2.7354666396033542e-05,0.0005257667356920068,0.0005531214020880403,0.3243498330543604
190.23175412568762,2.7345129379984224e-05,0.0005256745933905925,0.0005530197227705767,0.32434844215557485
190.26509284880814,2.7335597350588063e-05,0.000525582483379985,0.0005529180807305731,0.3243470517331509
190.29843157192866,2.732607030436914e-05,0.000525490405643213,0.0005528164759475822,0.3243456617868439
190.33177029504918,2.7316548237854573e-05,0.0005253983601633172,0.0005527149084011717,0.3243442723164091
190.3651090181697,2.7307031147574504e-05,0.0005253063469233501,0.0005526133780709246,0.3243428833216024
190.39844774129023,2.7297519030062097e-05,0.0005252143659063759,0.000552511884936438,0.3243414948021794
190.43178646441075,2.7288011881853523e-05,0.0005251224170954712,0.0005524104289773247,0.3243401067578961
190.46512518753127,2.7278509699487985e-05,0.0005250305004737238,0.0005523090101732117,0.32433871918850865
190.4984639106518,2.726901247950769e-05,0.0005249386160242339,0.0005522076285037415,0.32433733209377336
190.53180263377232,2.7259520218457854e-05,0.0005248467637301129,0.0005521062839485708,0.32433594547344663
190.56514135689284,2.7250032912886705e-05,0.0005247549435744847,0.0005520049764873715,0.32433455932728517
190.59848008001336,2.7240550559345465e-05,0.0005246631555404847,0.0005519037060998302,0.3243331736550457
190.63181880313385,2.723107315438837e-05,0.0005245713996112598,0.0005518024727656481,0.3243317884564852
190.66515752625438,2.7221600694572624e-05,0.0005244796757699693,0.0005517012764645419,0.3243304037313608
190.6984962493749,2.721213317645845e-05,0.0005243879839997836,0.0005516001171762421,0.3243290194794298
190.73183497249542,2.7202670596609057e-05,0.0005242963242838856,0.0005514989948804947,0.3243276357004497
190.76517369561594,2.7193212951590635e-05,0.0005242046966054693,0.0005513979095570599,0.324326252394178
190.79851241873646,2.7183760237972368e-05,0.0005241131009477408,0.0005512968611857132,0.32432486956037265
190.831851141857,2.7174312452326413e-05,0.000524021537293918,0.0005511958497462444,0.3243234871987915
190.8651898649775,2.71648695912279e-05,0.00052393000562723,0.000551094875218458,0.3243221053091927
190.89852858809803,2.715543165125494e-05,0.0005238385059309185,0.0005509939375821734,0.32432072389133454
190.93186731121855,2.7145998628988623e-05,0.0005237470381882361,0.0005508930368172247,0.32431934294497544
190.96520603433908,2.7136570521013003e-05,0.0005236556023824473,0.0005507921729034604,0.32431796246987404
190.9985447574596,2.7127147323915087e-05,0.0005235641984968287,0.0005506913458207437,0.3243165824657891
191.03188348058012,2.711772903428485e-05,0.0005234728265146681,0.000550590555548953,0.3243152029324797
191.0652222037006,2.7108315648715257e-05,0.0005233814864192652,0.0005504898020679804,0.3243138238697047
191.09856092682114,2.709890716380217e-05,0.000523290178193931,0.0005503890853577331,0.3243124452772235
191.13189964994166,2.7089503576144455e-05,0.0005231989018219886,0.000550288405398133,0.3243110671547957
191.16523837306218,2.70801048823439e-05,0.0005231076572867726,0.0005501877621691165,0.3243096895021806
191.1985770961827,2.707071107900526e-05,0.0005230164445716291,0.0005500871556506344,0.3243083123191382
191.23191581930323,2.7061322162736223e-05,0.000522925263659916,0.0005499865858226522,0.32430693560542834
191.26525454242375,2.7051938130147414e-05,0.0005228341145350026,0.00054988605266515,0.32430555936081107
191.29859326554427,2.70425589778524e-05,0.0005227429971802699,0.0005497855561581223,0.3243041835850467
191.3319319886648,2.7033184702467686e-05,0.0005226519115791104,0.0005496850962815781,0.3243028082778957
191.3652707117853,2.702381530061271e-05,0.0005225608577149284,0.0005495846730155412,0.3243014334391186
191.39860943490584,2.701445076890982e-05,0.0005224698355711395,0.0005494842863400494,0.3243000590684761
191.43194815802636,2.7005091103984318e-05,0.000522378845131171,0.0005493839362351553,0.32429868516572913
191.46528688114688,2.699573630246442e-05,0.0005222878863784617,0.0005492836226809262,0.32429731173063886
191.49862560426737,2.6986386360981245e-05,0.0005221969592964619,0.0005491833456574432,0.3242959387629664
191.5319643273879,2.697704127616884e-05,0.0005221060638686334,0.0005490831051448023,0.32429456626247327
191.56530305050842,2.6967701044664165e-05,0.0005220152000784497,0.0005489829011231139,0.3242931942289209
191.59864177362894,2.6958365663107095e-05,0.0005219243679093957,0.0005488827335725028,0.32429182266207107
191.63198049674946,2.694903512814041e-05,0.0005218335673449675,0.0005487826024731079,0.32429045156168573
191.66531921986999,2.693970943640979e-05,0.0005217427983686732,0.000548682507805083,0.32428908092752684
191.6986579429905,2.6930388584563816e-05,0.000521652060964032,0.0005485824495485959,0.3242877107593566
191.73199666611103,2.6921072569253976e-05,0.0005215613551145748,0.0005484824276838288,0.32428634105693743
191.76533538923155,2.6911761387134645e-05,0.0005214706808038438,0.0005483824421909784,0.32428497182003185
191.79867411235207,2.690245503486309e-05,0.0005213800380153925,0.0005482824930502556,0.32428360304840254
191.8320128354726,2.6893153509099476e-05,0.0005212894267327862,0.0005481825802418857,0.3242822347418124
191.86535155859312,2.6883856806506844e-05,0.0005211988469396015,0.0005480827037461083,0.3242808669000244
191.89869028171364,2.687456492375113e-05,0.0005211082986194261,0.0005479828635431772,0.32427949952280166
191.93202900483416,2.686527785750114e-05,0.0005210177817558596,0.0005478830596133608,0.3242781326099077
191.96536772795466,2.685599560442857e-05,0.0005209272963325127,0.0005477832919369412,0.3242767661611058
191.99870645107518,2.6846718161207965e-05,0.0005208368423330074,0.0005476835604942154,0.32427540017615974
192.0320451741957,2.6837445524516765e-05,0.0005207464197409772,0.0005475838652654939,0.3242740346548333
192.06538389731622,2.6828177691035268e-05,0.000520656028540067,0.0005474842062311023,0.3242726695968905
192.09872262043675,2.6818914657446648e-05,0.0005205656687139331,0.0005473845833713798,0.32427130500209544
192.13206134355727,2.6809656420436934e-05,0.000520475340246243,0.0005472849966666799,0.3242699408702125
192.1654000666778,2.6800402976695013e-05,0.0005203850431206756,0.0005471854460973706,0.324268577201006
192.1987387897983,2.6791154322912625e-05,0.0005202947773209212,0.0005470859316438338,0.32426721399424063
192.23207751291883,2.6781910455784383e-05,0.0005202045428306811,0.0005469864532864655,0.3242658512496812
192.26541623603936,2.6772671372007725e-05,0.0005201143396336684,0.0005468870110056761,0.32426448896709265
192.29875495915988,2.676343706828295e-05,0.0005200241677136072,0.0005467876047818902,0.32426312714624006
192.3320936822804,2.6754207541313208e-05,0.0005199340270542328,0.0005466882345955459,0.32426176578688864
192.36543240540092,2.6744982787804476e-05,0.0005198439176392919,0.0005465889004270964,0.32426040488880387
192.39877112852142,2.673576280446559e-05,0.0005197538394525426,0.0005464896022570082,0.3242590444517513
192.43210985164194,2.672654758800819e-05,0.000519663792477754,0.0005463903400657621,0.32425768447549663
192.46544857476246,2.6717337135146784e-05,0.0005195737766987065,0.0005462911138338533,0.32425632495980583
192.49878729788298,2.670813144259868e-05,0.0005194837920991918,0.0005461919235417905,0.32425496590444486
192.5321260210035,2.6698930507084044e-05,0.0005193938386630131,0.0005460927691700972,0.32425360730918
192.56546474412403,2.6689734325325835e-05,0.0005193039163739843,0.0005459936506993101,0.32425224917377765
192.59880346724455,2.6680542894049864e-05,0.0005192140252159307,0.0005458945681099806,0.3242508914980042
192.63214219036507,2.6671356209984733e-05,0.000519124165172689,0.0005457955213826738,0.32424953428162645
192.6654809134856,2.6662174269861874e-05,0.0005190343362281069,0.0005456965104979688,0.3242481775244112
192.69881963660612,2.6652997070415535e-05,0.0005189445383660433,0.0005455975354364588,0.3242468212261255
192.73215835972664,2.6643824608382756e-05,0.0005188547715703683,0.0005454985961787511,0.3242454653865365
192.76549708284716,2.663465688050341e-05,0.000518765035824963,0.0005453996927054665,0.3242441100054114
192.79883580596768,2.6625493883520147e-05,0.0005186753311137199,0.0005453008249972401,0.32424275508251776
192.83217452908818,2.6616335614178447e-05,0.0005185856574205426,0.000545201993034721,0.32424140061762324
192.8655132522087,2.6607182069226545e-05,0.0005184960147293456,0.0005451031967985721,0.3242400466104956
192.89885197532922,2.659803324541552e-05,0.0005184064030240548,0.0005450044362694703,0.32423869306090275
192.93219069844974,2.6588889139499213e-05,0.000518316822288607,0.0005449057114281062,0.3242373399686128
192.96552942157027,2.657974974823426e-05,0.0005182272725069502,0.0005448070222551845,0.3242359873333941
192.9988681446908,2.6570615068380096e-05,0.0005181377536630434,0.0005447083687314235,0.3242346351550149
193.0322068678113,2.6561485096698927e-05,0.0005180482657408571,0.000544609750837556,0.3242332834332439
193.06554559093183,2.6552359829955734e-05,0.0005179588087243721,0.0005445111685543278,0.3242319321678498
193.09888431405236,2.6543239264918296e-05,0.000517869382597581,0.0005444126218624993,0.3242305813586015
193.13222303717288,2.6534123398357152e-05,0.000517779987344487,0.0005443141107428441,0.3242292310052679
193.1655617602934,2.652501222704562e-05,0.0005176906229491045,0.0005442156351761502,0.3242278811076184
193.19890048341392,2.651590574775978e-05,0.000517601289395459,0.0005441171951432187,0.3242265316654222
193.23223920653444,2.6506803957278483e-05,0.0005175119866675868,0.0005440187906248653,0.3242251826784489
193.26557792965497,2.6497706852383348e-05,0.0005174227147495356,0.000543920421601919,0.3242238341464681
193.29891665277546,2.6488614429858766e-05,0.0005173334736253638,0.0005438220880552225,0.32422248606924964
193.33225537589598,2.6479526686491842e-05,0.0005172442632791407,0.0005437237899656326,0.32422113844656353
193.3655940990165,2.647044361907248e-05,0.0005171550836949469,0.0005436255273140193,0.3242197912781798
193.39893282213703,2.646136522439332e-05,0.0005170659348568737,0.000543527300081267,0.32421844456386884
193.43227154525755,2.645229149924976e-05,0.0005169768167490237,0.0005434291082482735,0.324217098303401
193.46561026837807,2.6443222440439926e-05,0.0005168877293555102,0.0005433309517959501,0.32421575249654694
193.4989489914986,2.6434158044764712e-05,0.0005167986726604573,0.0005432328307052221,0.3242144071430774
193.53228771461912,2.642509830902773e-05,0.0005167096466480005,0.0005431347449570283,0.32421306224276325
193.56562643773964,2.641604323003535e-05,0.0005166206513022858,0.0005430366945323212,0.32421171779537555
193.59896516086016,2.6406992804596666e-05,0.0005165316866074704,0.000542938679412067,0.32421037380068546
193.63230388398068,2.6397947029523505e-05,0.0005164427525477223,0.0005428406995772458,0.3242090302584645
193.6656426071012,2.638890590163043e-05,0.0005163538491072204,0.0005427427550088508,0.324207687168484
193.69898133022173,2.637986941773472e-05,0.0005162649762701545,0.0005426448456878892,0.3242063445305158
193.73232005334222,2.6370837574656404e-05,0.0005161761340207252,0.0005425469715953816,0.3242050023443316
193.76565877646274,2.6361810369218192e-05,0.0005160873223431442,0.0005424491327123623,0.3242036606097034
193.79899749958327,2.635278779824554e-05,0.0005159985412216337,0.0005423513290198793,0.3242023193264034
193.8323362227038,2.6343769858566617e-05,0.0005159097906404272,0.0005422535604989938,0.3242009784942038
193.8656749458243,2.6334756547012302e-05,0.0005158210705837687,0.0005421558271307811,0.32419963811287716
193.89901366894483,2.632574786041619e-05,0.0005157323810359132,0.0005420581288963294,0.3241982981821959
193.93235239206535,2.6316743795614567e-05,0.0005156437219811266,0.0005419604657767411,0.324196958701933
193.96569111518588,2.6307744349446444e-05,0.0005155550934036852,0.0005418628377531317,0.3241956196718611
193.9990298383064,2.629874951875352e-05,0.0005154664952878766,0.0005417652448066301,0.32419428109175336
194.03236856142692,2.6289759300380202e-05,0.000515377927617999,0.0005416676869183793,0.32419294296138307
194.06570728454744,2.628077369117358e-05,0.0005152893903783615,0.0005415701640695351,0.3241916052805235
194.09904600766797,2.627179268798346e-05,0.0005152008835532838,0.0005414726762412672,0.3241902680489481
194.1323847307885,2.626281628766232e-05,0.0005151124071270962,0.0005413752234147586,0.3241889312664306
194.16572345390898,2.625384448706533e-05,0.0005150239610841405,0.0005412778055712058,0.32418759493274485
194.1990621770295,2.6244877283050348e-05,0.0005149355454087684,0.0005411804226918188,0.3241862590476648
194.23240090015003,2.623591467247791e-05,0.0005148471600853427,0.0005410830747578206,0.32418492361096446
194.26573962327055,2.6226956652211237e-05,0.0005147588050982371,0.0005409857617504483,0.3241835886224182
194.29907834639107,2.6218003219116233e-05,0.0005146704804318359,0.0005408884836509521,0.3241822540818004
194.3324170695116,2.620905437006146e-05,0.0005145821860705338,0.0005407912404405953,0.32418091998888565
194.36575579263211,2.620011010191817e-05,0.0005144939219987369,0.000540694032100655,0.3241795863434487
194.39909451575264,2.6191170411560267e-05,0.0005144056882008612,0.0005405968586124215,0.32417825314526433
194.43243323887316,2.6182235295864333e-05,0.0005143174846613341,0.0005404997199571984,0.32417692039410767
194.46577196199368,2.61733047517096e-05,0.0005142293113645931,0.0005404026161163028,0.32417558808975383
194.4991106851142,2.616437877597799e-05,0.0005141411682950867,0.0005403055470710647,0.3241742562319781
194.53244940823473,2.615545736555404e-05,0.0005140530554372741,0.0005402085128028281,0.32417292482055604
194.56578813135525,2.6146540517324973e-05,0.0005139649727756249,0.0005401115132929499,0.3241715938552633
194.59912685447577,2.613762822818067e-05,0.0005138769202946195,0.0005400145485228002,0.3241702633358755
194.63246557759626,2.612872049501364e-05,0.0005137888979787491,0.0005399176184737628,0.32416893326216867
194.6658043007168,2.611981731471904e-05,0.000513700905812515,0.0005398207231272341,0.32416760363391894
194.6991430238373,2.6110918684194682e-05,0.0005136129437804298,0.0005397238624646244,0.32416627445090246
194.73248174695783,2.610202460034102e-05,0.0005135250118670161,0.0005396270364673571,0.3241649457128956
194.76582047007835,2.6093135060061143e-05,0.0005134371100568074,0.0005395302451168685,0.3241636174196749
194.79915919319888,2.6084250060260777e-05,0.0005133492383343478,0.0005394334883946086,0.3241622895710171
194.8324979163194,2.607536959784828e-05,0.0005132613966841919,0.0005393367662820402,0.324160962166699
194.86583663943992,2.6066493669734653e-05,0.000513173585090905,0.0005392400787606397,0.3241596352064975
194.89917536256044,2.60576222728335e-05,0.0005130858035390627,0.0005391434258118962,0.32415830869018974
194.93251408568096,2.6048755404061076e-05,0.0005129980520132513,0.0005390468074173124,0.32415698261755305
194.9658528088015,2.603989306033625e-05,0.0005129103304980678,0.0005389502235584041,0.32415565698836485
194.999191531922,2.60310352385805e-05,0.0005128226389781195,0.0005388536742167,0.3241543318024027
195.03253025504253,2.6022181935717935e-05,0.0005127349774380242,0.0005387571593737421,0.3241530070594443
195.06586897816302,2.6013333148675283e-05,0.0005126473458624106,0.0005386606790110859,0.32415168275926753
195.09920770128355,2.6004488874381864e-05,0.0005125597442359174,0.0005385642331102992,0.3241503589016504
195.13254642440407,2.599564910976963e-05,0.000512472172543194,0.0005384678216529636,0.3241490354863711
195.1658851475246,2.5986813851773122e-05,0.0005123846307689004,0.0005383714446206736,0.3241477125132079
195.1992238706451,2.5977983097329498e-05,0.000512297118897707,0.0005382751019950365,0.3241463899819393
195.23256259376564,2.5969156843378513e-05,0.0005122096369142946,0.0005381787937576731,0.3241450678923439
195.26590131688616,2.5960335086862516e-05,0.0005121221848033547,0.0005380825198902173,0.32414374624420045
195.29924004000668,2.5951517824726457e-05,0.000512034762549589,0.0005379862803743154,0.32414242503728785
195.3325787631272,2.5942705053917888e-05,0.0005119473701377097,0.0005378900751916275,0.32414110427138515
195.36591748624772,2.5933896771386937e-05,0.0005118600075524394,0.0005377939043238264,0.32413978394627163
195.39925620936825,2.5925092974086326e-05,0.0005117726747785112,0.0005376977677525976,0.32413846406172653
195.43259493248877,2.5916293658971367e-05,0.0005116853718006687,0.00053760166545964,0.3241371446175294
195.4659336556093,2.590749882299995e-05,0.0005115980986036659,0.0005375055974266658,0.32413582561345994
195.49927237872978,2.5898708463132552e-05,0.0005115108551722668,0.0005374095636353994,0.32413450704929775
195.5326111018503,2.588992257633221e-05,0.0005114236414912464,0.0005373135640675787,0.32413318892482296
195.56594982497083,2.588114115956456e-05,0.0005113364575453896,0.0005372175987049542,0.32413187123981557
195.59928854809135,2.587236420979779e-05,0.0005112493033194921,0.0005371216675292899,0.3241305539940559
195.63262727121187,2.5863591724002682e-05,0.0005111621787983594,0.0005370257705223621,0.3241292371873241
195.6659659943324,2.585482369915256e-05,0.0005110750839668078,0.0005369299076659604,0.32412792081940095
195.69930471745292,2.5846060132223324e-05,0.000510988018809664,0.0005368340789418873,0.32412660489006695
195.73264344057344,2.583730102019344e-05,0.0005109009833117647,0.0005367382843319582,0.32412528939910307
195.76598216369396,2.582854636004393e-05,0.0005108139774579572,0.0005366425238180011,0.3241239743462901
195.79932088681448,2.5819796148758364e-05,0.0005107270012330988,0.0005365467973818572,0.32412265973140925
195.832659609935,2.5811050383322887e-05,0.0005106400546220575,0.0005364511050053803,0.3241213455542417
195.86599833305553,2.5802309060726174e-05,0.0005105531376097115,0.0005363554466704376,0.32412003181456894
195.89933705617605,2.579357217795946e-05,0.000510466250180949,0.0005362598223589085,0.3241187185121725
195.93267577929657,2.578483973201653e-05,0.0005103793923206688,0.0005361642320526853,0.324117405646834
195.96601450241707,2.5776111719893714e-05,0.00051029256401378,0.0005360686757336737,0.3241160932183353
195.9993532255376,2.5767388138589858e-05,0.0005102057652452017,0.0005359731533837916,0.3241147812264584
196.0326919486581,2.575866898510638e-05,0.0005101189959998635,0.0005358776649849699,0.3241134696709855
196.06603067177863,2.574995425644721e-05,0.0005100322562627052,0.0005357822105191524,0.3241121585516987
196.09936939489916,2.5741243949618837e-05,0.0005099455460186766,0.0005356867899682955,0.32411084786838057
196.13270811801968,2.5732538061630255e-05,0.0005098588652527381,0.0005355914033143684,0.32410953762081357
196.1660468411402,2.5723836589492997e-05,0.0005097722139498601,0.0005354960505393531,0.32410822780878046
196.19938556426072,2.571513953022113e-05,0.0005096855920950234,0.0005354007316252444,0.324106918432064
196.23272428738125,2.5706446880831236e-05,0.0005095989996732187,0.0005353054465540498,0.32410560949044737
196.26606301050177,2.5697758638342415e-05,0.0005095124366694472,0.0005352101953077896,0.32410430098371357
196.2994017336223,2.5689074799776288e-05,0.00050942590306872,0.0005351149778684963,0.32410299291164585
196.3327404567428,2.5680395362157002e-05,0.0005093393988560588,0.0005350197942182158,0.3241016852740277
196.36607917986333,2.5671720322511198e-05,0.0005092529240164951,0.0005349246443390063,0.32410037807064274
196.39941790298383,2.566304967786805e-05,0.0005091664785350708,0.0005348295282129388,0.3240990713012745
196.43275662610435,2.565438342525921e-05,0.0005090800623968376,0.0005347344458220967,0.3240977649657071
196.46609534922487,2.5645721561718866e-05,0.0005089936755868576,0.0005346393971485765,0.3240964590637243
196.4994340723454,2.563706408428369e-05,0.0005089073180902032,0.0005345443821744869,0.3240951535951104
196.53277279546592,2.5628410989992858e-05,0.0005088209898919568,0.0005344494008819497,0.3240938485596496
196.56611151858644,2.5619762275888068e-05,0.0005087346909772107,0.0005343544532530988,0.3240925439571264
196.59945024170696,2.561111793901346e-05,0.0005086484213310675,0.0005342595392700809,0.32409123978732524
196.63278896482748,2.5602477976415724e-05,0.00050856218093864,0.0005341646589150557,0.32408993605003106
196.666127687948,2.5593842385144008e-05,0.0005084759697850509,0.0005340698121701949,0.32408863274502847
196.69946641106853,2.558521116224995e-05,0.0005083897878554331,0.000533974999017683,0.32408732987210265
196.73280513418905,2.5576584304787687e-05,0.0005083036351349294,0.0005338802194397171,0.32408602743103865
196.76614385730957,2.556796180981382e-05,0.0005082175116086931,0.0005337854734185069,0.32408472542162187
196.7994825804301,2.5559343674387455e-05,0.0005081314172618871,0.0005336907609362746,0.3240834238436376
196.8328213035506,2.555072989557016e-05,0.0005080453520796846,0.0005335960819752547,0.3240821226968715
196.8661600266711,2.5542120470425963e-05,0.0005079593160472686,0.0005335014365176946,0.3240808219811092
196.89949874979163,2.553351539602139e-05,0.0005078733091498326,0.0005334068245458541,0.3240795216961367
196.93283747291215,2.552491466942543e-05,0.0005077873313725795,0.000533312246042005,0.3240782218417398
196.96617619603268,2.551631828770954e-05,0.0005077013827007229,0.0005332177009884324,0.3240769224177048
196.9995149191532,2.5507726247947646e-05,0.0005076154631194858,0.0005331231893674334,0.3240756234238179
197.03285364227372,2.549913854721612e-05,0.0005075295726141016,0.0005330287111613177,0.3240743248598656
197.06619236539424,2.5490555182593815e-05,0.0005074437111698134,0.0005329342663524071,0.32407302672563437
197.09953108851477,2.5481976151162027e-05,0.0005073578787718747,0.0005328398549230367,0.324071729020911
197.1328698116353,2.5473401450004517e-05,0.0005072720754055484,0.0005327454768555529,0.3240704317454823
197.1662085347558,2.54648310762075e-05,0.0005071863010561079,0.0005326511321323154,0.3240691348991352
197.19954725787633,2.5456265026859625e-05,0.0005071005557088363,0.0005325568207356959,0.3240678384816568
197.23288598099685,2.5447703299052008e-05,0.0005070148393490267,0.0005324625426480786,0.3240665424928346
197.26622470411738,2.5439145889878203e-05,0.000506929151961982,0.0005323682978518602,0.3240652469324558
197.29956342723787,2.543059279643421e-05,0.0005068434935330154,0.0005322740863294497,0.324063951800308
197.3329021503584,2.5422044015818454e-05,0.0005067578640474496,0.000532179908063268,0.3240626570961789
197.36624087347892,2.5413499545131825e-05,0.0005066722634906176,0.0005320857630357493,0.32406136281985626
197.39957959659944,2.540495938147762e-05,0.0005065866918478619,0.0005319916512293395,0.3240600689711282
197.43291831971996,2.5396423521961596e-05,0.0005065011491045353,0.0005318975726264968,0.32405877554978274
197.46625704284048,2.5387891963691922e-05,0.0005064156352460001,0.000531803527209692,0.3240574825556081
197.499595765961,2.5379364703779206e-05,0.0005063301502576289,0.000531709514961408,0.32405618998839275
197.53293448908153,2.537084173933647e-05,0.000506244694124804,0.0005316155358641404,0.3240548978479252
197.56627321220205,2.536232306747917e-05,0.0005061592668329173,0.0005315215899003964,0.32405360613399403
197.59961193532257,2.535380868532518e-05,0.0005060738683673709,0.000531427677052696,0.32405231484638813
197.6329506584431,2.5345298589994786e-05,0.0005059884987135767,0.0005313337973035715,0.3240510239848965
197.66628938156362,2.5336792778610706e-05,0.0005059031578569564,0.0005312399506355671,0.3240497335493081
197.69962810468414,2.532829124829806e-05,0.0005058178457829415,0.0005311461370312396,0.32404844353941226
197.73296682780463,2.5319793996184386e-05,0.0005057325624769734,0.0005310523564731578,0.32404715395499833
197.76630555092515,2.5311301019399605e-05,0.0005056473079245031,0.0005309586089439027,0.3240458647958558
197.79964427404568,2.530281231507608e-05,0.0005055620821109916,0.0005308648944260676,0.3240445760617742
197.8329829971662,2.5294327880348562e-05,0.0005054768850219097,0.0005307712129022583,0.32404328775254354
197.86632172028672,2.5285847712354197e-05,0.0005053917166427381,0.0005306775643550923,0.3240419998679536
197.89966044340724,2.5277371808232547e-05,0.000505306576958967,0.0005305839487671995,0.3240407124077945
197.93299916652776,2.5268900165125554e-05,0.0005052214659560967,0.0005304903661212222,0.32403942537185637
197.9663378896483,2.5260432780177566e-05,0.0005051363836196367,0.0005303968163998143,0.3240381387599296
197.9996766127688,2.5251969650535317e-05,0.0005050513299351071,0.0005303032995856424,0.32403685257180465
198.03301533588933,2.524351077334793e-05,0.000504966304888037,0.000530209815661385,0.32403556680727214
198.06635405900985,2.5235056145766914e-05,0.0005048813084639657,0.0005301163646097327,0.3240342814661228
198.09969278213038,2.522660576494618e-05,0.000504796340648442,0.0005300229464133882,0.3240329965481475
198.1330315052509,2.5218159628041987e-05,0.0005047114014270247,0.0005299295610550667,0.32403171205313736
198.1663702283714,2.5209717732213013e-05,0.0005046264907852819,0.0005298362085174948,0.3240304279808834
198.1997089514919,2.5201280074620273e-05,0.0005045416087087915,0.0005297428887834118,0.3240291443311771
198.23304767461244,2.519284665242719e-05,0.0005044567551831416,0.0005296496018355688,0.3240278611038097
198.26638639773296,2.5184417462799557e-05,0.0005043719301939295,0.0005295563476567291,0.324026578298573
198.29972512085348,2.5175992502905503e-05,0.000504287133726762,0.0005294631262296675,0.32402529591525847
198.333063843974,2.5167571769915575e-05,0.0005042023657672565,0.000529369937537172,0.32402401395365815
198.36640256709453,2.5159155261002643e-05,0.0005041176263010389,0.0005292767815620416,0.324022732413564
198.39974129021505,2.5150742973341966e-05,0.0005040329153137457,0.0005291836582870876,0.32402145129476806
198.43308001333557,2.5142334904111158e-05,0.0005039482327910224,0.0005290905676951336,0.3240201705970627
198.4664187364561,2.513393105049019e-05,0.0005038635787185246,0.0005289975097690148,0.3240188903202401
198.4997574595766,2.512553140966138e-05,0.0005037789530819173,0.0005289044844915787,0.3240176104640931
198.53309618269714,2.5117135978809417e-05,0.0005036943558668752,0.0005288114918456846,0.32401633102841415
198.56643490581766,2.510874475512132e-05,0.0005036097870590825,0.0005287185318142039,0.32401505201299613
198.59977362893818,2.5100357735786483e-05,0.0005035252466442334,0.0005286256043800198,0.324013773417632
198.63311235205867,2.5091974917996634e-05,0.0005034407346080312,0.0005285327095260278,0.32401249524211484
198.6664510751792,2.508359629894583e-05,0.000503356250936189,0.0005284398472351348,0.3240112174862378
198.69978979829972,2.5075221875830493e-05,0.0005032717956144295,0.00052834701749026,0.32400994014979423
198.73312852142024,2.506685164584937e-05,0.0005031873686284852,0.0005282542202743345,0.3240086632325777
198.76646724454076,2.5058485606203564e-05,0.0005031029699640977,0.0005281614555703013,0.32400738673438184
198.79980596766129,2.505012375409649e-05,0.0005030185996070186,0.0005280687233611151,0.32400611065500023
198.8331446907818,2.504176608673391e-05,0.0005029342575430089,0.0005279760236297428,0.32400483499422705
198.86648341390233,2.503341260132391e-05,0.000502849943757839,0.0005278833563591629,0.3240035597518561
198.89982213702285,2.5025063295076908e-05,0.0005027656582372891,0.000527790721532366,0.32400228492768157
198.93316086014337,2.5016718165205645e-05,0.0005026814009671486,0.0005276981191323543,0.3240010105214978
198.9664995832639,2.5008377208925186e-05,0.0005025971719332168,0.000527605549142142,0.3239997365330992
198.99983830638442,2.5000040423452916e-05,0.0005025129711213024,0.0005275130115447553,0.32399846296228046
199.03317702950494,2.499170780600854e-05,0.0005024287985172234,0.000527420506323232,0.3239971898088361
199.06651575262543,2.498337935381409e-05,0.0005023446541068077,0.0005273280334606218,0.3239959170725611
199.09985447574596,2.4975055064093876e-05,0.0005022605378758921,0.000527235592939986,0.3239946447532503
199.13319319886648,2.4966734934074567e-05,0.0005021764498103234,0.000527143184744398,0.32399337285069885
199.166531921987,2.4958418960985103e-05,0.0005020923898959577,0.0005270508088569428,0.3239921013647021
199.19987064510752,2.4950107142056756e-05,0.0005020083581186606,0.0005269584652607173,0.3239908302950552
199.23320936822805,2.4941799474523096e-05,0.0005019243544643071,0.0005268661539388302,0.3239895596415539
199.26654809134857,2.4933495955619987e-05,0.0005018403789187817,0.0005267738748744017,0.3239882894039937
199.2998868144691,2.4925196582585604e-05,0.0005017564314679783,0.0005266816280505639,0.32398701958217047
199.3332255375896,2.4916901352660417e-05,0.0005016725120978005,0.0005265894134504609,0.32398575017588
199.36656426071013,2.490861026308718e-05,0.0005015886207941607,0.0005264972310572479,0.3239844811849184
199.39990298383066,2.490032331111096e-05,0.0005015047575429814,0.0005264050808540924,0.32398321260908186
199.43324170695118,2.4892040493979106e-05,0.0005014209223301941,0.0005263129628241733,0.3239819444481667
199.4665804300717,2.488376180894125e-05,0.00050133711514174,0.0005262208769506813,0.3239806767019693
199.4999191531922,2.487548725324932e-05,0.0005012533359635695,0.0005261288232168188,0.3239794093702862
199.53325787631272,2.4867216824157517e-05,0.0005011695847816424,0.0005260368016057999,0.3239781424529143
199.56659659943324,2.4858950518922328e-05,0.0005010858615819277,0.0005259448121008501,0.32397687594965024
199.59993532255376,2.485068833480253e-05,0.0005010021663504042,0.0005258528546852068,0.32397560986029106
199.63327404567428,2.4842430269059172e-05,0.0005009184990730599,0.0005257609293421191,0.32397434418463394
199.6666127687948,2.4834176318955563e-05,0.000500834859735892,0.0005256690360548476,0.32397307892247607
199.69995149191533,2.4825926481757314e-05,0.0005007512483249072,0.0005255771748066645,0.32397181407361475
199.73329021503585,2.481768075473227e-05,0.0005006676648261215,0.0005254853455808538,0.3239705496378476
199.76662893815637,2.480943913515058e-05,0.0005005841092255601,0.0005253935483607107,0.3239692856149721
199.7999676612769,2.4801201620284638e-05,0.0005005005815092579,0.0005253017831295426,0.3239680220047863
199.83330638439742,2.47929682074091e-05,0.0005004170816632587,0.0005252100498706678,0.3239667588070878
199.86664510751794,2.4784738893800907e-05,0.000500333609673616,0.0005251183485674169,0.32396549602167485
199.89998383063846,2.477651367673922e-05,0.0005002501655263921,0.0005250266792031313,0.3239642336483454
199.93332255375898,2.4768292553505497e-05,0.0005001667492076593,0.0005249350417611648,0.323962971686898
199.96666127687948,2.4760075521383438e-05,0.0005000833607034984,0.0005248434362248818,0.32396171013713093
200.0,2.475186257765897e-05,0.0005,0.000524751862577659,0.32396044899884274
