name,type,source,redshift,M500_Msun,M_bar_Msun,M_gas_Msun,M_star_Msun,sigma_kms,sigma2_kms2,Q1_MOND_kms2,Q1_cluster_kms2,IRS_closure,Q1_ref_kms2
PSZ2 G000.04+45.13,cluster,PSZ2_Planck2016,0.1198,396241100000000.0,53492548500000.0,49530137500000.0,3962411000000.0,703.8754159575843,495440.6011894624,922979.8225129253,265374.4993458124,0.2875192857665056,922979.8225129253
PSZ2 G000.13+78.04,cluster,PSZ2_Planck2016,0.171,512239100000000.06,69152278500000.01,64029887500000.01,5122391000000.001,767.2982963487515,588746.6755796964,1049418.7258386123,291329.6409790464,0.2776104845529974,1049418.7258386123
PSZ2 G000.40-41.86,cluster,PSZ2_Planck2016,0.1651,529705300000000.0,71510215500000.0,66213162500000.0,5297053000000.0,775.9914372562049,602162.7106949505,1067160.1656174643,294604.42485100054,0.2760639258686543,1067160.1656174643
PSZ2 G000.77-35.69,cluster,PSZ2_Planck2016,0.3416,633356200000000.0,85503087000000.0,79169525000000.0,6333562000000.0,824.0150330604395,679000.7747095971,1166907.5767634378,311260.54783129715,0.2667396750431741,1166907.5767634378
PSZ2 G002.08-68.28,cluster,PSZ2_Planck2016,0.14,283529700000000.0,38276509500000.0,35441212500000.0,2835297000000.0,629.0056024901099,395648.0479639462,780749.5197933426,231024.60825539625,0.2959010571233478,780749.5197933426
PSZ2 G002.42+69.64,cluster,PSZ2_Planck2016,0.180518,351040100000000.0,47390413500000.0,43880012500000.0,3510401000000.0,675.8047799747345,456712.10063669935,868741.9861747902,252890.67121454937,0.2910998607631103,868741.9861747902
PSZ2 G002.77-56.16,cluster,PSZ2_Planck2016,0.1411,441113200000000.0,59550282000000.0,55139150000000.0,4411132000000.0,729.7098627134976,532476.4837413515,973839.6962942888,276356.6758875515,0.2837804588775339,973839.6962942888
PSZ2 G002.82+39.23,cluster,PSZ2_Planck2016,0.1533,573601700000000.0,77436229500000.0,71700212500000.0,5736017000000.0,797.0296954371748,635256.3354086757,1110497.6951452652,302210.85595212574,0.2721400118823239,1110497.6951452652
PSZ2 G003.91-42.03,cluster,PSZ2_Planck2016,0.1521,471620400000000.0,63668754000000.0,58952550000000.0,4716204000000.0,746.2915181023277,556951.0299914769,1006951.9279302828,283118.08591287694,0.2811634578175006,1006951.9279302828
PSZ2 G003.93-59.41,cluster,PSZ2_Planck2016,0.151,719475400000000.0,97129179000000.0,89934425000000.0,7194754000000.0,860.0798181743455,739737.2936308152,1243713.708533551,321994.40766971523,0.258897530404626,1243713.708533551
PSZ2 G004.04+42.23,cluster,PSZ2_Planck2016,0.151272,359205200000000.0,48492702000000.0,44900650000000.0,3592052000000.0,681.0461100941795,463823.8040744133,878787.2638817403,255261.5420426133,0.2904702338482732,878787.2638817403
PSZ2 G004.13+56.81,cluster,PSZ2_Planck2016,0.38,712281800000000.0,96158043000000.0,89035225000000.0,7122818000000.0,857.180768671852,734758.870180867,1237480.5177976869,321192.7430421671,0.2595537775526242,1237480.5177976869
PSZ2 G004.45-19.55,cluster,PSZ2_Planck2016,0.54,1035693100000000.0,139818568500000.0,129461637500000.0,10356931000000.0,972.0733613827086,944926.619909878,1492203.2723692486,343580.9386482282,0.2302507607443501,1492203.2723692486
PSZ2 G005.91-28.26,cluster,PSZ2_Planck2016,0.1728,428649200000000.0,57867642000000.0,53581150000000.0,4286492000000.0,722.7160106758101,522318.43208715774,959982.8077534708,273435.4906093577,0.2848337370220671,959982.8077534708
PSZ2 G006.05+29.43,cluster,PSZ2_Planck2016,0.2523,551503700000000.06,74452999500000.02,68937962500000.01,5515037000000.001,786.5777742318113,618704.5949154703,1088896.6503128964,298489.68936592026,0.2741212302197355,1088896.6503128964
PSZ2 G006.38+62.03,cluster,PSZ2_Planck2016,0.235712,481395300000000.0,64988365500000.0,60174412500000.0,4813953000000.0,751.4533385409417,564682.1200043272,1017333.5557541644,285173.6588253771,0.2803148064982224,1017333.5557541644
PSZ2 G006.49+50.56,cluster,PSZ2_Planck2016,0.0766,703948400000000.0,95033034000000.0,87993550000000.0,7039484000000.0,853.7979656271349,728970.9661090343,1230220.2167150043,320243.39017843426,0.2603138737498268,1230220.2167150043
PSZ2 G006.68-35.55,cluster,PSZ2_Planck2016,0.0894,416668300000000.0,56250220500000.0,52083537500000.0,4166683000000.0,715.8647748653495,512462.3758930176,946471.79611444,270535.8025445676,0.2858360953334277,946471.79611444
PSZ2 G006.76+30.45,cluster,PSZ2_Planck2016,0.203,1611646800000000.0,217572318000000.0,201455850000000.0,16116468000000.0,1127.779184341562,1271885.8886341192,1861432.8832993344,336129.1061479192,0.1805754637535683,1861432.8832993344
PSZ2 G006.82-34.71,cluster,PSZ2_Planck2016,0.1398,315257400000000.0,42559749000000.0,39407175000000.0,3152574000000.0,651.8278847472592,424879.5913340862,823275.310434253,241834.3668599862,0.2937466529057282,823275.310434253
PSZ2 G006.84+50.69,cluster,PSZ2_Planck2016,0.075728,184441600000000.0,24899616000000.0,23055200000000.0,1844416000000.0,544.3898033443409,296360.25798529014,629711.880612723,189269.4995308901,0.3005652352417536,629711.880612723
PSZ2 G007.57-33.90,cluster,PSZ2_Planck2016,0.55,627372100000000.0,84695233500000.0,78421512500000.0,6273721000000.0,821.3908594747675,674682.9440286972,1161381.8836241462,310417.21426854725,0.2672826385924635,1161381.8836241462
PSZ2 G007.76-36.83,cluster,PSZ2_Planck2016,0.089462,263860900000000.03,35621221500000.01,32982612500000.004,2638609000000.0005,613.9929879082263,376987.3892004713,753182.0587666592,223784.07765112125,0.2971181735496583,753182.0587666592
PSZ2 G008.31-64.74,cluster,PSZ2_Planck2016,0.312,774572900000000.0,104567341500000.0,96821612500000.0,7745729000000.0,881.67054140643,777342.9435839073,1290457.1722267205,327609.2645265573,0.2538706991424274,1290457.1722267205
PSZ2 G008.47-56.34,cluster,PSZ2_Planck2016,0.1486,479195800000000.0,64691433000000.0,59899475000000.0,4791958000000.0,750.2979624520917,562947.0324597604,1015006.7913002432,284715.6482700604,0.2805061510035161,1015006.7913002432
PSZ2 G008.80-35.18,cluster,PSZ2_Planck2016,0.0936,297552100000000.0,40169533500000.0,37194012500000.0,2975521000000.0,639.2909738657912,408692.9492662717,799823.1247526078,235927.8026361217,0.2949749705087562,799823.1247526078
PSZ2 G008.94-81.22,cluster,PSZ2_Planck2016,0.3066,983568400000000.0,132781734000000.0,122946050000000.0,9835684000000.0,955.3526941707156,912698.7702592448,1454168.491562799,341617.81049864483,0.2349231278773666,1454168.491562799
PSZ2 G009.45-56.93,cluster,PSZ2_Planck2016,0.1544,402107600000000.0,54284526000000.0,50263450000000.0,4021076000000.0,707.3598486901627,500357.9555389699,929787.2518817184,266885.6376655699,0.2870394674969381,929787.2518817184
PSZ2 G011.06-63.84,cluster,PSZ2_Planck2016,0.224,407050100000000.0,54951763500000.0,50881262500000.0,4070501000000.0,710.2693611995579,504482.56545882806,935484.0334366772,268140.5258216781,0.2866329260977477,935484.0334366772
PSZ2 G011.36+49.42,cluster,PSZ2_Planck2016,0.0442,186968600000000.0,25240761000000.0,23371075000000.0,1869686000000.0,546.884573820925,299082.7370832947,634010.9879703542,190524.74809839472,0.3005070128331963,634010.9879703542
PSZ2 G011.72-37.96,cluster,PSZ2_Planck2016,0.323,537403200000000.0,72549432000000.0,67175400000000.0,5374032000000.0,779.7623850757858,608029.3771790781,1074886.406592104,296001.5250902781,0.2753793547624649,1074886.406592104
PSZ2 G012.59-20.10,cluster,PSZ2_Planck2016,0.352,697443800000000.0,94154913000000.0,87180475000000.0,6974438000000.0,851.1390088831512,724437.6124425929,1224523.3066277015,319486.74712089286,0.2609070365518393,1224523.3066277015
PSZ2 G012.81+49.68,cluster,PSZ2_Planck2016,0.0355,189815100000000.0,25625038500000.0,23726887500000.0,1898151000000.0,549.668099207595,302135.0192864905,638819.0015108404,191924.2912018405,0.3004361027895687,638819.0015108404
PSZ2 G013.74-45.53,cluster,PSZ2_Planck2016,0.323033,481064900000000.0,64943761500000.0,60133112500000.0,4810649000000.0,751.2800066499298,564421.6483919185,1016984.3783724722,285105.02455656853,0.2803435634014707,1016984.3783724722
PSZ2 G014.09+38.38,cluster,PSZ2_Planck2016,0.2222,472576900000000.0,63797881499999.99,59072112499999.99,4725768999999.999,746.7997336887114,557709.8422375303,1007972.5174439664,283321.5336941803,0.2810806135991007,1007972.5174439664
PSZ2 G014.33+60.23,cluster,PSZ2_Planck2016,0.219834,436591100000000.0,58939798499999.99,54573887499999.99,4365911000000.0,727.18775485462,528802.0308105029,968835.1473757384,275307.851441853,0.2841637735661975,968835.1473757384
PSZ2 G015.75-28.66,cluster,PSZ2_Planck2016,0.149,326018300000000.0,44012470500000.0,40752287500000.0,3260183000000.0,659.2204977892538,434571.6647055117,837208.1276779732,245278.4303320617,0.2929718695067499,837208.1276779732
PSZ2 G018.18-60.00,cluster,PSZ2_Planck2016,0.2515,486844900000000.0,65724061500000.0,60855612500000.0,4868449000000.0,754.3009384299876,568969.90571636,1023075.6754311478,286297.28961101,0.2798397972763429,1023075.6754311478
PSZ2 G018.32-28.50,cluster,PSZ2_Planck2016,0.1612,509226400000000.0,68745564000000.0,63653300000000.0,5092264000000.0,765.779020489906,586417.5082224798,1046328.1318395544,290749.71201487986,0.2778762256001962,1046328.1318395544
PSZ2 G018.54-25.69,cluster,PSZ2_Planck2016,0.3171,899196800000000.0,121391568000000.0,112399600000000.0,8991968000000.0,926.99329947624,859316.5772738459,1390400.2044001014,337223.58246264595,0.2425370633544631,1390400.2044001014
PSZ2 G018.73+23.56,cluster,PSZ2_Planck2016,0.089,396883200000000.0,53579232000000.0,49610400000000.0,3968832000000.0,704.2584564798184,495979.9735233362,923727.3540614948,265541.05461453623,0.2874669169934081,923727.3540614948
PSZ2 G018.84+22.43,cluster,PSZ2_Planck2016,0.0912,360317100000000.0,48642808500000.0,45039637500000.0,3603171000000.0,681.7537187327151,464788.1330058861,880146.33185831,255580.2779282361,0.2903838471821076,880146.33185831
PSZ2 G019.12+31.23,cluster,PSZ2_Planck2016,0.28,664940800000000.0,89767008000000.0,83117600000000.0,6649408000000.0,837.5996358896546,701573.150042482,1195649.6399162428,315494.225335282,0.2638684567808533,1195649.6399162428
PSZ2 G019.48-80.97,cluster,PSZ2_Planck2016,0.062,260636900000000.0,35185981500000.0,32579612500000.0,2606369000000.0,611.461983800349,373885.75763305824,748566.5168689889,222554.36979970825,0.2973074066023966,748566.5168689889
PSZ2 G020.08+37.47,cluster,PSZ2_Planck2016,0.332806,547780200000000.0,73950326999999.98,68472524999999.99,5477801999999.999,784.7893937705536,615894.392574753,1085214.5594947168,297841.4311804531,0.2744539580441402,1085214.5594947168
PSZ2 G020.66+37.99,cluster,PSZ2_Planck2016,0.345133,565253100000000.0,76309168500000.0,70656637500000.0,5652531000000.0,793.1129300772153,629028.1198556658,1102386.5935456972,300830.0170540158,0.2728897637320056,1102386.5935456972
PSZ2 G021.08+38.00,cluster,PSZ2_Planck2016,0.3815,616577200000000.0,83237922000000.0,77072150000000.0,6165772000000.0,816.6146841631585,666859.5423908951,1151346.850264692,308861.5636610951,0.2682610922938544,1151346.850264692
PSZ2 G021.10+33.24,cluster,PSZ2_Planck2016,0.1514,778831500000000.0,105142252500000.0,97353937500000.0,7788315000000.0,883.2963114420136,780212.3738070666,1293999.7748595169,328006.0600298166,0.2534823161506551,1293999.7748595169
PSZ2 G021.36-43.02,cluster,PSZ2_Planck2016,0.38,581080000000000.0,78445800000000.0,72635000000000.0,5810800000000.0,800.5061445338084,640810.0874363825,1117713.2788275585,303422.5462163826,0.2714672465327262,1117713.2788275585
PSZ2 G022.12-38.81,cluster,PSZ2_Planck2016,0.188,373132400000000.0,50372874000000.0,46641550000000.0,3731324000000.0,689.8066124011713,475833.1625123797,895661.5430987544,259184.4687257797,0.2893776904042003,895661.5430987544
PSZ2 G022.98+19.49,cluster,PSZ2_Planck2016,0.4044,679003300000000.0,91665445500000.0,84875412500000.0,6790033000000.0,843.5102249343894,711509.4995688641,1208226.5896636057,317265.5850179141,0.2625878189837282,1208226.5896636057
PSZ2 G023.17+86.71,cluster,PSZ2_Planck2016,0.3063,503305000000000.0,67946175000000.0,62913125000000.0,5033050000000.0,762.7754316427737,581826.3591178197,1040226.872932181,289596.6550603197,0.278397590560228,1040226.872932181
PSZ2 G023.40-15.26,cluster,PSZ2_Planck2016,0.0829,236974100000000.0,31991503500000.0,29621762500000.0,2369741000000.0,592.2170336104385,350721.01489834726,713777.555973659,213128.7574951973,0.2985926857905609,713777.555973659
PSZ2 G024.44+22.76,cluster,PSZ2_Planck2016,0.1647,450584400000000.0,60828894000000.0,56323050000000.0,4505844000000.0,734.9371231476212,540132.5749805017,984238.8927371572,278513.5847759017,0.2829735614301509,984238.8927371572
PSZ2 G025.13-75.88,cluster,PSZ2_Planck2016,0.03,148029300000000.0,19983955500000.0,18503662500000.0,1480293000000.0,505.6129867995668,255644.4924203789,564139.2142880404,169695.4982104289,0.3008042942460389,564139.2142880404
PSZ2 G026.73-38.94,cluster,PSZ2_Planck2016,0.202,540904700000000.0,73022134500000.0,67613087500000.0,5409047000000.0,781.4657917949128,610688.78374565,1078382.4817335089,296627.8854746,0.2750674185635584,1078382.4817335089
PSZ2 G028.05+25.43,cluster,PSZ2_Planck2016,0.284,662910400000000.0,89492904000000.0,82863800000000.0,6629104000000.0,836.7394047178774,700132.8314076278,1193822.7832459048,315232.8005940278,0.2640532623585354,1193822.7832459048
PSZ2 G028.08+10.79,cluster,PSZ2_Planck2016,0.0882,328598700000000.0,44360824500000.0,41074837500000.0,3285987000000.0,660.9690448073637,436880.0781935588,840514.8040016629,246088.6081015088,0.2927831930263324,840514.8040016629
PSZ2 G028.63+50.15,cluster,PSZ2_Planck2016,0.0916,324913500000000.0,43863322500000.0,40614187500000.0,3249135000000.0,658.4690463439985,433581.4849931748,835788.3722871037,244929.7212529248,0.2930523196711672,835788.3722871037
PSZ2 G028.77-33.56,cluster,PSZ2_Planck2016,0.1475,451443500000000.0,60944872500000.0,56430437500000.0,4514435000000.0,735.4076477362488,540824.4083489627,985176.738092121,278706.6062137127,0.2829001086175176,985176.738092121
PSZ2 G028.89+60.13,cluster,PSZ2_Planck2016,0.153,454262400000000.0,61325424000000.0,56782800000000.0,4542624000000.0,736.947381163129,543091.442603194,988247.76799933,279336.92652159405,0.2826587982962016,988247.76799933
PSZ2 G029.06+44.55,cluster,PSZ2_Planck2016,0.0353,352703500000000.0,47614972500000.0,44087937500000.0,3527035000000.0,676.8790625614649,458165.26533408754,870797.8162731654,253378.0301088376,0.2909722846954797,870797.8162731654
PSZ2 G030.90+34.37,cluster,PSZ2_Planck2016,0.1819,371352700000000.0,50132614500000.0,46419087500000.0,3713527000000.0,688.6993782840069,474306.8336487776,893523.0071541278,258691.47194572765,0.2895185349168125,893523.0071541278
PSZ2 G031.93+78.71,cluster,PSZ2_Planck2016,0.0724,271831800000000.0,36697293000000.0,33978975000000.0,2718318000000.0,620.1636194956113,384602.9149458974,764473.7492606436,226771.52748219745,0.2966374289522932,764473.7492606436
PSZ2 G033.46-48.43,cluster,PSZ2_Planck2016,0.0943,407692500000000.0,55038487500000.0,50961562500000.0,4076925000000.0,710.6457984673539,505017.4508793029,936221.925437695,268302.41999055294,0.2865799365520288,936221.925437695
PSZ2 G033.81+77.18,cluster,PSZ2_Planck2016,0.0622,446521300000000.06,60280375500000.01,55815162500000.01,4465213000000.001,732.7036764964258,536854.6775513791,979791.2052377549,277594.810563429,0.2833203738505371,979791.2052377549
PSZ2 G033.97-76.61,cluster,PSZ2_Planck2016,0.2264,755753900000000.0,102026776500000.0,94469237500000.0,7557539000000.0,874.414219651358,764600.2275284935,1274684.3245556138,325793.2644796435,0.2555874095284124,1274684.3245556138
PSZ2 G034.38+51.57,cluster,PSZ2_Planck2016,0.0411,192802100000000.0,26028283500000.0,24100262500000.0,1928021000000.0,552.5593719945068,305321.8595789638,643825.7264813577,193376.81507381375,0.3003558371776451,643825.7264813577
PSZ2 G034.78+31.71,cluster,PSZ2_Planck2016,0.48,626410200000000.0,84565377000000.0,78301275000000.0,6264102000000.0,820.9674943622016,673987.6267993515,1160491.2146213038,310280.39686005155,0.2673698800566133,1160491.2146213038
PSZ2 G036.73+14.93,cluster,PSZ2_Planck2016,0.1525,528835900000000.0,71392846500000.0,66104487500000.0,5288359000000.0,775.5632651948815,601498.3783197461,1066284.0463361973,294444.8848078961,0.2761411331432958,1066284.0463361973
PSZ2 G037.05-70.55,cluster,PSZ2_Planck2016,0.088,221628700000000.0,29919874500000.0,27703587500000.0,2216287000000.0,579.04422385123,335292.2131754733,690280.2474612726,206609.82493842332,0.2993129612187186,690280.2474612726
PSZ2 G037.48+71.52,cluster,PSZ2_Planck2016,0.480965,705875300000000.0,95293165500000.0,88234412500000.0,7058753000000.0,854.5825117614135,730311.2694084464,1231902.7912949924,320464.8939094964,0.260138134416125,1231902.7912949924
PSZ2 G037.69-46.87,cluster,PSZ2_Planck2016,0.263,517320000000000.0,69838199999999.99,64664999999999.99,5173199999999.999,769.8471607795412,592664.6509603208,1054610.4759098266,292297.5365803209,0.2771616091980803,1054610.4759098266
PSZ2 G038.68+24.50,cluster,PSZ2_Planck2016,0.0836,247515700000000.0,33414619500000.0,30939462500000.0,2475156999999.9995,600.9411207403651,361130.2305966861,729480.7272435216,217417.29358913616,0.2980439173639141,729480.7272435216
PSZ2 G038.95-46.90,cluster,PSZ2_Planck2016,0.0614,195611400000000.0,26407539000000.0,24451425000000.0,1956114000000.0,555.2516225152337,308304.36430579965,648499.3233626591,194728.17982069965,0.3002750701588661,648499.3233626591
PSZ2 G039.21-75.96,cluster,PSZ2_Planck2016,0.243501,389673000000000.0,52605855000000.0,48709125000000.0,3896730000000.0,699.9333772768587,489906.73262618936,915298.191242006,263654.2108566894,0.2880528044078467,915298.191242006
PSZ2 G039.32-59.88,cluster,PSZ2_Planck2016,0.1359,319194000000000.0,43091190000000.0,39899250000000.0,3191940000000.0,654.5514416205085,428437.589727486,828399.4582215676,243106.690656486,0.2934655355501977,828399.4582215676
PSZ2 G039.34+73.28,cluster,PSZ2_Planck2016,0.566447,569122300000000.0,76831510500000.0,71140287500000.0,5691223000000.0,794.9329166629276,631918.341994229,1106153.11859035,301473.69848477904,0.2725424657925916,1106153.11859035
PSZ2 G039.85-39.96,cluster,PSZ2_Planck2016,0.176,591514000000000.0,79854390000000.0,73939250000000.0,5915140000000.0,805.3073214144339,648519.8819236903,1127703.5837941014,305074.1359726904,0.2705268834442149,1127703.5837941014
PSZ2 G039.98-53.12,cluster,PSZ2_Planck2016,0.1301,347653100000000.0,46933168500000.0,43456637500000.0,3476531000000.0,673.6068420553581,453746.1776637922,864540.8122348342,251891.31326214224,0.2913584988671666,864540.8122348342
PSZ2 G040.03+74.95,cluster,PSZ2_Planck2016,0.0612,257066600000000.0,34703991000000.0,32133325000000.0,2570666000000.0,608.6347400345778,370436.2467769581,743421.7678847325,221177.8518850581,0.2975132844366103,743421.7678847325
PSZ2 G040.28+37.36,cluster,PSZ2_Planck2016,0.1535,316957300000000.0,42789235500000.0,39619662500000.0,3169573000000.0,653.0067236435153,426417.7811236384,825491.9185566913,242385.5581616884,0.2936255979167921,825491.9185566913
PSZ2 G040.58+77.12,cluster,PSZ2_Planck2016,0.0748,262668200000000.03,35460207000000.01,32833525000000.004,2626682000000.0005,613.0590634205976,375841.4152421403,751477.8697684766,223330.61095584027,0.2971885399960565,751477.8697684766
PSZ2 G041.43-66.81,cluster,PSZ2_Planck2016,0.1108,270974400000000.0,36581544000000.0,33871800000000.0,2709744000000.0,619.5056827771847,383787.29099322576,763267.1622001595,226453.72840362575,0.2966899922051677,763267.1622001595
PSZ2 G041.45+29.10,cluster,PSZ2_Planck2016,0.178,558706100000000.0,75425323500000.0,69838262500000.0,5587061000000.0,790.0144316203124,624122.8021683652,1095983.8462938538,299726.02832721523,0.2734766842967255,1095983.8462938538
PSZ2 G041.69+21.68,cluster,PSZ2_Planck2016,0.479,582898400000000.0,78691284000000.0,72862300000000.0,5828984000000.0,801.3469717929474,642156.969201727,1119460.7682007349,303713.62584612693,0.2713035011796562,1119460.7682007349
PSZ2 G042.19+63.00,cluster,PSZ2_Planck2016,0.256841,427289100000000.06,57684028500000.01,53411137500000.01,4272891000000.001,721.944692009231,521204.13832030335,958458.5893657028,273110.9001446533,0.2849480438433913,958458.5893657028
PSZ2 G042.32+17.48,cluster,PSZ2_Planck2016,0.458,702905500000000.0,94892242500000.0,87863187500000.0,7029055000000.0,853.372749263898,728245.0491862237,1229308.5929323323,320123.00341797364,0.260408985391022,1229308.5929323323
PSZ2 G042.53+35.20,cluster,PSZ2_Planck2016,0.1811,343071500000000.0,46314652500000.0,42883937500000.0,3430715000000.0,670.6109455101154,449719.0402379709,858825.1764636418,250524.35130072088,0.2917058770124757,858825.1764636418
PSZ2 G042.81+56.61,cluster,PSZ2_Planck2016,0.0723,408112000000000.0,55095120000000.0,51014000000000.0,4081120000000.0,710.8914069775403,505366.5925145069,936703.4698857068,268407.9909065069,0.2865453150710086,936703.4698857068
PSZ2 G042.81-82.97,cluster,PSZ2_Planck2016,0.141,425975200000000.0,57506652000000.0,53246900000000.0,4259752000000.0,721.198023903279,520126.5896819946,956983.8403926566,272796.23009519465,0.285058345377352,956983.8403926566
PSZ2 G044.07-59.30,cluster,PSZ2_Planck2016,0.1325,303362700000000.0,40953964500000.0,37920337500000.0,3033627000000.0,643.4587202603503,414039.1246790878,807594.8431231668,237900.21876103777,0.2945786749219688,807594.8431231668
PSZ2 G044.20+48.66,cluster,PSZ2_Planck2016,0.0894,877130700000000.0,118412644500000.0,109641337500000.0,8771307000000.0,919.2867633523122,845088.15327477,1373234.173545461,335807.21054472006,0.2445374700206608,1373234.173545461
PSZ2 G044.46-65.42,cluster,PSZ2_Planck2016,0.0829,256931000000000.03,34685685000000.004,32116375000000.004,2569310000000.0005,608.5268488098181,370304.9257224073,743225.6683349885,221125.26310590727,0.2975210256143106,743225.6683349885
PSZ2 G044.58-20.46,cluster,PSZ2_Planck2016,0.2746,565164000000000.0,76297140000000.0,70645500000000.0,5651640000000.0,793.0709220982311,628961.4874777385,1102299.7063473233,300815.11805173854,0.2728977575876762,1102299.7063473233
PSZ2 G044.77-51.30,cluster,PSZ2_Planck2016,0.5027,835928200000000.0,112850307000000.0,104491025000000.0,8359282000000.0,904.5449933053796,818201.6449138293,1340592.961201823,332843.7595375293,0.2482809989089749,1340592.961201823
PSZ2 G045.04+30.38,cluster,PSZ2_Planck2016,0.1603,323883700000000.0,43724299500000.0,40485462500000.0,3238837000000.0,657.7670783234139,432657.5293261201,834462.8226670533,244603.6896065701,0.2931271267721483,834462.8226670533
PSZ2 G045.10-43.18,cluster,PSZ2_Planck2016,0.0808,280474000000000.0,37863989999999.99,35059250000000.0,2804739999999.9995,626.7196540136877,392777.5247270364,776530.9156006633,229928.2901360364,0.2960967625586187,776530.9156006633
PSZ2 G045.13+67.78,cluster,PSZ2_Planck2016,0.2191,482536700000000.0,65142454500000.0,60317087500000.0,4825367000000.0,752.0515238800065,565581.4945702399,1018538.9030395568,285410.31201118993,0.2802154254093381,1018538.9030395568
PSZ2 G045.32-38.46,cluster,PSZ2_Planck2016,0.594,765051000000000.0,103281885000000.0,95631375000000.0,7650510000000.0,878.0138530910378,770908.3262197706,1282500.7866892596,326703.2670232706,0.2547392332340365,1282500.7866892596
PSZ2 G045.50-37.21,cluster,PSZ2_Planck2016,0.1153,280748900000000.0,37901101500000.0,35093612500000.0,2807489000000.0,626.925979775313,393036.1841172361,776911.3716640061,230027.3366758861,0.2960792505626586,776911.3716640061
PSZ2 G045.51+16.26,cluster,PSZ2_Planck2016,0.24,411229200000000.0,55515942000000.0,51403650000000.0,4112292000000.0,712.7112326810844,507957.3011897909,940273.9819538814,269188.78624199086,0.2862876048985412,940273.9819538814
PSZ2 G045.87+57.70,cluster,PSZ2_Planck2016,0.611,702953300000000.0,94898695500000.0,87869162500000.0,7029533000000.0,853.3922476738892,728278.3283898926,1229350.3908353148,320128.5289139426,0.2604046261346391,1229350.3908353148
PSZ2 G046.10+27.18,cluster,PSZ2_Planck2016,0.389,826926900000000.0,111635131500000.0,103365862500000.0,8269269000000.0,901.2605267321863,812270.537045578,1333355.6529173558,332138.99997722806,0.2491000801252947,1333355.6529173558
PSZ2 G046.13+30.72,cluster,PSZ2_Planck2016,0.569,639454000000000.0,86326290000000.0,79931750000000.0,6394540000000.0,826.6721859414434,683386.9030092044,1172511.4725106868,312106.16234820447,0.2661860200650273,1172511.4725106868
PSZ2 G046.26-70.47,cluster,PSZ2_Planck2016,0.1431,301767100000000.0,40738558500000.0,37720887500000.0,3017671000000.0,642.3195680810915,412574.4275398799,805468.1854687829,237361.96128722987,0.2946881895143817,805468.1854687829
PSZ2 G046.47-49.44,cluster,PSZ2_Planck2016,0.0846,438968000000000.0,59260680000000.0,54871000000000.0,4389680000000.0,728.5155728283498,530734.9398534187,971468.845693919,275860.6812414188,0.2839624579462163,971468.845693919
PSZ2 G046.88+56.48,cluster,PSZ2_Planck2016,0.1145,530745000000000.0,71650575000000.0,66343125000000.0,5307450000000.0,776.5028683651294,602956.7045792735,1068206.9575941982,294794.74656177347,0.2759715656839629,1068206.9575941982
PSZ2 G047.48+37.37,cluster,PSZ2_Planck2016,0.24,419451100000000.06,56625898500000.01,52431387500000.01,4194511000000.001,717.4676560161248,514759.8374292724,949627.1341650144,271217.5105706224,0.2856042132885111,949627.1341650144
PSZ2 G047.71-59.47,cluster,PSZ2_Planck2016,0.2472,461034400000000.06,62239644000000.01,57629300000000.01,4610344000000.001,740.6206168007233,548518.8980302837,995586.7597233736,280832.41315068374,0.2820772879992034,995586.7597233736
PSZ2 G047.73-60.15,cluster,PSZ2_Planck2016,0.1221,336443800000000.0,45419913000000.0,42055475000000.0,3364438000000.0,666.2297286741378,443862.0513692153,850489.0204203347,248515.5475475153,0.2922031226513568,850489.0204203347
PSZ2 G048.08-46.63,cluster,PSZ2_Planck2016,0.0809,211069500000000.03,28494382500000.004,26383687500000.004,2110695000000.0,569.6241057614096,324471.62186448555,673635.843174363,201920.13217023556,0.2997467165920546,673635.843174363
PSZ2 G048.09+27.18,cluster,PSZ2_Planck2016,0.73608,613485200000000.0,82820502000000.0,76685650000000.0,6134852000000.0,815.2364184261073,664610.4179282271,1148456.345395186,308407.72087642713,0.2685410917994479,1148456.345395186
PSZ2 G048.10+57.16,cluster,PSZ2_Planck2016,0.0777,358989100000000.0,48463528500000.0,44873637500000.0,3589891000000.0,680.9084161915417,463636.2712404738,878522.8822713745,255199.4815148238,0.2904870057055532,878522.8822713745
PSZ2 G048.21-65.00,cluster,PSZ2_Planck2016,0.42,559969000000000.0,75595815000000.0,69996125000000.0,5599690000000.0,790.6139937874564,625070.487172552,1097221.828765056,299940.44643905206,0.2733635428823365,1097221.828765056
PSZ2 G048.24-51.59,cluster,PSZ2_Planck2016,0.544,733088800000000.0,98966988000000.0,91636100000000.0,7330888000000.0,865.5138272515126,749114.1851635611,1255424.9019733963,323467.0664743612,0.2576554487376384,1255424.9019733963
PSZ2 G048.75+53.18,cluster,PSZ2_Planck2016,0.098,252818600000000.0,34130511000000.0,31602325000000.0,2528185999999.9995,605.2366649245998,366311.42056905234,737253.6946450995,219519.50580915235,0.2977530087724078,737253.6946450995
PSZ2 G048.91-25.55,cluster,PSZ2_Planck2016,0.3334,544166800000000.0,73462518000000.0,68020850000000.0,5441668000000.0,783.0461598296022,613161.2884238869,1081629.360188356,297206.3447576869,0.2747765137458279,1081629.360188356
PSZ2 G049.09+25.23,cluster,PSZ2_Planck2016,0.141,368218400000000.0,49709484000000.0,46027300000000.0,3682184000000.0,686.7407865521396,471612.9079142514,889744.2496688226,257817.38817865145,0.2897657256842236,889744.2496688226
PSZ2 G049.18+65.05,cluster,PSZ2_Planck2016,0.234,472974700000000.0,63851584500000.0,59121837500000.0,4729747000000.0,747.0108950194432,558025.2772777496,1008396.667589394,283405.99750169966,0.2810461464328231,1008396.667589394
PSZ2 G049.22+30.87,cluster,PSZ2_Planck2016,0.1644,590414600000000.0,79705971000000.0,73801825000000.0,5904146000000.0,804.8040991937635,647709.638079085,1126655.1099336725,304902.22740518505,0.2706260546966631,1126655.1099336725
PSZ2 G049.32+44.37,cluster,PSZ2_Planck2016,0.0972,367120800000000.0,49561308000000.0,45890100000000.0,3671208000000.0,686.052291181924,470667.7462359675,888417.1675150367,257509.5166587675,0.2898520268119527,888417.1675150367
PSZ2 G049.69-49.46,cluster,PSZ2_Planck2016,0.098,363174900000000.0,49028611500000.0,45396862500000.0,3631749000000.0,683.565783321087,467262.1801273713,883629.8113740128,256395.0249270213,0.2901611304040729,883629.8113740128
PSZ2 G049.80-25.16,cluster,PSZ2_Planck2016,0.3211,639264600000000.0,86300721000000.0,79908075000000.0,6392646000000.0,826.5899075143598,683250.8752045978,1172337.8164546296,312080.10425569786,0.2662032222073044,1172337.8164546296
PSZ2 G050.06-27.32,cluster,PSZ2_Planck2016,0.334,659779600000000.0,89070246000000.0,82472450000000.0,6597796000000.0,835.4095254757767,697909.0752556624,1191000.3476350934,314826.8542342625,0.2643381715709803,1191000.3476350934
PSZ2 G050.40+31.17,cluster,PSZ2_Planck2016,0.164,433106800000000.0,58469418000000.0,54138350000000.0,4331068000000.0,725.2326016894859,525962.3265533006,964961.414670116,274491.2066771006,0.2844582203019369,964961.414670116
PSZ2 G050.46+67.54,cluster,PSZ2_Planck2016,0.1313,292339500000000.0,39465832500000.0,36542437500000.0,2923395000000.0,635.5059163032496,403867.7696564329,792786.4094295574,234129.17065718287,0.2953243999548989,792786.4094295574
PSZ2 G052.35-31.98,cluster,PSZ2_Planck2016,0.264975,458825500000000.0,61941442500000.0,57353187500000.0,4588255000000.0,739.4264364830829,546751.4549700705,993198.8771087142,280347.50492182054,0.282267239103145,993198.8771087142
PSZ2 G053.44-36.25,cluster,PSZ2_Planck2016,0.33,745394500000000.0,100628257500000.0,93174312500000.0,7453945000000.0,870.3684820202475,757541.2944942298,1265917.893476085,324749.22181247984,0.2565326104371198,1265917.893476085
PSZ2 G053.53+59.52,cluster,PSZ2_Planck2016,0.113,585032900000000.0,78979441500000.0,73129112500000.0,5850329000000.0,802.3317443405667,643736.2279765765,1121508.5568928516,304053.5480292266,0.2711112154789165,1121508.5568928516
PSZ2 G053.55-29.85,cluster,PSZ2_Planck2016,0.0494,179617400000000.0,24248349000000.0,22452175000000.0,1796174000000.0,539.5633747595506,291128.6353819152,621422.0358068936,186838.9111678152,0.3006634789273473,621422.0358068936
PSZ2 G053.63-41.84,cluster,PSZ2_Planck2016,0.1509,325765200000000.0,43978302000000.0,40720650000000.0,3257652000000.0,659.0484963355663,434344.9205221709,836883.0868458801,245198.6414503709,0.2929903176493833,836883.0868458801
PSZ2 G053.64-34.48,cluster,PSZ2_Planck2016,0.2347,433845200000000.0,58569102000000.0,54230650000000.0,4338452000000.0,725.6478115163802,526564.7463585121,965783.6415108392,274664.89556671213,0.2843958871958482,965783.6415108392
PSZ2 G053.88-64.60,cluster,PSZ2_Planck2016,0.262,497212600000000.0,67123701000000.0,62151575000000.0,4972126000000.0,759.6605127347422,577084.0946084113,1033911.8416704248,288391.7689775113,0.2789326491430597,1033911.8416704248
PSZ2 G053.99-45.06,cluster,PSZ2_Planck2016,0.0582,178375300000000.0,24080665500000.0,22296912500000.0,1783753000000.0,538.3067961350897,289774.20676522504,619269.6625929266,186205.67251627505,0.3006859269298265,619269.6625929266
PSZ2 G054.85+54.30,cluster,PSZ2_Planck2016,0.2347,438553600000000.0,59204736000000.0,54819200000000.0,4385536000000.0,728.2844189589149,530398.1948983243,971010.1884046802,275764.54583592433,0.2839975822385461,971010.1884046802
PSZ2 G054.95-33.39,cluster,PSZ2_Planck2016,0.392,732301900000000.0,98860756500000.0,91537737500000.0,7323019000000.0,865.2015566622556,748573.7336507903,1254750.932394342,323383.5060199403,0.2577272490269069,1254750.932394342
PSZ2 G054.99+53.41,cluster,PSZ2_Planck2016,0.229,572795900000000.0,77327446500000.0,71599487500000.0,5727959000000.0,796.6533095966674,634656.4956913237,1109717.4032346527,302078.8810394737,0.2722124390939179,1109717.4032346527
PSZ2 G055.59+31.85,cluster,PSZ2_Planck2016,0.224,777852000000000.0,105010020000000.0,97231500000000.0,7778520000000.0,882.9228996309114,779552.8466926564,1293185.8173214651,327915.25167465647,0.2535716424371688,1293185.8173214651
PSZ2 G055.80+32.90,cluster,PSZ2_Planck2016,0.1054,257860600000000.03,34811181000000.004,32232575000000.004,2578606000000.0005,609.2657352293048,371204.73612450535,744568.9838010008,221485.32776160527,0.2974678405631804,744568.9838010008
PSZ2 G055.95-34.89,cluster,PSZ2_Planck2016,0.231,673169500000000.0,90877882500000.0,84146187500000.0,6731695000000.0,841.0681879356486,707395.6967573555,1203025.0262476637,316539.0119131055,0.2631192244607058,1203025.0262476637
PSZ2 G056.14+28.06,cluster,PSZ2_Planck2016,0.426,552997400000000.0,74654649000000.0,69124675000000.0,5529974000000.0,787.292938478248,619830.1709777144,1090370.24434051,298747.9910936144,0.2739876593700578,1090370.24434051
PSZ2 G056.62+88.42,cluster,PSZ2_Planck2016,0.045041,329575800000000.0,44492733000000.0,41196975000000.0,3295758000000.0,661.6287734253117,437752.6338242824,841763.526842448,246393.83846458248,0.2927114689666278,841763.526842448
PSZ2 G056.77+36.32,cluster,PSZ2_Planck2016,0.0953,437962600000000.0,59124951000000.0,54745325000000.0,4379626000000.0,727.9545059012693,529917.762661961,970355.6954427944,275627.26090606104,0.284047656133235,970355.6954427944
PSZ2 G056.79-11.60,cluster,PSZ2_Planck2016,0.122,400622600000000.0,54084051000000.0,50077825000000.0,4006226000000.0,706.4810344124298,499115.45198445686,928068.7924377766,266505.35703855683,0.2871612096108974,928068.7924377766
PSZ2 G056.93-55.08,cluster,PSZ2_Planck2016,0.447,999237400000000.0,134897049000000.0,124904675000000.0,9992374000000.0,960.4396366593056,922444.2956662588,1465705.7342785515,342265.5776221588,0.2335158890475573,1465705.7342785515
PSZ2 G057.08-74.45,cluster,PSZ2_Planck2016,0.248,470792800000000.0,63557028000000.0,58849100000000.0,4707928000000.0,745.8512381884052,556294.0695071771,1006068.039819153,282941.6477819771,0.281235101984591,1006068.039819153
PSZ2 G057.25-45.34,cluster,PSZ2_Planck2016,0.397,1050395400000000.0,141803379000000.0,131299425000000.0,10503954000000.0,976.6882041993152,953919.8482220832,1502757.320274212,344037.69548098336,0.2289376274129251,1502757.320274212
PSZ2 G057.61+34.93,cluster,PSZ2_Planck2016,0.0802,373165700000000.0,50377369500000.0,46645712500000.0,3731657000000.0,689.8272964252739,475861.6988934026,895701.5086230213,259193.67041085265,0.2893750517505725,895701.5086230213
PSZ2 G057.73+51.58,cluster,PSZ2_Planck2016,0.2382,558601900000000.0,75411256500000.0,69825237500000.0,5586019000000.0,789.9649224667896,624044.5787279609,1095881.6397473414,299708.3056471109,0.2734860178113847,1095881.6397473414
PSZ2 G057.78+52.32,cluster,PSZ2_Planck2016,0.0654,237944600000000.03,32122521000000.004,29743075000000.004,2379446000000.0005,593.0308478241485,351685.5864710284,715237.6592652826,213529.8359021284,0.2985438939575326,715237.6592652826
PSZ2 G057.80+88.00,cluster,PSZ2_Planck2016,0.0231,716529700000000.0,96731509500000.0,89566212500000.0,7165297000000.0,858.8950268330789,737700.6671185953,1241165.0702596165,321668.1179100454,0.2591662669355991,1241165.0702596165
PSZ2 G057.92+27.64,cluster,PSZ2_Planck2016,0.0757,268396900000000.0,36233581499999.99,33549612500000.0,2683968999999.9995,617.5194434747851,381330.2630694084,759628.4019192667,225493.2523960584,0.2968467895965057,759628.4019192667
PSZ2 G058.29+18.55,cluster,PSZ2_Planck2016,0.065,388200200000000.0,52407027000000.0,48525025000000.0,3882002000000.0,699.0433871156393,488661.6570701056,913566.8326984457,263264.2746458056,0.2881718832416337,913566.8326984457
PSZ2 G058.81-49.68,cluster,PSZ2_Planck2016,0.52,671454600000000.0,90646371000000.0,83931825000000.0,6714546000000.0,840.3476571664874,706184.1849052041,1201491.6953328585,316323.2078713041,0.2632754009869961,1201491.6953328585
PSZ2 G059.18+32.91,cluster,PSZ2_Planck2016,0.383,521330200000000.0,70379576999999.98,65166274999999.99,5213301999999.999,771.8471893343373,595748.0836833162,1058690.189133166,293052.5609640164,0.2768067220911547,1058690.189133166
PSZ2 G059.29+44.49,cluster,PSZ2_Planck2016,0.342746,575856600000000.0,77740641000000.0,71982075000000.0,5758566000000.0,798.0810874863924,636933.4222034628,1112678.3068254646,302578.69932656287,0.2719372683645081,1112678.3068254646
PSZ2 G059.47+33.06,cluster,PSZ2_Planck2016,0.387,608797800000000.0,82187703000000.0,76099725000000.0,6087978000000.0,813.138175690476,661193.6927652354,1144060.4800849976,307712.6009325355,0.2689653268240452,1144060.4800849976
PSZ2 G059.72-46.21,cluster,PSZ2_Planck2016,0.0902,222578300000000.0,30048070500000.0,27822287500000.0,2225783000000.0,579.8766562209148,336256.936429949,691757.4692465749,207023.19001649905,0.2992713475750071,691757.4692465749
PSZ2 G059.81-39.09,cluster,PSZ2_Planck2016,0.224,499100200000000.0,67378527000000.0,62387525000000.0,4991002000000.0,760.6283004319836,578555.4114180479,1035872.5353883392,288767.10464374785,0.2787670246856112,1035872.5353883392
PSZ2 G060.00-18.68,cluster,PSZ2_Planck2016,0.221,458471400000000.0,61893639000000.0,57308925000000.0,4584714000000.0,739.234647374537,546467.8638789561,992815.5509821428,280269.51190385607,0.2822976650865303,992815.5509821428
PSZ2 G060.10+15.59,cluster,PSZ2_Planck2016,0.19,466656800000000.0,62998668000000.0,58332100000000.0,4666568000000.0,743.6431660634858,553005.158432925,1001639.0460272748,282054.187231725,0.281592643927386,1001639.0460272748
PSZ2 G060.13+11.44,cluster,PSZ2_Planck2016,0.224,552823500000000.0,74631172499999.98,69102937499999.99,5528234999999.999,787.2097434308603,619699.1801524808,1090198.7875716093,298717.9703472309,0.2740032127650937,1090198.7875716093
PSZ2 G060.16+64.50,cluster,PSZ2_Planck2016,0.360746,499915800000000.06,67488633000000.01,62489475000000.01,4999158000000.001,761.0457132297455,579190.577625372,1036718.5706809572,288928.715955672,0.2786954185318512,1036718.5706809572
PSZ2 G060.55+27.00,cluster,PSZ2_Planck2016,0.1712,348042400000000.0,46985724000000.0,43505300000000.0,3480424000000.0,673.8601930866047,454087.55982671614,865024.7307872816,252006.65947511612,0.2913288493448717,865024.7307872816
PSZ2 G061.47-14.69,cluster,PSZ2_Planck2016,0.169,376875800000000.0,50878233000000.0,47109475000000.0,3768758000000.0,692.124161742511,479035.8552677735,900143.1321589124,260213.66295807352,0.2890803180756092,900143.1321589124
PSZ2 G061.75+88.11,cluster,PSZ2_Planck2016,0.043605,340226300000000.0,45930550500000.0,42528287500000.0,3402263000000.0,668.7370829919028,447209.2861685191,855256.5081987582,249666.58152306904,0.2919201188528664,855256.5081987582
PSZ2 G062.44-46.43,cluster,PSZ2_Planck2016,0.0906,346684000000000.0,46802340000000.0,43335500000000.0,3466840000000.0,672.9753460387038,452895.8163759132,863334.9964562366,251603.6322699132,0.291432217276816,863334.9964562366
PSZ2 G062.46-21.35,cluster,PSZ2_Planck2016,0.1615,433495900000000.0,58521946499999.99,54186987499999.99,4334959000000.0,725.45145510784,526279.8137180825,965394.7745194844,274582.7740162325,0.2844253783670036,965394.7745194844
PSZ2 G062.94+43.69,cluster,PSZ2_Planck2016,0.0299,287240600000000.0,38777481000000.0,35905075000000.0,2872406000000.0,631.7598113886999,399120.4592858856,785842.2223494399,232342.3912529856,0.2956603560423991,785842.2223494399
PSZ2 G063.38+53.44,cluster,PSZ2_Planck2016,0.422033,623958300000000.0,84234370500000.0,77994787500000.0,6239583000000.0,819.8863731072381,672213.6648069413,1158217.7856029717,309930.0607234913,0.2675922132918558,1158217.7856029717
PSZ2 G063.80+11.42,cluster,PSZ2_Planck2016,0.426,620844500000000.0,83814007500000.0,77605562500000.0,6208445000000.0,818.5093252373186,669957.5155004506,1155324.187410277,309481.8506437007,0.2678744667654031,1155324.187410277
PSZ2 G063.91-16.75,cluster,PSZ2_Planck2016,0.393,561031100000000.0,75739198500000.0,70128887500000.0,5610311000000.0,791.1175314049917,625866.9484963281,1098261.8928042937,300120.22966767807,0.2732683630689883,1098261.8928042937
PSZ2 G064.11-53.72,cluster,PSZ2_Planck2016,0.245236,447535200000000.0,60417252000000.0,55941900000000.0,4475352000000.0,733.2622669146475,537673.5520808077,980902.9629713552,277824.9929540077,0.2832339216434,980902.9629713552
PSZ2 G065.28+44.53,cluster,PSZ2_Planck2016,0.1825,389693400000000.0,52608609000000.0,48711675000000.0,3896934000000.0,699.9456889842581,489923.9675276479,915322.1495849364,263659.6010795479,0.2880511535737526,915322.1495849364
PSZ2 G065.32-64.84,cluster,PSZ2_Planck2016,0.0852,248353700000000.0,33527749500000.0,31044212500000.0,2483537000000.0,601.6239701629581,361951.40147464,730714.5647502966,217751.90365008995,0.2979985813263503,730714.5647502966
PSZ2 G065.45+78.10,cluster,PSZ2_Planck2016,0.273,406576000000000.0,54887760000000.0,50822000000000.0,4065760000000.0,709.9912922730718,504087.63510358654,934939.0855324888,268020.8681195865,0.2866720113288845,934939.0855324888
PSZ2 G065.79+41.80,cluster,PSZ2_Planck2016,0.336,522500000000000.0,70537499999999.98,65312499999999.99,5224999999999.999,772.4286844679237,596646.0725888473,1059877.307994203,293271.3388388473,0.2767031019787163,1059877.307994203
PSZ2 G065.81-83.77,cluster,PSZ2_Planck2016,0.112,283182200000000.0,38229597000000.0,35397775000000.0,2831822000000.0,628.7464670317489,395322.1198049061,780270.9215370216,230900.44606760616,0.2959234282533116,780270.9215370216
PSZ2 G065.89+31.59,cluster,PSZ2_Planck2016,0.1329,273613900000000.0,36937876500000.0,34201737500000.0,2736139000000.0,621.5267408005225,386295.4895301199,766975.5593366214,227429.37649126988,0.2965275408358252,766975.5593366214
PSZ2 G066.01-23.30,cluster,PSZ2_Planck2016,0.248,434580700000000.0,58668394500000.0,54322587500000.0,4345807000000.0,726.0609244285946,527164.4659821054,966601.9438282192,274837.5680770554,0.2843337630675182,966601.9438282192
PSZ2 G066.19+12.86,cluster,PSZ2_Planck2016,0.2462,443660300000000.0,59894140500000.0,55457537500000.0,4436603000000.0,731.1229036133446,534540.700188008,976647.248504256,276941.99131155806,0.2835639907199832,976647.248504256
PSZ2 G066.26+20.82,cluster,PSZ2_Planck2016,0.278,413447700000000.06,55815439500000.01,51680962500000.01,4134477000000.001,714.000824120314,509797.1768444875,942806.8662993131,269740.5530989375,0.2861037214946447,942806.8662993131
PSZ2 G066.41+27.03,cluster,PSZ2_Planck2016,0.576,769846300000000.0,103929250500000.0,96230787500000.0,7698463000000.0,879.8591424852648,774152.1106149055,1286513.8323383746,327162.7971394555,0.2543018107662337,1286513.8323383746
PSZ2 G066.68+68.44,cluster,PSZ2_Planck2016,0.163008,378826500000000.0,51141577500000.0,47353312500000.0,3788265000000.0,693.325791612436,480700.653315011,902469.685009136,260745.84264526103,0.288924766090754,902469.685009136
PSZ2 G067.17+67.46,cluster,PSZ2_Planck2016,0.1712,723589000000000.0,97684515000000.0,90448625000000.0,7235890000000.0,861.7289736017826,742576.8239447818,1247264.106962846,322445.4933812818,0.2585222260315448,1247264.106962846
PSZ2 G067.36+10.74,cluster,PSZ2_Planck2016,0.209,622516900000000.0,84039781500000.0,77814612500000.0,6225169000000.0,819.2494965271194,671169.7375599386,1156879.2182825117,309723.0413065886,0.2677228844739726,1156879.2182825117
PSZ2 G067.52+34.75,cluster,PSZ2_Planck2016,0.1754,453786600000000.0,61261191000000.0,56723325000000.0,4537866000000.0,736.687936651849,542709.1160083587,987730.0809994622,279230.8596364587,0.2826995603433593,987730.0809994622
PSZ2 G067.89-32.29,cluster,PSZ2_Planck2016,0.19448,384207500000000.0,51868012500000.0,48025937500000.0,3842075000000.0,696.6193276439972,485278.4876471747,908856.600880068,262199.35268592474,0.2884936440270453,908856.600880068
PSZ2 G068.22+15.18,cluster,PSZ2_Planck2016,0.0567,217499200000000.0,29362392000000.0,27187400000000.0,2174992000000.0,575.3964434034311,331081.06708131795,683819.1810555775,204796.355328518,0.2994890476929648,683819.1810555775
PSZ2 G068.36+81.81,cluster,PSZ2_Planck2016,0.3083,660048800000000.0,89106588000000.0,82506100000000.0,6600488000000.0,835.5240388078653,698100.4194258072,1191243.2958833296,314861.8950966072,0.2643136764628179,1191243.2958833296
PSZ2 G068.49-39.12,cluster,PSZ2_Planck2016,0.390731,538328200000000.06,72674307000000.02,67291025000000.01,5383282000000.001,780.2130928310293,608732.4702249602,1075811.0777231727,296167.54324866016,0.2752969823246883,1075811.0777231727
PSZ2 G068.61-46.60,cluster,PSZ2_Planck2016,0.0594,192904400000000.0,26042094000000.0,24113050000000.0,1929044000000.0,552.6578650503296,305430.7158019884,643996.5094692702,193426.2737173884,0.3003529846408557,643996.5094692702
PSZ2 G069.66-79.26,cluster,PSZ2_Planck2016,0.317,591757600000000.0,79887276000000.0,73969700000000.0,5917576000000.0,805.4187390174662,648699.3451604854,1127935.7679147625,305112.1598120854,0.2705049068318423,1127935.7679147625
PSZ2 G069.92-18.90,cluster,PSZ2_Planck2016,0.308,556244100000000.0,75092953500000.0,69530512500000.0,5562441000000.0,788.8430041632928,622273.2852173687,1093566.3933612928,299306.0015092188,0.2736971466261344,1093566.3933612928
PSZ2 G070.08-31.79,cluster,PSZ2_Planck2016,0.192,495660200000000.0,66914127000000.0,61957525000000.0,4956602000000.0,758.8627549277556,575872.6808165429,1032296.5371482096,288081.7120022429,0.279068757508466,1032296.5371482096
PSZ2 G070.89+49.26,cluster,PSZ2_Planck2016,0.61,646089700000000.0,87222109500000.0,80761212500000.0,6460897000000.0,829.5446843856371,688144.3833924662,1178579.42562398,313010.81264391623,0.2655831298583866,1178579.42562398
PSZ2 G071.21+28.86,cluster,PSZ2_Planck2016,0.366,674745000000000.0,91090575000000.0,84343125000000.0,6747450000000.0,841.729075092373,708507.8358558618,1204431.995990185,316736.3818383618,0.2629757287193015,1204431.995990185
PSZ2 G071.39+59.54,cluster,PSZ2_Planck2016,0.2917,586935900000000.0,79236346500000.0,73366987500000.0,5869359000000.0,803.207702443695,645142.6132648792,1123331.102291365,304355.0106030292,0.2709397166892356,1123331.102291365
PSZ2 G071.63+29.78,cluster,PSZ2_Planck2016,0.1565,413035500000000.0,55759792500000.0,51629437500000.0,4130355000000.0,713.7615646130737,509455.5711189029,942336.7682655668,269638.279555653,0.2861379165454195,942336.7682655668
PSZ2 G072.40-78.45,cluster,PSZ2_Planck2016,0.094,275662300000000.0,37214410499999.99,34457787500000.0,2756622999999.9995,623.0862911237733,388236.5261863796,769841.1726100746,228181.06806692967,0.2964001877079438,769841.1726100746
PSZ2 G072.59-43.25,cluster,PSZ2_Planck2016,0.159,428739200000000.0,57879791999999.99,53592399999999.99,4287392000000.0,722.766992711682,522392.1257534885,960083.5823706612,273456.9283406886,0.2848261686398826,960083.5823706612
PSZ2 G072.62+41.46,cluster,PSZ2_Planck2016,0.228,1169189200000000.0,157840542000000.0,146148650000000.0,11691892000000.0,1012.4898756698532,1025135.7483339548,1585458.3738596663,346279.3612461548,0.2184096201801668,1585458.3738596663
PSZ2 G072.79-18.73,cluster,PSZ2_Planck2016,0.143,616977300000000.0,83291935500000.0,77122162500000.0,6169773000000.0,816.7926940045918,667150.3049792787,1151720.347021369,308920.0195873288,0.2682248519671217,1151720.347021369
PSZ2 G072.80-41.12,cluster,PSZ2_Planck2016,0.372969,516172500000000.0,69683287499999.99,64521562499999.99,5161724999999.999,769.2729685397462,591780.9001259534,1053440.1776877623,292080.04891720344,0.2772630616370656,1053440.1776877623
PSZ2 G073.31+67.52,cluster,PSZ2_Planck2016,0.609,674405500000000.0,91044742500000.0,84300687500000.0,6744055000000.0,841.5867490833097,708268.2562326136,1204128.9510539582,316693.9232143636,0.2630066513533833,1204128.9510539582
PSZ2 G073.38-80.01,cluster,PSZ2_Planck2016,0.2773,560765900000000.0,75703396500000.0,70095737500000.0,5607659000000.0,790.9918604143146,625668.1232416986,1098002.287337034,300075.3852348486,0.2732921312601418,1098002.287337034
PSZ2 G073.64+36.50,cluster,PSZ2_Planck2016,0.56,605073500000000.0,81684922500000.0,75634187500000.0,6050735000000.0,811.4633895153667,658472.8325237677,1140555.7361316066,307154.1493435177,0.2693021827984351,1140555.7361316066
PSZ2 G073.82-54.92,cluster,PSZ2_Planck2016,0.2966,552018800000000.0,74522538000000.0,69002350000000.0,5520188000000.0,786.8245425766008,619092.8608008771,1089405.0419690758,298578.8771166771,0.274075174626512,1089405.0419690758
PSZ2 G073.97-27.82,cluster,PSZ2_Planck2016,0.2329,979909800000000.0,132287823000000.02,122488725000000.02,9799098000000.002,954.1571916926446,910415.946458794,1451461.4213171145,341459.24851809395,0.2352520318509328,1451461.4213171145
PSZ2 G074.08-54.68,cluster,PSZ2_Planck2016,0.3047,539680900000000.0,72856921500000.0,67460112500000.0,5396809000000.0,780.8712731882421,609759.9452906261,1077161.8676421084,296409.61161127617,0.2751764804486743,1077161.8676421084
PSZ2 G074.37+71.11,cluster,PSZ2_Planck2016,0.484519,575266100000000.0,77660923500000.0,71908262500000.0,5752661000000.0,797.806019681894,636494.4450406666,1112107.67425595,302482.5791595166,0.2719903712218253,1112107.67425595
PSZ2 G074.75-24.59,cluster,PSZ2_Planck2016,0.25,502520500000000.0,67840267500000.0,62815062500000.0,5025205000000.0,762.3757423124057,581216.7724663916,1039415.8575174006,289442.5659756416,0.2784665674304436,1039415.8575174006
PSZ2 G075.11-58.83,cluster,PSZ2_Planck2016,0.189212,334392800000000.0,45143028000000.0,41799100000000.0,3343928000000.0,664.8623226807578,442041.9081204521,847892.718216302,247886.25899525208,0.2923556880128966,847892.718216302
PSZ2 G075.30+37.21,cluster,PSZ2_Planck2016,0.2691,450269700000000.06,60786409500000.01,56283712500000.01,4502697000000.001,734.7646145343075,539879.0387717495,983895.1235331228,278442.77015319944,0.2830004575623101,983895.1235331228
PSZ2 G075.71+13.51,cluster,PSZ2_Planck2016,0.0557,873510400000000.0,117923904000000.0,109188800000000.0,8735104000000.0,918.0101287630716,842742.5965115911,1370397.2758067865,335563.67779799114,0.2448659842821393,1370397.2758067865
PSZ2 G076.18-47.30,cluster,PSZ2_Planck2016,0.666,633333100000000.0,85499968500000.0,79166637500000.0,6333331000000.0,824.0049348684167,678984.1326875037,1166886.2966284908,311257.31816585374,0.266741771726325,1166886.2966284908
PSZ2 G076.44+23.53,cluster,PSZ2_Planck2016,0.169,313384300000000.0,42306880500000.0,39173037500000.0,3133843000000.0,650.5240379905999,423181.5240035955,820825.924037024,241223.86166114552,0.2938794384986614,820825.924037024
PSZ2 G077.20-65.45,cluster,PSZ2_Planck2016,0.251,411002800000000.0,55485378000000.0,51375350000000.0,4110028000000.0,712.5793691332938,507769.3573144029,940015.1149555104,269132.29507420294,0.2863063484749823,940015.1149555104
PSZ2 G077.70+26.70,cluster,PSZ2_Planck2016,0.0501,131754500000000.0,17786857500000.0,16469312500000.0,1317545000000.0,486.2085500363779,236398.754128477,532224.8830532976,159899.258706727,0.3004355185150456,532224.8830532976
PSZ2 G077.90-26.63,cluster,PSZ2_Planck2016,0.147,506157700000000.0,68331289500000.0,63269712500000.0,5061577000000.0,764.225356148041,584040.3949796001,1043170.676628721,290154.3519690501,0.2781465760778091,1043170.676628721
PSZ2 G078.36-47.22,cluster,PSZ2_Planck2016,0.1696,370037300000000.0,49955035500000.0,46254662500000.0,3700373000000.0,687.8787402199448,473177.1612465783,891939.0913387992,258325.5490646283,0.2896224098406563,891939.0913387992
PSZ2 G078.67+20.06,cluster,PSZ2_Planck2016,0.45,519619000000000.0,70148564999999.99,64952374999999.99,5196189999999.999,770.9950073111086,594433.3012986564,1056951.2531304157,292731.33809015644,0.2769582203750287,1056951.2531304157
PSZ2 G079.35+28.35,cluster,PSZ2_Planck2016,0.204,377462900000000.0,50957491500000.0,47182862500000.0,3774629000000.0,692.4862484977928,479537.2043585468,900843.9842404516,260374.1291661968,0.2890335437891964,900843.9842404516
PSZ2 G079.88+14.97,cluster,PSZ2_Planck2016,0.0998,232196800000000.0,31346568000000.0,29024600000000.0,2321968000000.0,588.17842682509,345953.8617824378,706546.1947129978,211135.4074712378,0.2988274638673865,706546.1947129978
PSZ2 G080.16+57.65,cluster,PSZ2_Planck2016,0.0878,251272400000000.0,33921774000000.0,31409050000000.0,2512724000000.0,603.990415199941,364804.4216533972,734995.771493484,218910.2638567972,0.2978388071702503,734995.771493484
PSZ2 G080.37+14.64,cluster,PSZ2_Planck2016,0.098,309660800000000.0,41804208000000.0,38707600000000.0,3096608000000.0,647.9166967782384,419796.0459640237,815934.9990335631,240000.3277768237,0.2941414794819353,815934.9990335631
PSZ2 G080.41-33.24,cluster,PSZ2_Planck2016,0.1072,377404800000000.0,50949648000000.0,47175600000000.0,3774048000000.0,692.4504327118434,479487.6017628192,900774.6515329498,260358.2606796192,0.2890381742387379,900774.6515329498
PSZ2 G080.55-24.82,cluster,PSZ2_Planck2016,0.266227,427997300000000.0,57779635500000.0,53499662500000.0,4279973000000.0,722.3465184307851,521784.4926890765,959252.5475415548,273280.0583671265,0.2848885406325054,959252.5475415548
PSZ2 G080.64+64.31,cluster,PSZ2_Planck2016,0.50208,522570700000000.0,70547044500000.0,65321337500000.0,5225707000000.0,772.4638009725007,596700.3238128832,1059949.012100443,293284.5401228332,0.2766968380315269,1059949.012100443
PSZ2 G080.65-46.81,cluster,PSZ2_Planck2016,0.042,195579200000000.0,26403192000000.0,24447400000000.0,1955792000000.0,555.2209100583177,308270.25896598655,648445.9457537181,194712.77049318652,0.3002760241902092,648445.9457537181
PSZ2 G080.70+48.31,cluster,PSZ2_Planck2016,0.2354,319821500000000.0,43175902500000.0,39977687500000.0,3198215000000.0,654.9835163186336,429003.4066491218,829213.3291486619,243308.1675868718,0.2934204733981686,829213.3291486619
PSZ2 G081.00-50.93,cluster,PSZ2_Planck2016,0.2998,748399900000000.0,101033986500000.0,93549987500000.0,7483999000000.0,871.5460285834355,759592.4799395585,1268467.3906628797,325055.4074017086,0.2562583869277398,1268467.3906628797
PSZ2 G081.02+50.57,cluster,PSZ2_Planck2016,0.500574,469120800000000.0,63331307999999.99,58640099999999.99,4691207999999.999,744.9601704279559,554965.6555240491,1004279.947544483,282584.0329468491,0.2813797424092573,1004279.947544483
PSZ2 G081.22-41.95,cluster,PSZ2_Planck2016,0.0768,223784400000000.0,30210894000000.0,27973050000000.0,2237844000000.0,580.9305473066181,337480.30079396686,693629.1734454909,207546.26678936687,0.2992179030740796,693629.1734454909
PSZ2 G081.31-68.56,cluster,PSZ2_Planck2016,0.0765,276198400000000.0,37286784000000.0,34524800000000.0,2761984000000.0,623.4931798986827,388743.7453801711,770589.3913364345,228377.01607457112,0.2963666754852366,770589.3913364345
PSZ2 G081.56+26.51,cluster,PSZ2_Planck2016,0.2764,401478600000000.0,54199611000000.0,50184825000000.0,4014786000000.0,706.9878737119985,499831.8535758128,929059.753733031,266724.7466259127,0.287091056903706,929059.753733031
PSZ2 G081.72+70.15,cluster,PSZ2_Planck2016,0.250479,416048100000000.0,56166493500000.0,52006012500000.0,4160481000000.0,715.5065742624412,511949.65781277424,945767.134390804,270383.1859186243,0.2858876948529046,945767.134390804
PSZ2 G082.31-67.00,cluster,PSZ2_Planck2016,0.3939,590128500000000.0,79667347500000.0,73766062500000.0,5901285000000.0,804.6730422281169,647498.7048886528,1126382.1025542903,304857.4100259028,0.2706518590224218,1126382.1025542903
PSZ2 G082.88-75.10,cluster,PSZ2_Planck2016,0.378,506240800000000.0,68342507999999.99,63280099999999.99,5062407999999.999,764.2675114520412,584104.8290610958,1043256.3059943058,290170.5364038959,0.2781392594865174,1043256.3059943058
PSZ2 G083.14+66.57,cluster,PSZ2_Planck2016,0.089,207491200000000.0,28011312000000.0,25936400000000.0,2074912000000.0,566.3609366874133,320764.7106054441,667901.2984970305,200290.85882464412,0.2998809244350266,667901.2984970305
PSZ2 G083.29-31.03,cluster,PSZ2_Planck2016,0.412,826616900000000.0,111593281500000.0,103327112500000.0,8266169000000.0,901.146989510588,812065.896703996,1333105.7039810466,332114.352300646,0.2491282959099602,1333105.7039810466
PSZ2 G083.85-55.43,cluster,PSZ2_Planck2016,0.302061,491615400000000.0,66368079000000.0,61451925000000.0,4916154000000.0,756.7763630319961,572710.4636439355,1028075.9175585776,287267.99267283553,0.2794229373206454,1028075.9175585776
PSZ2 G083.86+85.09,cluster,PSZ2_Planck2016,0.1832,465785700000000.0,62881069500000.0,58223212500000.0,4657857000000.0,743.1764598013037,552311.2504027989,1000703.73839164,281866.05859024887,0.2816678381188743,1000703.73839164
PSZ2 G084.10+58.72,cluster,PSZ2_Planck2016,0.731,539607700000000.0,72847039500000.0,67450962500000.0,5396077000000.0,780.8356844726591,609704.366145886,1077088.8143595555,296396.53396033606,0.2751830025610056,1077088.8143595555
PSZ2 G084.13-35.41,cluster,PSZ2_Planck2016,0.3137,549604300000000.0,74196580500000.0,68700537500000.0,5496043000000.0,785.6665060664926,617271.8587547301,1087019.9320295914,298159.7856822801,0.2742910013853945,1087019.9320295914
PSZ2 G084.19-47.48,cluster,PSZ2_Planck2016,0.0424,148258500000000.0,20014897500000.0,18532312500000.0,1482585000000.0,505.87589329192434,255910.4194139024,564575.7856161218,169828.3467561524,0.3008069971878419,564575.7856161218
PSZ2 G084.41-12.43,cluster,PSZ2_Planck2016,0.273,523412800000000.0,70660728000000.0,65426600000000.0,5234128000000.0,772.8818274804266,597346.319249484,1060802.699231021,293441.594194284,0.2766222167486948,1060802.699231021
PSZ2 G084.47+12.63,cluster,PSZ2_Planck2016,0.185,486670400000000.06,65700504000000.01,60833800000000.01,4866704000000.001,754.2100851900055,568832.8526023154,1022892.3082996664,286261.5549487153,0.2798550273826599,1022892.3082996664
PSZ2 G084.50+31.35,cluster,PSZ2_Planck2016,0.3236,418979200000000.0,56562192000000.0,52372400000000.0,4189792000000.0,717.1963418122583,514370.59270888567,949092.7987484016,271102.2611360857,0.2856435761535613,949092.7987484016
PSZ2 G084.62-15.86,cluster,PSZ2_Planck2016,0.3673,574265600000000.0,77525856000000.0,71783200000000.0,5742656000000.0,797.3395366684168,635750.3367346056,1111140.1672760642,302319.3826642056,0.272080329347948,1111140.1672760642
PSZ2 G084.69+42.28,cluster,PSZ2_Planck2016,0.13,269900500000000.0,36436567500000.0,33737562500000.0,2699005000000.0,618.6796591753904,382764.5206773772,761753.2067658502,226054.4875166272,0.2967555443269862,761753.2067658502
PSZ2 G084.81-62.18,cluster,PSZ2_Planck2016,0.0786,311656600000000.0,42073641000000.0,38957075000000.0,3116566000000.0,649.3168071130143,421612.31599943945,818560.1740901757,240657.7934225395,0.29400134655956,818560.1740901757
PSZ2 G084.82+20.66,cluster,PSZ2_Planck2016,0.367,448742000000000.0,60580170000000.0,56092750000000.0,4487420000000.0,733.9260379838073,538647.429230609,982224.5984067085,278098.1760776089,0.2831309422801252,982224.5984067085
PSZ2 G084.85+35.05,cluster,PSZ2_Planck2016,0.1138,242870600000000.0,32787531000000.0,30358825000000.0,2428706000000.0,597.127922479541,356561.75580473273,722603.2648643688,215545.86372683276,0.2982907415555204,722603.2648643688
PSZ2 G085.23+39.42,cluster,PSZ2_Planck2016,0.2565,388094100000000.0,52392703500000.0,48511762500000.0,3880941000000.0,698.9791860184545,488571.9024870212,913441.979510756,263236.1240038712,0.2881804536122391,913441.979510756
PSZ2 G085.72+10.66,cluster,PSZ2_Planck2016,0.0805,223801500000000.0,30213202500000.0,27975187500000.0,2238015000000.0,580.9454621526907,337497.62999580335,693655.6740243747,207553.66736355337,0.299217140630295,693655.6740243747
PSZ2 G085.82+35.44,cluster,PSZ2_Planck2016,0.0276,101023900000000.02,13638226500000.002,12627987500000.002,1010239000000.0,444.7007950116785,197758.7970840189,466041.41453422833,139102.1487301689,0.2984759388158465,466041.41453422833
PSZ2 G085.98+26.69,cluster,PSZ2_Planck2016,0.179,392519900000000.0,52990186500000.0,49064987500000.0,3925199000000.0,701.6474034727489,492309.07880005054,918635.6310791484,264403.58568220056,0.2878220447116751,918635.6310791484
PSZ2 G086.43-24.95,cluster,PSZ2_Planck2016,0.231476,381016500000000.0,51437227500000.0,47627062500000.0,3810165000000.0,694.6699446695716,482566.3320272256,905074.5191840952,261339.96027247567,0.288749660644593,905074.5191840952
PSZ2 G086.47+15.31,cluster,PSZ2_Planck2016,0.26,757795700000000.0,102302419500000.0,94724462500000.0,7577957000000.0,875.2072688980522,765987.7635319876,1276405.0533184991,325995.28750443755,0.2554011257295551,1276405.0533184991
PSZ2 G086.54-26.67,cluster,PSZ2_Planck2016,0.165,345473000000000.0,46638855000000.0,43184125000000.0,3454730000000.0,672.1845707017193,451832.09708945465,861825.8219843112,251243.04561995468,0.2915241562865684,861825.8219843112
PSZ2 G086.58+73.11,cluster,PSZ2_Planck2016,0.2219,383149600000000.0,51725196000000.0,47893700000000.0,3831496000000.0,695.9742514554766,484380.158689011,907604.4882070908,261915.26321261103,0.2885786337725217,907604.4882070908
PSZ2 G086.62+30.26,cluster,PSZ2_Planck2016,0.2263,433296600000000.0,58495041000000.0,54162075000000.0,4332966000000.0,725.3393730130299,526117.2060429354,965172.828593334,274535.8842060354,0.2844422015134332,965172.828593334
PSZ2 G086.73-61.16,cluster,PSZ2_Planck2016,0.354699,437210400000000.0,59023404000000.0,54651300000000.0,4372104000000.0,727.5341785761816,529305.9809965193,969522.0452353394,275452.2227329193,0.2841113557825874,969522.0452353394
PSZ2 G086.93+53.18,cluster,PSZ2_Planck2016,0.6752,544755100000000.0,73541938500000.0,68094387500000.0,5447551000000.0,783.3304996168213,613606.6716299389,1082213.8782653976,297310.1483352889,0.2747240211073857,1082213.8782653976
PSZ2 G087.03-57.37,cluster,PSZ2_Planck2016,0.2779,732930000000000.0,98945550000000.0,91616250000000.0,7329300000000.0,865.450827557911,749005.134920673,1255288.9209899823,323450.218925673,0.2576699383840529,1255288.9209899823
PSZ2 G087.03+22.49,cluster,PSZ2_Planck2016,0.1094,179542500000000.0,24238237500000.0,22442812500000.0,1795425000000.0,539.4877654474751,291047.04906750994,621292.4565909336,186800.81340376,0.3006648663155295,621292.4565909336
PSZ2 G087.25-41.86,cluster,PSZ2_Planck2016,0.0481,169815000000000.0,22925025000000.0,21226875000000.0,1698150000000.0,529.4846212922727,280353.9641850214,604227.4778032139,181755.72416252145,0.3008067836029728,604227.4778032139
PSZ2 G087.39+50.92,cluster,PSZ2_Planck2016,0.748,515769700000000.0,69628909500000.0,64471212500000.0,5157697000000.0,769.0712123352855,591470.5296428658,1053029.0665596873,292003.55277431576,0.2772986634911322,1053029.0665596873
PSZ2 G087.44-21.56,cluster,PSZ2_Planck2016,0.257701,414640000000000.0,55976400000000.0,51830000000000.0,4146400000000.0,714.6919984764382,510784.6526862452,944165.3203037124,270035.75392624526,0.2860047367969224,944165.3203037124
PSZ2 G088.53+41.18,cluster,PSZ2_Planck2016,0.1329,256152200000000.0,34580547000000.0,32019025000000.0,2561522000000.0,607.9064570453796,369550.260517466,742098.3940001071,220822.785925166,0.2975653736896972,742098.3940001071
PSZ2 G088.83-12.99,cluster,PSZ2_Planck2016,0.292,783102800000000.0,105718878000000.0,97887850000000.0,7831028000000.0,884.9210114863449,783085.1965700159,1297543.2268208344,328398.8741798159,0.2530928198703945,1297543.2268208344
PSZ2 G088.98+55.07,cluster,PSZ2_Planck2016,0.702346,491540200000000.0,66357927000000.0,61442525000000.0,4915402000000.0,756.7374655709266,572651.5917987094,1027997.2846824416,287252.7835644094,0.2794295158601947,1027997.2846824416
PSZ2 G089.39+69.36,cluster,PSZ2_Planck2016,0.68,574976300000000.0,77621800500000.0,71872037500000.0,5749763000000.0,797.6709559219717,636278.9539214721,1111827.5174695242,302435.35215102206,0.2720164300658371,1111827.5174695242
PSZ2 G089.46-58.09,cluster,PSZ2_Planck2016,0.27,518341300000000.0,69976075500000.0,64792662500000.0,5183413000000.0,770.3574935036589,593450.66779724,1055650.975610067,292490.56467929,0.2770712777585016,1055650.975610067
PSZ2 G089.52+62.34,cluster,PSZ2_Planck2016,0.070077,182838200000000.0,24683157000000.0,22854775000000.0,1828382000000.0,542.7950630807068,294626.48050478846,626968.7793438481,188466.6905634885,0.3005998014139198,626968.7793438481
PSZ2 G089.81-39.56,cluster,PSZ2_Planck2016,0.2502,606233600000000.0,81841536000000.0,75779200000000.0,6062336000000.0,811.9858088746637,659320.9538138419,1141648.5993108384,307328.69163144194,0.269197274727935,1141648.5993108384
PSZ2 G089.99-43.91,cluster,PSZ2_Planck2016,0.523709,627730500000000.0,84743617500000.0,78466312500000.0,6277305000000.0,821.5484933643744,674941.9269492736,1161713.568630241,310468.1024435236,0.2672501301758848,1161713.568630241
PSZ2 G090.04+34.09,cluster,PSZ2_Planck2016,0.267,357405900000000.0,48249796500000.0,44675737500000.0,3574059000000.0,679.8979553829433,462261.2297339068,876583.5276828096,254743.6799670568,0.2906097045200642,876583.5276828096
PSZ2 G090.62+33.52,cluster,PSZ2_Planck2016,0.307,438551500000000.0,59204452500000.0,54818937500000.0,4385515000000.0,728.2832472017957,530396.4881547919,971007.8635761568,275764.05839754187,0.2839977602054852,971007.8635761568
PSZ2 G090.66-52.34,cluster,PSZ2_Planck2016,0.196717,431893200000000.0,58305582000000.0,53986650000000.0,4318932000000.0,724.5491597553171,524971.484902136,963608.516623642,274205.00727833604,0.2845605892308989,963608.516623642
PSZ2 G091.40-51.01,cluster,PSZ2_Planck2016,0.099,268252800000000.0,36214128000000.0,33531600000000.0,2682528000000.0,617.4080258675183,381192.6704056261,759424.4555453972,225439.32729042607,0.2968555010893374,759424.4555453972
PSZ2 G091.79-27.00,cluster,PSZ2_Planck2016,0.361735,631287100000000.0,85223758500000.0,78910887500000.0,6312871000000.0,823.1095517226181,677509.3341370093,1164999.9427777815,310970.4712043594,0.2669274562047559,1164999.9427777815
PSZ2 G091.83+26.11,cluster,PSZ2_Planck2016,0.822,743143000000000.0,100324305000000.0,92892875000000.0,7431430000000.0,869.4842540819479,756002.8680964414,1264004.564563571,324518.0647219414,0.2567380481208858,1264004.564563571
PSZ2 G092.16-66.01,cluster,PSZ2_Planck2016,0.232,595735300000000.0,80424265500000.0,74466912500000.0,5957353000000.0,807.233763622608,651626.3491323205,1131720.3207472635,305729.62564337056,0.2701459185971851,1131720.3207472635
PSZ2 G092.30-55.75,cluster,PSZ2_Planck2016,0.349,513687800000000.0,69347853000000.0,64210975000000.0,5136878000000.0,768.0267499776037,589865.0886811606,1050901.6461322878,291606.90771346056,0.277482587249419,1050901.6461322878
PSZ2 G092.71+73.46,cluster,PSZ2_Planck2016,0.2279,812601900000000.0,109701256500000.0,101575237500000.0,8126019000000.0,895.9841975881748,802787.6823277253,1321756.2215697395,330973.5482468754,0.250404380812224,1321756.2215697395
PSZ2 G093.42-43.21,cluster,PSZ2_Planck2016,0.0428,181996100000000.0,24569473500000.0,22749512500000.0,1819961000000.0,541.9537896628343,293713.91012990766,625523.2943934221,188043.06155375764,0.3006172004131443,625523.2943934221
PSZ2 G093.92+34.92,cluster,PSZ2_Planck2016,0.0809,538281400000000.0,72667989000000.0,67285175000000.0,5382814000000.0,780.1903018106689,608696.9070394225,1075764.313451168,296159.15314932255,0.2753011504901217,1075764.313451168
PSZ2 G093.93-82.22,cluster,PSZ2_Planck2016,0.352,700699000000000.0,94594365000000.0,87587375000000.0,7006990000000.0,852.4717214307456,726708.0358390986,1227377.6068714987,319867.13141059864,0.2606102063617715,1227377.6068714987
PSZ2 G093.94-38.82,cluster,PSZ2_Planck2016,0.0422,221941100000000.0,29962048500000.0,27742637500000.0,2219411000000.0,579.3183389193493,335609.7378082741,690766.5734919969,206745.9634146241,0.2992993166555119,690766.5734919969
PSZ2 G094.00+27.41,cluster,PSZ2_Planck2016,0.3315,677659200000000.0,91483992000000.0,84707400000000.0,6776592000000.0,842.9488216316716,710562.7158902237,1207030.14346876,317099.21469742374,0.2627102698414348,1207030.14346876
PSZ2 G094.44+36.13,cluster,PSZ2_Planck2016,0.453,408583100000000.0,55158718500000.0,51072887500000.0,4085831000000.0,711.1670264624051,505758.53952737927,937243.9510906629,268526.4071307293,0.2865064179056556,937243.9510906629
PSZ2 G094.46-69.65,cluster,PSZ2_Planck2016,0.352111,545052700000000.0,73582114500000.0,68131587500000.0,5450527000000.0,783.4742593254583,613831.9150255756,1082509.444911639,297362.59877252555,0.274697463537418,1082509.444911639
PSZ2 G094.56+51.03,cluster,PSZ2_Planck2016,0.5392,586725000000000.0,79207875000000.0,73340625000000.0,5867250000000.0,803.110717378009,644986.8243674202,1123129.264394593,304321.6747799202,0.2709587261480187,1123129.264394593
PSZ2 G094.61-41.24,cluster,PSZ2_Planck2016,0.0416,176430400000000.0,23818104000000.0,22053800000000.0,1764304000000.0,536.3275011630394,287647.18850379006,615884.3321848571,185207.9050101901,0.3007186501289338,615884.3321848571
PSZ2 G094.69+26.36,cluster,PSZ2_Planck2016,0.1623,307261500000000.0,41480302500000.0,38407687500000.0,3072615000000.0,646.2255654893968,417607.4814920907,812767.85664113,239204.84846984068,0.2943089426031021,812767.85664113
PSZ2 G095.22+67.41,cluster,PSZ2_Planck2016,0.0625,150190800000000.0,20275758000000.0,18773850000000.0,1501908000000.0,508.0817050330556,258147.0189892969,568243.0227706,170943.0114070969,0.30082729493734,568243.0227706
PSZ2 G095.29+44.13,cluster,PSZ2_Planck2016,0.330785,403495600000000.0,54471906000000.0,50436950000000.0,4034956000000.0,708.1793125987664,501517.9387928613,931390.5950466162,267239.7182774613,0.2869255065476433,931390.5950466162
PSZ2 G095.39+14.43,cluster,PSZ2_Planck2016,0.119,317910000000000.0,42917850000000.0,39738750000000.0,3179100000000.0,653.6655628772885,427278.6680916824,826731.6061560946,242693.28702668243,0.2935575284887072,826731.6061560946
PSZ2 G095.49+16.41,cluster,PSZ2_Planck2016,0.3,471810800000000.0,63694458000000.0,58976350000000.0,4718108000000.0,746.3927375455628,557102.1186607594,1007155.1679730992,283158.6242485594,0.2811469704498627,1007155.1679730992
PSZ2 G095.65-50.01,cluster,PSZ2_Planck2016,0.488066,600024600000000.0,81003321000000.0,75003075000000.0,6000246000000.0,809.1819766271125,654775.4712981608,1135787.2121641105,306388.2880092609,0.2697585293511745,1135787.2121641105
PSZ2 G096.14+56.24,cluster,PSZ2_Planck2016,0.139773,277125000000000.03,37411875000000.01,34640625000000.004,2771250000000.0005,624.1952153315584,389619.6668428106,771880.909083912,228714.9336553105,0.2963085768331222,771880.909083912
PSZ2 G096.77-50.29,cluster,PSZ2_Planck2016,0.04,147199000000000.0,19871865000000.0,18399875000000.0,1471990000000.0,504.65831221578514,254680.0120884849,562554.8540914957,169213.1079099849,0.3007939700089469,562554.8540914957
PSZ2 G096.78-50.20,cluster,PSZ2_Planck2016,0.068723,200292900000000.0,27039541500000.0,25036612500000.0,2002929000000.0,559.6815936693342,313243.48629224574,656213.5955496747,196949.12225489572,0.3001295974215866,656213.5955496747
PSZ2 G096.83+52.49,cluster,PSZ2_Planck2016,0.3179,492427900000000.0,66477766500000.0,61553487500000.0,4924279000000.0,757.1963797549405,573346.357513988,1028925.1249216406,287432.13157413807,0.2793518445727797,1028925.1249216406
PSZ2 G096.88+24.18,cluster,PSZ2_Planck2016,0.3,468963900000000.0,63310126499999.99,58620487499999.99,4689638999999.999,744.8764447225244,554840.917902468,1004111.9900576944,282550.39483861806,0.2813933083523713,1004111.9900576944
PSZ2 G096.99-53.64,cluster,PSZ2_Planck2016,0.0562,185620200000000.0,25058727000000.0,23202525000000.0,1856202000000.0,545.5561770861784,297631.5423568857,631720.6371712171,189856.46340258568,0.3005386435572918,631720.6371712171
PSZ2 G097.15+39.20,cluster,PSZ2_Planck2016,0.2058,294487300000000.0,39755785500000.0,36810912500000.0,2944873000000.0,637.0708967007976,405859.3274231583,795693.355964637,234873.6695662083,0.2951811370618593,795693.355964637
PSZ2 G097.52+51.70,cluster,PSZ2_Planck2016,0.7,517936700000000.0,69921454500000.0,64742087500000.0,5179367000000.0,770.155399124606,593139.3388007812,1055238.8921377556,292414.1551417312,0.2771070677174758,1055238.8921377556
PSZ2 G097.72+38.12,cluster,PSZ2_Planck2016,0.1709,658515100000000.0,88899538500000.0,82314387500000.0,6585151000000.0,834.8712120693799,697009.9407421955,1189858.494945054,314661.91560754547,0.2644532244332769,1189858.494945054
PSZ2 G097.78+46.95,cluster,PSZ2_Planck2016,0.3378,342800500000000.0,46278067500000.0,42850062500000.0,3428005000000.0,670.4329092367657,449480.2857876733,858485.9066569653,250442.94527692333,0.2917263327620305,858485.9066569653
PSZ2 G097.94+19.43,cluster,PSZ2_Planck2016,0.245,398387500000000.0,53782312500000.0,49798437500000.0,3983875000000.0,705.1542282796306,497242.4856606414,925476.2928406508,265930.1378293914,0.2873440842154337,925476.2928406508
PSZ2 G098.10+30.30,cluster,PSZ2_Planck2016,0.077,239732600000000.0,32363901000000.0,29966575000000.0,2397326000000.0,594.5244258356217,353459.29291517567,717919.9044086493,214265.39110427565,0.2984530583265637,717919.9044086493
PSZ2 G098.30-41.15,cluster,PSZ2_Planck2016,0.436,704944800000000.0,95167548000000.0,88118100000000.0,7049448000000.0,854.2038322248836,729664.1869876771,1231090.563157063,320358.07979447715,0.2602230001446333,1231090.563157063
PSZ2 G098.44+56.59,cluster,PSZ2_Planck2016,0.131838,282818000000000.0,38180430000000.0,35352250000000.0,2828180000000.0,628.4746514462252,394980.3875104542,779769.0077558428,230770.17612345424,0.2959468430113752,779769.0077558428
PSZ2 G098.64+23.20,cluster,PSZ2_Planck2016,0.2471,339097200000000.0,45778122000000.0,42387150000000.0,3390972000000.0,667.9905683453687,446211.3993983687,853836.1702625576,249324.27448856877,0.2920048168162057,853836.1702625576
PSZ2 G098.97+24.86,cluster,PSZ2_Planck2016,0.0928,258325400000000.03,34873929000000.004,32290675000000.004,2583254000000.0005,609.634515302159,371654.2422476984,745239.7335231713,221664.96101159835,0.2974411468423218,745239.7335231713
PSZ2 G099.24+42.54,cluster,PSZ2_Planck2016,0.2231,280226100000000.0,37830523500000.0,35028262500000.0,2802261000000.0,626.5334778854801,392544.1989112754,776187.6670838019,229838.90039012543,0.29611253841954,776187.6670838019
PSZ2 G099.30+20.92,cluster,PSZ2_Planck2016,0.1706,392102100000000.0,52933783500000.0,49012762500000.0,3921021000000.0,701.3963775966769,491956.87850574014,918146.6009022484,264293.9690505902,0.2878559576334243,918146.6009022484
PSZ2 G099.38+25.19,cluster,PSZ2_Planck2016,0.35,424414700000000.0,57295984500000.0,53051837500000.0,4244147000000.0,720.3092276384265,518845.3834210665,955229.3444919616,272421.0836850165,0.2851891906962966,955229.3444919616
PSZ2 G099.48+55.60,cluster,PSZ2_Planck2016,0.1051,281194200000000.03,37961217000000.01,35149275000000.004,2811942000000.0005,627.2599145308047,393455.00037719245,777527.2628748997,230187.60218189243,0.2960508437103233,777527.2628748997
PSZ2 G099.48+37.72,cluster,PSZ2_Planck2016,0.1668,250628200000000.0,33834807000000.0,31328525000000.0,2506282000000.0,603.4696819824354,364175.65707198175,734052.9935766777,218655.53564568172,0.2978743191009702,734052.9935766777
PSZ2 G099.57-58.64,cluster,PSZ2_Planck2016,0.0924,223877400000000.0,30223449000000.0,27984675000000.0,2238773999999.9995,581.011654004509,337574.54208905523,693773.2871829491,207586.5102849553,0.2992137548677546,693773.2871829491
PSZ2 G099.86+58.45,cluster,PSZ2_Planck2016,0.6305,684608200000000.0,92422107000000.0,85576025000000.0,6846082000000.0,845.8433564345784,715450.9836245131,1213203.0541238426,317952.7436282132,0.2620771045271016,1213203.0541238426
PSZ2 G100.04+23.73,cluster,PSZ2_Planck2016,0.2103,370340200000000.0,49995927000000.0,46292525000000.0,3703402000000.0,688.0678817711346,473437.4099250161,892304.0722281826,258409.92749071607,0.2895985074296901,892304.0722281826
PSZ2 G100.14+41.67,cluster,PSZ2_Planck2016,0.2339,404427000000000.0,54597645000000.0,50553375000000.0,4044270000000.0,708.7281546944259,502295.59725656617,932464.952685549,267476.5858760662,0.2868489428001763,932464.952685549
PSZ2 G100.22-29.64,cluster,PSZ2_Planck2016,0.485,764337800000000.0,103185603000000.0,95542225000000.0,7643378000000.0,877.738749629342,770425.3126008807,1281902.857379727,326634.35265818075,0.2548042940834359,1281902.857379727
PSZ2 G100.45-38.42,cluster,PSZ2_Planck2016,0.0565,184404500000000.0,24894607500000.0,23050562500000.0,1844045000000.0,544.3530079642914,296320.19727977185,629648.5448855672,189250.97988302185,0.3005660561280523,629648.5448855672
PSZ2 G100.80+24.61,cluster,PSZ2_Planck2016,0.0877,224096800000000.0,30253068000000.0,28012100000000.0,2240968000000.0,581.2029074383076,337796.819614742,694113.1530761778,207681.399453542,0.2992039533225057,694113.1530761778
PSZ2 G100.96-24.07,cluster,PSZ2_Planck2016,0.424012,569810000000000.0,76924350000000.0,71226250000000.0,5698100000000.0,795.2555349894155,632431.3659313015,1106821.2279225772,301587.4290163015,0.2724807054725171,1106821.2279225772
PSZ2 G101.36+32.39,cluster,PSZ2_Planck2016,0.3059,331278400000000.0,44722584000000.0,41409800000000.0,3312784000000.0,662.7752563685726,439271.0404544272,843935.0157285166,246923.6789288272,0.2925861284659143,843935.0157285166
PSZ2 G101.52-29.98,cluster,PSZ2_Planck2016,0.227,487861900000000.0,65861356499999.99,60982737499999.99,4878618999999.999,754.8300086285246,569768.3419261386,1024143.7005398362,286505.23375528865,0.2797510091643086,1024143.7005398362
PSZ2 G101.55-59.03,cluster,PSZ2_Planck2016,0.369455,572079800000000.0,77230773000000.0,71509975000000.0,5720798000000.0,796.3185270864119,634123.1965810725,1109023.511083678,301961.3649853726,0.2722767930233618,1109023.511083678
PSZ2 G101.68-49.21,cluster,PSZ2_Planck2016,0.0726,239946200000000.03,32392737000000.004,29993275000000.004,2399462000000.0005,594.702358101123,353670.8947310363,718239.6639008323,214352.97216773627,0.2984421258547092,718239.6639008323
PSZ2 G102.90-31.04,cluster,PSZ2_Planck2016,0.5915,672871700000000.0,90837679500000.0,84108962500000.0,6728717000000.0,840.9431520877653,707185.3850433063,1202758.8967781332,316501.60928175633,0.2631463463954237,1202758.8967781332
PSZ2 G103.40-32.99,cluster,PSZ2_Planck2016,0.0309,151193300000000.0,20411095500000.0,18899162500000.0,1511933000000.0,509.2186879910771,259303.67219935392,570136.3350970047,171517.59156340393,0.3008361000781004,570136.3350970047
PSZ2 G103.56+24.78,cluster,PSZ2_Planck2016,0.33,405903200000000.0,54796932000000.0,50737900000000.0,4059032000000.0,709.5963121005504,503526.9261467018,934165.198903669,267850.8013079018,0.2867274456619129,934165.198903669
PSZ2 G104.29+26.17,cluster,PSZ2_Planck2016,0.1125,194114900000000.0,26205511500000.0,24264362500000.0,1941149000000.0,553.8206936562775,306717.3607219204,646013.9301201958,194010.0763115704,0.3003187195599224,646013.9301201958
PSZ2 G104.30-48.99,cluster,PSZ2_Planck2016,0.2033,410726200000000.06,55448037000000.01,51340775000000.01,4107262000000.001,712.4182018157389,507539.6942783709,939698.752218898,269063.2319450709,0.2863292425468646,939698.752218898
PSZ2 G104.71-54.54,cluster,PSZ2_Planck2016,0.244062,489872000000000.0,66132720000000.0,61234000000000.0,4898720000000.0,755.8735653678301,571344.8468218753,1026251.3821445772,286914.6313738753,0.2795753909478828,1026251.3821445772
PSZ2 G104.74+40.42,cluster,PSZ2_Planck2016,0.69,425368800000000.06,57424788000000.01,53171100000000.01,4253688000000.001,720.8529007840635,519628.90456879896,956302.4372548388,272650.6338595989,0.2851092115191817,956302.4372548388
PSZ2 G104.98-54.79,cluster,PSZ2_Planck2016,0.291234,479848000000000.0,64779479999999.99,59980999999999.99,4798479999999.999,750.6409234218404,563461.7959155933,1015697.2839299814,284851.73038359336,0.2804494359593365,1015697.2839299814
PSZ2 G105.25-17.93,cluster,PSZ2_Planck2016,0.14,458524700000000.0,61900834500000.0,57315587500000.0,4585247000000.0,739.2635222280355,546510.5552970011,992873.2596319916,280281.25619595114,0.2822930857256014,992873.2596319916
PSZ2 G105.40-50.43,cluster,PSZ2_Planck2016,0.1698,385395900000000.0,52028446500000.0,48174487500000.0,3853959000000.0,697.3425738318782,486286.6652784685,910261.1170143886,262517.51972661854,0.2883980374638686,910261.1170143886
PSZ2 G105.55+77.21,cluster,PSZ2_Planck2016,0.072,219628200000000.0,29649807000000.0,27453525000000.0,2196282000000.0,577.2827766505551,333255.4042173747,687157.8271345075,205734.54929107468,0.2993992663213938,687157.8271345075
PSZ2 G105.76+54.73,cluster,PSZ2_Planck2016,0.316,441410500000000.0,59590417500000.0,55176312500000.0,4414105000000.0,729.8750730426517,532717.6222490162,974167.8136293424,276425.1956232662,0.2837552131736127,974167.8136293424
PSZ2 G106.15+25.75,cluster,PSZ2_Planck2016,0.588,491115400000000.0,66300579000000.0,61389425000000.0,4911154000000.0,756.5176620574507,572318.9730048712,1027552.979580504,287166.8127837712,0.2794666732424894,1027552.979580504
PSZ2 G106.41+50.82,cluster,PSZ2_Planck2016,0.1394,288782800000000.0,38985678000000.0,36097850000000.0,2887828000000.0,632.8974743545136,400559.2130443223,787948.9988890786,232885.71053412228,0.2955593710537935,787948.9988890786
PSZ2 G106.61+66.71,cluster,PSZ2_Planck2016,0.3314,467412800000000.0,63100727999999.99,58426599999999.99,4674127999999.999,744.0477369494453,553607.0348595909,1002450.0624730232,282217.11380439095,0.2815273541987391,1002450.0624730232
PSZ2 G106.87-83.23,cluster,PSZ2_Planck2016,0.2924,812567000000000.0,109696545000000.0,101570875000000.0,8125670000000.0,895.971267740347,802764.5126162446,1321727.837568029,330970.64222574467,0.2504075595734811,1321727.837568029
PSZ2 G107.10+65.32,cluster,PSZ2_Planck2016,0.2799,821733700000000.0,110934049500000.0,102716712500000.0,8217337000000.0,899.354779584588,808839.0195616428,1329162.24214763,331722.7660670928,0.2495728177856622,1329162.24214763
PSZ2 G107.11-39.50,cluster,PSZ2_Planck2016,0.53303,692906300000000.0,93542350500000.0,86613287500000.0,6929063000000.0,849.2744005022438,721267.0073484456,1220533.4932810103,318950.7120829956,0.2613207370701474,1220533.4932810103
PSZ2 G107.39-31.48,cluster,PSZ2_Planck2016,0.1498,344690700000000.0,46533244500000.0,43086337500000.0,3446907000000.0,671.6727547441475,451144.2894655917,860849.4961255118,251009.4581955417,0.2915834409211811,860849.4961255118
PSZ2 G107.66-58.32,cluster,PSZ2_Planck2016,0.267,621613800000000.0,83917863000000.0,77701725000000.0,6216138000000.0,818.8499664781773,670515.267601312,1156039.7576847023,309592.930624612,0.2678047433633768,1156039.7576847023
PSZ2 G107.67-39.78,cluster,PSZ2_Planck2016,0.4152,572878500000000.0,77338597500000.0,71609812500000.0,5728785000000.0,796.6919078806961,634717.9960825836,1109797.4137176129,302092.4220948336,0.2722050154026587,1109797.4137176129
PSZ2 G108.17-11.56,cluster,PSZ2_Planck2016,0.336,773872600000000.0,104472801000000.0,96734075000000.0,7738726000000.0,881.4026259054849,776870.5889530842,1289873.6819490255,327543.5191321842,0.2539345702730047,1289873.6819490255
PSZ2 G108.24+58.11,cluster,PSZ2_Planck2016,0.321677,384949500000000.0,51968182500000.0,48118687500000.0,3849495000000.0,697.0710739545965,485908.08214421454,909733.791352874,262398.12602996454,0.2884339666439671,909733.791352874
PSZ2 G108.27+48.66,cluster,PSZ2_Planck2016,0.674,493368400000000.06,66604734000000.01,61671050000000.01,4933684000000.001,757.6819910450683,574081.9995540191,1029907.2407403572,287621.69909341907,0.2792695183759072,1029907.2407403572
PSZ2 G108.71-47.75,cluster,PSZ2_Planck2016,0.371674,505380800000000.0,68226408000000.0,63172600000000.0,5053808000000.0,763.831024679355,583437.8342627134,1042369.7893530704,290002.87609551346,0.2782149665671901,1042369.7893530704
PSZ2 G109.14-28.02,cluster,PSZ2_Planck2016,0.457,691955900000000.0,93414046500000.0,86494487500000.0,6919559000000.0,848.8828235686132,720602.0481498212,1219696.1556269848,318837.57555797126,0.261407379278057,1219696.1556269848
PSZ2 G109.22-44.01,cluster,PSZ2_Planck2016,0.173052,326227400000000.0,44040699000000.0,40778425000000.0,3262274000000.0,659.3625308939742,434758.94714690704,837476.566840256,245344.30481780705,0.2929566205577249,837476.566840256
PSZ2 G109.52-19.16,cluster,PSZ2_Planck2016,0.3092,576516100000000.0,77829673500000.0,72064512500000.0,5765161000000.0,798.3880756934797,637423.5194095374,1113315.2721429938,302685.87665338744,0.2718779524785955,1113315.2721429938
PSZ2 G109.86+27.94,cluster,PSZ2_Planck2016,0.4,520162100000000.0,70221883500000.0,65020262500000.0,5201621000000.0,771.2656741076744,594850.7400567654,1057503.465724073,292833.4413116154,0.2769101481016068,1057503.465724073
PSZ2 G109.97+52.84,cluster,PSZ2_Planck2016,0.3259,481438900000000.0,64994251500000.0,60179862500000.0,4814389000000.0,751.4762057351743,564716.487786134,1017379.6246903908,285182.71150978404,0.2803110113361774,1017379.6246903908
PSZ2 G109.99-70.28,cluster,PSZ2_Planck2016,0.304487,562247800000000.0,75903453000000.0,70280975000000.0,5622478000000.0,791.6935870374742,626778.7357562628,1099452.140145447,300325.5747485628,0.2731592979652871,1099452.140145447
PSZ2 G110.28-87.48,cluster,PSZ2_Planck2016,0.52,717376100000000.0,96845773500000.0,89672012500000.0,7173761000000.0,859.2357883811062,738286.1400349011,1241897.9164113605,321762.1527887511,0.2590890511504587,1241897.9164113605
PSZ2 G110.98+31.73,cluster,PSZ2_Planck2016,0.0581,621073900000000.0,83844976500000.0,77634237500000.0,6210739000000.0,818.6109314388736,670123.8570712203,1155537.6119401385,309514.9976423703,0.2678536764568806,1155537.6119401385
PSZ2 G111.61-45.71,cluster,PSZ2_Planck2016,0.5456,979370400000000.0,132215004000000.0,122421300000000.0,9793704000000.0,953.9806840837094,910079.1456048222,1451061.881450591,341435.6349012223,0.2353005335374791,1451061.881450591
PSZ2 G111.75+70.37,cluster,PSZ2_Planck2016,0.183,434251800000000.0,58623993000000.0,54281475000000.0,4342518000000.0,725.8762465253897,526896.3252697883,966236.1020485532,274760.39377608825,0.2843615480663148,966236.1020485532
PSZ2 G112.35-32.86,cluster,PSZ2_Planck2016,0.348114,549906900000000.06,74237431500000.02,68738362500000.01,5499069000000.001,785.8118232425627,617500.2215478006,1087319.1354457445,298212.4524094505,0.2742639604950931,1087319.1354457445
PSZ2 G112.48+56.99,cluster,PSZ2_Planck2016,0.0701,299113500000000.0,40380322500000.0,37389187500000.0,2991135000000.0,640.4161847679046,410132.8897126789,801918.908632734,236461.1606724289,0.2948691671026856,801918.908632734
PSZ2 G113.02-64.68,cluster,PSZ2_Planck2016,0.0812,232669600000000.0,31410396000000.0,29083700000000.0,2326696000000.0,588.5805658744364,346427.08252507175,707265.1649200291,211334.1103686717,0.2988046362958755,707265.1649200291
PSZ2 G113.29-29.69,cluster,PSZ2_Planck2016,0.1073,371007500000000.0,50086012500000.0,46375937500000.0,3710075000000.0,688.4842055444291,474010.50128414365,893107.6124958188,258595.57012289367,0.2895458134101441,893107.6124958188
PSZ2 G113.81+44.35,cluster,PSZ2_Planck2016,0.225,462771300000000.0,62474125500000.0,57846412500000.0,4627713000000.0,741.5569580306718,549906.7220037036,997460.3824129028,281211.7556407536,0.2819277442984647,997460.3824129028
PSZ2 G113.91-37.01,cluster,PSZ2_Planck2016,0.371187,758224700000000.0,102360334500000.0,94778087500000.0,7582247000000.0,875.3737150430542,766279.1409882782,1276766.2986328478,326037.5783372282,0.2553619865173031,1276766.2986328478
PSZ2 G114.14+58.96,cluster,PSZ2_Planck2016,0.115583,217177000000000.0,29318895000000.0,27147125000000.0,2171770000000.0,575.1099015666858,330751.39888004307,683312.493679888,204653.76337454308,0.2995024461976505,683312.493679888
PSZ2 G114.31+64.89,cluster,PSZ2_Planck2016,0.2836,676131200000000.0,91277712000000.0,84516400000000.0,6761312000000.0,842.3097082672615,709485.6446412791,1205668.5572184937,316909.33310047915,0.2628494632319156,1205668.5572184937
PSZ2 G114.39-60.16,cluster,PSZ2_Planck2016,0.368318,577503800000000.0,77963013000000.0,72187975000000.0,5775038000000.0,798.847400684413,638157.1695802431,1114268.542071971,302846.0469685431,0.2717891024774009,1114268.542071971
PSZ2 G114.39-20.98,cluster,PSZ2_Planck2016,0.1537,381273600000000.0,51471936000000.0,47659200000000.0,3812736000000.0,694.8274077751882,482785.1265955877,905379.828032988,261409.4770531877,0.2887290714452091,905379.828032988
PSZ2 G114.79-33.71,cluster,PSZ2_Planck2016,0.094,382441600000000.0,51629616000000.0,47805200000000.0,3824416000000.0,695.541873090172,483778.4972217849,906765.5455321145,261724.68176738493,0.2886354505384276,906765.5455321145
PSZ2 G114.81-11.80,cluster,PSZ2_Planck2016,0.25,443140200000000.0,59823927000000.0,55392525000000.0,4431402000000.0,730.8348090539457,534119.5181249173,976074.6221174616,276822.7904906173,0.283608224430718,976074.6221174616
PSZ2 G114.83+57.25,cluster,PSZ2_Planck2016,0.169517,327339300000000.0,44190805500000.0,40917412500000.0,3273393000000.0,660.1167856370517,435754.1706797933,838902.5630723897,245693.93530484333,0.2928754138085071,838902.5630723897
PSZ2 G114.90-34.35,cluster,PSZ2_Planck2016,0.0948,247232100000000.0,33376333500000.0,30904012500000.0,2472321000000.0,600.7096799229215,360852.1195530988,729062.693097652,217303.8468029488,0.2980592051414194,729062.693097652
PSZ2 G114.99+70.36,cluster,PSZ2_Planck2016,0.2259,570222400000000.0,76980024000000.0,71277800000000.0,5702224000000.0,795.4488787861446,632738.9187621346,1107221.686421716,301655.5335405346,0.2724436643897532,1107221.686421716
PSZ2 G115.25-72.07,cluster,PSZ2_Planck2016,0.0555,491835400000000.0,66397779000000.0,61479425000000.0,4918354000000.0,756.8901361147701,572882.6781478353,1028305.9260202352,287312.47044673533,0.2794036902604425,1028305.9260202352
PSZ2 G115.58-44.56,cluster,PSZ2_Planck2016,0.17,431609200000000.0,58267242000000.0,53951150000000.0,4316092000000.0,724.3890403587408,524739.4817918574,963291.6445103966,274137.9006740574,0.2845845307974107,963291.6445103966
PSZ2 G115.65+41.66,cluster,PSZ2_Planck2016,0.2195,289483500000000.0,39080272500000.0,36185437500000.0,2894835000000.0,633.4130399315403,401212.0791553151,788904.3559203382,233131.7351600651,0.2955133070447974,788904.3559203382
PSZ2 G115.67-27.57,cluster,PSZ2_Planck2016,0.457297,531218800000000.0,71714538000000.0,66402350000000.0,5312188000000.0,776.7357111664118,603318.3650011914,1068683.6493703036,294881.3085169914,0.2759294658346679,1068683.6493703036
PSZ2 G115.72+44.03,cluster,PSZ2_Planck2016,0.2143,377804300000000.0,51003580500000.0,47225537500000.0,3778043000000.0,692.696630852228,479828.6223940279,901251.2807276336,260467.3230215779,0.2890063277483358,901251.2807276336
PSZ2 G116.24-72.94,cluster,PSZ2_Planck2016,0.501893,587478400000000.0,79309584000000.0,73434800000000.0,5874784000000.0,803.4570717450719,645543.2661371656,1123850.1252123876,304440.6763115656,0.2708908149598967,1123850.1252123876
PSZ2 G116.32-36.33,cluster,PSZ2_Planck2016,0.3668,530989300000000.0,71683555500000.0,66373662500000.0,5309893000000.0,776.6229436265654,603143.1965671914,1068452.7752058322,294839.3927172414,0.2759498590477637,1068452.7752058322
PSZ2 G116.50-44.47,cluster,PSZ2_Planck2016,0.395647,760865600000000.0,102716856000000.0,95108200000000.0,7608656000000.0,876.396973368176,768071.6549288994,1278987.8572360391,326296.7289584994,0.2551210530361437,1278987.8572360391
PSZ2 G116.79-09.85,cluster,PSZ2_Planck2016,0.104,335741800000000.0,45325143000000.0,41967725000000.0,3357418000000.0,665.7623284028223,443239.47792034736,849601.2717758068,248300.57039164737,0.2922554127922363,849601.2717758068
PSZ2 G116.95-53.55,cluster,PSZ2_Planck2016,0.2546,643311400000000.0,86847039000000.0,80413925000000.0,6433114000000.0,828.3443936703956,686154.4345251753,1176042.645527601,312634.0044900753,0.265835601862737,1176042.645527601
PSZ2 G117.98-55.88,cluster,PSZ2_Planck2016,0.0395,166848700000000.0,22524574500000.0,20856087500000.0,1668487000000.0,526.3587756004108,277053.56065156363,598926.9564431416,180177.61818451365,0.3008340436946397,598926.9564431416
PSZ2 G118.03+31.10,cluster,PSZ2_Planck2016,0.194,433174300000000.06,58478530500000.01,54146787500000.01,4331743000000.001,725.2705771366644,526017.4100601503,965036.6066988008,274507.0982327003,0.2844525236941371,965036.6066988008
PSZ2 G118.34+68.79,cluster,PSZ2_Planck2016,0.254879,377422500000000.0,50952037500000.0,47177812500000.0,3774225000000.0,692.4613442770735,479502.7133180117,900795.7741106164,260363.0952342617,0.2890367636230602,900795.7741106164
PSZ2 G118.39+42.22,cluster,PSZ2_Planck2016,0.478,550717800000000.0,74346902999999.98,68839724999999.99,5507177999999.999,786.200979009903,618111.97939613,1088120.5277197198,298353.38428343006,0.274191485853744,1088120.5277197198
PSZ2 G118.46+39.32,cluster,PSZ2_Planck2016,0.3967,600469300000000.0,81063355500000.0,75058662500000.0,6004693000000.0,809.3834310103208,655101.5383940387,1136208.0207641136,306456.1527240887,0.2697183500940199,1136208.0207641136
PSZ2 G118.58+28.57,cluster,PSZ2_Planck2016,0.178,598297700000000.0,80770189500000.0,74787212500000.0,5982977000000.0,808.3987290676462,653508.5051581856,1134151.609044001,306123.99713763566,0.2699145287953818,1134151.609044001
PSZ2 G118.92+52.38,cluster,PSZ2_Planck2016,0.22,438772600000000.0,59234301000000.0,54846575000000.0,4387726000000.0,728.4065960392559,530576.1691534957,971252.6042576544,275815.36398259574,0.2839790212901475,971252.6042576544
PSZ2 G119.30-64.68,cluster,PSZ2_Planck2016,0.556769,637161400000000.0,86016789000000.0,79645175000000.0,6371614000000.0,825.6751535999829,681739.4592723553,1170407.714065547,311789.85146225535,0.2663942211891419,1170407.714065547
PSZ2 G119.38+46.85,cluster,PSZ2_Planck2016,0.3275,410736900000000.0,55449481500000.0,51342112500000.0,4107369000000.0,712.424437755318,507548.5795109809,939710.992381766,269065.90452763095,0.2863283570256679,939710.992381766
PSZ2 G119.92+59.12,cluster,PSZ2_Planck2016,0.1961,343746200000000.0,46405737000000.0,42968275000000.0,3437462000000.0,671.0537914200614,450313.1909792393,859669.2639694598,250726.7567159393,0.291654904071162,859669.2639694598
PSZ2 G120.08-44.41,cluster,PSZ2_Planck2016,0.2668,464691000000000.0,62733285000000.0,58086375000000.0,4646910000000.0,742.589133610727,551438.6213567301,999527.1084632667,281629.0359002301,0.2817622788972913,999527.1084632667
PSZ2 G121.03+57.02,cluster,PSZ2_Planck2016,0.344,569185400000000.0,76840029000000.0,71148175000000.0,5691854000000.0,794.9625293303271,631965.4230392713,1106214.4378597,301484.1423131713,0.2725367993718124,1106214.4378597
PSZ2 G121.13+49.64,cluster,PSZ2_Planck2016,0.221,317201600000000.0,42822216000000.0,39650200000000.0,3172016000000.0,653.1757944165716,426638.61841171945,825809.9879480742,242464.54961731948,0.2936081582396231,825809.9879480742
PSZ2 G121.77+51.75,cluster,PSZ2_Planck2016,0.233215,398259400000000.0,53765019000000.0,49782425000000.0,3982594000000.0,705.0780356107412,497135.0363007016,925327.4891699104,265897.0660836016,0.2873545519782748,925327.4891699104
PSZ2 G122.30+54.52,cluster,PSZ2_Planck2016,0.318225,452806600000000.0,61128891000000.0,56600825000000.0,4528066000000.0,736.1529919505845,541921.2275577972,986662.950925842,279011.9802558972,0.2827834773709547,986662.950925842
PSZ2 G122.47-38.41,cluster,PSZ2_Planck2016,0.0815,251994500000000.0,34019257500000.0,31499312500000.0,2519945000000.0,604.5730655156179,365508.5915469517,736051.1195669927,219195.16696520167,0.2977988364370001,736051.1195669927
PSZ2 G122.89-36.82,cluster,PSZ2_Planck2016,0.345787,556673100000000.0,75150868500000.0,69584137500000.0,5566731000000.0,789.0473710651974,622595.7537848993,1093988.0154173756,299379.3834532493,0.2736587414433702,1093988.0154173756
PSZ2 G123.00-35.52,cluster,PSZ2_Planck2016,0.379705,647186700000000.0,87370204500000.0,80898337500000.0,6471867000000.0,830.0176703131518,688929.3330320719,1179579.5601941156,313158.820498022,0.2654834239807338,1179579.5601941156
PSZ2 G123.55-10.36,cluster,PSZ2_Planck2016,0.107,414038400000000.0,55895184000000.0,51754800000000.0,4140384000000.0,714.3434171278194,510286.5175938498,943480.128285012,269886.9207282498,0.2860546954166699,943480.128285012
PSZ2 G123.66+67.25,cluster,PSZ2_Planck2016,0.283797,438271800000000.0,59166692999999.99,54783974999999.99,4382718000000.0,728.1271470071066,530169.1422087087,970698.1688000988,275699.1122850088,0.2840214611981873,970698.1688000988
PSZ2 G123.72+34.68,cluster,PSZ2_Planck2016,0.2053,382290500000000.0,51609217500000.0,47786312500000.0,3822905000000.0,695.4495269237203,483650.0444984264,906586.3994745836,261683.96095267645,0.2886475697234556,906586.3994745836
PSZ2 G124.20-36.48,cluster,PSZ2_Planck2016,0.1971,765418200000000.0,103331457000000.0,95677275000000.0,7654182000000.0,878.1554271681583,771156.9542648906,1282808.5294371822,326738.6908535906,0.2547057361685484,1282808.5294371822
PSZ2 G125.30-27.99,cluster,PSZ2_Planck2016,0.223276,502478200000000.0,67834557000000.0,62809775000000.0,5024782000000.0,762.354179417406,581183.8948751865,1039372.1098334196,289434.2486738865,0.2784702859885996,1039372.1098334196
PSZ2 G125.37-08.67,cluster,PSZ2_Planck2016,0.1066,584781800000000.0,78945543000000.0,73097725000000.0,5847818000000.0,802.2160208375425,643550.5440884205,1121267.8516073646,304013.65819972043,0.2711338399329914,1121267.8516073646
PSZ2 G125.68-64.12,cluster,PSZ2_Planck2016,0.0442,342974200000000.0,46301517000000.0,42871775000000.0,3429742000000.0,670.5470340099724,449633.3248195711,858703.380255744,250495.13035427112,0.2917132226493242,858703.380255744
PSZ2 G125.71+53.86,cluster,PSZ2_Planck2016,0.3019,655128600000000.0,88442361000000.0,81891075000000.0,6551286000000.0,833.426148055546,694599.144262705,1186795.049886911,314217.393837805,0.2647612946041076,1186795.049886911
PSZ2 G126.07-49.55,cluster,PSZ2_Planck2016,0.493849,449838800000000.0,60728238000000.0,56229850000000.0,4498388000000.0,734.5282788416417,539531.7924180645,983424.225882322,278345.71360386454,0.2830372755502688,983424.225882322
PSZ2 G126.20-33.17,cluster,PSZ2_Planck2016,0.357968,545094100000000.0,73587703500000.0,68136762500000.0,5450941000000.0,783.4942540260046,613863.2460917654,1082550.5556519795,297369.8921086154,0.2746937688554606,1082550.5556519795
PSZ2 G126.61-37.63,cluster,PSZ2_Planck2016,0.166147,383641600000000.0,51791616000000.0,47955200000000.0,3836416000000.0,696.274405445231,484798.0476781099,908187.0258763272,262047.48642370992,0.2885391213014249,908187.0258763272
PSZ2 G126.72-72.82,cluster,PSZ2_Planck2016,0.0535,150233700000000.0,20281549500000.0,18779212500000.0,1502337000000.0,508.1304630030722,258196.56743171657,568324.1724986109,170967.65118716657,0.3008276956363042,568324.1724986109
PSZ2 G127.01+26.21,cluster,PSZ2_Planck2016,0.63,734240300000000.0,99122440500000.0,91780037500000.0,7342403000000.0,865.9703835135526,749904.7051226094,1256410.495084386,323589.0007761594,0.2575503802635983,1256410.495084386
PSZ2 G127.44-34.74,cluster,PSZ2_Planck2016,0.248664,489850800000000.0,66129857999999.99,61231349999999.99,4898507999999.999,755.8625740967582,571328.2309201773,1026229.1755633748,286910.32464797737,0.2795772440307699,1026229.1755633748
PSZ2 G127.50-30.52,cluster,PSZ2_Planck2016,0.352803,528898900000000.0,71401351500000.0,66112362500000.0,5288989000000.0,775.5943078565589,601546.5303794947,1066347.5574313966,294456.45771314466,0.2761355391692623,1066347.5574313966
PSZ2 G127.71-69.55,cluster,PSZ2_Planck2016,0.119261,406023900000000.0,54813226500000.0,50752987500000.0,4060239000000.0,709.6672033370882,503627.539492284,934304.0809802298,267881.33363843407,0.2867175035320246,934304.0809802298
PSZ2 G127.86+45.05,cluster,PSZ2_Planck2016,0.1912,288058500000000.0,38887897500000.0,36007312500000.0,2880585000000.0,632.3636703966584,399883.8116375337,786960.2458164805,232630.8532797837,0.2956068677121377,786960.2458164805
PSZ2 G128.18-51.08,cluster,PSZ2_Planck2016,0.545703,659020300000000.0,88967740500000.0,82377537500000.0,6590203000000.0,835.0863642656898,697369.2357824884,1190314.8256082537,314727.8806660384,0.2644072592351454,1190314.8256082537
PSZ2 G128.26+43.03,cluster,PSZ2_Planck2016,0.083,185466600000000.0,25037991000000.0,23183325000000.0,1854666000000.0,545.4044496617195,297466.01371080306,631459.2098814053,189780.11821890308,0.3005421652723155,631459.2098814053
PSZ2 G129.78+16.85,cluster,PSZ2_Planck2016,0.41159,619361700000000.0,83613829500000.0,77420212500000.0,6193617000000.0,817.8519590890286,668881.8269857621,1153943.697761124,309267.10768921213,0.2680088363836561,1153943.697761124
PSZ2 G130.13-17.02,cluster,PSZ2_Planck2016,0.2137,490000300000000.0,66150040500000.0,61250037500000.0,4900003000000.0,755.940076557357,571445.3993455428,1026385.7636078194,286940.6901590928,0.2795641759005656,1026385.7636078194
PSZ2 G130.21-62.60,cluster,PSZ2_Planck2016,0.277,570862700000000.0,77066464500000.0,71357837500000.0,5708627000000.0,795.7488840982277,633216.2865435745,1107843.1589710244,301761.1293755245,0.2723861468403192,1107843.1589710244
PSZ2 G130.25-26.50,cluster,PSZ2_Planck2016,0.216,448978900000000.0,60612151500000.0,56122362500000.0,4489789000000.0,734.056199863482,538838.5045580162,982483.8323375136,278151.7021716662,0.2831107169569305,982483.8323375136
PSZ2 G131.06+29.98,cluster,PSZ2_Planck2016,0.2,424943500000000.0,57367372500000.0,53117937500000.0,4249435000000.0,720.6106529531928,519279.7131496269,955824.2438144288,272548.3807643769,0.2851448710661619,955824.2438144288
PSZ2 G132.29+44.51,cluster,PSZ2_Planck2016,0.1525,275461600000000.0,37187316000000.0,34432700000000.0,2754616000000.0,622.9338288203104,388046.55508873175,769560.874476485,228107.62770433177,0.2964127144061323,769560.874476485
PSZ2 G132.47-17.27,cluster,PSZ2_Planck2016,0.341,901577300000000.0,121712935499999.98,112697162499999.98,9015772999999.998,927.8171491719612,860844.662297585,1392239.4346941074,337369.4980056351,0.2423214639655422,1392239.4346941074
PSZ2 G132.54-42.16,cluster,PSZ2_Planck2016,0.193982,398675600000000.0,53821206000000.0,49834450000000.0,3986756000000.0,705.325528020457,497484.1004773365,925810.8685151534,266004.4755919365,0.2873205366648627,925810.8685151534
PSZ2 G133.59+50.68,cluster,PSZ2_Planck2016,0.529308,515869200000000.0,69642342000000.0,64483650000000.0,5158692000000.0,769.1210600525361,591547.2050163369,1053130.6345069327,292022.4563085369,0.2772898695946296,1053130.6345069327
PSZ2 G133.60+69.04,cluster,PSZ2_Planck2016,0.254,587762600000000.0,79347951000000.0,73470325000000.0,5877626000000.0,803.5876480535915,645753.1081043028,1124121.9305985176,304485.50564840285,0.270865194744742,1124121.9305985176
PSZ2 G134.52+31.98,cluster,PSZ2_Planck2016,0.1288,247134000000000.0,33363090000000.0,30891750000000.0,2471340000000.0,600.6295812578787,360755.89388201473,728918.0352106579,217264.5801010148,0.298064486822891,728918.0352106579
PSZ2 G134.59+53.38,cluster,PSZ2_Planck2016,0.3452,445491400000000.0,60141338999999.99,55686424999999.99,4454913999999.999,732.1354082512872,536022.256015279,978660.6102378434,277360.371110179,0.2834081276069466,978660.6102378434
PSZ2 G134.64-11.80,cluster,PSZ2_Planck2016,0.207,519134400000000.0,70083144000000.0,64891800000000.0,5191344000000.0,770.753336751641,594060.7061137884,1056458.2784192308,292640.11208418844,0.2770011064914586,1056458.2784192308
PSZ2 G134.70+48.91,cluster,PSZ2_Planck2016,0.116,340445700000000.0,45960169500000.0,42555712500000.0,3404457000000.0,668.8819503259126,447403.06347179663,855532.2262083709,249732.97046924665,0.2919036394175787,855532.2262083709
PSZ2 G135.03+36.04,cluster,PSZ2_Planck2016,0.345,561979700000000.0,75867259500000.0,70247462500000.0,5619797000000.0,791.5667242588494,626577.8789538853,1099189.9797016263,300280.3825703353,0.2731833332867954,1099189.9797016263
PSZ2 G135.06+54.39,cluster,PSZ2_Planck2016,0.3169,540514000000000.0,72969390000000.0,67564250000000.0,5405140000000.0,781.2760879727641,610392.3256380262,1077992.9490260156,296558.27618702623,0.2751022411185264,1077992.9490260156
PSZ2 G135.17+65.43,cluster,PSZ2_Planck2016,0.543612,600550700000000.0,81074344500000.0,75068837500000.0,6005507000000.0,809.4202954501307,655161.2146865767,1136285.0306950896,306468.5664265268,0.2697109951708626,1136285.0306950896
PSZ2 G135.19+57.88,cluster,PSZ2_Planck2016,0.1031,221446800000000.0,29895318000000.0,27680850000000.0,2214468000000.0,578.8844976774719,335107.261651299,689996.9182916057,206530.488465099,0.2993208853402666,689996.9182916057
PSZ2 G135.70+32.52,cluster,PSZ2_Planck2016,0.26,420104400000000.0,56714093999999.99,52513049999999.99,4201044000000.0,717.842930028126,515298.472191365,950366.3741240564,271376.82530676504,0.2855496918826599,950366.3741240564
PSZ2 G135.76-62.03,cluster,PSZ2_Planck2016,0.045,152334600000000.0,20565171000000.0,19041825000000.0,1523346000000.0,510.5070136567222,260617.4109927048,572284.1592654582,172168.6670388048,0.3008447189238783,572284.1592654582
PSZ2 G136.64-25.03,cluster,PSZ2_Planck2016,0.0163,112088300000000.0,15131920500000.0,14011037500000.0,1120883000000.0,460.5042609302382,212064.1743349049,490899.4978169402,146983.29745645495,0.2994162717829181,490899.4978169402
PSZ2 G136.91-53.21,cluster,PSZ2_Planck2016,0.0491,183155700000000.0,24726019500000.0,22894462500000.0,1831557000000.0,543.1115835113412,294970.1921441966,627512.9113795736,188626.0548766466,0.3005931056652783,627512.9113795736
PSZ2 G136.92+59.46,cluster,PSZ2_Planck2016,0.065,180875400000000.0,24418179000000.0,22609425000000.0,1808754000000.0,540.8301712993637,292497.274187699,623594.389083914,187477.128126599,0.3006395365455592,623594.389083914
PSZ2 G137.74-27.08,cluster,PSZ2_Planck2016,0.0872,283372800000000.0,38255328000000.0,35421600000000.0,2833728000000.0,628.8886261624243,395500.9041164615,780533.4638535423,230968.56392126143,0.2959111615547593,780533.4638535423
PSZ2 G138.11+42.06,cluster,PSZ2_Planck2016,0.496,664129600000000.0,89657496000000.0,83016200000000.0,6641296000000.0,837.2561596483225,700997.8768690573,1194920.0960371487,315389.95232265734,0.2639422948602349,1194920.0960371487
PSZ2 G138.32-39.82,cluster,PSZ2_Planck2016,0.2803,598432400000000.0,80788374000000.0,74804050000000.0,5984324000000.0,808.4598771304414,653607.3729297685,1134279.2726001886,306144.6551931685,0.2699023623092146,1134279.2726001886
PSZ2 G138.61-10.84,cluster,PSZ2_Planck2016,0.702,948078800000000.0,127990638000000.0,118509850000000.0,9480788000000.0,943.6286719829473,890435.0705883005,1427692.4547662996,339960.1356141005,0.2381186049412504,1427692.4547662996
PSZ2 G138.97+40.56,cluster,PSZ2_Planck2016,0.1927,345216700000000.0,46604254500000.0,43152087500000.0,3452167000000.0,672.0169725166436,451606.8113504353,861506.0763874407,251166.5731713853,0.2915435886704407,861506.0763874407
PSZ2 G139.18+56.37,cluster,PSZ2_Planck2016,0.322,686767900000000.0,92713666500000.0,85845987500000.0,6867679000000.0,846.7389815268205,716966.9028370772,1215115.1634665134,318214.6945872272,0.2618802761702156,1215115.1634665134
PSZ2 G139.62+24.18,cluster,PSZ2_Planck2016,0.267,761203300000000.0,102762445500000.0,95150412500000.0,7612033000000.0,876.527650403733,768300.7219222888,1279271.6565595916,326329.7200713388,0.2550902448264611,1279271.6565595916
PSZ2 G140.63+29.45,cluster,PSZ2_Planck2016,0.2149,502427700000000.0,67827739499999.99,62803462499999.99,5024276999999.999,762.3284349028011,581144.6426613542,1039319.879099424,289424.3178458042,0.2784747253142044,1039319.879099424
PSZ2 G140.90-52.52,cluster,PSZ2_Planck2016,0.53877,743168600000000.0,100327761000000.0,92896075000000.0,7431686000000.0,869.4943179192255,756020.3688938193,1264026.3357692363,324520.7016089193,0.2567357122440244,1264026.3357692363
PSZ2 G141.05-32.61,cluster,PSZ2_Planck2016,0.554472,692388500000000.0,93472447500000.0,86548562500000.0,6923885000000.0,849.0611045438359,720904.7592491986,1220077.363529496,318889.1097964486,0.2613679421720861,1220077.363529496
PSZ2 G141.77+14.19,cluster,PSZ2_Planck2016,0.83,766384200000000.0,103461867000000.0,95798025000000.0,7663842000000.0,878.5276535301568,771810.8380172033,1283617.7617649906,326831.6942369033,0.2546176159073287,1283617.7617649906
PSZ2 G142.18-53.27,cluster,PSZ2_Planck2016,0.3652,598957200000000.0,80859222000000.0,74869650000000.0,5989572000000.0,808.6980268500054,653992.498631092,1134776.521172315,306225.070731292,0.2698549582387701,1134776.521172315
PSZ2 G142.20+37.25,cluster,PSZ2_Planck2016,0.284,444746300000000.0,60040750500000.0,55593287500000.0,4447463000000.0,731.7237401275897,535419.6318663085,977841.8456342038,277190.36804085854,0.2834715749570727,977841.8456342038
PSZ2 G143.00-77.70,cluster,PSZ2_Planck2016,0.0533,184446400000000.0,24900264000000.0,23055800000000.0,1844464000000.0,544.3945635735353,296365.4408484199,629720.0745271156,189271.8954108199,0.30056512896298,629720.0745271156
PSZ2 G143.26+65.24,cluster,PSZ2_Planck2016,0.363353,764912400000000.0,103263174000000.0,95614050000000.0,7649124000000.0,877.9604040876397,770814.4711457316,1282384.6096889903,326689.88608913164,0.2547518767933139,1282384.6096889903
PSZ2 G143.44+53.66,cluster,PSZ2_Planck2016,0.366351,530871000000000.0,71667584999999.98,66358874999999.99,5308709999999.999,776.5648028811914,603052.8930739037,1068333.7473796643,294817.7767474038,0.2759603705026754,1068333.7473796643
PSZ2 G143.62+42.61,cluster,PSZ2_Planck2016,0.206,494657000000000.06,66778695000000.01,61832125000000.01,4946570000000.001,758.3463408792096,575089.1727248863,1031251.3408402544,287880.6833993863,0.2791566633647464,1031251.3408402544
PSZ2 G144.33+62.85,cluster,PSZ2_Planck2016,0.132,265764600000000.03,35878221000000.01,33220575000000.004,2657646000000.0005,615.4778591453785,378812.9950981784,755894.1994698836,224504.3543992784,0.297004996938362,755894.1994698836
PSZ2 G144.81-49.86,cluster,PSZ2_Planck2016,0.19,438543000000000.06,59203305000000.01,54817875000000.01,4385430000000.001,728.2785043373011,530389.5798797763,970998.453499081,275762.0854052763,0.2839984805449922,970998.453499081
PSZ2 G144.83+25.11,cluster,PSZ2_Planck2016,0.584,822120500000000.0,110986267500000.0,102765062500000.0,8221205000000.0,899.4969986545128,809094.8505884766,1329475.0317222064,331754.01269772666,0.2495376030251364,1329475.0317222064
PSZ2 G144.99-24.64,cluster,PSZ2_Planck2016,0.19,424530100000000.06,57311563500000.01,53066262500000.01,4245301000000.001,720.3750289342744,518940.1823120567,955359.2009438544,272448.87885490665,0.2851795205256187,955359.2009438544
PSZ2 G145.19+32.14,cluster,PSZ2_Planck2016,0.223,487007300000000.0,65745985499999.99,60875912499999.99,4870072999999.999,754.3854723940167,569097.4409591437,1023246.2981862362,286330.53192219377,0.2798256220713735,1023246.2981862362
PSZ2 G145.65+59.30,cluster,PSZ2_Planck2016,0.347477,473170300000000.06,63877990500000.01,59146287500000.01,4731703000000.001,747.1146807231987,558180.3461521271,1008605.1586565292,283447.4968106771,0.2810291959920487,1008605.1586565292
PSZ2 G145.92-12.53,cluster,PSZ2_Planck2016,0.03,191212000000000.0,25813620000000.0,23901500000000.0,1912120000000.0,551.023963708603,303627.4085811398,641165.3124375178,192605.61032313984,0.3003992988811437,641165.3124375178
PSZ2 G146.00-49.45,cluster,PSZ2_Planck2016,0.097,387710100000000.0,52340863500000.0,48463762500000.0,3877101000000.0,698.7467301981859,488246.9929626564,912989.9647436596,263134.17313550645,0.2882114626631046,912989.9647436596
PSZ2 G146.35-15.59,cluster,PSZ2_Planck2016,0.0172,195718600000000.0,26422011000000.0,24464825000000.0,1957186000000.0,555.3538460129971,308417.8942814277,648676.9960481797,194779.4671715277,0.3002718893349823,648676.9960481797
PSZ2 G146.82+40.97,cluster,PSZ2_Planck2016,0.259,448909800000000.0,60602823000000.0,56113725000000.0,4489098000000.0,734.0182384044085,538782.7743103111,982408.2249480012,278136.0928696111,0.2831166167041535,982408.2249480012
PSZ2 G147.11+21.84,cluster,PSZ2_Planck2016,0.1127,338010100000000.0,45631363500000.0,42251262500000.0,3380101000000.0,667.2702612096821,445249.6014948373,852466.429638222,248993.67021768732,0.2920861884536118,852466.429638222
PSZ2 G147.14-20.56,cluster,PSZ2_Planck2016,0.0488,210058300000000.0,28357870500000.0,26257287500000.0,2100583000000.0,568.7057070253429,323426.1812031952,672020.2654110712,201461.8159697452,0.2997853284179043,672020.2654110712
PSZ2 G147.88+53.24,cluster,PSZ2_Planck2016,0.6,646858000000000.0,87325830000000.0,80857250000000.0,6468580000000.0,829.8760028943784,688694.1801799504,1179279.9735023913,313114.51793295046,0.2655133004616529,1179279.9735023913
PSZ2 G148.36+75.23,cluster,PSZ2_Planck2016,0.3038,475299600000000.06,64165446000000.01,59412450000000.01,4752996000000.001,748.2426524411967,559867.0669322375,1010872.0087434964,283897.9002308374,0.280844555764997,1010872.0087434964
PSZ2 G149.22+54.18,cluster,PSZ2_Planck2016,0.1369,586506700000000.0,79178404500000.0,73313337500000.0,5865067000000.0,803.0103049438341,644825.5498459893,1122920.306255499,304287.1499319393,0.2709784017947082,1122920.306255499
PSZ2 G149.39-36.84,cluster,PSZ2_Planck2016,0.17,541687000000000.0,73127745000000.0,67710875000000.0,5416870000000.0,781.8453631308033,611282.1718491378,1079162.0218341209,296767.05337863776,0.2749976809545787,1079162.0218341209
PSZ2 G149.63-84.19,cluster,PSZ2_Planck2016,0.0569,301762800000000.0,40737978000000.0,37720350000000.0,3017628000000.0,642.3164927700244,412570.4768843848,805462.4467293116,237360.50730418484,0.2946884839485925,805462.4467293116
PSZ2 G149.75+34.68,cluster,PSZ2_Planck2016,0.1818,885905900000000.0,119597296500000.0,110738237500000.0,8859059000000.0,922.3667304382471,850760.3854193423,1380086.2965900197,336384.3729024923,0.2437415498825299,1380086.2965900197
PSZ2 G150.24+48.72,cluster,PSZ2_Planck2016,0.2055,355936200000000.0,48051387000000.0,44492025000000.0,3559362000000.0,678.9572711822219,460982.9760912092,874779.3577310907,254318.76574290925,0.2907233275400257,874779.3577310907
PSZ2 G150.56+46.67,cluster,PSZ2_Planck2016,0.398297,521335500000000.0,70380292500000.0,65166937500000.0,5213355000000.0,771.8498258607375,595752.1536812508,1058695.5706013236,293053.55366800074,0.2768062527186645,1058695.5706013236
PSZ2 G150.56+58.32,cluster,PSZ2_Planck2016,0.47,755268800000000.0,101961288000000.0,94408600000000.0,7552688000000.0,874.2255943533565,764270.3898224795,1274275.1644946833,325745.0862632795,0.2556316683708219,1274275.1644946833
PSZ2 G150.90-39.05,cluster,PSZ2_Planck2016,0.2249,500137100000000.0,67518508500000.0,62517137500000.0,5001371000000.0,761.1588935076499,579362.8611657899,1036948.0097535644,288972.5079581399,0.27867598494819,1036948.0097535644
PSZ2 G151.19+48.27,cluster,PSZ2_Planck2016,0.289487,508049500000000.0,68586682500000.0,63506187500000.0,5080495000000.0,765.1838999652473,585506.4007660255,1045118.3203453476,290521.93800177553,0.2779799495867375,1045118.3203453476
PSZ2 G151.62+54.78,cluster,PSZ2_Planck2016,0.486423,536529000000000.0,72431415000000.0,67066125000000.0,5365290000000.0,779.3359559991892,607364.5323131701,1074011.7856845248,295844.2595396702,0.275457181646394,1074011.7856845248
PSZ2 G151.86-75.04,cluster,PSZ2_Planck2016,0.0519,167154900000000.0,22565911500000.0,20894362500000.0,1671549000000.0,526.683144407781,277395.13460326754,599476.2785876736,180341.40583291755,0.3008315963023423,599476.2785876736
PSZ2 G151.90+11.63,cluster,PSZ2_Planck2016,0.1203,386295200000000.0,52149852000000.0,48286900000000.0,3862952000000.0,697.88889347529,487048.9076361648,911322.5201594369,262757.6091693648,0.2883255964347233,911322.5201594369
PSZ2 G152.33+81.28,cluster,PSZ2_Planck2016,0.3331,535808700000000.0,72334174500000.0,66976087500000.0,5358087000000.0,778.98425153743,606816.4641433301,1073290.6033157324,295714.41303628014,0.2755212913657543,1073290.6033157324
PSZ2 G152.70+25.46,cluster,PSZ2_Planck2016,0.098,294592800000000.0,39770028000000.0,36824100000000.0,2945928000000.0,637.1475730250245,405957.0298116789,795835.8716724857,234910.1163864789,0.2951740738863712,795835.8716724857
PSZ2 G153.00-58.26,cluster,PSZ2_Planck2016,0.227,504463000000000.0,68102505000000.0,63057875000000.0,5044630000000.0,763.3646575626983,582725.6004158157,1041422.8581114355,289823.53666131577,0.2782957320400046,1041422.8581114355
PSZ2 G153.29+36.56,cluster,PSZ2_Planck2016,0.65,631553000000000.0,85259655000000.0,78944125000000.0,6315530000000.0,823.2260253550199,677701.0888218239,1165245.2676642514,311007.83863232395,0.2669033269328293,1165245.2676642514
PSZ2 G153.57+36.26,cluster,PSZ2_Planck2016,0.132,337370100000000.0,45544963500000.0,42171262500000.0,3373701000000.0,666.8454807299986,444682.8951700229,851659.0025612591,248798.5616528729,0.2921340124447015,851659.0025612591
PSZ2 G154.13+40.19,cluster,PSZ2_Planck2016,0.289825,546810700000000.0,73819444500000.0,68351337500000.0,5468107000000.0,784.3224234794011,615161.663972601,1084253.789595683,297671.615122551,0.2745405346782807,1084253.789595683
PSZ2 G155.10-49.97,cluster,PSZ2_Planck2016,0.459,657033700000000.0,88699549500000.0,82129212500000.0,6570337000000.0,834.2396878495291,695955.8567832798,1188519.384564796,314467.9643387298,0.2645879978254453,1188519.384564796
PSZ2 G155.27-68.42,cluster,PSZ2_Planck2016,0.566,893478099999999.9,120619543499999.98,111684762499999.98,8934780999999.998,925.0082209122368,855640.2087552215,1385971.8278066025,336867.61411607155,0.2430551670369722,1385971.8278066025
PSZ2 G155.46-60.15,cluster,PSZ2_Planck2016,0.2438,426191900000000.0,57535906500000.0,53273987500000.0,4261919000000.0,721.3212762129175,520304.383517432,957227.2254897124,272848.20325158205,0.2850401618194618,957227.2254897124
PSZ2 G155.80+70.40,cluster,PSZ2_Planck2016,0.333145,441977900000000.0,59667016500000.0,55247237500000.0,4419779000000.0,730.190173645063,533177.6896878073,974793.7222837522,276555.8184229573,0.2837070162649804,974793.7222837522
PSZ2 G155.95-72.13,cluster,PSZ2_Planck2016,0.62,646898100000000.0,87331243500000.0,80862262500000.0,6468981000000.0,829.8932882757017,688722.8699250569,1179316.525878704,313119.9247559069,0.2655096557072348,1179316.525878704
PSZ2 G156.26+59.64,cluster,PSZ2_Planck2016,0.587747,676775900000000.0,91364746500000.0,84596987500000.0,6767759000000.0,842.5794824247657,709940.1842031861,1206243.230682006,316989.5459813361,0.2627907356645734,1206243.230682006
PSZ2 G157.32-26.77,cluster,PSZ2_Planck2016,0.356,1075558200000000.0,145200357000000.0,134444775000000.0,10755582000000.0,984.4879249069209,969216.4742875348,1520650.4837275362,344724.2588662349,0.2266952613734223,1520650.4837275362
PSZ2 G157.43+30.34,cluster,PSZ2_Planck2016,0.45,812215499999999.9,109649092499999.98,101526937499999.98,8122154999999.999,895.8410224911188,802531.1375779333,1321441.930320664,330941.3556446833,0.2504395751725362,1321441.930320664
PSZ2 G157.63+78.02,cluster,PSZ2_Planck2016,0.377025,555739300000000.0,75024805500000.0,69467412500000.0,5557393000000.0,788.6023936046574,621893.7351989951,1093070.0666436998,299219.5492240451,0.2737423321295464,1093070.0666436998
PSZ2 G157.82+21.28,cluster,PSZ2_Planck2016,0.43,700914700000000.0,94623484500000.0,87614337500000.0,7009147000000.0,852.5598858854822,726858.3590210665,1227566.5075110286,319892.2145350165,0.2605905362990221,1227566.5075110286
PSZ2 G158.35-47.49,cluster,PSZ2_Planck2016,0.305,565959600000000.0,76404546000000.0,70744950000000.0,5659596000000.0,793.4458680977898,629556.3456014552,1103075.3053076342,300948.0337100552,0.2728263721089509,1103075.3053076342
PSZ2 G159.86+42.57,cluster,PSZ2_Planck2016,0.269608,461237500000000.0,62267062500000.0,57654687500000.0,4612375000000.0,740.7302262913123,548681.2681415788,995806.0290518132,280876.8590353288,0.2820598096827895,995806.0290518132
PSZ2 G159.91-73.50,cluster,PSZ2_Planck2016,0.206,846424900000000.0,114267361500000.0,105803112500000.0,8464249000000.0,908.3455875084549,825091.70634608,1348983.5757515514,333639.21127073007,0.2473263702153316,1348983.5757515514
PSZ2 G160.83+81.66,cluster,PSZ2_Planck2016,0.888,570054100000000.0,76957303500000.0,71256762500000.0,5700541000000.0,795.3699866065418,632613.4155944905,1107058.2772310886,301627.7489713405,0.2724587812357582,1107058.2772310886
PSZ2 G161.39+26.27,cluster,PSZ2_Planck2016,0.0381,213415200000000.0,28811052000000.0,26676900000000.0,2134152000000.0,571.7433407093099,326890.44764544204,677368.6933037185,202976.99409864208,0.2996551156042744,677368.6933037185
PSZ2 G161.94-48.17,cluster,PSZ2_Planck2016,0.2203,653591200000000.0,88234812000000.0,81698900000000.0,6535912000000.0,832.7684820578264,693503.3447088964,1185401.697185601,314014.2417780964,0.2649011238330717,1185401.697185601
PSZ2 G162.33+25.03,cluster,PSZ2_Planck2016,0.1043,285262800000000.0,38510478000000.0,35657850000000.0,2852628000000.0,630.2948597733332,397271.61025668576,783132.0841719853,231641.89542648575,0.2957890502869684,783132.0841719853
PSZ2 G162.49-71.98,cluster,PSZ2_Planck2016,0.2108,464371900000000.0,62690206500000.0,58046487500000.0,4643719000000.0,742.417757829348,551184.1271403565,999183.8654543238,281559.81800450647,0.281789796391961,999183.8654543238
PSZ2 G163.61+34.30,cluster,PSZ2_Planck2016,0.595861,575956400000000.0,77754114000000.0,71994550000000.0,5759564000000.0,798.1275580032093,637007.5988441663,1112774.720137568,302594.92994156625,0.271928292821172,1112774.720137568
PSZ2 G163.69+53.52,cluster,PSZ2_Planck2016,0.158,473364100000000.06,63904153500000.01,59170512500000.01,4733641000000.001,747.2174832519407,558333.9672773643,1008811.6885983336,283488.5934892143,0.2810123997305185,1008811.6885983336
PSZ2 G163.87+48.54,cluster,PSZ2_Planck2016,0.214,362102700000000.0,48883864500000.0,45262837500000.0,3621027000000.0,682.8870397351781,466334.70903827465,882324.4786129819,256090.09621022467,0.2902448049642683,882324.4786129819
PSZ2 G164.18-38.88,cluster,PSZ2_Planck2016,0.0739,674581700000000.0,91068529500000.0,84322712500000.0,6745817000000.0,841.6606220090594,708392.6026406767,1204286.2404480134,316715.9641141267,0.2629906026297397,1204286.2404480134
PSZ2 G164.29+08.94,cluster,PSZ2_Planck2016,0.2505,618683500000000.0,83522272500000.0,77335437500000.0,6186835000000.0,817.5509460103874,668389.5493224794,1153311.741530318,309168.6075272294,0.2680702852439502,1153311.741530318
PSZ2 G164.31-39.46,cluster,PSZ2_Planck2016,0.0722,523932300000000.0,70730860500000.0,65491537500000.0,5239323000000.0,773.1394895753441,597744.6703408236,1061329.004976923,293538.31241637364,0.2765761710458069,1061329.004976923
PSZ2 G164.65+46.37,cluster,PSZ2_Planck2016,0.342,600950700000000.0,81128344500000.0,75118837500000.0,6009507000000.0,809.6013992947912,655454.425740084,1136663.3820604288,306529.52888003405,0.2696748516032848,1136663.3820604288
PSZ2 G165.06+54.13,cluster,PSZ2_Planck2016,0.144,494346000000000.0,66736710000000.0,61793250000000.0,4943460000000.0,758.1861072102225,574846.1731665911,1030927.1064784928,287818.2571275911,0.2791839067174587,1030927.1064784928
PSZ2 G165.12+14.05,cluster,PSZ2_Planck2016,0.067,236752900000000.03,31961641500000.004,29594112500000.004,2367529000000.0005,592.0312364599686,350500.98494431924,713444.3455995028,213037.1610169692,0.2986037556131382,713444.3455995028
PSZ2 G165.46+66.15,cluster,PSZ2_Planck2016,0.1957,369913600000000.0,49938336000000.0,46239200000000.0,3699136000000.0,687.8014679683649,473070.85933943774,891789.9954396145,258291.07003703772,0.289632168288355,891789.9954396145
PSZ2 G165.68+44.01,cluster,PSZ2_Planck2016,0.209733,375590700000000.0,50704744500000.0,46948837500000.0,3755907000000.0,691.3302828252727,477937.5599512715,898607.1331134558,259861.52433122156,0.2891825746262044,898607.1331134558
PSZ2 G165.76+31.15,cluster,PSZ2_Planck2016,0.259,443220800000000.0,59834808000000.0,55402600000000.0,4432208000000.0,730.8794698202831,534184.7994047782,976163.3841363394,276841.2736775782,0.2836013706071484,976163.3841363394
PSZ2 G165.95+41.01,cluster,PSZ2_Planck2016,0.0619,178565200000000.0,24106302000000.0,22320650000000.0,1785652000000.0,538.4992851501931,289981.480107269,619599.215020441,186302.68583546905,0.3006825724098484,619599.215020441
PSZ2 G166.09+43.38,cluster,PSZ2_Planck2016,0.2172,684747900000000.0,92440966500000.0,85593487500000.0,6847479000000.0,845.9013465681948,715549.0881258851,1213326.8298990703,317969.73530603515,0.2620643733168624,1213326.8298990703
PSZ2 G166.62+42.13,cluster,PSZ2_Planck2016,0.23225,533529700000000.0,72026509500000.0,66691212500000.0,5335297000000.0,777.8694005752109,605080.8043512378,1071005.612603132,295301.98964268784,0.2757240355864632,1071005.612603132
PSZ2 G167.66-65.59,cluster,PSZ2_Planck2016,0.405,720462600000000.0,97262451000000.0,90057825000000.0,7204626000000.0,860.4761596284314,740419.2212888938,1244566.672578142,322103.1457829939,0.2588074651844497,1244566.672578142
PSZ2 G167.67+17.63,cluster,PSZ2_Planck2016,0.174,665236700000000.0,89806954500000.0,83154587500000.0,6652367000000.0,837.7248558578058,701782.9341219815,1195915.6435797168,315532.20351293153,0.2638415219391675,1195915.6435797168
PSZ2 G167.98-59.95,cluster,PSZ2_Planck2016,0.1393,430638400000000.06,58136184000000.01,53829800000000.01,4306384000000.001,723.8411737682809,523946.0448422426,962207.6894226852,273908.13107664254,0.2846663294085548,962207.6894226852
PSZ2 G168.33+69.73,cluster,PSZ2_Planck2016,0.288,479287700000000.0,64703839500000.0,59910962500000.0,4792877000000.0,750.3463070444996,563019.5804953184,1015104.1154548896,284734.83718976844,0.2804981605873726,1015104.1154548896
PSZ2 G169.62+33.84,cluster,PSZ2_Planck2016,0.3466,591549100000000.0,79859128500000.0,73943637500000.0,5915491000000.0,805.323377307153,648545.7420373991,1127737.0418429482,305079.61627174914,0.2705237169235728,1127737.0418429482
PSZ2 G170.22+09.74,cluster,PSZ2_Planck2016,0.228,1075931400000000.0,145250739000000.0,134491425000000.0,10759314000000.0,984.6026893536512,969442.4558824426,1520914.280489218,344733.5525173428,0.2266620525165005,1520914.280489218
PSZ2 G170.26+73.90,cluster,PSZ2_Planck2016,0.1648,312368900000000.0,42169801500000.0,39046112500000.0,3123689000000.0,649.8150639760266,422259.6173701676,819495.0614660502,240891.5180988176,0.2939511528817152,819495.0614660502
PSZ2 G170.98+39.45,cluster,PSZ2_Planck2016,0.537638,807604800000000.0,109026648000000.0,100950600000000.0,8076048000000.0,894.1290920052628,799466.8331701558,1317685.8805770625,330554.1227869558,0.2508595771263741,1317685.8805770625
PSZ2 G171.98-40.66,cluster,PSZ2_Planck2016,0.27,1071025800000000.0,144588483000000.0,133878225000000.0,10710258000000.0,983.0920304508504,966469.9403359758,1517443.0921996948,344609.33380127593,0.2270986869772678,1517443.0921996948
PSZ2 G172.63+35.15,cluster,PSZ2_Planck2016,0.1267,390160700000000.0,52671694500000.0,48770087500000.0,3901607000000.0,700.2275944728138,490318.6840611834,915870.7884500502,263782.99318613345,0.28801332733031,915870.7884500502
PSZ2 G172.74+65.30,cluster,PSZ2_Planck2016,0.0794,245395900000000.0,33128446500000.0,30674487500000.0,2453958999999.9995,599.2069082182701,359048.9188564984,726350.2624692527,216566.7833046484,0.2981575067769951,726350.2624692527
PSZ2 G172.93+21.34,cluster,PSZ2_Planck2016,0.331,612114400000000.0,82635444000000.0,76514300000000.0,6121144000000.0,814.6239054255925,663612.1072908447,1147172.545584906,308205.3261912447,0.2686651867475619,1147172.545584906
PSZ2 G172.98-53.55,cluster,PSZ2_Planck2016,0.373,764535400000000.0,103212279000000.0,95566925000000.0,7645354000000.0,877.8149871702678,770559.1517007375,1282068.5482793627,326653.4609496375,0.2547862681664192,1282068.5482793627
PSZ2 G173.90-51.89,cluster,PSZ2_Planck2016,0.179363,373931600000000.0,50480766000000.0,46741450000000.0,3739316000000.0,690.3026910943167,476517.80533205566,896620.2240137096,259405.07884265567,0.2893143294063031,896620.2240137096
PSZ2 G174.40-57.33,cluster,PSZ2_Planck2016,0.1843,396123700000000.0,53476699500000.0,49515462500000.0,3961237000000.0,703.8053372029224,495341.9526753193,922843.0801879468,265344.0157957693,0.2875288567388175,922843.0801879468
PSZ2 G174.96+23.37,cluster,PSZ2_Planck2016,0.1592,343546500000000.0,46378777500000.0,42943312500000.0,3435465000000.0,670.9227765607762,450137.3721080213,859419.5144549536,250666.88795827128,0.2916699978790276,859419.5144549536
PSZ2 G175.60+35.47,cluster,PSZ2_Planck2016,0.145,307588400000000.0,41524434000000.0,38448550000000.0,3075884000000.0,646.4564936247841,417905.9981496505,813200.0995043287,239313.55995905053,0.2942861911907288,813200.0995043287
PSZ2 G175.69-85.98,cluster,PSZ2_Planck2016,0.23,567255500000000.0,76579492500000.0,70906937500000.0,5672555000000.0,794.0558441498647,630524.6836285542,1104337.4607178082,301163.94433530426,0.2727100682970138,1104337.4607178082
PSZ2 G175.89+24.24,cluster,PSZ2_Planck2016,0.1865,354439500000000.0,47849332500000.0,44304937500000.0,3544395000000.0,677.9966512143251,459679.4590578392,872938.2110054336,253884.2649085892,0.2908387577812296,872938.2110054336
PSZ2 G176.25-52.57,cluster,PSZ2_Planck2016,0.236,606590100000000.0,81889663500000.0,75823762500000.0,6065901000000.0,812.1462155647588,659581.4754561597,1141984.2272839174,307382.22170900967,0.2691650325504794,1141984.2272839174
PSZ2 G176.27+37.54,cluster,PSZ2_Planck2016,0.566894,614340600000000.0,82935981000000.0,76792575000000.0,6143406000000.0,815.6181754814392,665233.0081756717,1149256.729294343,308533.64749277174,0.2684636423075068,1149256.729294343
PSZ2 G176.27-35.04,cluster,PSZ2_Planck2016,0.0347,226922700000000.0,30634564500000.0,28365337500000.0,2269227000000.0,583.6552369794508,340653.4356535389,698475.8868286345,208897.2371954889,0.2990758036672785,698475.8868286345
PSZ2 G178.00+42.32,cluster,PSZ2_Planck2016,0.2368,397357400000000.0,53643249000000.0,49669675000000.0,3973574000000.0,704.5410732879968,496378.12394980254,924279.028645226,265663.87432570255,0.2874282182027897,924279.028645226
PSZ2 G178.94+56.00,cluster,PSZ2_Planck2016,0.0922,223119600000000.03,30121146000000.004,27889950000000.004,2231196000000.0005,580.3501123982697,336806.2529606843,692598.1193331287,207258.2161292843,0.2992474428444071,692598.1193331287
PSZ2 G179.09+60.12,cluster,PSZ2_Planck2016,0.1372,383904100000000.0,51827053500000.0,47988012500000.0,3839041000000.0,696.4344440263499,485020.9348262911,908497.6782249568,262117.96042814103,0.2885180300518467,908497.6782249568
PSZ2 G180.25+21.03,cluster,PSZ2_Planck2016,0.546,1148718400000000.0,155076984000000.0,143589800000000.0,11487184000000.0,1006.4985652388748,1013039.3618279132,1571517.5500438695,346068.76134231326,0.2202131063268448,1571517.5500438695
PSZ2 G180.27-29.53,cluster,PSZ2_Planck2016,0.3548,770502700000000.0,104017864500000.0,96312837500000.0,7705027000000.0,880.1111387343968,774595.6165243567,1287062.1805930815,327225.1830963067,0.2542419379812096,1287062.1805930815
PSZ2 G180.60+76.65,cluster,PSZ2_Planck2016,0.2138,629980900000000.0,85047421500000.0,78747612500000.0,6299809000000.0,822.536916234377,676566.9785683586,1163794.0644284426,310786.52343900857,0.2670459774097926,1163794.0644284426
PSZ2 G180.88+31.04,cluster,PSZ2_Planck2016,0.364653,598884900000000.0,80849461500000.0,74860612500000.0,5988849000000.0,808.6652259640871,653939.447683548,1134708.029785519,306213.998718198,0.2698614891939014,1134708.029785519
PSZ2 G181.06+48.47,cluster,PSZ2_Planck2016,0.240392,423192400000000.0,57130974000000.0,52899050000000.0,4231924000000.0,719.6115394580648,517840.767721206,953852.8385816722,272126.16164460604,0.2852915571853232,953852.8385816722
PSZ2 G181.44-44.76,cluster,PSZ2_Planck2016,0.3939,513606100000000.0,69336823500000.0,64200762500000.0,5136061000000.0,767.985704873394,589802.0428898837,1050818.071947121,291591.29869873374,0.2774898019772609,1050818.071947121
PSZ2 G181.71-68.65,cluster,PSZ2_Planck2016,0.1529,396746300000000.0,53560750500000.0,49593287500000.0,3967463000000.0,704.1768242194428,495864.99976778,923568.0261008876,265505.56794233003,0.2874780854673363,923568.0261008876
PSZ2 G182.42-28.28,cluster,PSZ2_Planck2016,0.0882,695241700000000.0,93857629500000.0,86905212500000.0,6952417000000.0,850.2351026074977,722899.729705982,1222588.6312947886,319227.45098943205,0.261107818949169,1222588.6312947886
PSZ2 G182.59+55.83,cluster,PSZ2_Planck2016,0.206,583450400000000.0,78765804000000.0,72931300000000.0,5834504000000.0,801.6018716544495,642565.5606399166,1119990.7028486037,303801.7142163166,0.2712537822355328,1119990.7028486037
PSZ2 G183.30+34.98,cluster,PSZ2_Planck2016,0.3919,655912800000000.0,88548228000000.0,81989100000000.0,6559128000000.0,833.7612169907577,695157.7669579093,1187505.1443121645,314320.69315270934,0.2646899633725566,1187505.1443121645
PSZ2 G183.90+42.99,cluster,PSZ2_Planck2016,0.561,694581600000000.0,93768516000000.0,86822700000000.0,6945816000000.0,849.9637780041465,722438.4239190822,1222008.0976428578,319149.41345468216,0.2611680021354132,1222008.0976428578
PSZ2 G184.24+43.69,cluster,PSZ2_Planck2016,0.397,541092000000000.0,73047420000000.0,67636500000000.0,5410920000000.0,781.5567027772828,610830.879656098,1078569.172251057,296661.230978098,0.2750507233198062,1078569.172251057
PSZ2 G184.68+28.91,cluster,PSZ2_Planck2016,0.288,550180000000000.0,74274300000000.0,68772500000000.0,5501800000000.0,785.9429280974781,617706.2862264377,1087589.099322265,298259.94935643766,0.2742395538372896,1087589.099322265
PSZ2 G185.08+34.02,cluster,PSZ2_Planck2016,0.364755,540929300000000.0,73025455500000.0,67616162500000.0,5409293000000.0,781.4777332443426,610707.4475567159,1078407.003527677,296632.2659967659,0.2750652258622437,1078407.003527677
PSZ2 G185.16-53.63,cluster,PSZ2_Planck2016,0.422989,635498000000000.0,85792230000000.0,79437250000000.0,6354980000000.0,824.9502628925386,680542.9362464686,1168878.9581735765,311559.1342394686,0.2665452500969759,1168878.9581735765
PSZ2 G186.24-11.99,cluster,PSZ2_Planck2016,0.115,469822100000000.0,63425983500000.0,58727762500000.0,4698221000000.0,745.3341742660712,555523.0313288862,1005030.3283679726,282734.2188937362,0.2813190914873749,1005030.3283679726
PSZ2 G186.37+37.26,cluster,PSZ2_Planck2016,0.282,1099841600000000.0,148478616000000.03,137480200000000.02,10998416000000.002,991.9009948919694,983867.5836676786,1537720.902096953,345275.9041132786,0.2245374330559168,1537720.902096953
PSZ2 G186.61+62.94,cluster,PSZ2_Planck2016,0.509365,568019800000000.0,76682673000000.0,71002475000000.0,5680198000000.0,794.415164073626,631095.4529101261,1105081.1829060134,301290.94460442604,0.2726414577181798,1105081.1829060134
PSZ2 G186.81+07.32,cluster,PSZ2_Planck2016,0.2204,537574300000000.0,72572530500000.0,67196787500000.0,5375743000000.0,779.8457926363766,608159.4602926584,1075057.5057107948,296032.2638652084,0.2753641198658308,1075057.5057107948
PSZ2 G186.99+38.65,cluster,PSZ2_Planck2016,0.378,684051800000000.0,92346993000000.0,85506475000000.0,6840518000000.0,845.6123141526003,715060.185846516,1212709.952092503,317885.0036528161,0.2621278097902247,1212709.952092503
PSZ2 G187.53+21.92,cluster,PSZ2_Planck2016,0.171,516530500000000.0,69731617500000.0,64566312500000.0,5165305000000.0,769.4521973977409,592056.6840802119,1053805.4298222845,292147.9703744619,0.2772314149337134,1053805.4298222845
PSZ2 G187.74+20.66,cluster,PSZ2_Planck2016,0.1929,429057900000000.0,57922816500000.0,53632237500000.0,4290579000000.0,722.9474686507217,522653.0424284862,960440.3514707416,273532.8009436362,0.284799363671851,960440.3514707416
PSZ2 G188.38+07.05,cluster,PSZ2_Planck2016,0.081,331057600000000.0,44692776000000.0,41382200000000.0,3310576000000.0,662.6267969898169,439074.272088984,843653.7237528199,246855.111790584,0.2926024088325004,843653.7237528199
PSZ2 G188.57-68.86,cluster,PSZ2_Planck2016,0.174,333981800000000.0,45087543000000.0,41747725000000.0,3339818000000.0,664.5876387798345,441676.72961895575,847371.4883141256,247759.71593025577,0.2923861840373956,847371.4883141256
PSZ2 G189.23+20.55,cluster,PSZ2_Planck2016,0.3976,546218700000000.0,73739524500000.0,68277337500000.0,5462187000000.0,784.0370098037451,614714.032741998,1083666.7015334277,297567.711819948,0.2745933887226385,1083666.7015334277
PSZ2 G189.31+59.24,cluster,PSZ2_Planck2016,0.1259,324159200000000.0,43761492000000.0,40519900000000.0,3241592000000.0,657.9550192292324,432904.8073289396,834817.6500951643,244691.00638613963,0.293107131070176,834817.6500951643
PSZ2 G189.53-25.10,cluster,PSZ2_Planck2016,0.245,603739600000000.0,81504846000000.0,75467450000000.0,6037396000000.0,810.861881412985,657496.9907286058,1139297.8503489462,306952.7985672058,0.2694227839306392,1139297.8503489462
PSZ2 G190.61+66.46,cluster,PSZ2_Planck2016,0.4881,554629000000000.0,74874915000000.0,69328625000000.0,5546290000000.0,788.0726632152487,621058.5225071748,1091977.6097347972,299029.0005836748,0.2738416959449364,1091977.6097347972
PSZ2 G191.00+06.65,cluster,PSZ2_Planck2016,0.068,589188800000000.0,79540488000000.0,73648600000000.0,5891888000000.0,804.2422864560095,646805.6553239902,1125484.9395111836,304709.9704847902,0.2707366040963024,1125484.9395111836
PSZ2 G192.18+56.12,cluster,PSZ2_Planck2016,0.124,362056500000000.0,48877627500000.0,45257062500000.0,3620565000000.0,682.857763396835,466294.7250313279,882268.1897600875,256076.93691657792,0.2902484073308957,882268.1897600875
PSZ2 G192.77+33.14,cluster,PSZ2_Planck2016,0.0503,165846400000000.0,22389264000000.0,20730800000000.0,1658464000000.0,525.2942300814484,275934.02815686166,597125.297965542,179640.04261926166,0.3008414535966086,597125.297965542
PSZ2 G192.90+29.63,cluster,PSZ2_Planck2016,0.360465,517000200000000.0,69795027000000.0,64625025000000.0,5170002000000.0,769.6872226048182,592418.420641119,1054284.452781634,292236.989016819,0.2771898876491806,1054284.452781634
PSZ2 G193.31-46.13,cluster,PSZ2_Planck2016,0.64,608570900000000.0,82157071500000.0,76071362500000.0,6085709000000.0,813.0363355954131,661028.0829984172,1143847.2635502128,307678.7341840672,0.268985855007521,1143847.2635502128
PSZ2 G193.63+54.85,cluster,PSZ2_Planck2016,0.292,518532300000000.06,70001860500000.01,64816537500000.01,5185323000000.001,770.452860042301,593597.6095473615,1055845.452459117,292526.60772291146,0.2770543804887376,1055845.452459117
PSZ2 G194.36+14.07,cluster,PSZ2_Planck2016,0.289,506553900000000.0,68384776500000.0,63319237500000.0,5065539000000.0,764.4263008291055,584347.56939927,1043578.8729025468,290231.48415042,0.2781116901525495,1043578.8729025468
PSZ2 G194.98+54.12,cluster,PSZ2_Planck2016,0.374986,566310600000000.0,76451931000000.0,70788825000000.0,5663106000000.0,793.6111741922699,629818.6958028334,1103417.308005347,301006.58576493344,0.2727948742339963,1103417.308005347
PSZ2 G195.24+29.34,cluster,PSZ2_Planck2016,0.284176,494309500000000.0,66731782499999.99,61788687499999.99,4943094999999.999,758.1672972626118,574817.6506384936,1030889.0465629754,287810.92728424363,0.279187103834129,1030889.0465629754
PSZ2 G195.39-29.08,cluster,PSZ2_Planck2016,0.2842,556195000000000.06,75086325000000.02,69524375000000.01,5561950000000.001,788.8196072450138,622236.3727741778,1093518.1274157583,299297.5975816778,0.2737015419113249,1093518.1274157583
PSZ2 G195.60+44.06,cluster,PSZ2_Planck2016,0.2952,613071500000000.0,82764652500000.0,76633937500000.0,6130715000000.0,815.0516611559323,664309.2103530447,1148069.0528288228,308346.71641579474,0.2685785455639917,1148069.0528288228
PSZ2 G195.65-17.67,cluster,PSZ2_Planck2016,0.0284,166051500000000.0,22416952500000.0,20756437500000.0,1660515000000.0,525.5124142788897,276163.29756122734,597494.412271419,179750.22655397735,0.3008400126632877,597494.412271419
PSZ2 G195.75-24.32,cluster,PSZ2_Planck2016,0.203,780038000000000.0,105305130000000.0,97504750000000.0,7800380000000.0,883.7558334184044,781024.3731010586,1295001.664595789,328117.5394840587,0.253372291676918,1295001.664595789
PSZ2 G197.13+33.46,cluster,PSZ2_Planck2016,0.4561,586694600000000.0,79203771000000.0,73336825000000.0,5866946000000.0,803.0967356400088,644964.3667956381,1123100.1676525811,304316.8681017381,0.2709614661867588,1123100.1676525811
PSZ2 G198.46+46.01,cluster,PSZ2_Planck2016,0.299462,555494000000000.0,74991690000000.0,69436750000000.0,5554940000000.0,788.4854201111979,621709.2577279322,1092828.802725858,299177.4982069322,0.2737642871973081,1092828.802725858
PSZ2 G198.47-23.69,cluster,PSZ2_Planck2016,0.1248,362938000000000.0,48996630000000.0,45367250000000.0,3629380000000.0,683.4159311965349,467057.3350132269,883341.567265735,256327.7290462269,0.2901796298793624,883341.567265735
PSZ2 G198.90+18.16,cluster,PSZ2_Planck2016,0.3184,584262100000000.0,78875383500000.0,73032762500000.0,5842621000000.0,801.9764038187038,643166.1522819807,1120769.5012589078,303931.0153868307,0.27118066207676,1120769.5012589078
PSZ2 G199.09-16.61,cluster,PSZ2_Planck2016,0.151,462363200000000.0,62419032000000.0,57795400000000.0,4623632000000.0,741.337166393162,549580.7942758427,997020.4746603712,281122.77954704274,0.2819628951379413,997020.4746603712
PSZ2 G199.61+53.41,cluster,PSZ2_Planck2016,0.371173,553802900000000.0,74763391500000.0,69225362500000.0,5538029000000.0,787.6780692195863,620436.7407294954,1091164.0759502752,298886.87022714544,0.2739156070244067,1091164.0759502752
PSZ2 G199.75+46.59,cluster,PSZ2_Planck2016,0.553387,591431500000000.0,79843252500000.0,73928937500000.0,5914315000000.0,805.2695807139611,648459.0976232387,1127624.939172109,305061.2529459888,0.2705343260410343,1127624.939172109
PSZ2 G200.06+77.22,cluster,PSZ2_Planck2016,0.360512,462180500000000.0,62394367500000.0,57772562500000.0,4621805000000.0,741.2387273643133,549434.8509446668,996823.4719158846,281082.9157639168,0.2819786287974121,996823.4719158846
PSZ2 G200.63-64.71,cluster,PSZ2_Planck2016,0.0907,247962000000000.03,33474870000000.004,30995250000000.004,2479620000000.0005,601.3049817609456,361567.6810905311,730138.1009408161,217595.61270753105,0.2980198025923441,730138.1009408161
PSZ2 G200.82+27.42,cluster,PSZ2_Planck2016,0.382015,609391700000000.0,82267879500000.0,76173962500000.0,6093917000000.0,813.4046180526216,661627.0726693312,1144618.3762306848,307801.14972778125,0.2689115919503178,1144618.3762306848
PSZ2 G200.95-28.16,cluster,PSZ2_Planck2016,0.22,530229100000000.0,71580928500000.0,66278637500000.0,5302291000000.0,776.249179057046,602562.7879867379,1067687.666830232,294700.3726010879,0.2760173988672165,1067687.666830232
PSZ2 G201.50-27.31,cluster,PSZ2_Planck2016,0.5377,830425500000000.0,112107442500000.0,103803187500000.0,8304255000000.0,902.5399309340552,814578.3269304491,1336173.2867389142,332415.4274821991,0.248781674339185,1336173.2867389142
PSZ2 G201.54+30.62,cluster,PSZ2_Planck2016,0.3349,634871600000000.0,85707666000000.0,79358950000000.0,6348716000000.0,824.6769583943226,680092.0857065113,1168302.7436974747,311471.9850071113,0.2666021172058166,1168302.7436974747
PSZ2 G202.50+19.17,cluster,PSZ2_Planck2016,0.101593,260588600000000.0,35179461000000.0,32573575000000.0,2605886000000.0,611.4239082061682,373839.1955261048,748497.1532486154,222535.8517112049,0.2973102178750557,748497.1532486154
PSZ2 G203.18+20.84,cluster,PSZ2_Planck2016,0.184015,352076900000000.0,47530381500000.0,44009612500000.0,3520769000000.0,676.4747778564542,457618.1250759391,870023.9588135764,253194.70728258917,0.2910203848039571,870023.9588135764
PSZ2 G203.22+66.40,cluster,PSZ2_Planck2016,0.579565,588712900000000.0,79476241500000.0,73589112500000.0,5887129000000.0,804.0239612381597,646454.5302451018,1125030.3089378327,304635.1631777518,0.2707795165673047,1125030.3089378327
PSZ2 G204.10+16.51,cluster,PSZ2_Planck2016,0.122,370586800000000.0,50029218000000.0,46323350000000.0,3705868000000.0,688.2217917555035,473649.2346471557,892601.1039388856,258478.5709509557,0.2895790401897746,892601.1039388856
PSZ2 G204.24+14.51,cluster,PSZ2_Planck2016,0.3454,601141500000000.0,81154102500000.0,75142687500000.0,6011415000000.0,809.6877576335917,655594.2648617139,1136843.8113050517,306558.5854194639,0.2696576102811756,1136843.8113050517
PSZ2 G204.73+15.88,cluster,PSZ2_Planck2016,0.344,622150900000000.0,83990371500000.0,77768862500000.0,6221509000000.0,819.0876251016506,670904.537594662,1156539.082899988,309670.34881031205,0.2677560606372443,1156539.082899988
PSZ2 G205.05-62.95,cluster,PSZ2_Planck2016,0.31,763527700000000.0,103076239500000.0,95440962500000.0,7635277000000.0,877.4260619821761,769876.4942455494,1281223.351007161,326555.89577999944,0.2548781955334299,1281223.351007161
PSZ2 G205.48+18.70,cluster,PSZ2_Planck2016,0.446659,583205700000000.0,78732769500000.0,72900712500000.0,5832057000000.0,801.488895052278,642384.4488921216,1119755.815301614,303762.6805495716,0.2712758231737791,1119755.815301614
PSZ2 G205.65+18.10,cluster,PSZ2_Planck2016,0.445414,603740500000000.0,81504967500000.0,75467562500000.0,6037405000000.0,810.862287555818,657497.6493802542,1139298.6995293573,306952.9346595042,0.2694227025680851,1139298.6995293573
PSZ2 G205.90+73.76,cluster,PSZ2_Planck2016,0.4474,738794000000000.0,99737190000000.0,92349250000000.0,7387940000000.0,867.7712289256154,753026.9057510729,1260300.5519810996,324067.22528007295,0.2571348753046749,1260300.5519810996
PSZ2 G205.93-39.46,cluster,PSZ2_Planck2016,0.443,1225038100000000.0,165380143500000.0,153129762500000.0,12250381000000.0,1028.489026427043,1057789.6774808466,1622883.1255926983,346506.2183016967,0.2135127372004364,1622883.1255926983
PSZ2 G206.22+24.89,cluster,PSZ2_Planck2016,0.0925,227480900000000.0,30709921500000.0,28435112500000.0,2274809000000.0,584.1372438342188,341216.3196342376,699334.4385852702,209136.0182548876,0.2990500777824736,699334.4385852702
PSZ2 G206.45+13.89,cluster,PSZ2_Planck2016,0.381,723868500000000.0,97722247500000.0,90483562500000.0,7238685000000.0,861.8407999499541,742769.5644583767,1247504.9734354264,322475.95018562675,0.2584967251052958,1247504.9734354264
PSZ2 G207.88+81.31,cluster,PSZ2_Planck2016,0.353,750377200000000.0,101300922000000.0,93797150000000.0,7503772000000.0,872.3190435414762,760940.5137251158,1270141.9540257002,325255.37829531584,0.2560779740126075,1270141.9540257002
PSZ2 G208.60-26.00,cluster,PSZ2_Planck2016,0.2195,774384000000000.0,104541840000000.0,96798000000000.0,7743840000000.0,881.5982893131111,777215.5437198039,1290299.8066489168,327591.544063804,0.2538879277325504,1290299.8066489168
PSZ2 G208.61-74.39,cluster,PSZ2_Planck2016,0.72,625378300000000.0,84426070500000.0,78172287500000.0,6253783000000.0,820.5128396426552,673241.3200184536,1159534.968647953,310133.2334050037,0.26746345887837,1159534.968647953
PSZ2 G208.80-30.67,cluster,PSZ2_Planck2016,0.2475,725562700000000.0,97950964500000.0,90695337500000.0,7255627000000.0,862.5180268013758,743937.3465573387,1248964.0006664474,322660.04333928874,0.2583421485063759,1248964.0006664474
PSZ2 G209.17-80.38,cluster,PSZ2_Planck2016,0.1597,316637300000000.0,42746035500000.0,39579662500000.0,3166373000000.0,652.7851328171469,426128.42962710006,825075.1051232594,242282.00554515008,0.2936484255078271,825075.1051232594
PSZ2 G209.53+43.32,cluster,PSZ2_Planck2016,0.192,381720600000000.0,51532281000000.0,47715075000000.0,3817206000000.0,695.1010090030345,483165.4127170367,905910.4000880847,261530.22536413668,0.2886932585592429,905910.4000880847
PSZ2 G209.54-36.50,cluster,PSZ2_Planck2016,0.0326,271388500000000.0,36637447500000.0,33923562500000.0,2713885000000.0,619.8236199637391,384181.3198649537,763850.1476607936,226607.32191220368,0.296664630629664,763850.1476607936
PSZ2 G209.79+10.23,cluster,PSZ2_Planck2016,0.677,1072731800000000.0,144818793000000.0,134091475000000.0,10727318000000.0,983.617906050814,967504.1851037882,1518651.1526636644,344653.0382900882,0.2269468124299501,1518651.1526636644
PSZ2 G210.01+50.85,cluster,PSZ2_Planck2016,0.319,495600800000000.0,66906108000000.0,61950100000000.0,4956008000000.0,758.8321971201116,575826.3033861358,1032234.6800013992,288069.8234889358,0.2790739635763307,1032234.6800013992
PSZ2 G210.08-60.96,cluster,PSZ2_Planck2016,0.322,605495400000000.0,81741879000000.0,75686925000000.0,6054954000000.0,811.6534575532269,658781.3351581078,1140953.3048671102,307217.6877670078,0.2692640325037581,1140953.3048671102
PSZ2 G210.22+15.56,cluster,PSZ2_Planck2016,0.062,203134900000000.0,27423211500000.0,25391862500000.0,2031349000000.0,562.3374472564376,316223.40458688675,660852.7764265067,198278.9142465368,0.3000349265667151,660852.7764265067
PSZ2 G210.64+17.09,cluster,PSZ2_Planck2016,0.48,779024600000000.0,105168321000000.0,97378075000000.0,7790246000000.0,883.3698895666607,780342.3617930143,1294160.1791770414,328023.9300041144,0.2534647065193316,1294160.1791770414
PSZ2 G211.21+38.66,cluster,PSZ2_Planck2016,0.5049,699073400000000.0,94374909000000.0,87384175000000.0,6990734000000.0,851.8066990518522,725574.6525496127,1225953.0411185008,319677.6064315127,0.2607584431944099,1225953.0411185008
PSZ2 G212.25-53.20,cluster,PSZ2_Planck2016,0.188,434292200000000.0,58629447000000.0,54286525000000.0,4342922000000.0,725.8989361957495,526929.2655701208,966281.0472055468,274769.8769678208,0.2843581355160036,966281.0472055468
PSZ2 G212.44+63.19,cluster,PSZ2_Planck2016,0.541977,565937100000000.0,76401508500000.0,70742137500000.0,5659371000000.0,793.4352692318336,629539.5264609922,1103053.3784412562,300944.27855334216,0.2728283911143191,1103053.3784412562
PSZ2 G212.50-61.38,cluster,PSZ2_Planck2016,0.5049,621867400000000.0,83952099000000.0,77733425000000.0,6218674000000.0,818.962197624973,670699.0811387253,1156275.548610924,309629.4985496253,0.2677817574898946,1156275.548610924
PSZ2 G212.80+50.63,cluster,PSZ2_Planck2016,0.218671,401658200000000.0,54223856999999.99,50207274999999.99,4016582000000.0,707.0941241389138,499982.1003917776,929267.5362586572,266770.7138204777,0.2870763299173547,929267.5362586572
PSZ2 G212.82-84.04,cluster,PSZ2_Planck2016,0.2275,567925400000000.0,76669929000000.0,70990675000000.0,5679254000000.0,794.3708012391644,631024.969861352,1104989.3516016435,301275.272225252,0.2726499325885484,1104989.3516016435
PSZ2 G212.93-54.04,cluster,PSZ2_Planck2016,0.59,621502000000000.0,83902770000000.0,77687750000000.0,6215020000000.0,818.8004795264218,670434.2252726982,1155935.793570035,309576.80177969823,0.2678148764851288,1155935.793570035
PSZ2 G213.27+78.38,cluster,PSZ2_Planck2016,0.316,481576700000000.0,65012854500000.0,60197087500000.0,4815767000000.0,751.5484696167873,564825.1021833351,1017525.2141742116,285211.3162642851,0.2802990159764766,1017525.2141742116
PSZ2 G213.30+50.99,cluster,PSZ2_Planck2016,0.3205,470858700000000.0,63565924499999.99,58857337499999.99,4708586999999.999,745.8863155494647,556346.3957239556,1006138.4503733048,282955.7110419057,0.2812293983367014,1006138.4503733048
PSZ2 G213.39+80.59,cluster,PSZ2_Planck2016,0.5586,703422200000000.0,94961997000000.0,87927775000000.0,7034222000000.0,853.5834730731044,728604.7455035432,1229760.337201851,320182.6926062432,0.2603618631373122,1229760.337201851
PSZ2 G214.08+23.15,cluster,PSZ2_Planck2016,0.2557,569235400000000.0,76846779000000.0,71154425000000.0,5692354000000.0,794.9859926535416,632002.728515337,1106263.0244074718,301492.416714237,0.272532309281258,1106263.0244074718
PSZ2 G214.61-22.70,cluster,PSZ2_Planck2016,0.154,539404900000000.0,72819661500000.0,67425612500000.0,5394049000000.0,780.7370694816718,609550.3716628288,1076886.3949548576,296360.28951747884,0.2752010712605409,1076886.3949548576
PSZ2 G215.19-49.65,cluster,PSZ2_Planck2016,0.2399,599347800000000.0,80911953000000.0,74918475000000.0,5993478000000.0,808.8751878428104,654279.0695077418,1135146.473707501,306284.85085004184,0.2698196734467977,1135146.473707501
PSZ2 G215.24-26.10,cluster,PSZ2_Planck2016,0.336,624237800000000.0,84272103000000.0,78029725000000.0,6242378000000.0,820.009755905463,672415.999780137,1158477.1664194986,309970.111987437,0.2675668722461406,1158477.1664194986
PSZ2 G215.51+06.58,cluster,PSZ2_Planck2016,0.2197,803787400000000.0,108511299000000.0,100473425000000.0,8037874000000.0,892.7067924446453,796925.417276807,1314567.961824454,330229.17140770704,0.2512073783917498,1314567.961824454
PSZ2 G215.61+22.61,cluster,PSZ2_Planck2016,0.249188,519490900000000.0,70131271500000.0,64936362500000.0,5194909000000.0,770.9311382548276,594334.819930884,1056820.9617041913,292707.23433653405,0.2769695577049541,1056820.9617041913
PSZ2 G216.44-29.11,cluster,PSZ2_Planck2016,0.47,616827100000000.0,83271658500000.0,77103387500000.0,6168271000000.0,816.7258770044351,667041.1581686637,1151580.1482444515,308898.08212601376,0.2682384570426291,1151580.1482444515
PSZ2 G216.62+47.00,cluster,PSZ2_Planck2016,0.3826,823875000000000.0,111223125000000.0,102984375000000.0,8238750000000.0,900.1415380043825,810254.7884408952,1330892.9022042018,331895.2501283952,0.2493778797517936,1330892.9022042018
PSZ2 G216.80+09.25,cluster,PSZ2_Planck2016,0.273,516692500000000.0,69753487500000.0,64586562500000.0,5166925000000.0,769.5332738524658,592181.4595660941,1053970.6699157858,292178.68517734413,0.2772170929582791,1053970.6699157858
PSZ2 G217.09+40.15,cluster,PSZ2_Planck2016,0.1357,388982900000000.0,52512691500000.0,48622862500000.0,3889829000000.0,699.5166391660937,489323.5284702269,914487.3483210092,263471.69359787693,0.2881086261954401,914487.3483210092
PSZ2 G217.40+10.88,cluster,PSZ2_Planck2016,0.189,533980500000000.0,72087367500000.0,66747562500000.0,5339805000000.0,778.0901753670998,605424.3210028042,1071457.9842209895,295383.76212205424,0.275683943254961,1071457.9842209895
PSZ2 G218.54+13.26,cluster,PSZ2_Planck2016,0.327,596396600000000.0,80513541000000.0,74549575000000.0,5963966000000.0,807.5347340316432,652112.3466675568,1132348.283426192,305831.65818065684,0.2700862116868228,1132348.283426192
PSZ2 G218.59+71.31,cluster,PSZ2_Planck2016,0.1371,359104100000000.0,48479053500000.0,44888012500000.0,3591041000000.0,680.9816983705482,463736.07351563626,878663.5857657954,255232.51231748628,0.2904780810906593,878663.5857657954
PSZ2 G218.81+35.51,cluster,PSZ2_Planck2016,0.1751,541820600000000.0,73145780999999.98,67727574999999.99,5418205999999.999,781.910149348979,611383.4816549426,1079295.0942148776,296790.7921520427,0.2749857696406377,1079295.0942148776
PSZ2 G219.12+44.49,cluster,PSZ2_Planck2016,0.3403,522501600000000.0,70537716000000.0,65312700000000.0,5225016000000.0,772.4294792186197,596647.300365948,1059878.930771614,293271.637621548,0.2767029602221078,1059878.930771614
PSZ2 G219.45-35.90,cluster,PSZ2_Planck2016,0.072,247200600000000.0,33372081000000.0,30900075000000.0,2472006000000.0,600.683962468703,360821.22276710224,729016.2464461237,217291.23959420223,0.2980609014592937,729016.2464461237
PSZ2 G219.88+22.83,cluster,PSZ2_Planck2016,0.232813,506792600000000.0,68417001000000.0,63349075000000.0,5067926000000.0,764.5473143014578,584532.5958055721,1043824.7232831034,290277.91620467213,0.2780906695634413,1043824.7232831034
PSZ2 G219.89-34.39,cluster,PSZ2_Planck2016,0.7,791641100000000.0,106871548500000.0,98955137500000.0,7916411000000.0,888.1512229726433,788812.5948678019,1304597.7146314897,329168.7519241519,0.2523143711141119,1304597.7146314897
PSZ2 G220.11+22.91,cluster,PSZ2_Planck2016,0.2248,487473400000000.0,65808909000000.0,60934175000000.0,4874734000000.0,754.6279872127208,569463.3990847223,1023735.8401696006,286425.86236662226,0.2797849319402264,1023735.8401696006
PSZ2 G220.53-38.55,cluster,PSZ2_Planck2016,0.067,239434300000000.0,32323630500000.0,29929287500000.0,2394343000000.0,594.2757608510282,353163.6799350684,717473.1104232863,214142.97751761845,0.298468297148141,717473.1104232863
PSZ2 G220.74-58.91,cluster,PSZ2_Planck2016,0.0685,191782100000000.0,25890583500000.0,23972762500000.0,1917821000000.0,551.5754265665089,304235.45119202626,642120.4206254485,192882.64061687625,0.3003839068519291,642120.4206254485
PSZ2 G220.83+42.20,cluster,PSZ2_Planck2016,0.3104,575004800000000.0,77625648000000.0,71875600000000.0,5750048000000.0,797.6842405936628,636300.1476914885,1111855.0722501276,302439.99820828857,0.2720138674154921,1111855.0722501276
PSZ2 G222.52+20.58,cluster,PSZ2_Planck2016,0.0822,228899400000000.03,30901419000000.004,28612425000000.004,2288994000000.0005,585.3585980918547,342644.68836006144,701511.4658524654,209740.77538296144,0.2989841016042237,701511.4658524654
PSZ2 G222.77+60.67,cluster,PSZ2_Planck2016,0.1603,349950200000000.0,47243277000000.0,43743775000000.0,3499502000000.0,675.0990498356803,455758.7270890383,867392.3142053304,252570.1170397383,0.2911832545704913,867392.3142053304
PSZ2 G222.78+12.84,cluster,PSZ2_Planck2016,0.369,672489000000000.0,90786015000000.0,84061125000000.0,6724890000000.0,840.7824157238239,706915.070590389,1202416.809796729,316453.498676889,0.2631811998123897,1202416.809796729
PSZ2 G222.99-65.70,cluster,PSZ2_Planck2016,0.2323,618371600000000.0,83480166000000.0,77296450000000.0,6183716000000.0,817.412438396648,668163.0944455538,1153020.9924799444,309123.24849615386,0.2680985433155769,1153020.9924799444
PSZ2 G223.04-20.27,cluster,PSZ2_Planck2016,0.19,393046000000000.0,53061210000000.0,49130750000000.0,3930460000000.0,701.9632467725993,492752.3998195292,919251.0551282518,264541.4417305292,0.2877793180162529,919251.0551282518
PSZ2 G223.16-68.81,cluster,PSZ2_Planck2016,0.2138,413965300000000.0,55885315500000.0,51745662500000.0,4139653000000.0,714.3010383392484,510225.9733725285,943396.8371678086,269868.81993857847,0.2860607639397619,943396.8371678086
PSZ2 G223.47+26.85,cluster,PSZ2_Planck2016,0.3269,527171300000000.0,71168125500000.0,65896412500000.0,5271713000000.0,774.742157969491,600225.4113352238,1064604.5694381054,294138.42037227383,0.2762888952538679,1064604.5694381054
PSZ2 G223.93-60.10,cluster,PSZ2_Planck2016,0.2537,696042800000000.0,93965778000000.0,87005350000000.0,6960428000000.0,850.5641535674897,723459.3793339803,1223292.7991973185,319321.96473378025,0.2610347783811922,1223292.7991973185
PSZ2 G224.00+69.33,cluster,PSZ2_Planck2016,0.1904,527427900000000.0,71202766500000.0,65928487500000.0,5274279000000.0,774.8688447182807,600421.726515043,1064863.635417604,294185.74807519297,0.2762661229950097,1064863.635417604
PSZ2 G224.01-11.14,cluster,PSZ2_Planck2016,0.62,845364400000000.0,114124194000000.0,105670550000000.0,8453644000000.0,907.9630329590706,824396.8692202342,1348138.2287704947,333560.12324563425,0.2474227910218389,1348138.2287704947
PSZ2 G224.03-76.42,cluster,PSZ2_Planck2016,0.413,592987000000000.0,80053245000000.0,74123375000000.0,5929870000000.0,805.9805769554907,649604.6904295058,1129106.825757796,305303.6890090058,0.2703939804846209,1129106.825757796
PSZ2 G224.38-24.95,cluster,PSZ2_Planck2016,0.0915,253656100000000.0,34243573500000.0,31707012500000.0,2536560999999.9995,605.909584677958,367126.4248046156,738473.8174234132,219848.23953846568,0.2977062075207101,738473.8174234132
PSZ2 G224.40-76.54,cluster,PSZ2_Planck2016,0.413,581509300000000.0,78503755500000.0,72688662500000.0,5815093000000.0,800.7048100154273,641128.1927818415,1118126.0840508663,303491.39075189154,0.2714285938598003,1118126.0840508663
PSZ2 G224.53-30.27,cluster,PSZ2_Planck2016,0.200138,371510200000000.0,50153877000000.0,46438775000000.0,3715102000000.0,688.7975082837769,474442.0074179397,893712.4698334385,258735.1978286397,0.2895060845205173,893712.4698334385
PSZ2 G224.82+13.62,cluster,PSZ2_Planck2016,0.294,547541800000000.06,73918143000000.02,68442725000000.01,5475418000000.001,784.6746167134742,615714.2541144376,1084978.3851075866,297799.7128857376,0.2744752494366123,1084978.3851075866
PSZ2 G225.48+29.41,cluster,PSZ2_Planck2016,0.203,459820900000000.0,62075821500000.0,57477612500000.0,4598209000000.0,739.9650432435261,547548.2652223934,994275.6421824052,280566.36453304347,0.2821816734011594,994275.6421824052
PSZ2 G225.56-27.27,cluster,PSZ2_Planck2016,0.1706,354492100000000.0,47856433500000.0,44311512500000.0,3544921000000.0,678.0304568462591,459725.3004111468,873002.9820685955,253899.5655709968,0.2908347059358004,873002.9820685955
PSZ2 G225.84+41.84,cluster,PSZ2_Planck2016,0.206,404300000000000.0,54580500000000.0,50537500000000.0,4043000000000.0,708.653367399391,502189.59512649616,932318.5327539092,267444.3226764962,0.286859386873402,932318.5327539092
PSZ2 G225.93-19.99,cluster,PSZ2_Planck2016,0.46,1073086600000000.0,144866691000000.03,134135825000000.02,10730866000000.002,983.7272036134528,967719.2111291436,1518902.2745580769,344662.05980724364,0.226915230545377,1518902.2745580769
PSZ2 G226.16-21.95,cluster,PSZ2_Planck2016,0.0989,387321400000000.0,52288389000000.0,48415175000000.0,3873214000000.0,698.5112734714879,487917.9991667598,912532.189475193,263030.8669166597,0.2882428367463197,912532.189475193
PSZ2 G226.18+76.79,cluster,PSZ2_Planck2016,0.1427,594710900000000.0,80285971500000.0,74338862500000.0,5947109000000.0,806.7671010914697,650873.1554035337,1130746.8740583614,305571.2205791837,0.270238395161296,1130746.8740583614
PSZ2 G226.75+48.95,cluster,PSZ2_Planck2016,0.2245,484955100000000.0,65468938500000.0,60619387500000.0,4849551000000.0,753.3158625584814,567484.7887822288,1021088.093447925,285909.4311875789,0.2800046666122056,1021088.093447925
PSZ2 G227.21+54.79,cluster,PSZ2_Planck2016,0.326478,486752700000000.0,65711614500000.0,60844087500000.0,4867527000000.0,754.252937292402,568897.493414216,1022978.794428902,286278.410611166,0.2798478445205568,1022978.794428902
PSZ2 G227.59+22.98,cluster,PSZ2_Planck2016,0.28085,476842900000000.0,64373791500000.0,59605362500000.0,4768429000000.0,749.0581019275922,561088.0400633672,1012511.8317384876,284222.80020101723,0.2807105964510116,1012511.8317384876
PSZ2 G227.61+54.87,cluster,PSZ2_Planck2016,0.3188,527588700000000.0,71224474500000.0,65948587500000.0,5275887000000.0,774.9482129068175,600544.7326874702,1065025.948620592,294215.3903104202,0.276251851601817,1065025.948620592
PSZ2 G227.63-52.28,cluster,PSZ2_Planck2016,0.2109,365387800000000.0,49327353000000.0,45673475000000.0,3653878000000.0,684.9624381126138,469173.54162517627,886317.7928523732,257021.52910747624,0.2899880056343247,886317.7928523732
PSZ2 G227.89+36.58,cluster,PSZ2_Planck2016,0.4616,638764400000000.0,86233194000000.0,79845550000000.0,6387644000000.0,826.3725346832668,682891.566078847,1171879.07203939,312011.2220042471,0.2662486509476291,1171879.07203939
PSZ2 G228.16+75.20,cluster,PSZ2_Planck2016,0.545,1041782600000000.0,140640651000000.0,130222825000000.0,10417826000000.0,973.9900123912726,948656.5442379512,1496583.6502141126,343775.1683520513,0.2297066176707651,1496583.6502141126
PSZ2 G228.29+55.08,cluster,PSZ2_Planck2016,0.3152,451174000000000.0,60908489999999.99,56396749999999.99,4511739999999.999,735.2601080418248,540607.4264776758,984882.6317779772,278646.10183667584,0.2829231553547095,984882.6317779772
PSZ2 G228.30-49.02,cluster,PSZ2_Planck2016,0.425,720482300000000.0,97265110500000.0,90060287500000.0,7204823000000.0,860.4840651215009,740432.8263280233,1244583.6878929203,322105.31257857336,0.2588056678807172,1244583.6878929203
PSZ2 G228.38+38.58,cluster,PSZ2_Planck2016,0.543811,615039400000000.0,83030319000000.0,76879925000000.0,6150394000000.0,815.9297815560122,665741.4084300419,1149910.171663735,308636.30944294186,0.2684003646966569,1149910.171663735
PSZ2 G228.50+34.95,cluster,PSZ2_Planck2016,0.2701,578179800000000.0,78054273000000.0,72272475000000.0,5781798000000.0,799.161470538564,638659.0559933601,1114920.5076819933,302955.4332476601,0.2717282812184772,1114920.5076819933
PSZ2 G228.62+68.44,cluster,PSZ2_Planck2016,0.1042,291017700000000.0,39287389500000.0,36377212500000.0,2910177000000.0,634.5389970649676,402639.7387962149,790992.1047333988,233668.6052956649,0.2954120577150667,790992.1047333988
PSZ2 G229.23-17.23,cluster,PSZ2_Planck2016,0.171,525061800000000.0,70883343000000.0,65632725000000.0,5250618000000.0,773.6991152337202,598610.3209134415,1062472.402439773,293748.1510047415,0.2764760292410445,1062472.402439773
PSZ2 G229.37+49.70,cluster,PSZ2_Planck2016,0.203292,391150200000000.0,52805277000000.0,48893775000000.0,3911502000000.0,700.8237855349631,491153.978371556,917031.4387629216,264043.762522256,0.2879331627696995,917031.4387629216
PSZ2 G229.74+77.96,cluster,PSZ2_Planck2016,0.269,748582700000000.0,101058664500000.0,93572837500000.0,7485827000000.0,871.6175501241717,759717.1536844629,1268622.2956017803,325073.94353641296,0.2562417077670952,1268622.2956017803
PSZ2 G229.93+15.30,cluster,PSZ2_Planck2016,0.0704,512379000000000.0,69171164999999.99,64047374999999.99,5123789999999.999,767.3687022601843,588854.7252084793,1049562.0218666508,291356.46165997937,0.2775981367368844,1049562.0218666508
PSZ2 G230.28-24.42,cluster,PSZ2_Planck2016,0.042,153087600000000.0,20666826000000.0,19135950000000.0,1530876000000.0,511.3535118894763,261482.4141217008,573696.8348992321,172596.46217830078,0.3008495980435673,573696.8348992321
PSZ2 G230.29-47.13,cluster,PSZ2_Planck2016,0.06,184398000000000.0,24893730000000.0,23049750000000.0,1843980000000.0,544.3465608283352,296313.1782856365,629637.4476737095,189247.7349286365,0.3005661998469766,629637.4476737095
PSZ2 G230.48+71.51,cluster,PSZ2_Planck2016,0.321184,541527800000000.0,73106253000000.0,67690975000000.0,5415278000000.0,781.7681489313384,611161.4386835312,1079003.4291239548,296738.7551558312,0.2750118740556311,1079003.4291239548
PSZ2 G230.73+27.70,cluster,PSZ2_Planck2016,0.29435,496175600000000.0,66983706000000.0,62021950000000.0,4961756000000.0,759.1277958990892,576275.0105066092,1032833.1017124858,288184.7893712092,0.2790235797955984,1032833.1017124858
PSZ2 G230.76+65.41,cluster,PSZ2_Planck2016,0.1706,327333000000000.0,44189955000000.0,40916625000000.0,3273330000000.0,660.1125168427443,435748.5348924624,838894.4902385183,245691.9574329624,0.2928758744894201,838894.4902385183
PSZ2 G231.05-17.32,cluster,PSZ2_Planck2016,0.403,529908600000000.0,71537661000000.0,66238575000000.0,5299086000000.0,776.0914934404908,602318.0061906914,1067364.9331070965,294641.6799957914,0.2760458685279178,1067364.9331070965
PSZ2 G231.56+60.03,cluster,PSZ2_Planck2016,0.2994,664286000000000.0,89678610000000.0,83035750000000.0,6642860000000.0,837.322403806929,701108.8079170138,1195060.7873281324,315410.0741680138,0.2639280591518651,1195060.7873281324
PSZ2 G231.70-07.80,cluster,PSZ2_Planck2016,0.2,544282900000000.0,73478191500000.0,68035362500000.0,5442829000000.0,783.1022899610841,613249.1965422939,1081744.738847385,297226.8427199439,0.2747661551251393,1081744.738847385
PSZ2 G231.79+31.48,cluster,PSZ2_Planck2016,0.332405,486775600000000.0,65714706000000.0,60846950000000.0,4867756000000.0,754.2648600473353,568915.4791022263,1023002.8579203512,286283.1000668264,0.2798458458354724,1023002.8579203512
PSZ2 G232.84+38.13,cluster,PSZ2_Planck2016,0.1508,343227000000000.0,46335645000000.0,42903375000000.0,3432270000000.0,670.7130606943101,449856.00978592935,859019.789227325,250571.03420542937,0.2916941348124403,859019.789227325
PSZ2 G233.05+23.67,cluster,PSZ2_Planck2016,0.192,371447800000000.0,50145453000000.0,46430975000000.0,3714478000000.0,688.7586334171631,474388.455106678,893637.4113289327,258717.876298978,0.2895110175772938,893637.4113289327
PSZ2 G233.25-30.01,cluster,PSZ2_Planck2016,0.1582,335326800000000.0,45269118000000.0,41915850000000.0,3353268000000.0,665.4857110084041,442871.23155636113,849076.0265578001,248173.28195016115,0.2922862902586815,849076.0265578001
PSZ2 G233.41-17.13,cluster,PSZ2_Planck2016,0.35,530772100000000.0,71654233500000.0,66346512500000.0,5307721000000.0,776.5161900255538,602977.3933718019,1068234.2287310262,294799.700511652,0.2759691578707879,1068234.2287310262
PSZ2 G233.68+36.14,cluster,PSZ2_Planck2016,0.356823,547738000000000.0,73944630000000.0,68467250000000.0,5477380000000.0,784.7690791071292,615862.5075226516,1085172.7572020672,297834.04835565155,0.274457727010735,1085172.7572020672
PSZ2 G234.06-30.74,cluster,PSZ2_Planck2016,0.1994,430695700000000.0,58143919500000.0,53836962500000.0,4306957000000.0,723.8735335247947,523992.892537672,962271.7021381104,273921.70916012203,0.2846615031404169,962271.7021381104
PSZ2 G234.52+82.85,cluster,PSZ2_Planck2016,0.524093,541383500000000.0,73086772500000.0,67672937500000.0,5413835000000.0,781.6981484140923,611051.9952340203,1078859.6594333712,296713.0953887703,0.275024738198671,1078859.6594333712
PSZ2 G234.59+73.01,cluster,PSZ2_Planck2016,0.0214,166708100000000.0,22505593500000.0,20838512500000.0,1667081000000.0,526.2097004757786,276896.6488748086,598674.5514861833,180102.34179065863,0.3008351387971352,598674.5514861833
PSZ2 G235.56+23.29,cluster,PSZ2_Planck2016,0.374,677283100000000.0,91433218500000.0,84660387500000.0,6772831000000.0,842.7915999199952,710297.6808957052,1206695.1468791687,317052.55144905526,0.2627445318471998,1206695.1468791687
PSZ2 G235.74-67.98,cluster,PSZ2_Planck2016,0.0792,201450600000000.0,27195831000000.0,25181325000000.0,2014506000000.0,560.7664675361239,314459.03111294267,658107.3318472514,197492.4815650427,0.3000915990567953,658107.3318472514
PSZ2 G236.92-26.65,cluster,PSZ2_Planck2016,0.1483,488905900000000.0,66002296499999.99,61113237499999.99,4889058999999.999,755.3723637388638,570587.4079004383,1025238.9230021426,286718.13088358834,0.2796598182636391,1025238.9230021426
PSZ2 G238.34+05.94,cluster,PSZ2_Planck2016,0.14,490665000000000.0,66239775000000.0,61333125000000.0,4906650000000.0,756.2844744547085,571966.2063012347,1027081.6891048204,287075.5580037346,0.2795060617368641,1027081.6891048204
PSZ2 G238.69+63.26,cluster,PSZ2_Planck2016,0.169,447435500000000.0,60403792500000.0,55929437500000.0,4474355000000.0,733.2073762237571,537593.0565489262,980793.6961777472,277802.38538567617,0.2832424254644991,980793.6961777472
PSZ2 G239.27-26.01,cluster,PSZ2_Planck2016,0.43,877214100000000.0,118423903500000.0,109651762500000.0,8772141000000.0,919.3161316189144,845142.149854765,1373299.4574351937,335812.7832916151,0.2445299031274554,1373299.4574351937
PSZ2 G239.29+24.75,cluster,PSZ2_Planck2016,0.0542,685396200000000.0,92528487000000.0,85674525000000.0,6853962000000.0,846.1703562095391,716004.2717277784,1213901.065825376,318048.5019894784,0.2620052909939786,1213901.065825376
PSZ2 G239.43+47.95,cluster,PSZ2_Planck2016,0.285,652514000000000.0,88089390000000.0,81564250000000.0,6525140000000.0,832.3070672855059,692735.0542533997,1184424.4492736163,313871.3968023998,0.2649990862607495,1184424.4492736163
PSZ2 G239.66+06.80,cluster,PSZ2_Planck2016,0.3,626927300000000.0,84635185500000.0,78365912500000.0,6269273000000.0,821.1951413821035,674361.4602295731,1160970.1070587062,310353.9909126231,0.2673229818973535,1160970.1070587062
PSZ2 G239.93-39.97,cluster,PSZ2_Planck2016,0.58,708907800000000.0,95702553000000.0,88613475000000.0,7089078000000.0,855.81433303545,732418.172628912,1234546.1346310538,320811.06243121205,0.259861542174839,1234546.1346310538
PSZ2 G239.97+03.74,cluster,PSZ2_Planck2016,0.049,221211500000000.0,29863552500000.0,27651437500000.0,2212114999999.9995,578.677751740176,334867.9403590647,689630.2400961443,206427.78741181476,0.2993311131238035,689630.2400961443
PSZ2 G240.30-50.34,cluster,PSZ2_Planck2016,0.251,515939900000000.0,69651886499999.99,64492487499999.99,5159398999999.999,769.1564756062133,591601.6839669715,1053202.7979399986,292035.8853191215,0.2772836208661106,1053202.7979399986
PSZ2 G240.39+07.91,cluster,PSZ2_Planck2016,0.3315,560631600000000.0,75685265999999.98,70078949999999.99,5606315999999.999,790.9282042827125,625567.4243298762,1097870.7970508994,300052.6637904763,0.2733041671173673,1097870.7970508994
PSZ2 G240.61-60.40,cluster,PSZ2_Planck2016,0.2192,426343900000000.0,57556426500000.0,53292987500000.0,4263439000000.0,721.4077043197329,520429.0758518672,957397.9063117652,272884.64111801726,0.2850274053442056,957397.9063117652
PSZ2 G240.80-46.51,cluster,PSZ2_Planck2016,0.0501,151858500000000.0,20500897500000.0,18982312500000.0,1518585000000.0,509.9703628386247,260069.7709737585,571389.1632870433,171897.4609160085,0.3008413038972075,571389.1632870433
PSZ2 G241.11-28.68,cluster,PSZ2_Planck2016,0.42,736126900000000.0,99377131500000.0,92015862500000.0,7361269000000.0,866.7173718470528,751199.0026614625,1258023.606873452,323787.89779311256,0.2573782368025811,1258023.606873452
PSZ2 G241.76-30.88,cluster,PSZ2_Planck2016,0.2708,700479600000000.0,94564746000000.0,87559950000000.0,7004796000000.0,852.3820261617643,726555.1185236346,1227185.4361036432,319841.60245223466,0.2606302136926779,1227185.4361036432
PSZ2 G241.79-24.01,cluster,PSZ2_Planck2016,0.1392,558837900000000.0,75443116500000.0,69854737500000.0,5588379000000.0,790.077045741407,624221.7382074693,1096113.1111729096,299748.43845261936,0.2734648782112183,1096113.1111729096
PSZ2 G241.79+50.30,cluster,PSZ2_Planck2016,0.1524,300064300000000.0,40508680500000.0,37508037500000.0,3000643000000.0,641.0994620367,411008.5202237461,803192.4378163377,236784.7362612961,0.294804489077424,803192.4378163377
PSZ2 G241.98+14.87,cluster,PSZ2_Planck2016,0.1687,659257100000000.0,88999708500000.0,82407137500000.0,6592571000000.0,835.1871738382977,697537.6153440028,1190528.6591085962,314758.76905635284,0.264385713563609,1190528.6591085962
PSZ2 G242.09+10.41,cluster,PSZ2_Planck2016,0.0876,257224800000000.0,34725348000000.0,32153100000000.0,2572248000000.0,608.7605653794095,370589.4259610583,743650.4853356022,221239.1767478583,0.2975042457586983,743650.4853356022
PSZ2 G242.41-37.40,cluster,PSZ2_Planck2016,0.0536,175443800000000.0,23684913000000.0,21930475000000.0,1754438000000.0,535.317911065098,286565.26590710017,614159.903357864,184698.82358540015,0.3007340964064505,614159.903357864
PSZ2 G243.02+42.87,cluster,PSZ2_Planck2016,0.0445,170658600000000.0,23038911000000.0,21332325000000.0,1706586000000.0,530.366965925791,281289.11854532914,605726.4467354928,182201.06622542915,0.3007976079092883,605726.4467354928
PSZ2 G243.15-73.84,cluster,PSZ2_Planck2016,0.41,808637200000000.1,109166022000000.02,101079650000000.02,8086372000000.001,894.5129798661522,800153.4711490233,1318527.8421536605,330641.3271292232,0.250765525428086,1318527.8421536605
PSZ2 G243.34-50.92,cluster,PSZ2_Planck2016,0.237,411236300000000.0,55516900500000.0,51404537500000.0,4112363000000.0,712.7153671982121,507963.1946404823,940282.098980173,269190.5572800323,0.2862870170260558,940282.098980173
PSZ2 G243.64+67.74,cluster,PSZ2_Planck2016,0.0834,391859700000000.0,52901059500000.0,48982462500000.0,3918597000000.0,701.2506555033985,491752.48184394615,917862.755006626,264230.3150403962,0.2878756258483206,917862.755006626
PSZ2 G244.11-53.59,cluster,PSZ2_Planck2016,0.103,276832000000000.0,37372320000000.0,34604000000000.0,2768320000000.0,623.9733935775682,389342.7958927069,771472.7522645182,228608.18480470683,0.2963269721888025,771472.7522645182
PSZ2 G244.37-32.15,cluster,PSZ2_Planck2016,0.2839,740620900000000.0,99983821500000.0,92577612500000.0,7406209000000.0,868.4916389345822,754277.7268992766,1261857.8341580788,324257.3090099266,0.256968178373496,1261857.8341580788
PSZ2 G244.68+08.63,cluster,PSZ2_Planck2016,0.251,444253800000000.0,59974263000000.0,55531725000000.0,4442538000000.0,731.4513821816081,535021.1244953849,977300.2778831352,277077.8167586849,0.2835134942955757,977300.2778831352
PSZ2 G244.71+32.50,cluster,PSZ2_Planck2016,0.1535,522955400000000.0,70598979000000.0,65369425000000.0,5229554000000.0,772.654825190374,596995.4788899674,1060339.090770302,293356.33010886743,0.2766627512485214,1060339.090770302
PSZ2 G244.74-28.59,cluster,PSZ2_Planck2016,0.319,495225100000000.06,66855388500000.01,61903137500000.01,4952251000000.001,758.6388652025763,575532.9277958528,1031843.352854613,287994.5873962027,0.279106888268903,1031843.352854613
PSZ2 G244.77+59.80,cluster,PSZ2_Planck2016,0.46592,584124000000000.0,78856740000000.0,73015500000000.0,5841240000000.0,801.9127065346892,643063.9889017905,1120637.0372369343,303909.0358357905,0.2711931033308651,1120637.0372369343
PSZ2 G245.47-53.62,cluster,PSZ2_Planck2016,0.1729,442020700000000.06,59672794500000.01,55252587500000.01,4420207000000.001,730.2139313516564,533212.3855400415,974840.9193962323,276565.66367499146,0.283703379876875,974840.9193962323
PSZ2 G245.70-33.75,cluster,PSZ2_Planck2016,0.0756,194271700000000.0,26226679500000.0,24283962500000.0,1942717000000.0,553.9709660519943,306883.83122857986,646274.7924670925,194085.50536702987,0.3003142125134216,646274.7924670925
PSZ2 G246.36-30.27,cluster,PSZ2_Planck2016,0.0358,112673900000000.0,15210976500000.0,14084237500000.0,1126739000000.0,461.3112394027245,212808.05959927785,492180.1678522008,147387.17077042782,0.2994577603839727,492180.1678522008
PSZ2 G246.41+13.14,cluster,PSZ2_Planck2016,0.436,571157900000000.0,77106316500000.0,71394737500000.0,5711579000000.0,795.887121466214,633436.3101157761,1108129.5614921383,301809.75348092616,0.272359626499385,1108129.5614921383
PSZ2 G246.49-35.31,cluster,PSZ2_Planck2016,0.081,145355200000000.0,19622952000000.0,18169400000000.0,1453552000000.0,502.5254609455776,252531.8388985652,559020.4984566169,168135.4846417652,0.3007680131694016,559020.4984566169
PSZ2 G246.50-26.09,cluster,PSZ2_Planck2016,0.0468,238384400000000.0,32181894000000.0,29798050000000.0,2383844000000.0,593.3989171471783,352122.27487144375,715898.351509176,213711.1669668437,0.298521663747824,715898.351509176
PSZ2 G247.19-23.31,cluster,PSZ2_Planck2016,0.152,407864500000000.0,55061707500000.0,50983062500000.0,4078645000000.0,710.7465211709994,505160.6173566778,936419.3943519372,268345.71956992784,0.2865657430724621,936419.3943519372
PSZ2 G247.56-56.06,cluster,PSZ2_Planck2016,0.0643,180165000000000.0,24322275000000.0,22520625000000.0,1801650000000.0,540.1155255701432,291724.780961912,622368.5803514073,187117.108414412,0.3006532050650119,622368.5803514073
PSZ2 G247.69-25.06,cluster,PSZ2_Planck2016,0.3437,432151400000000.0,58340438999999.99,54018924999999.99,4321514000000.0,724.6946724312021,525182.3682501673,963896.5120636444,274265.9741550673,0.2845388179358388,963896.5120636444
PSZ2 G247.97+33.52,cluster,PSZ2_Planck2016,0.1634,321999200000000.0,43469892000000.0,40249900000000.0,3219992000000.0,656.4786528551717,430964.2216545411,832031.6424149555,244004.5631517411,0.2932635620005059,832031.6424149555
PSZ2 G247.99-26.37,cluster,PSZ2_Planck2016,0.23,343401100000000.0,46359148500000.0,42925137500000.0,3434011000000.0,670.8273538554058,450009.33868064586,859237.6281281578,250623.27689699587,0.2916809840404413,859237.6281281578
PSZ2 G249.38+33.26,cluster,PSZ2_Planck2016,0.1669,540662100000000.06,72989383500000.02,67582762500000.01,5406621000000.001,781.3480084264875,610504.7102720384,1078140.6231114543,296584.6707768883,0.2750890416511358,1078140.6231114543
PSZ2 G249.80-68.11,cluster,PSZ2_Planck2016,0.228,375449200000000.0,50685642000000.0,46931150000000.0,3754492000000.0,691.2427601071812,477816.5534005941,898437.8465902734,259822.67572279405,0.2891938231552309,898437.8465902734
PSZ2 G249.80+04.56,cluster,PSZ2_Planck2016,0.42,651675100000000.0,87976138500000.0,81459387500000.0,6516751000000.0,831.9473770202586,692136.4381308883,1183662.8309527494,313759.86405623826,0.2650753710021357,1183662.8309527494
PSZ2 G249.87-21.65,cluster,PSZ2_Planck2016,0.1759,384251500000000.0,51873952500000.0,48031437500000.0,3842515000000.0,696.6461319843395,485315.83320874174,908908.6411780644,262211.1509014917,0.288490106730234,908908.6411780644
PSZ2 G249.91-39.86,cluster,PSZ2_Planck2016,0.1501,360778100000000.0,48705043500000.0,45097262500000.0,3607781000000.0,682.0466720776627,465187.6628922148,880709.194071508,255712.1413030648,0.2903479866275843,880709.194071508
PSZ2 G250.04+24.14,cluster,PSZ2_Planck2016,0.4,664771400000000.0,89744139000000.0,83096425000000.0,6647714000000.0,837.5279319664929,701453.0368240704,1195497.3286498955,315472.4693989704,0.2638838764744386,1195497.3286498955
PSZ2 G250.17+73.53,cluster,PSZ2_Planck2016,0.275148,335186300000000.0,45250150500000.0,41898287500000.0,3351863000000.0,665.3920095188338,442746.5263315118,848898.1289362133,248130.1540460618,0.2922967380750422,848898.1289362133
PSZ2 G250.29-17.29,cluster,PSZ2_Planck2016,0.27,452043200000000.0,61025831999999.99,56505399999999.99,4520431999999.999,735.7357480347397,541307.090936238,985830.877991224,278841.090087438,0.2828488093775455,985830.877991224
PSZ2 G250.43-41.42,cluster,PSZ2_Planck2016,0.15,263972200000000.0,35636247000000.0,32996525000000.0,2639722000000.0,614.0799964728391,377094.2420680821,753340.893070915,223826.3073457821,0.297111585743577,753340.893070915
PSZ2 G250.59-25.03,cluster,PSZ2_Planck2016,0.55,509296600000000.0,68755040999999.99,63662074999999.99,5092965999999.999,765.8144894999231,586471.8323280278,1046400.2507473414,290763.27649112785,0.277870037094758,1046400.2507473414
PSZ2 G250.68+40.76,cluster,PSZ2_Planck2016,0.2544,408804100000000.0,55188553499999.99,51100512499999.99,4088041000000.0,711.296250941832,505942.3566039056,937497.391470129,268581.90685575566,0.2864881644466029,937497.391470129
PSZ2 G250.89-36.24,cluster,PSZ2_Planck2016,0.2,573708300000000.0,77450620500000.0,71713537500000.0,5737083000000.0,797.0794615546907,635335.6680323157,1110600.879597845,302228.29432386573,0.2721304294602255,1110600.879597845
PSZ2 G251.13-78.15,cluster,PSZ2_Planck2016,0.304,416723600000000.0,56257686000000.0,52090450000000.0,4167236000000.0,715.8966965501928,512508.0801314789,946534.6016528138,270549.39841407887,0.2858314930501776,946534.6016528138
PSZ2 G252.23-50.62,cluster,PSZ2_Planck2016,0.3582,455703900000000.0,61520026499999.99,56962987499999.99,4557038999999.999,737.7323034038229,544248.9514855102,989814.517544594,279657.4695116603,0.2825352271104277,989814.517544594
PSZ2 G252.95-41.35,cluster,PSZ2_Planck2016,0.35,432062100000000.0,58328383500000.0,54007762500000.0,4320621000000.0,724.6443525418301,525109.4376707682,963796.916868902,274244.89307561825,0.2845463481731823,963796.916868902
PSZ2 G252.99-56.09,cluster,PSZ2_Planck2016,0.0752,292732700000000.0,39518914500000.0,36591587500000.0,2927327000000.0,635.7929884483502,404232.724160084,793319.38370887,234265.82478703404,0.2952982488487943,793319.38370887
PSZ2 G253.04+36.83,cluster,PSZ2_Planck2016,0.0586,230306100000000.0,31091323500000.0,28788262500000.0,2303061000000.0,586.5648392104523,344058.3105979838,703663.7316546038,210337.6373568338,0.2989178323319907,703663.7316546038
PSZ2 G253.13+57.49,cluster,PSZ2_Planck2016,0.2293,483729600000000.0,65303496000000.0,60466200000000.0,4837296000000.0,752.6756961290687,566520.7035433782,1019797.1131003496,285656.8975969782,0.2801114985789032,1019797.1131003496
PSZ2 G253.21+34.25,cluster,PSZ2_Planck2016,0.3062,494229400000000.06,66720969000000.01,61778675000000.01,4942294000000.001,758.1260152131408,574755.0549429554,1030805.518370548,287794.83937085536,0.2791941197848734,1030805.518370548
PSZ2 G253.48-33.72,cluster,PSZ2_Planck2016,0.1913,466970400000000.0,63041004000000.0,58371300000000.0,4669704000000.0,743.8110408426577,553254.8644794378,1001975.5473386132,282121.81037583784,0.2815655642746899,1001975.5473386132
PSZ2 G254.08-58.45,cluster,PSZ2_Planck2016,0.45841,622244500000000.0,84003007500000.0,77780562500000.0,6222445000000.0,819.1290277446783,670972.364093942,1156626.0778612976,309683.829137192,0.2677475763903096,1156626.0778612976
PSZ2 G254.46-14.44,cluster,PSZ2_Planck2016,0.55,733313000000000.0,98997255000000.0,91664125000000.0,7333130000000.0,865.602757236835,749268.1333360112,1255616.8601278237,323490.8393065113,0.25763499167539,1255616.8601278237
PSZ2 G254.51-27.32,cluster,PSZ2_Planck2016,0.2744,488437700000000.0,65939089500000.0,61054712500000.0,4884377000000.0,755.1292303347084,570220.154505889,1024747.89615969,286622.72447533906,0.2797007200985496,1024747.89615969
PSZ2 G254.64-45.20,cluster,PSZ2_Planck2016,0.58105,481013900000000.06,64936876500000.01,60126737500000.01,4810139000000.001,751.2532443828358,564381.4371957368,1016930.4692450176,285094.42505688674,0.2803480018339351,1016930.4692450176
PSZ2 G254.66-34.45,cluster,PSZ2_Planck2016,0.296,372190700000000.0,50245744500000.0,46523837500000.0,3721907000000.0,689.2211749673796,475025.8280234153,894530.6076553412,258923.9055033653,0.2894522594168489,894530.6076553412
PSZ2 G254.73-30.52,cluster,PSZ2_Planck2016,0.1254,227710900000000.0,30740971500000.0,28463862500000.0,2277108999999.9995,584.3356208476004,341448.1177913506,699687.8886647812,209234.2734670006,0.2990394386649791,699687.8886647812
PSZ2 G254.90+33.92,cluster,PSZ2_Planck2016,0.1517,318358900000000.0,42978451500000.0,39794862500000.0,3183589000000.0,653.975545119711,427684.0136146232,827315.0871757021,242837.9915582732,0.2935253995998989,827315.0871757021
PSZ2 G254.92+82.31,cluster,PSZ2_Planck2016,0.437266,514689700000000.0,69483109500000.0,64336212500000.0,5146897000000.0,768.5297404296714,590637.9619248981,1051925.989580172,291798.0562763481,0.2773940934692619,1051925.989580172
PSZ2 G254.96+55.88,cluster,PSZ2_Planck2016,0.078,232035100000000.0,31324738500000.0,29004387500000.0,2320351000000.0,588.04076846375,345791.9453754377,706300.135299058,211067.3775607877,0.2988352500759731,706300.135299058
PSZ2 G255.07+54.84,cluster,PSZ2_Planck2016,0.08874,215657000000000.0,29113695000000.0,26957125000000.0,2156570000000.0,573.7543008856547,329193.99778478645,680917.0772603975,203978.90695928645,0.2995649746074447,680917.0772603975
PSZ2 G255.32-56.27,cluster,PSZ2_Planck2016,0.0718,174125200000000.0,23506902000000.0,21765650000000.0,1741252000000.0,533.9626812479265,285116.1449654748,611847.599857992,184015.3101536748,0.3007535049518609,611847.599857992
PSZ2 G255.51+49.96,cluster,PSZ2_Planck2016,0.340297,498633000000000.0,67315455000000.0,62329125000000.0,4986330000000.0,760.3889898699024,578191.4159153706,1035387.5897217534,288674.37550587056,0.2788080312836741,1035387.5897217534
PSZ2 G255.52-35.66,cluster,PSZ2_Planck2016,0.0912,213607300000000.0,28836985500000.0,26700912500000.0,2136073000000.0,571.9162079380405,327088.14890222804,677673.4824133379,203063.15796527805,0.2996474898827787,677673.4824133379
PSZ2 G255.60-46.18,cluster,PSZ2_Planck2016,0.423513,632411400000000.0,85375539000000.0,79051425000000.0,6324114000000.0,823.6018129185634,678319.9462427442,1166036.8931394548,311128.2905576443,0.2668254258404791,1166036.8931394548
PSZ2 G255.64-25.30,cluster,PSZ2_Planck2016,0.1164,288400500000000.0,38934067500000.0,36050062500000.0,2884005000000.0,632.6158328918422,400202.7920254392,787427.2699914748,232751.26111468917,0.2955844558408665,787427.2699914748
PSZ2 G256.24+34.83,cluster,PSZ2_Planck2016,0.152752,409156400000000.0,55236114000000.0,51144550000000.0,4091564000000.0,711.5021540878611,506235.3152716664,937901.263647844,268670.3125690664,0.2864590580932885,937901.263647844
PSZ2 G256.38+44.04,cluster,PSZ2_Planck2016,0.1342,318416800000000.0,42986268000000.0,39802100000000.0,3184168000000.0,654.0155060999574,427736.2822191834,827390.3157397214,242856.64217798345,0.2935212529782385,827390.3157397214
PSZ2 G256.53-65.70,cluster,PSZ2_Planck2016,0.2195,608201000000000.0,82107135000000.0,76025125000000.0,6082010000000.0,812.87025838503,660758.0569669454,1143499.585559361,307623.48004544544,0.2690193192286699,1143499.585559361
PSZ2 G256.67+42.05,cluster,PSZ2_Planck2016,0.065,180215200000000.0,24329052000000.0,22526900000000.0,1802152000000.0,540.1660869664672,291779.401508665,622455.2806725217,187142.581761865,0.3006522517724805,622455.2806725217
PSZ2 G257.09+55.61,cluster,PSZ2_Planck2016,0.3499,686378200000000.0,92661057000000.0,85797275000000.0,6863782000000.0,846.5775118097489,716693.4835019856,1214770.3616977057,318167.5434506856,0.2619157937027947,1214770.3616977057
PSZ2 G257.32-22.19,cluster,PSZ2_Planck2016,0.2026,530653000000000.06,71638155000000.02,66331625000000.01,5306530000000.001,776.4576401704782,602886.4669791077,1068114.371418872,294777.9261396076,0.2759797396490674,1068114.371418872
PSZ2 G257.51+57.54,cluster,PSZ2_Planck2016,0.0468,151624500000000.0,20469307500000.0,18953062500000.0,1516245000000.0,509.7061929720488,259800.40315405943,570948.7644593953,171763.95852730944,0.3008395310040555,570948.7644593953
PSZ2 G257.72+17.85,cluster,PSZ2_Planck2016,0.297,535989000000000.0,72358515000000.0,66998625000000.0,5359890000000.0,779.0723169570091,606953.6750487625,1073471.169643876,295746.9378852625,0.2755052452720984,1073471.169643876
PSZ2 G258.33-38.54,cluster,PSZ2_Planck2016,0.561539,522324400000000.0,70513794000000.0,65290550000000.0,5223244000000.0,772.3414507563339,596511.3165563985,1059699.1930706736,293238.53994179855,0.2767186592754552,1059699.1930706736
PSZ2 G259.22-19.10,cluster,PSZ2_Planck2016,0.157,307950100000000.0,41573263500000.0,38493762500000.0,3079501000000.0,646.7118152861107,418236.1720306565,813678.0890139883,239433.72304350656,0.2942609937225314,813678.0890139883
PSZ2 G259.30+84.41,cluster,PSZ2_Planck2016,0.328669,489141300000000.0,66034075500000.0,61142662500000.0,4891413000000.0,755.4945471200352,570772.0107281072,1025485.7109822276,286766.0554101572,0.2796392502977812,1025485.7109822276
PSZ2 G259.58-51.07,cluster,PSZ2_Planck2016,0.53,487462200000000.0,65807396999999.99,60932774999999.99,4874621999999.999,754.6221615867407,569454.606757845,1023724.0796230052,286423.5730005451,0.2797859097990768,1023724.0796230052
PSZ2 G259.98-18.44,cluster,PSZ2_Planck2016,0.313,497206900000000.0,67122931500000.0,62150862500000.0,4972069000000.0,759.657586607465,577079.6488902782,1033905.9153178066,288390.6328019282,0.278933149070224,1033905.9153178066
PSZ2 G259.98-63.43,cluster,PSZ2_Planck2016,0.2836,754110700000000.0,101804944500000.0,94263837500000.0,7541107000000.0,873.7749556046475,763482.6730419038,1273297.8275438703,325629.7872418538,0.2557373304170147,1273297.8275438703
PSZ2 G260.52-54.50,cluster,PSZ2_Planck2016,0.164197,297145200000000.0,40114602000000.0,37143150000000.0,2971452000000.0,638.9971007903641,408317.2948184908,799276.0619567746,235788.40307669085,0.295002458223805,799276.0619567746
PSZ2 G260.63-28.94,cluster,PSZ2_Planck2016,0.6009,595949400000000.0,80453169000000.0,74493675000000.0,5959494000000.0,807.3312289435253,651783.7132274628,1131923.665718217,305762.67867536284,0.270126588864412,1131923.665718217
PSZ2 G260.76-31.27,cluster,PSZ2_Planck2016,0.25,310215400000000.0,41879079000000.0,38776925000000.0,3102154000000.0,648.3063641363244,420301.1417796605,816665.3386791988,240183.4109085605,0.2941026140487505,816665.3386791988
PSZ2 G260.85-62.19,cluster,PSZ2_Planck2016,0.19,375677900000000.0,50716516500000.0,46959737500000.0,3756779000000.0,691.3842081837614,478012.1233258867,898711.4408005954,259885.45751103672,0.2891756416047447,898711.4408005954
PSZ2 G261.09-66.14,cluster,PSZ2_Planck2016,0.56,509869500000000.0,68832382500000.0,63733687500000.0,5098695000000.0,766.1038297019344,586915.0778839705,1046988.6251947292,290873.8839897205,0.2778195263922957,1046988.6251947292
PSZ2 G261.28-36.47,cluster,PSZ2_Planck2016,0.46072,417781700000000.0,56400529500000.0,52222712500000.0,4177817000000.0,716.5069391388233,513382.1938340855,947735.5095501246,270809.1565075355,0.2857433891403778,947735.5095501246
PSZ2 G261.88+62.85,cluster,PSZ2_Planck2016,0.0974,241085300000000.0,32546515500000.0,30135662500000.0,2410853000000.0,595.6494752011201,354798.2973073698,719942.4999932041,214818.98879341985,0.2983835359010582,719942.4999932041
PSZ2 G262.01-32.98,cluster,PSZ2_Planck2016,0.23,302432000000000.0,40828320000000.0,37804000000000.0,3024320000000.0,642.7947473152266,413185.087176046,806355.0633229419,237586.565688046,0.2946426165031639,806355.0633229419
PSZ2 G262.23+34.48,cluster,PSZ2_Planck2016,0.21,376110900000000.0,50774971500000.0,47013862500000.0,3761109000000.0,691.6518567184938,478382.2909021399,899229.2114610474,260004.21597778992,0.28914120300356,899229.2114610474
PSZ2 G262.27-35.38,cluster,PSZ2_Planck2016,0.2952,875969000000000.1,118255815000000.02,109496125000000.02,8759690000000.001,918.8774923035118,844335.8458619904,1372324.4945765764,335729.4111284903,0.2446428759781613,1372324.4945765764
PSZ2 G262.36-25.15,cluster,PSZ2_Planck2016,0.0514,281829900000000.0,38047036500000.0,35228737500000.0,2818299000000.0,627.7360241850444,394052.5160596466,778405.6505569752,230416.0167767966,0.2960102057480264,778405.6505569752
PSZ2 G262.73-40.92,cluster,PSZ2_Planck2016,0.421,746137000000000.0,100728495000000.0,93267125000000.0,7461370000000.0,870.6596939330806,758048.3026396455,1266548.2375951384,324825.1184941455,0.2564648616233583,1266548.2375951384
PSZ2 G262.83+25.77,cluster,PSZ2_Planck2016,0.180124,373125700000000.0,50371969500000.0,46640712500000.0,3731257000000.0,689.8024506025621,475827.4208573001,895653.5017717651,259182.61723475013,0.2893782212898625,895653.5017717651
PSZ2 G262.95+45.74,cluster,PSZ2_Planck2016,0.154,332190000000000.0,44845650000000.0,41523750000000.0,3321900000000.0,663.3874945619474,440082.9679411778,845095.3730485495,247206.3118561778,0.2925188324773565,845095.3730485495
PSZ2 G263.03-56.19,cluster,PSZ2_Planck2016,0.392,470353400000000.06,63497709000000.01,58794175000000.01,4703534000000.001,745.6172702475807,555945.1136914537,1005598.4388693196,282847.8170533537,0.2812731266482312,1005598.4388693196
PSZ2 G263.14-23.41,cluster,PSZ2_Planck2016,0.2266,682597900000000.0,92150716500000.0,85324737500000.0,6825979000000.0,845.0079999071406,714038.5199070661,1211420.5052543178,317707.50331221614,0.262260298496036,1211420.5052543178
PSZ2 G263.19-25.19,cluster,PSZ2_Planck2016,0.0506,321209900000000.0,43363336500000.0,40151237500000.0,3212099000000.0,655.937523656918,430254.0349411698,831011.2586424293,243752.6609883198,0.2933205277946814,831011.2586424293
PSZ2 G263.24-33.18,cluster,PSZ2_Planck2016,0.3,401387000000000.0,54187245000000.0,50173375000000.0,4013870000000.0,706.9336714745175,499755.215864441,928953.7621208568,266701.29384394106,0.287098566924414,928953.7621208568
PSZ2 G263.68-22.55,cluster,PSZ2_Planck2016,0.1644,796405800000000.0,107514783000000.0,99550725000000.0,7964058000000.0,889.9437578995194,791999.8922243183,1308517.8569726346,329589.56201961834,0.2518800643517019,1308517.8569726346
PSZ2 G264.40+19.49,cluster,PSZ2_Planck2016,0.24,575492100000000.0,77691433500000.0,71936512500000.0,5754921000000.0,797.9113175568972,636662.4706853837,1112326.1050431344,302519.3843452337,0.2719700481483372,1112326.1050431344
PSZ2 G264.60-51.07,cluster,PSZ2_Planck2016,0.44,692942300000000.0,93547210500000.0,86617787500000.0,6929423000000.0,849.2892259497203,721292.189314275,1220565.1993248556,318954.9916748251,0.2613174551029737,1220565.1993248556
PSZ2 G264.92+44.70,cluster,PSZ2_Planck2016,0.466,608402300000000.0,82134310500000.0,76050287500000.0,6084023000000.0,812.9606461068216,660905.0121184209,1143688.8054251366,307653.5560889709,0.2690011081944696,1143688.8054251366
PSZ2 G265.02-48.96,cluster,PSZ2_Planck2016,0.059,422461000000000.0,57032235000000.0,52807625000000.0,4224610000000.0,719.1934166530261,517239.1705570533,953028.2140589522,271949.2310455532,0.2853527597963968,953028.2140589522
PSZ2 G265.10-59.50,cluster,PSZ2_Planck2016,0.5001,614006600000000.0,82890891000000.0,76750825000000.0,6140066000000.0,815.4691564184762,664989.9450698612,1148944.2772651534,308484.51196796127,0.2684938844051261,1148944.2772651534
PSZ2 G265.21-24.83,cluster,PSZ2_Planck2016,0.054,183673800000000.0,24795963000000.0,22959225000000.0,1836738000000.0,543.6273036370355,295530.64525967365,628399.8202988136,188885.6879929737,0.3005820210183313,628399.8202988136
PSZ2 G265.49-30.50,cluster,PSZ2_Planck2016,0.423,411889800000000.0,55605123000000.0,51486225000000.0,4118898000000.0,713.0957146959654,508505.4983177497,941028.9085742136,269353.4248070497,0.2862328907781979,941028.9085742136
PSZ2 G265.86-19.93,cluster,PSZ2_Planck2016,0.296,464122600000000.0,62656550999999.99,58015324999999.99,4641225999999.999,742.2838144049023,550985.2611274914,998915.621425384,281505.7009315914,0.2818112910576992,998915.621425384
PSZ2 G266.04-21.25,cluster,PSZ2_Planck2016,0.2965,1310034800000000.0,176854698000000.0,163754350000000.0,13100348000000.0,1051.9338484554069,1106564.8215262028,1678239.2069692917,345930.4508980029,0.2061270225730894,1678239.2069692917
PSZ2 G266.54-27.31,cluster,PSZ2_Planck2016,0.972,677372100000000.0,91445233500000.0,84671512500000.0,6773721000000.0,842.8288099737431,710360.4029217559,1206774.4286006168,317063.59816160594,0.2627364241793513,1206774.4286006168
PSZ2 G266.83+25.08,cluster,PSZ2_Planck2016,0.2542,736769200000000.0,99463842000000.0,92096150000000.0,7367692000000.0,866.9713967226113,751639.4027351554,1258572.325022649,323855.36467735545,0.2573196297412049,1258572.325022649
PSZ2 G266.84-14.42,cluster,PSZ2_Planck2016,0.074,212556100000000.0,28695073500000.0,26569512500000.0,2125561000000.0,570.9689857366213,326005.5826731061,676003.9492241307,202590.94105695613,0.2996889904111885,676003.9492241307
PSZ2 G268.30+28.89,cluster,PSZ2_Planck2016,0.123,283291400000000.0,38244339000000.0,35411425000000.0,2832914000000.0,628.8279216907455,395424.5550979023,780421.3500809503,230939.4774928023,0.2959164014014324,780421.3500809503
PSZ2 G268.34-43.64,cluster,PSZ2_Planck2016,0.34,439587000000000.06,59344245000000.01,54948375000000.01,4395870000000.001,728.8605836324759,531237.7503730735,972153.5509274092,276004.08705257345,0.2839099716184473,972153.5509274092
PSZ2 G268.51-28.14,cluster,PSZ2_Planck2016,0.46,405894400000000.06,54795744000000.01,50736800000000.01,4058944000000.001,709.5911430122613,503519.5902414475,934155.0724765962,267848.57487184746,0.2867281704757408,934155.0724765962
PSZ2 G269.02+22.27,cluster,PSZ2_Planck2016,0.3575,508353300000000.0,68627695500000.0,63544162500000.0,5083533000000.0,765.3376094415875,585741.6564257639,1045430.7500345252,290580.8008498139,0.2779531794336616,1045430.7500345252
PSZ2 G269.03+44.22,cluster,PSZ2_Planck2016,0.1912,421141700000000.0,56854129500000.0,52642712500000.0,4211417000000.0,718.4379892330808,516153.14437327225,951538.9484402904,271629.21880672226,0.2854630588185189,951538.9484402904
PSZ2 G269.31-49.87,cluster,PSZ2_Planck2016,0.0853,326220200000000.0,44039727000000.0,40777525000000.0,3262202000000.0,659.3576412325814,434752.4990517936,837467.3250283297,245342.03719749357,0.2929571457479779,837467.3250283297
PSZ2 G269.36-47.20,cluster,PSZ2_Planck2016,0.057,153431000000000.0,20713185000000.0,19178875000000.0,1534310000000.0,511.7386332848615,261876.428796258,574339.9213967822,172791.09142975797,0.3008516124206268,574339.9213967822
PSZ2 G269.82-64.35,cluster,PSZ2_Planck2016,0.115,227611300000000.0,30727525500000.0,28451412500000.0,2276113000000.0,584.2497313159354,341347.7485427427,699534.8513358622,209191.7341197927,0.2990440486564909,699534.8513358622
PSZ2 G270.37+69.42,cluster,PSZ2_Planck2016,0.291776,454586300000000.0,61369150500000.0,56823287500000.0,4545863000000.0,737.1238943413584,543351.6356089702,988600.0274135016,279409.0562235202,0.2826310423585005,988600.0274135016
PSZ2 G270.63-35.67,cluster,PSZ2_Planck2016,0.313,534315300000000.0,72132565500000.0,66789412500000.0,5343153000000.0,778.2540602442216,605679.3822866165,1071793.8278723024,295444.4313276665,0.2756541637435767,1071793.8278723024
PSZ2 G270.93-58.78,cluster,PSZ2_Planck2016,0.278,595087300000000.0,80336785500000.0,74385912500000.0,5950873000000.0,806.9386310328193,651149.9542531206,1131104.6494083048,305629.4734961706,0.2702044180050442,1131104.6494083048
PSZ2 G270.95-31.78,cluster,PSZ2_Planck2016,0.14,234718700000000.0,31687024500000.0,29339837500000.0,2347187000000.0,590.3171794815256,348474.37239102373,710372.7478502216,212191.6487189737,0.2987046580279474,710372.7478502216
PSZ2 G271.18-30.95,cluster,PSZ2_Planck2016,0.37,737321500000000.0,99538402500000.0,92165187500000.0,7373215000000.0,867.1897097107676,752017.9926282454,1259043.964768307,323913.2773159954,0.2572692347368528,1259043.964768307
PSZ2 G271.28-36.11,cluster,PSZ2_Planck2016,0.25,380730300000000.0,51398590500000.0,47591287500000.0,3807303000000.0,694.4945760153,482322.7161146713,904734.5326105362,261262.5182332213,0.2887725723029163,904734.5326105362
PSZ2 G271.53-56.57,cluster,PSZ2_Planck2016,0.3,677524500000000.0,91465807500000.0,84690562500000.0,6775245000000.0,842.8925194265565,710467.799305248,1206910.175319149,317082.507828498,0.2627225408424868,1206910.175319149
PSZ2 G271.60-12.50,cluster,PSZ2_Planck2016,0.062,350674400000000.0,47341044000000.0,43834300000000.0,3506744000000.0,675.5681449447331,456392.318464068,868289.3573596078,252783.222324468,0.2911278598336846,868289.3573596078
PSZ2 G272.08-29.06,cluster,PSZ2_Planck2016,0.097737,222193800000000.03,29996163000000.004,27774225000000.004,2221938000000.0005,579.5398829057176,335866.47587837285,691159.7117035306,206855.97843167285,0.2992882468826577,691159.7117035306
PSZ2 G272.08-40.16,cluster,PSZ2_Planck2016,0.0589,663699400000000.0,89599419000000.0,82962425000000.0,6636994000000.0,837.0738924072753,700692.7013498666,1194533.0195546714,315334.56017276656,0.2639814513376324,1194533.0195546714
PSZ2 G272.11-11.50,cluster,PSZ2_Planck2016,0.061,248166800000000.0,33502518000000.0,31020850000000.0,2481668000000.0,601.471806268472,361768.3337358584,730439.5612853544,217677.3540696584,0.2980087136663458,730439.5612853544
PSZ2 G272.16+33.47,cluster,PSZ2_Planck2016,0.1416,382550600000000.0,51644331000000.0,47818825000000.0,3825506000000.0,695.6084744105941,483871.1496718341,906894.7553291538,261754.0464739341,0.2886267066115423,906894.7553291538
PSZ2 G272.85+48.79,cluster,PSZ2_Planck2016,0.42,575468100000000.0,77688193500000.0,71933512500000.0,5754681000000.0,797.900136784904,636644.6282813685,1112302.9108890756,302515.47685721854,0.271972206397819,1112302.9108890756
PSZ2 G272.88+19.14,cluster,PSZ2_Planck2016,0.011054,82624200000000.0,11154267000000.0,10328025000000.0,826242000000.0,415.6515840617221,172766.2393330188,421469.4304650968,124792.8523927188,0.2960899257984341,421469.4304650968
PSZ2 G273.54-30.28,cluster,PSZ2_Planck2016,0.34537,563588000000000.0,76084380000000.0,70448500000000.0,5635880000000.0,792.3271574436383,627782.3244227159,1100761.712842642,300551.014480716,0.2730391246117777,1100761.712842642
PSZ2 G273.59+63.27,cluster,PSZ2_Planck2016,0.1339,553807500000000.0,74764012500000.0,69225937500000.0,5538075000000.0,787.6802675321385,620440.2038595013,1091168.607656706,298887.6624982513,0.2739151955077916,1091168.607656706
PSZ2 G273.69-68.38,cluster,PSZ2_Planck2016,0.32,360993800000000.0,48734163000000.0,45124225000000.0,3609938000000.0,682.1836583868521,465374.5437700694,880972.4314842673,255773.78212336937,0.2903311987781958,880972.4314842673
PSZ2 G274.73-32.20,cluster,PSZ2_Planck2016,0.2,336146700000000.0,45379804500000.0,42018337500000.0,3361467000000.0,666.0319949363139,443598.6182788461,850113.4211440774,248424.61710479608,0.2922252618603148,850113.4211440774
PSZ2 G275.64-49.09,cluster,PSZ2_Planck2016,0.469,443216000000000.0,59834159999999.99,55401999999999.99,4432159999999.999,730.8768102730616,534180.9117949248,976158.0982867924,276840.1730509248,0.283601778786442,976158.0982867924
PSZ2 G276.09-41.53,cluster,PSZ2_Planck2016,0.14,287802800000000.0,38853378000000.0,35975350000000.0,2878028000000.0,632.175008474357,399645.2413395534,786610.8889843741,232540.7478993534,0.295623606481721,786610.8889843741
PSZ2 G276.75-59.82,cluster,PSZ2_Planck2016,0.3432,448296300000000.0,60520000500000.0,56037037500000.0,4482963000000.0,733.6810297093695,538287.8533554006,981736.694154394,277997.3832049506,0.2831689849836976,981736.694154394
PSZ2 G277.38+47.07,cluster,PSZ2_Planck2016,0.1195,280771000000000.0,37904085000000.0,35096375000000.0,2807710000000.0,626.9425610687653,393056.9748794625,776941.9495281314,230035.29570296247,0.2960778419065572,776941.9495281314
PSZ2 G277.76-51.74,cluster,PSZ2_Planck2016,0.438,969260800000000.0,130850208000000.0,121157600000000.0,9692608000000.0,950.6605147890104,903755.414378906,1443553.1243349025,340981.7547917062,0.2362100493868619,1443553.1243349025
PSZ2 G278.33-41.53,cluster,PSZ2_Planck2016,0.12,336007900000000.0,45361066500000.0,42000987500000.0,3360079000000.0,665.9395773695717,443475.5207071637,849937.8907492796,248382.1097973137,0.2922356003899856,849937.8907492796
PSZ2 G278.58+39.16,cluster,PSZ2_Planck2016,0.3075,897132900000000.1,121112941500000.02,112141612500000.02,8971329000000.002,926.2778466366626,857990.6491698527,1388803.6153506078,337095.99907250266,0.2427240218462433,1388803.6153506078
PSZ2 G279.02+81.24,cluster,PSZ2_Planck2016,0.18,338477900000000.0,45694516500000.0,42309737500000.0,3384779000000.0,667.5804114655322,445663.6057724892,853056.1249073151,249136.0597576392,0.2920511939172911,853056.1249073151
PSZ2 G279.51-44.85,cluster,PSZ2_Planck2016,0.078558,169800300000000.0,22923040500000.0,21225037500000.0,1698003000000.0,529.4692203818377,280337.655331751,604201.3248245245,181747.950445301,0.3008069379822781,604201.3248245245
PSZ2 G279.79+39.09,cluster,PSZ2_Planck2016,0.29,611863900000000.0,82601626500000.0,76482987500000.0,6118639000000.0,814.5118763951901,663429.5967888135,1146937.788708596,308168.26137496345,0.2686878611977272,1146937.788708596
PSZ2 G280.17+47.83,cluster,PSZ2_Planck2016,0.1557,605530000000000.0,81746550000000.0,75691250000000.0,6055300000000.0,811.6690411223618,658806.6323164942,1140985.9033149297,307222.89542149426,0.2692609036876909,1140985.9033149297
PSZ2 G280.21+14.57,cluster,PSZ2_Planck2016,0.057987,177990600000000.0,24028731000000.0,22248825000000.0,1779906000000.0,537.916433865108,289354.08982215513,618601.5162001069,186008.9206642552,0.3006926362011768,618601.5162001069
PSZ2 G280.23-53.84,cluster,PSZ2_Planck2016,0.415,479224800000000.0,64695348000000.0,59903100000000.0,4792248000000.0,750.3132187553825,562969.9262390626,1015037.5039563444,284721.7040258626,0.2805036295861913,1015037.5039563444
PSZ2 G280.76-52.30,cluster,PSZ2_Planck2016,0.59,487668400000000.0,65835234000000.0,60958550000000.0,4876684000000.0,754.7294012811808,569616.4691582497,1023940.5780372327,286465.7112476497,0.279767905864976,1023940.5780372327
PSZ2 G281.09-42.51,cluster,PSZ2_Planck2016,0.38,447692400000000.06,60438474000000.01,55961550000000.01,4476924000000.001,733.3487982323577,537800.4598688433,981075.222502414,277860.6270422433,0.2832205122187352,981075.222502414
PSZ2 G281.26-46.90,cluster,PSZ2_Planck2016,0.284,435514600000000.06,58794471000000.01,54439325000000.01,4355146000000.001,726.5848054792424,527925.4795533085,967639.9847516436,275056.3392294084,0.2842548298580333,967639.9847516436
PSZ2 G282.12+54.04,cluster,PSZ2_Planck2016,0.1268,465424300000000.0,62832280500000.0,58178037500000.0,4654243000000.0,742.9826636598715,552023.2384991178,1000315.4433993556,281787.88329666783,0.2816990231991947,1000315.4433993556
PSZ2 G282.14+38.29,cluster,PSZ2_Planck2016,0.327,484399500000000.0,65393932499999.99,60549937499999.99,4843994999999.999,753.0257661451459,567047.804478484,1020503.0092538536,285795.040189234,0.2800531087097868,1020503.0092538536
PSZ2 G282.28+49.94,cluster,PSZ2_Planck2016,0.66,780200400000000.0,105327054000000.0,97525050000000.0,7802004000000.0,883.8176509727523,781133.6401709937,1295136.464006323,328132.5136223938,0.2533574821971747,1295136.464006323
PSZ2 G282.67+20.83,cluster,PSZ2_Planck2016,0.1306,444775600000000.0,60044706000000.0,55596950000000.0,4447756000000.0,731.739937038777,535443.3354575133,977874.0553391668,277197.0594221133,0.2834690806128097,977874.0553391668
PSZ2 G283.16-22.91,cluster,PSZ2_Planck2016,0.45,675148100000000.0,91144993500000.0,84393512500000.0,6751481000000.0,841.8980019141532,708792.2456270434,1204791.7126590852,316786.74308289343,0.2629390124071456,1204791.7126590852
PSZ2 G283.26+77.37,cluster,PSZ2_Planck2016,0.28164,528257400000000.06,71314749000000.02,66032175000000.01,5282574000000.001,775.2780998571869,601056.1321181703,1065700.6762333172,294338.52814407024,0.2761924944857872,1065700.6762333172
PSZ2 G283.91+73.87,cluster,PSZ2_Planck2016,0.0852,298809100000000.0,40339228500000.0,37351137500000.0,2988091000000.0,640.1971278353352,409852.3624886125,801510.7587966259,236357.3746329625,0.294889834027712,801510.7587966259
PSZ2 G284.41+52.45,cluster,PSZ2_Planck2016,0.4414,1117613300000000.0,150877795500000.0,139701662500000.0,11176133000000.0,997.2576183483447,994522.757353813,1550094.6855492145,345612.4466878631,0.2229621518671351,1550094.6855492145
PSZ2 G284.59+70.84,cluster,PSZ2_Planck2016,0.0896,220053500000000.0,29707222500000.0,27506687500000.0,2200535000000.0,577.6581437107149,333688.9309953089,687822.8302610621,205921.1377450589,0.29938107414507,687822.8302610621
PSZ2 G284.97-23.69,cluster,PSZ2_Planck2016,0.39,839252300000000.0,113299060500000.0,104906537500000.0,8392523000000.0,905.7519788796,820386.6472443115,1343255.7758564071,333098.7179398615,0.2479786232279484,1343255.7758564071
PSZ2 G285.52-62.23,cluster,PSZ2_Planck2016,0.1168,363555200000000.0,49079952000000.0,45444400000000.0,3635552000000.0,683.8062080690174,467590.9301937284,884092.3385072801,256502.9646369284,0.290131418930757,884092.3385072801
PSZ2 G285.63-17.23,cluster,PSZ2_Planck2016,0.35,664187000000000.0,89665245000000.0,83023375000000.0,6641870000000.0,837.2804729658924,701038.5904099884,1194971.7327444805,315397.33818948845,0.2639370702645144,1194971.7327444805
PSZ2 G285.63+72.75,cluster,PSZ2_Planck2016,0.165,560703500000000.0,75694972500000.0,70087937500000.0,5607035000000.0,790.9622850345268,625621.3363470399,1097941.194776956,300064.8291217899,0.2732977235477054,1097941.194776956
PSZ2 G285.87-74.93,cluster,PSZ2_Planck2016,0.213,449595500000000.06,60695392500000.01,56199437500000.01,4495955000000.001,734.3947697024985,539335.6777663857,983158.2422950494,278290.8641631357,0.2830580594162578,983158.2422950494
PSZ2 G286.28-38.36,cluster,PSZ2_Planck2016,0.307,594013100000000.0,80191768500000.0,74251637500000.0,5940131000000.0,806.4489145686563,650359.8518089639,1130083.3022650164,305463.07466731395,0.2703013787170175,1130083.3022650164
PSZ2 G286.39+64.06,cluster,PSZ2_Planck2016,0.228986,409803500000000.06,55323472500000.01,51225437500000.01,4098035000000.001,711.8800477874272,506773.2024378296,938642.6380107997,268832.47956257965,0.2864055697835096,938642.6380107997
PSZ2 G286.62-31.24,cluster,PSZ2_Planck2016,0.21,568384800000000.0,76731948000000.0,71048100000000.0,5683848000000.0,794.5866480575737,631367.9412713705,1105436.179206618,301351.50611817057,0.2726086876715519,1105436.179206618
PSZ2 G286.68+23.18,cluster,PSZ2_Planck2016,0.3,504316600000000.0,68082741000000.0,63039575000000.0,5043166000000.0,763.2902143797866,582611.9513679405,1041271.7316961348,289794.8906010405,0.2783086122284253,1041271.7316961348
PSZ2 G286.75-37.35,cluster,PSZ2_Planck2016,0.47,678544000000000.0,91603440000000.0,84818000000000.0,6785440000000.0,843.3184677046876,711186.0379717821,1207817.8785800138,317208.8028757822,0.262629663379973,1207817.8785800138
PSZ2 G286.98+32.90,cluster,PSZ2_Planck2016,0.39,1469261100000000.0,198350248500000.0,183657637500000.0,14692611000000.0,1093.2680478703624,1195235.024494273,1777304.8941857612,342150.440720623,0.1925108302126027,1777304.8941857612
PSZ2 G287.00-35.24,cluster,PSZ2_Planck2016,0.43,522633900000000.0,70555576500000.0,65329237500000.0,5226339000000.0,772.4951895764082,596748.8179186907,1060013.1055831737,293296.3389498408,0.2766912384432095,1060013.1055831737
PSZ2 G287.05-23.21,cluster,PSZ2_Planck2016,0.111,216654900000000.0,29248411500000.0,27081862500000.0,2166549000000.0,574.644982949936,330216.8564295322,682490.6476166258,204422.36340918223,0.2995240508028354,682490.6476166258
PSZ2 G287.22+18.13,cluster,PSZ2_Planck2016,0.155,444243200000000.0,59972832000000.0,55530400000000.0,4442432000000.0,731.4455180609636,535012.5458914716,977288.6185065124,277075.39274267154,0.2835143963572366,977288.6185065124
PSZ2 G287.25+34.96,cluster,PSZ2_Planck2016,0.349,542159300000000.0,73191505499999.98,67769912499999.99,5421592999999.999,782.0743465315281,611640.2835027168,1079632.3831048356,296850.93749776686,0.2749555701951761,1079632.3831048356
PSZ2 G287.46+81.12,cluster,PSZ2_Planck2016,0.073,262851400000000.0,35484939000000.0,32856425000000.0,2628514000000.0,613.2026980075656,376017.54884375766,751739.8861625876,223400.3746986577,0.2971777589706611,751739.8861625876
PSZ2 G287.54+58.63,cluster,PSZ2_Planck2016,0.305033,422616000000000.0,57053160000000.0,52827000000000.0,4226160000000.0,719.2820663309833,517366.6909453691,953203.0299901114,271986.7551013691,0.2853397928290164,953203.0299901114
PSZ2 G287.56-28.32,cluster,PSZ2_Planck2016,0.363,479562700000000.0,64740964499999.99,59945337499999.99,4795626999999.999,750.4909358256049,563236.6447563922,1015395.2908813296,284792.23053834226,0.2804742479070904,1015395.2908813296
PSZ2 G287.72+26.46,cluster,PSZ2_Planck2016,0.0697,257862600000000.0,34811451000000.0,32232825000000.0,2578626000000.0,609.2673230078169,371206.6708851115,744571.8712818336,221486.1012792115,0.2974677258461394,744571.8712818336
PSZ2 G287.96-32.99,cluster,PSZ2_Planck2016,0.25,618318300000000.0,83472970500000.0,77289787500000.0,6183183000000.0,817.3887644523571,668124.3922529509,1152971.299590391,309115.49342950096,0.2681033721648739,1152971.299590391
PSZ2 G288.08-14.81,cluster,PSZ2_Planck2016,0.29,519761700000000.0,70167829500000.0,64970212500000.0,5197617000000.0,771.066143435552,594542.9975525753,1057096.3754123736,292758.1796560253,0.276945590265429,1057096.3754123736
PSZ2 G288.15-39.04,cluster,PSZ2_Planck2016,0.48,587490300000000.0,79311190500000.0,73436287500000.0,5874903000000.0,803.4625400672289,645552.0532912834,1123861.5075447129,304442.5540698335,0.2708897422200584,1123861.5075447129
PSZ2 G288.27+39.97,cluster,PSZ2_Planck2016,0.1992,716228400000000.0,96690834000000.0,89528550000000.0,7162284000000.0,858.7736586248307,737492.1967478772,1240904.088504984,321634.5887972772,0.2591937537934748,1240904.088504984
PSZ2 G288.63-37.66,cluster,PSZ2_Planck2016,0.127,644087800000000.0,86951853000000.0,80510975000000.0,6440878000000.0,828.6801626419036,686710.8119562118,1176752.1030171134,312739.58738851186,0.2657650550074808,1176752.1030171134
PSZ2 G289.13+72.19,cluster,PSZ2_Planck2016,0.229,587693500000000.0,79338622500000.0,73461687500000.0,5876935000000.0,803.5559037662745,645702.0904776341,1124055.8502554102,304474.60896738415,0.2708714241362658,1124055.8502554102
PSZ2 G289.16+55.27,cluster,PSZ2_Planck2016,0.41,537366200000000.06,72544437000000.02,67170775000000.01,5373662000000.001,779.7443460548682,608001.245204534,1074849.403200965,295994.876111234,0.2753826491690314,1074849.403200965
PSZ2 G290.19+30.16,cluster,PSZ2_Planck2016,0.0685,225239200000000.0,30407292000000.0,28154900000000.0,2252392000000.0,582.1967463972343,338953.0515155255,695880.1280018017,208174.3293527255,0.2991525709327146,695880.1280018017
PSZ2 G291.34-55.31,cluster,PSZ2_Planck2016,0.1805,368692700000000.0,49773514500000.0,46086587500000.0,3686927000000.0,687.0378807190924,472021.0495429818,890317.1024775006,257950.14102993184,0.2897283903815051,890317.1024775006
PSZ2 G292.40-57.11,cluster,PSZ2_Planck2016,0.49,478701400000000.0,64624689000000.0,59837675000000.0,4787014000000.0,750.0377744155218,562556.6630501891,1014483.0504204443,284612.3381300892,0.2805491309215406,1014483.0504204443
PSZ2 G292.56+21.97,cluster,PSZ2_Planck2016,0.3,792600200000000.0,107001027000000.0,99075025000000.0,7926002000000.0,888.5126221413077,789454.6797044222,1305387.7575674208,329253.9626801223,0.2522269423559512,1305387.7575674208
PSZ2 G292.74+33.49,cluster,PSZ2_Planck2016,0.08157,206626400000000.0,27894564000000.0,25828300000000.0,2066264000000.0,565.5666989958963,319865.6910131148,666507.9764079911,199893.9607055148,0.2999123308063057,666507.9764079911
PSZ2 G293.12-70.85,cluster,PSZ2_Planck2016,0.0238,114380500000000.0,15441367500000.0,14297562500000.0,1143805000000.0,463.6472272746847,214968.7513595031,495893.52991224674,148556.9738787531,0.2995743338394468,495893.52991224674
PSZ2 G293.35+07.33,cluster,PSZ2_Planck2016,0.155,388492100000000.0,52446433500000.0,48561512500000.0,3884921000000.0,699.2199556707377,488908.5464081884,913910.238044286,263341.6805680384,0.2881482990403676,913910.238044286
PSZ2 G294.36-29.53,cluster,PSZ2_Planck2016,0.62,584317400000000.0,78882849000000.0,73039675000000.0,5843174000000.0,802.0019076036227,643207.0597998498,1120822.5400294634,303939.8145357498,0.271175680074885,1120822.5400294634
PSZ2 G294.68-37.01,cluster,PSZ2_Planck2016,0.2742,699343000000000.0,94411305000000.0,87417875000000.0,6993430000000.0,851.9170616311183,725762.6798981986,1226189.4147809711,319709.0982236986,0.2607338591980969,1226189.4147809711
PSZ2 G294.89-37.19,cluster,PSZ2_Planck2016,0.47,482687000000000.06,65162745000000.01,60335875000000.01,4826870000000.001,752.1302231308788,565699.8725469055,1018697.517377272,285441.4225764055,0.2802023345568761,1018697.517377272
PSZ2 G295.19-56.99,cluster,PSZ2_Planck2016,0.217,385040100000000.0,51980413500000.0,48130012500000.0,3850401000000.0,697.1261936545449,485984.929879274,909840.8405014706,262422.36945712403,0.2884266761563336,909840.8405014706
PSZ2 G295.25-21.55,cluster,PSZ2_Planck2016,0.61,807711900000000.0,109041106500000.0,100963987500000.0,8077119000000.0,894.1689312376739,799538.0775907239,1317773.249720576,330563.1826448739,0.2508498201150823,1317773.249720576
PSZ2 G295.34+23.34,cluster,PSZ2_Planck2016,0.119,423057700000000.0,57112789500000.0,52882212500000.0,4230577000000.0,719.5345709565208,517729.9988015845,953701.0232336952,272093.6024410345,0.2853028316132577,953701.0232336952
PSZ2 G295.63-51.96,cluster,PSZ2_Planck2016,0.333,608743400000000.0,82180359000000.0,76092925000000.0,6087434000000.0,813.1137614994605,661153.9891398015,1144009.3643611108,307704.48311670154,0.2689702485858092,1144009.3643611108
PSZ2 G296.27-52.05,cluster,PSZ2_Planck2016,0.3264,531126500000000.0,71702077499999.98,66390812499999.99,5311264999999.999,776.6903623591637,603247.918981609,1068590.802707218,294864.4538618592,0.2759376677347734,1068590.802707218
PSZ2 G296.42-32.49,cluster,PSZ2_Planck2016,0.0613,246121000000000.0,33226335000000.0,30765125000000.0,2461210000000.0,599.8012293025753,359761.51467288047,727422.5870085345,216858.37047138048,0.2981188298856551,727422.5870085345
PSZ2 G296.91-07.00,cluster,PSZ2_Planck2016,0.31,750060200000000.0,101258127000000.0,93757525000000.0,7500602000000.0,872.195205183333,760724.4759447963,1269873.6372830523,325223.39753049635,0.2561068975542522,1269873.6372830523
PSZ2 G297.97-67.74,cluster,PSZ2_Planck2016,0.87,1075359000000000.0,145173465000000.03,134419875000000.02,10753590000000.002,984.426657176108,969095.8433589264,1520509.660291379,344719.28774042625,0.2267129875875743,1520509.660291379
PSZ2 G298.56+13.53,cluster,PSZ2_Planck2016,0.64,880380100000000.0,118851313500000.0,110047512500000.0,8803801000000.0,920.4296305515388,847190.7047972423,1375775.4493949185,336023.09056509234,0.2442426856162312,1375775.4493949185
PSZ2 G299.38-57.32,cluster,PSZ2_Planck2016,0.348114,436476500000000.0,58924327500000.0,54559562500000.0,4364765000000.0,727.1236141945642,528708.7503193654,968707.9851468668,275281.1101746154,0.2841734706387083,968707.9851468668
PSZ2 G300.98+14.38,cluster,PSZ2_Planck2016,0.152,416441700000000.0,56219629500000.0,52055212500000.0,4164417000000.0,715.7339416106533,512275.0751735221,946214.3975119698,270480.0706569721,0.2858549514446069,946214.3975119698
PSZ2 G301.11+60.05,cluster,PSZ2_Planck2016,0.1797,441723300000000.06,59632645500000.01,55215412500000.01,4417233000000.001,730.0488170149425,532971.275224917,974512.9183870202,276497.230193967,0.2837286453335226,974512.9183870202
PSZ2 G302.41+21.60,cluster,PSZ2_Planck2016,0.0114,132472200000000.0,17883747000000.0,16559025000000.0,1324722000000.0,487.0968417269085,237263.33322032896,533672.4959552718,160347.12574802898,0.3004597894088737,533672.4959552718
PSZ2 G302.49+21.53,cluster,PSZ2_Planck2016,0.0114,126552500000000.0,17084587500000.0,15819062500000.0,1265525000000.0,479.67199441934287,230085.22223023008,521612.2846678042,156606.11985148006,0.300234723097476,521612.2846678042
PSZ2 G302.85-88.63,cluster,PSZ2_Planck2016,0.1125,310401500000000.0,41904202500000.0,38800187500000.0,3104015000000.0,648.4370161489071,420470.563912098,816910.2630651755,240244.779379848,0.2940895594559087,816910.2630651755
PSZ2 G303.03-68.49,cluster,PSZ2_Planck2016,0.1873,321419400000000.0,43391619000000.0,40177425000000.0,3214194000000.0,656.0812389024516,430442.5920397757,831282.2161697517,243819.57788267572,0.2933054179916278,831282.2161697517
PSZ2 G303.54+36.49,cluster,PSZ2_Planck2016,0.221153,420875900000000.0,56818246500000.0,52609487500000.0,4208759000000.0,718.285602793989,515934.2071811242,951238.6231910682,271564.61080927425,0.2854852654092948,951238.6231910682
PSZ2 G303.56+47.54,cluster,PSZ2_Planck2016,0.0462,170244400000000.0,22982994000000.0,21280550000000.0,1702444000000.0,529.9341054438376,280830.1561125604,604990.9305875506,181982.5972179604,0.3008021906067647,604990.9305875506
PSZ2 G303.75+33.70,cluster,PSZ2_Planck2016,0.0544,286949800000000.0,38738223000000.0,35868725000000.0,2869498000000.0,631.5448374172935,398848.8816684357,785444.331545995,232239.65836773565,0.2956793359379357,785444.331545995
PSZ2 G304.44+32.48,cluster,PSZ2_Planck2016,0.0554,345285500000000.0,46613542500000.0,43160687500000.0,3452855000000.0,672.0619699173582,451667.29140920006,861591.9190845259,251187.1064709501,0.2915383732217985,861591.9190845259
PSZ2 G304.65-31.66,cluster,PSZ2_Planck2016,0.1934,470983900000000.0,63582826499999.99,58872987499999.99,4709838999999.999,745.9529482341673,556445.8009792462,1006272.2061703524,282982.4224853962,0.2812185616875619,1006272.2061703524
PSZ2 G304.84-41.40,cluster,PSZ2_Planck2016,0.41,764560900000000.0,103215721500000.0,95570112500000.0,7645609000000.0,877.8248245637061,770576.4226203014,1282089.9288952115,326655.9260209514,0.2547839419520546,1282089.9288952115
PSZ2 G304.84+69.84,cluster,PSZ2_Planck2016,0.346,481795200000000.0,65042352000000.0,60224400000000.0,4817952000000.0,751.6630253525248,564997.3036821103,1017756.022731106,285256.6519653103,0.2802799940204096,1017756.022731106
PSZ2 G304.91+45.43,cluster,PSZ2_Planck2016,0.0473,368871800000000.0,49797693000000.0,46108975000000.0,3688718000000.0,687.1500001744934,472175.1227398063,890533.3210696094,258000.22491610624,0.2897142855993587,890533.3210696094
PSZ2 G305.88-44.56,cluster,PSZ2_Planck2016,0.3,568892500000000.0,76800487500000.0,71111562500000.0,5688925000000.0,794.8250536846141,631746.8659647497,1105929.7749861518,301435.64927599975,0.2725631012871267,1105929.7749861518
PSZ2 G306.02+34.47,cluster,PSZ2_Planck2016,0.2212,499637500000000.0,67451062499999.99,62454687499999.99,4996374999999.999,760.9033339966124,578973.8836871603,1036429.9631358954,288873.6089809104,0.2787198549401969,1036429.9631358954
PSZ2 G306.22-53.56,cluster,PSZ2_Planck2016,0.597129,517057400000000.0,69802749000000.0,64632175000000.0,5170574000000.0,769.7158342559073,592462.4655042674,1054342.773264662,292247.8223301674,0.2771848299630798,1054342.773264662
PSZ2 G306.50+38.50,cluster,PSZ2_Planck2016,0.1288,427573000000000.0,57722355000000.0,53446625000000.0,4275730000000.0,722.1058274264656,521436.8260032605,958776.9466678269,273178.7493837605,0.284924194655678,958776.9466678269
PSZ2 G306.66+61.06,cluster,PSZ2_Planck2016,0.0845,444686500000000.0,60032677500000.0,55585812500000.0,4446865000000.0,731.6906807516423,535371.2522988017,977776.1037628076,277176.7096390517,0.2834766656419435,977776.1037628076
PSZ2 G306.77+58.61,cluster,PSZ2_Planck2016,0.0845,507418300000000.0,68501470499999.99,63427287499999.99,5074182999999.999,764.8643452092375,585017.4665723556,1044468.8917885292,290399.49209890567,0.2780355589161022,1044468.8917885292
PSZ2 G307.56-10.74,cluster,PSZ2_Planck2016,0.25,774547900000000.0,104563966500000.0,96818487500000.0,7745479000000.0,881.6609798636632,777326.0834141547,1290436.3467565638,327606.9198943048,0.2538729792583149,1290436.3467565638
PSZ2 G307.72-77.87,cluster,PSZ2_Planck2016,0.453,603563500000000.0,81481072500000.0,75445437500000.0,6035635000000.0,810.7824050624507,657368.1083588519,1139131.6818686542,306926.16364360193,0.2694387036449677,1139131.6818686542
PSZ2 G308.33-20.21,cluster,PSZ2_Planck2016,0.48,1031870000000000.0,139302450000000.0,128983750000000.0,10318700000000.0,970.8662262250258,942581.229224423,1489446.607917003,343455.322019423,0.2305925705519223,1489446.607917003
PSZ2 G308.44+24.24,cluster,PSZ2_Planck2016,0.2553,628608200000000.0,84862107000000.0,78576025000000.0,6286082000000.0,821.9342770483602,675575.9557870105,1162525.4455674367,310592.51979071053,0.2671705131057223,1162525.4455674367
PSZ2 G308.64+60.26,cluster,PSZ2_Planck2016,0.0847,222231900000000.0,30001306500000.0,27778987500000.0,2222319000000.0,579.573270945569,335905.17639454594,691218.9664087972,206872.557268696,0.2992865753431141,691218.9664087972
PSZ2 G308.85-50.61,cluster,PSZ2_Planck2016,0.1599,303033700000000.0,40909549500000.0,37879212500000.0,3030337000000.0,643.2241623293444,413737.3230042868,807156.8018268436,237789.4415597368,0.2946012980644483,807156.8018268436
PSZ2 G309.39+13.26,cluster,PSZ2_Planck2016,0.28,571088300000000.0,77096920500000.0,71386037500000.0,5710883000000.0,795.8545331908667,633384.4380004524,1108062.0423637002,301798.2926220024,0.2723658794215268,1108062.0423637002
PSZ2 G309.43-72.86,cluster,PSZ2_Planck2016,0.35,582064600000000.0,78578721000000.0,72758075000000.0,5820646000000.0,800.9616396225822,641539.5481468952,1118659.822081772,303580.32699799526,0.2713785916017319,1118659.822081772
PSZ2 G309.49+37.31,cluster,PSZ2_Planck2016,0.2439,671654600000000.0,90673371000000.0,83956825000000.0,6716546000000.0,840.4317518752631,706325.5295601238,1201670.6206450593,316348.42822622386,0.2632571877778016,1201670.6206450593
PSZ2 G311.62-42.31,cluster,PSZ2_Planck2016,0.0984,195087800000000.0,26336853000000.0,24385975000000.0,1950878000000.0,554.7517941030006,307749.55306049803,647630.8111630449,194477.38199279804,0.3002905029233348,647630.8111630449
PSZ2 G311.91-78.80,cluster,PSZ2_Planck2016,0.219345,364676700000000.0,49231354500000.0,45584587500000.0,3646767000000.0,684.5142467427877,468559.753993846,885454.9184941048,256820.62142479603,0.290043700769737,885454.9184941048
PSZ2 G311.98+30.71,cluster,PSZ2_Planck2016,0.048,478614200000000.0,64612917000000.0,59826775000000.0,4786142000000.0,749.9918651369902,562487.7977716613,1014390.6473577486,284594.1030463613,0.2805567103636677,1014390.6473577486
PSZ2 G312.62+35.05,cluster,PSZ2_Planck2016,0.0458,288830800000000.0,38992158000000.0,36103850000000.0,2888308000000.0,632.9328185898402,400603.9528480795,788014.4805944486,232902.5805058795,0.2955562191321491,788014.4805944486
PSZ2 G312.63-66.40,cluster,PSZ2_Planck2016,0.1448,354288800000000.0,47828988000000.0,44286100000000.0,3542888000000.0,677.8997789886209,459548.1103528211,872752.6140634803,253840.41586362117,0.2908503644369009,872752.6140634803
PSZ2 G312.94+55.38,cluster,PSZ2_Planck2016,0.1892,383298900000000.0,51745351500000.0,47912362500000.0,3832989000000.0,696.0653618034972,484506.9879026335,907781.3018488596,261955.40563628348,0.2885666460663645,907781.3018488596
PSZ2 G313.00-30.01,cluster,PSZ2_Planck2016,0.138,375478200000000.0,50689557000000.0,46934775000000.0,3754782000000.0,691.2606994095897,477841.3545482352,898472.5439533908,259830.6388469352,0.2891915179774422,898472.5439533908
PSZ2 G313.33+61.13,cluster,PSZ2_Planck2016,0.1832,876898100000000.0,118381243500000.0,109612262500000.0,8768981000000.0,919.2048463743145,844937.5495980268,1373052.0824116254,335791.6594288768,0.2445585740921736,1373052.0824116254
PSZ2 G313.33+30.29,cluster,PSZ2_Planck2016,0.049,244300000000000.0,32980500000000.0,30537500000000.0,2443000000000.0,598.3064475549766,357970.60518585594,724726.5638788755,216124.77273585595,0.298215607799878,724726.5638788755
PSZ2 G313.55+41.93,cluster,PSZ2_Planck2016,0.1926,404334400000000.0,54585144000000.0,50541800000000.0,4043344000000.0,708.6736262856473,502218.3085928493,932358.195226512,267453.0627632493,0.2868565580616502,932358.195226512
PSZ2 G313.84+19.21,cluster,PSZ2_Planck2016,0.2825,669441900000000.0,90374656500000.0,83680237500000.0,6694419000000.0,839.5004426888864,704760.9932748363,1199689.594907875,316068.6331339863,0.263458676707334,1199689.594907875
PSZ2 G313.88-17.11,cluster,PSZ2_Planck2016,0.153,802507100000000.0,108338458500000.0,100313387500000.0,8025071000000.0,892.2287697954004,796072.1776506135,1313520.60023528,330119.3014879635,0.2513240381832092,1313520.60023528
PSZ2 G314.26-55.35,cluster,PSZ2_Planck2016,0.0989,226112700000000.0,30525214500000.0,28264087500000.0,2261127000000.0,582.9543981963456,339835.8303764634,697228.1684513622,208549.93533341345,0.2991128941285189,697228.1684513622
PSZ2 G314.46+13.54,cluster,PSZ2_Planck2016,0.074,528500800000000.06,71347608000000.02,66062600000000.01,5285008000000.001,775.3981065188525,601242.2235930217,1065946.1642020138,294383.2963458217,0.2761708857653259,1065946.1642020138
PSZ2 G314.96+10.06,cluster,PSZ2_Planck2016,0.0966,683131200000000.0,92222712000000.0,85391400000000.0,6831312000000.0,845.2297654758393,714413.3564463422,1211893.6420879848,317772.6944055422,0.2622117018932851,1211893.6420879848
PSZ2 G315.36+38.54,cluster,PSZ2_Planck2016,0.1264,388366200000000.0,52429437000000.0,48545775000000.0,3883662000000.0,699.143810325011,488802.067515775,913762.1389934166,263308.301922475,0.2881584721955437,913762.1389934166
PSZ2 G315.56-37.04,cluster,PSZ2_Planck2016,0.233,569232600000000.0,76846401000000.0,71154075000000.0,5692326000000.0,794.9846787436139,632000.639437087,1106260.3036172,301491.953376187,0.2725325607276897,1106260.3036172
PSZ2 G315.68-18.04,cluster,PSZ2_Planck2016,0.105,642409200000000.0,86725242000000.0,80301150000000.0,6424092000000.0,827.9538819158764,685507.630579569,1175217.6967238295,312511.03726176906,0.2659175726616101,1175217.6967238295
PSZ2 G316.31+28.53,cluster,PSZ2_Planck2016,0.0391,462769100000000.06,62473828500000.01,57846137500000.01,4627691000000.001,741.5557735151918,549904.9652337146,997458.011462663,281211.2762380646,0.2819279338141753,997458.011462663
PSZ2 G317.52+59.94,cluster,PSZ2_Planck2016,0.315551,508468400000000.0,68643234000000.0,63558550000000.0,5084684000000.0,765.3958290615382,585830.7751447994,1045549.0951588242,290603.0900341994,0.2779430362283038,1045549.0951588242
PSZ2 G317.58-17.82,cluster,PSZ2_Planck2016,0.069,205916600000000.0,27798741000000.0,25739575000000.0,2059166000000.0,564.9131633796601,319126.8821596145,665362.2023280737,199567.27699271456,0.2999378027402777,665362.2023280737
PSZ2 G318.05-58.88,cluster,PSZ2_Planck2016,0.53,502899100000000.06,67891378500000.01,62862387500000.01,5028991000000.001,762.5686842230823,581510.998157723,1039807.3328416212,289516.968367073,0.2784332820349238,1039807.3328416212
PSZ2 G318.14-29.57,cluster,PSZ2_Planck2016,0.217,588711700000000.0,79476079500000.0,73588962500000.0,5887117000000.0,804.0234105747029,646453.6447521773,1125029.1623372922,304634.97443062736,0.2707796247678916,1125029.1623372922
PSZ2 G318.25+73.24,cluster,PSZ2_Planck2016,0.4255,612601800000000.0,82701243000000.0,76575225000000.0,6126018000000.0,814.8417940629979,663967.1493518051,1147629.1764368536,308277.3733331051,0.2686210665105616,1147629.1764368536
PSZ2 G318.62+58.55,cluster,PSZ2_Planck2016,0.219595,441854800000000.06,59650398000000.01,55231850000000.01,4418548000000.001,730.121833967791,533077.8924364905,974657.962708673,276527.4956782905,0.2837174744971996,974657.962708673
PSZ2 G319.19-48.59,cluster,PSZ2_Planck2016,0.5298,554691000000000.0,74883284999999.98,69336374999999.99,5546909999999.999,788.1022623174725,621105.1758699183,1092038.6421725624,299039.6554134184,0.273836148159091,1092038.6421725624
PSZ2 G319.27-19.57,cluster,PSZ2_Planck2016,0.26,459709900000000.0,62060836500000.0,57463737500000.0,4597099000000.0,739.9050199858865,547459.4386003151,994155.6266964368,280541.98689746513,0.2821912177167891,994155.6266964368
PSZ2 G319.41-27.54,cluster,PSZ2_Planck2016,0.0726,224976600000000.0,30371841000000.0,28122075000000.0,2249766000000.0,581.9685924560002,338687.4426052181,695474.3562378642,208061.1916483181,0.2991644332852405,695474.3562378642
PSZ2 G321.98-47.96,cluster,PSZ2_Planck2016,0.094,402315200000000.0,54312551999999.99,50289399999999.99,4023152000000.0,707.4825333673308,500531.5350198564,930027.2360630007,266938.6801230564,0.2870224330774048,930027.2360630007
PSZ2 G322.63-49.15,cluster,PSZ2_Planck2016,0.2112,465139900000000.0,62793886499999.99,58142487499999.99,4651398999999.999,742.8300875204455,551796.5389256328,1000009.7726542688,281726.3124777829,0.2817235592908385,1000009.7726542688
PSZ2 G322.77+59.52,cluster,PSZ2_Planck2016,0.0852,322614400000000.0,43552944000000.0,40326800000000.0,3226144000000.0,656.8998119155957,431517.362894745,832826.0878850025,244200.50604514504,0.293219088111544,832826.0878850025
PSZ2 G323.08-63.98,cluster,PSZ2_Planck2016,0.3196,456930500000000.0,61685617500000.0,57116312500000.0,4569305000000.0,738.398911523315,545232.9525388163,991145.744460153,279929.2802330663,0.2824299875146366,991145.744460153
PSZ2 G323.30+63.66,cluster,PSZ2_Planck2016,0.259,642476600000000.0,86734341000000.0,80309575000000.0,6424766000000.0,827.9830681755246,685555.9611853554,1175279.3455881726,312520.2339784554,0.2659114491815166,1175279.3455881726
PSZ2 G323.39+81.61,cluster,PSZ2_Planck2016,0.0643,185924100000000.0,25099753500000.0,23240512500000.0,1859241000000.0,545.8561266990553,297958.9110548951,632237.5566332339,190007.38122674508,0.3005316264958456,632237.5566332339
PSZ2 G324.04+48.79,cluster,PSZ2_Planck2016,0.4516,1102943300000000.0,148897345499999.97,137867912499999.98,11029432999999.998,992.84000674195,985731.2789873552,1539887.6645490597,345338.68572640547,0.2242622586547794,1539887.6645490597
PSZ2 G324.54-44.97,cluster,PSZ2_Planck2016,0.0951,300328400000000.0,40544334000000.0,37541050000000.0,3003284000000.0,641.2889981198884,411251.5791096103,803545.8228551381,236874.4530090103,0.294786490417378,803545.8228551381
PSZ2 G324.59-11.52,cluster,PSZ2_Planck2016,0.0508,793941500000000.0,107182102500000.0,99242687500000.0,7939415000000.0,889.0175516870961,790352.2072077186,1306491.8302549326,329372.7025654686,0.252104678298064,1306491.8302549326
PSZ2 G324.69+62.17,cluster,PSZ2_Planck2016,0.359299,560799800000000.0,75707973000000.0,70099975000000.0,5607998000000.0,791.0079268920806,625693.5404061071,1098035.4756202442,300081.1193304071,0.273289093105941,1098035.4756202442
PSZ2 G324.99-49.26,cluster,PSZ2_Planck2016,0.58,599372500000000.0,80915287500000.0,74921562500000.0,5993725000000.0,808.8863882261475,654297.1890575418,1135169.863990266,306288.62904879183,0.2698174420981794,1135169.863990266
PSZ2 G325.17-07.05,cluster,PSZ2_Planck2016,0.0157,239610600000000.0,32347431000000.0,29951325000000.0,2396106000000.0,594.4227506192198,353338.4064537192,717737.2063226581,214215.34046581917,0.2984592948209498,717737.2063226581
PSZ2 G325.70+17.34,cluster,PSZ2_Planck2016,0.3155,756998600000000.0,102194811000000.0,94624825000000.0,7569986000000.0,874.8978387735109,765446.2282905603,1275733.5727618083,325916.5656606604,0.2554738486305495,1275733.5727618083
PSZ2 G325.99-59.48,cluster,PSZ2_Planck2016,0.402,561511100000000.0,75803998500000.0,70188887500000.0,5615111000000.0,791.3448899427053,626226.7348384324,1098731.6109716897,300201.3176897824,0.273225339739058,1098731.6109716897
PSZ2 G326.01+17.21,cluster,PSZ2_Planck2016,0.062,212005700000000.0,28620769500000.0,26500712500000.0,2120057000000.0,570.4717865791143,325438.0592827666,675128.1480818528,202342.99174021665,0.2997104954298016,675128.1480818528
PSZ2 G326.71+50.30,cluster,PSZ2_Planck2016,0.2021,404249300000000.06,54573655500000.01,50531162500000.01,4042493000000.001,708.6235070123508,502147.2746904832,932260.0736497844,267431.4397505332,0.2868635558997428,932260.0736497844
PSZ2 G327.29+09.99,cluster,PSZ2_Planck2016,0.058,296843300000000.0,40073845500000.0,37105412500000.0,2968433000000.0,638.7788885491876,408038.4684561355,798869.9258911009,235684.8663451855,0.2950228300086405,798869.9258911009
PSZ2 G327.53+25.88,cluster,PSZ2_Planck2016,0.3038,551612300000000.06,74467660500000.02,68951537500000.01,5516123000000.001,786.6298138321524,618786.4640096067,1089003.8557180976,298508.5029651567,0.2741115207239719,1089003.8557180976
PSZ2 G328.24+18.21,cluster,PSZ2_Planck2016,0.115,350250400000000.0,47283804000000.0,43781300000000.0,3502504000000.0,675.2935802758193,456021.4195617344,867764.274777736,252658.50693813444,0.2911603004201214,867764.274777736
PSZ2 G328.31-09.71,cluster,PSZ2_Planck2016,0.148,621470500000000.0,83898517500000.0,77683812500000.0,6214705000000.0,818.7865353555178,670411.3904794926,1155906.4996668112,309572.25656374265,0.2678177314972937,1155906.4996668112
PSZ2 G328.58-25.25,cluster,PSZ2_Planck2016,0.1797,382389700000000.0,51622609500000.0,47798712500000.0,3823897000000.0,695.5101566557784,483734.3780113453,906704.016231232,261710.69681279536,0.2886396135098321,906704.016231232
PSZ2 G329.36-09.90,cluster,PSZ2_Planck2016,0.048,366918100000000.0,49533943500000.0,45864762500000.0,3669181000000.0,685.9249933869125,470493.096552836,888171.8708387029,257452.558953686,0.2898679494438085,888171.8708387029
PSZ2 G329.53-54.73,cluster,PSZ2_Planck2016,0.1528,320947000000000.0,43327845000000.0,40118375000000.0,3209470000000.0,655.7570883734544,430017.3589520305,830671.1109983847,243668.6303915305,0.293339478363061,830671.1109983847
PSZ2 G329.57-17.96,cluster,PSZ2_Planck2016,0.133,341947200000000.0,46162872000000.0,42743400000000.0,3419472000000.0,669.8717137679034,448728.112906348,857416.7681108924,250186.216721548,0.2917906740648097,857416.7681108924
PSZ2 G330.53-40.56,cluster,PSZ2_Planck2016,0.217,370171700000000.0,49973179500000.0,46271462500000.0,3701717000000.0,687.9626770508444,473292.6450149644,892101.0557284121,258362.9973034144,0.2896118053491794,892101.0557284121
PSZ2 G331.10+40.81,cluster,PSZ2_Planck2016,0.2992,598776000000000.0,80834760000000.0,74847000000000.0,5987760000000.0,808.6158155171358,653859.5371044427,1134604.8586065748,306197.3178204427,0.2698713261253686,1134604.8586065748
PSZ2 G331.12+62.31,cluster,PSZ2_Planck2016,0.0765,245558900000000.0,33150451500000.0,30694862500000.0,2455588999999.9995,599.340611061537,359209.1680676165,726591.4552496416,216632.3912112665,0.2981488285419434,726591.4552496416
PSZ2 G331.96-45.74,cluster,PSZ2_Planck2016,0.075,208443800000000.0,28139913000000.0,26055475000000.0,2084438000000.0,567.2332704453029,321753.5831000741,669432.7229496362,200726.6312783741,0.2998458611254286,669432.7229496362
PSZ2 G332.23-46.37,cluster,PSZ2_Planck2016,0.098,577086800000000.0,77906718000000.0,72135850000000.0,5770868000000.0,798.6535405745913,637847.4778723303,1113866.1777150943,302778.4744261304,0.2718266165934122,1113866.1777150943
PSZ2 G332.29-23.57,cluster,PSZ2_Planck2016,0.0146,78507600000000.0,10598526000000.0,9813450000000.0,785076000000.0,408.57494378460126,166933.48468859008,410835.8154963022,121350.28421519008,0.295374160766863,410835.8154963022
PSZ2 G332.36+62.19,cluster,PSZ2_Planck2016,0.376445,594771900000000.0,80294206500000.0,74346487500000.0,5947719000000.0,806.7949044080796,650918.0177788422,1130804.863403006,305580.6650429923,0.270232888920718,1130804.863403006
PSZ2 G332.87-19.26,cluster,PSZ2_Planck2016,0.147,591764800000000.0,79888248000000.0,73970600000000.0,5917648000000.0,805.4220316851779,648704.6491238797,1127942.6297724105,305113.28330067976,0.2705042572619529,1127942.6297724105
PSZ2 G333.59+73.19,cluster,PSZ2_Planck2016,0.204,409510200000000.0,55283877000000.0,51188775000000.0,4095102000000.0,711.7088154749634,506529.4380247756,938306.6804570912,268759.0114354756,0.2864298177058177,938306.6804570912
PSZ2 G333.89-43.60,cluster,PSZ2_Planck2016,0.318,665894300000000.0,89895730500000.0,83236787500000.0,6658943000000.0,838.003008895379,702249.0429177087,1196506.5910362303,315616.4956102588,0.2637816606901598,1196506.5910362303
PSZ2 G335.58-46.44,cluster,PSZ2_Planck2016,0.076,418641100000000.0,56516548499999.99,52330137499999.99,4186411000000.0,717.0018297942698,514091.6239283311,948709.7808832012,271019.6004846811,0.285671768064176,948709.7808832012
PSZ2 G336.01-51.27,cluster,PSZ2_Planck2016,0.0791,203793300000000.03,27512095500000.004,25474162500000.004,2037933000000.0,562.9491984330608,316911.80001642567,661922.8866653166,198585.02848047565,0.3000123314679777,661922.8866653166
PSZ2 G336.60-55.43,cluster,PSZ2_Planck2016,0.0965,427962700000000.0,57774964499999.99,53495337499999.99,4279627000000.0,722.3268969586765,521756.1460699504,959213.772987418,273271.8012519005,0.2848914485462512,959213.772987418
PSZ2 G336.95-45.75,cluster,PSZ2_Planck2016,0.076,247355000000000.0,33392925000000.0,30919375000000.0,2473550000000.0,600.8099980167307,360972.6537168639,729243.8804766384,217353.0225843639,0.2980525835092378,729243.8804766384
PSZ2 G337.12-66.02,cluster,PSZ2_Planck2016,0.547261,712064400000000.0,96128694000000.0,89008050000000.0,7120644000000.0,857.0928535866125,734608.1596692423,1237291.653786523,321168.2596446424,0.2595736087459742,1237291.653786523
PSZ2 G337.14-25.98,cluster,PSZ2_Planck2016,0.26,658491500000000.0,88896352500000.0,82311437500000.0,6584915000000.0,834.8611587334219,696993.1543617119,1189837.1735569222,314658.83189446194,0.2644553716151049,1189837.1735569222
PSZ2 G339.47+63.56,cluster,PSZ2_Planck2016,0.0788,250624600000000.0,33834321000000.0,31328075000000.0,2506246000000.0,603.4667694593898,364172.1418417523,734047.7216235088,218654.11065285228,0.2978745171625223,734047.7216235088
PSZ2 G339.63-69.34,cluster,PSZ2_Planck2016,0.596,886194000000000.0,119636190000000.0,110774250000000.0,8861940000000.0,922.4675051785076,850946.2981102602,1380310.683029825,336403.0085392602,0.2437154277476466,1380310.683029825
PSZ2 G340.36+60.58,cluster,PSZ2_Planck2016,0.2528,975027400000000.0,131628698999999.98,121878424999999.98,9750273999999.998,952.5571685584704,907365.1593721304,1447840.9531030268,341243.2878430304,0.235691142118666,1447840.9531030268
PSZ2 G340.46-52.20,cluster,PSZ2_Planck2016,0.102,253566300000000.0,34231450500000.0,31695787500000.0,2535663000000.0,605.8375022879759,367039.0791785332,738343.0876300199,219813.03372308324,0.2977112366943841,738343.0876300199
PSZ2 G340.88-33.36,cluster,PSZ2_Planck2016,0.0556,703585400000000.0,94984029000000.0,87948175000000.0,7035854000000.0,853.6500089537963,728718.3377868164,1229902.9864156025,320201.52746071643,0.2603469793938004,1229902.9864156025
PSZ2 G340.94+35.07,cluster,PSZ2_Planck2016,0.2357,779569500000000.0,105241882500000.0,97446187500000.0,7795695000000.0,883.577451008904,780709.1119313921,1294612.709566506,328074.2994871421,0.2534150152109938,1294612.709566506
PSZ2 G341.16+34.81,cluster,PSZ2_Planck2016,0.39,742101700000000.0,100183729500000.0,92762712500000.0,7421017000000.0,869.0747043738033,755290.8417824137,1263118.685703383,324410.63957586366,0.2568330618869846,1263118.685703383
PSZ2 G341.19-36.12,cluster,PSZ2_Planck2016,0.284,574435200000000.0,77548752000000.0,71804400000000.0,5744352000000.0,797.4186506141396,635876.5043472751,1111304.2337468404,302347.07687047514,0.27206508145037,1111304.2337468404
PSZ2 G341.44-40.19,cluster,PSZ2_Planck2016,0.25,476580500000000.0,64338367500000.0,59572562500000.0,4765805000000.0,748.9195786835247,560880.5353355082,1012233.2078299264,284167.6505547582,0.2807333807630854,1012233.2078299264
PSZ2 G341.69+50.67,cluster,PSZ2_Planck2016,0.33,546379300000000.0,73761205500000.0,68297412500000.0,5463793000000.0,784.1144581999499,614835.483558201,1083826.000438339,297595.914823251,0.2745790511603267,1083826.000438339
PSZ2 G342.33-34.93,cluster,PSZ2_Planck2016,0.232,667799500000000.0,90152932500000.0,83474937500000.0,6677995000000.0,838.807846123751,703598.6027187663,1198217.0397872962,315859.85532951634,0.2636082152408605,1198217.0397872962
PSZ2 G342.51-50.97,cluster,PSZ2_Planck2016,0.1065,236889800000000.03,31980123000000.004,29611225000000.004,2368898000000.0005,592.1462393314328,350637.1687543584,713650.5868234561,213093.8577436584,0.2985969067750152,713650.5868234561
PSZ2 G342.62-39.60,cluster,PSZ2_Planck2016,0.139,300948700000000.0,40628074500000.0,37618587500000.0,3009487000000.0,641.7337326825844,411822.1836627228,804375.2188919832,237084.8980456728,0.2947441597868396,804375.2188919832
PSZ2 G342.82-30.48,cluster,PSZ2_Planck2016,0.06,324458200000000.0,43801857000000.0,40557275000000.0,3244582000000.0,658.158871414231,433173.10002125433,835202.5735287563,244785.69324995435,0.2930854154528372,835202.5735287563
PSZ2 G343.33+83.19,cluster,PSZ2_Planck2016,0.279734,581087000000000.0,78446745000000.0,72635875000000.0,5810870000000.0,800.5093846778882,640815.2749573712,1117720.0110928137,303423.6693868712,0.2714666163042109,1117720.0110928137
PSZ2 G344.99-81.88,cluster,PSZ2_Planck2016,0.0491,145470600000000.0,19638531000000.0,18183825000000.0,1454706000000.0,502.65947740728177,252666.5502273616,559242.3624370939,168203.1922494616,0.300769761998103,559242.3624370939
PSZ2 G345.32-59.97,cluster,PSZ2_Planck2016,0.27,509277900000000.0,68752516500000.0,63659737500000.0,5092779000000.0,765.8050415195954,586457.3616168293,1046381.0400709788,290759.6634019793,0.2778716856167962,1046381.0400709788
PSZ2 G345.38-39.32,cluster,PSZ2_Planck2016,0.044831,180794800000000.0,24407298000000.0,22599350000000.0,1807948000000.0,540.7491834273103,292409.6793773029,623455.4334595012,187436.3314091029,0.3006411065648022,623455.4334595012
PSZ2 G345.82-34.29,cluster,PSZ2_Planck2016,0.0505,184041900000000.0,24845656500000.0,23005237500000.0,1840419000000.0,543.9931261319875,295928.5212788525,629029.1920327322,189069.83723800248,0.3005740268222147,629029.1920327322
PSZ2 G346.30-30.35,cluster,PSZ2_Planck2016,0.1069,294926000000000.0,39815010000000.0,36865750000000.0,2949260000000.0,637.3896197244698,406265.52733250416,796285.8106624905,235025.15082350417,0.2951517503846627,796285.8106624905
PSZ2 G346.36-77.71,cluster,PSZ2_Planck2016,0.120083,246446500000000.0,33270277500000.0,30805812500000.0,2464465000000.0,600.0676441104803,360081.17750830203,727903.443616699,216989.04100855204,0.2981014074207548,727903.443616699
PSZ2 G346.61+35.06,cluster,PSZ2_Planck2016,0.2226,886077700000000.0,119620489500000.0,110759712500000.0,8860777000000.0,922.426827122803,850871.2513958416,1380220.1072644796,336395.4881052916,0.2437259726436017,1380220.1072644796
PSZ2 G346.86-45.38,cluster,PSZ2_Planck2016,0.0796,202742800000000.0,27370278000000.0,25342850000000.0,2027428000000.0,561.9725025211234,315813.093589854,660214.664669555,198096.26493965404,0.300048265421071,660214.664669555
PSZ2 G347.17-27.36,cluster,PSZ2_Planck2016,0.2371,718560500000000.0,97005667500000.0,89820062500000.0,7185605000000.0,859.7121812255308,739105.0345475599,1242922.6907738617,321893.35919680994,0.2589809982440617,1242922.6907738617
PSZ2 G347.27-52.46,cluster,PSZ2_Planck2016,0.24,342241800000000.0,46202643000000.0,42780225000000.0,3422418000000.0,670.0655702948235,448987.8684945271,857786.0365218619,250274.92121582708,0.2917684720430261,857786.0365218619
PSZ2 G347.58-35.35,cluster,PSZ2_Planck2016,0.22,432642100000000.0,58406683500000.0,54080262500000.0,4326421000000.0,724.9710551162223,525583.0307563286,964443.600223571,274381.7256911786,0.284497430049381,964443.600223571
PSZ2 G348.43-25.50,cluster,PSZ2_Planck2016,0.25,581298700000000.0,78475324500000.0,72662337500000.0,5812987000000.0,800.607363650587,640972.1507315432,1117923.594875421,303457.62758949323,0.271447555969431,1117923.594875421
PSZ2 G348.46-64.83,cluster,PSZ2_Planck2016,0.0564,146435000000000.0,19768725000000.0,18304375000000.0,1464350000000.0,503.7767051099935,253790.9686114813,561093.0539344241,168767.65925898135,0.3007837257573777,561093.0539344241
PSZ2 G348.90-67.37,cluster,PSZ2_Planck2016,0.358,719383100000000.0,97116718500000.0,89922887500000.0,7193831000000.0,860.0427430783354,739673.5199217077,1243633.9292546285,321984.2253250577,0.2589059511411359,1243633.9292546285
PSZ2 G349.12+67.62,cluster,PSZ2_Planck2016,0.246965,425703200000000.0,57469932000000.0,53212900000000.0,4257032000000.0,721.0432597113404,519903.38237515546,956678.2578488264,272730.9518363555,0.2850811645386554,956678.2578488264
PSZ2 G349.46-59.95,cluster,PSZ2_Planck2016,0.3475,1135923000000000.0,153349605000000.0,141990375000000.0,11359230000000.0,1002.7175729812328,1005442.531165374,1562740.592503108,345901.21502087393,0.2213426954417491,1562740.592503108
PSZ2 G350.12+45.29,cluster,PSZ2_Planck2016,0.22,531484000000000.0,71750340000000.0,66435500000000.0,5314840000000.0,776.8659800423084,603520.7509470963,1068950.3751906082,294929.71364109626,0.2759058984272364,1068950.3751906082
PSZ2 G351.76-54.71,cluster,PSZ2_Planck2016,0.61,628881800000000.0,84899043000000.0,78610225000000.0,6288818000000.0,822.0544618842556,675773.5383038131,1162778.411055314,310631.2442651131,0.2671456928609385,1162778.411055314
PSZ2 G352.05-24.01,cluster,PSZ2_Planck2016,0.798,657803800000000.0,88803513000000.0,82225475000000.0,6578038000000.0,834.5681011073674,696503.915385957,1189215.704052482,314568.886324257,0.2645179383793056,1189215.704052482
PSZ2 G352.28-77.66,cluster,PSZ2_Planck2016,0.1147,400165700000000.0,54022369500000.0,50020712500000.0,4001657000000.0,706.2102086271349,498732.85876918136,927539.4219024348,266388.04978663137,0.2871986284316139,927539.4219024348
PSZ2 G355.07+46.20,cluster,PSZ2_Planck2016,0.2153,666620800000000.0,89993808000000.0,83327600000000.0,6666208000000.0,838.310093422598,702763.812734205,1197159.1158238535,315709.4439070051,0.2637155243058414,1197159.1158238535
PSZ2 G355.07+55.32,cluster,PSZ2_Planck2016,0.219392,428016600000000.06,57782241000000.01,53502075000000.01,4280166000000.001,722.3574628983685,521800.30420496775,959274.175441381,273284.6638880677,0.2848869185520646,959274.175441381
PSZ2 G355.50+54.72,cluster,PSZ2_Planck2016,0.0263,110318699999999.98,14893024499999.998,13789837499999.998,1103186999999.9998,458.04854462866206,209808.46923643543,487009.0305182284,145755.06016438545,0.2992861549390303,487009.0305182284
PSZ2 G356.04-49.50,cluster,PSZ2_Planck2016,0.062,166639200000000.0,22496292000000.0,20829900000000.0,1666392000000.0,526.1366168225085,276819.7395614351,598550.8234265703,180065.43729863514,0.3008356688372769,598550.8234265703
PSZ2 G356.05+70.99,cluster,PSZ2_Planck2016,0.1251,294592200000000.0,39769947000000.0,36824025000000.0,2945922000000.0,637.1471370026997,405956.47419073695,795835.0612287712,234909.90913843695,0.2951741140629511,795835.0612287712
PSZ2 G356.25-76.07,cluster,PSZ2_Planck2016,0.0475,246871900000000.0,33327706500000.0,30858987500000.0,2468719000000.0,600.4154729605265,360498.7401704127,728531.4026577391,217159.60728456272,0.2980785817774602,728531.4026577391
PSZ2 G356.53+28.66,cluster,PSZ2_Planck2016,0.097,295050600000000.0,39831831000000.0,36881325000000.0,2950506000000.0,637.4800863393663,406380.8604792459,796453.9998606759,235068.1385313459,0.2951433963197705,796453.9998606759
PSZ2 G357.43+69.50,cluster,PSZ2_Planck2016,0.209,565635500000000.0,76360792500000.0,70704437500000.0,5656355000000.0,793.2931703021742,629314.0540480743,1102759.4188882017,300893.92158482433,0.2728554537200731,1102759.4188882017
PSZ2 G357.75-41.77,cluster,PSZ2_Planck2016,0.0487,154667800000000.0,20880153000000.0,19333475000000.0,1546678000000.0,513.120974297898,263293.1342644241,576650.1385107317,173489.6842267241,0.3008577864470509,576650.1385107317
PSZ2 G358.21-87.49,cluster,PSZ2_Planck2016,0.1082,364785300000000.0,49246015500000.0,45598162500000.0,3647853000000.0,684.5827325603674,468653.5177198195,885586.7520416274,256851.3296558695,0.2900351987693195,885586.7520416274
PSZ2 G358.34-47.31,cluster,PSZ2_Planck2016,0.2,420662400000000.0,56789424000000.0,52582800000000.0,4206624000000.0,718.1631543088746,515758.3162068724,950997.322598474,271512.6825252724,0.2855030987715086,950997.322598474
PSZ2 G358.94-70.57,cluster,PSZ2_Planck2016,0.0957,252327100000000.0,34064158500000.0,31540887500000.0,2523270999999.9995,604.8410619687146,365832.7102434425,736536.7053160591,219326.17095079247,0.297780367723393,736536.7053160591
PSZ2 G358.98-67.26,cluster,PSZ2_Planck2016,0.1786,522471000000000.0,70533585000000.0,65308875000000.0,5224710000000.0,772.4142793314725,596623.8189151579,1059847.894722978,293265.923188658,0.2767056713032501,1059847.894722978
PSZ2 G359.07-32.12,cluster,PSZ2_Planck2016,0.1496,472108600000000.0,63734660999999.99,59013574999999.99,4721085999999.999,746.5509980378614,557338.392671327,1007472.9685575494,283221.9891764271,0.2811211794415988,1007472.9685575494
