object_type,log_Mbar,M_bar_Msun,closure,log_closure
galaxy,7.694605198933568,49500000.0,0.12539173947547266,-0.9017310729023156
galaxy,8.386498965550652,243500000.0,1.0154414913465897,0.006654904877847978
galaxy,7.658011396657113,45500000.0,0.8495704855634165,-0.07080058357380287
galaxy,8.588831725594208,388000000.0,1.0583158586812682,0.02461530400349446
galaxy,8.461648568063454,289500000.0,1.622024729472576,0.2100574712016535
galaxy,8.47928731647617,301500000.00000006,1.032592988941317,0.01392917196586664
galaxy,9.218010042984364,1652000000.0,0.571802441330206,-0.24275399473883172
galaxy,8.706290957258764,508499999.99999994,1.121789697888426,0.04991144728808792
galaxy,9.002813779224674,1006500000.0,0.6877332050582736,-0.1625800065937884
galaxy,10.462495328858218,29006500000.0,0.8601209016568208,-0.06544049848671449
galaxy,9.509068045017163,3229000000.0,1.3871010886364774,0.14210811257813055
galaxy,8.231724383328517,170500000.0,3.407045481524302,0.5323779311150428
galaxy,11.254998571930873,179886500000.0,0.9051402801276079,-0.043284107906252506
galaxy,9.563540411189448,3660500000.0,0.12896251406750847,-0.8895365090764887
galaxy,9.61820504225927,4151500000.0000005,1.3148163441565968,0.11886509405037116
galaxy,9.139879086401237,1380000000.0,0.06223840866182496,-1.2059415201029349
galaxy,9.563718339965678,3662000000.0,1.9844251229883876,0.2976347166034947
galaxy,8.99056082999402,978499999.9999999,2.1923616137248443,0.34091218936192746
galaxy,9.546048866401735,3516000000.0,0.27496385473875135,-0.5607243924214776
galaxy,9.88218288763027,7624000000.000001,1.3045467673684603,0.11545965296171658
galaxy,9.867349617188793,7368000000.0,1.017721673145421,0.0076290232422119506
galaxy,9.643798000679235,4403500000.0,1.4475790060996383,0.16064227601035685
galaxy,9.836577274840648,6864000000.0,1.1947791233846692,0.07728762548377316
galaxy,9.330718078732588,2141500000.0000002,0.9696466676949267,-0.013386490708050277
galaxy,9.832029647089929,6792500000.0,0.7391539787416629,-0.1312650810205556
galaxy,9.496860487394368,3139500000.0,0.018431622041066874,-1.7344364438103768
galaxy,9.912168896059628,8169000000.000001,0.9772042909319194,-0.010014634694954328
galaxy,9.418135498425233,2619000000.0,0.758803497289136,-0.11987067613620424
galaxy,9.175656747281664,1498500000.0,0.7360212652766929,-0.1331096377563773
galaxy,9.188647295999717,1544000000.0,1.03618846026818,0.015438751365734128
galaxy,11.009453020521882,102200500000.0,0.8777775030771908,-0.05661555406137836
galaxy,8.19728055812562,157500000.0,0.7247301765881408,-0.13982365498796984
galaxy,9.418384164038612,2620500000.0,1.7245956493148304,0.2366872861592895
galaxy,9.588719779600057,3879000000.0,0.48911188637201014,-0.31059178284821726
galaxy,9.557025722386383,3606000000.0,0.7530888278224549,-0.12315379516993345
galaxy,9.733357787925586,5412000000.0,0.7561837718183744,-0.12137264710751654
galaxy,10.802783984095578,63501500000.0,0.6563987370152363,-0.1828322632494156
galaxy,9.379668034033655,2397000000.0000005,1.170627544598019,0.06841873874808117
galaxy,11.254030579043214,179486000000.0,0.4613416098510363,-0.3359773732396925
galaxy,10.867066596988549,73632000000.0,0.6706243070446717,-0.17352070944573253
galaxy,9.968015713993642,9290000000.0,0.7025146709559584,-0.15334460174503653
galaxy,10.651331328128492,44805500000.0,0.6179274284658913,-0.20906252696214114
galaxy,8.607990858547176,405500000.0,2.9092656806460906,0.46378338380114625
galaxy,8.883661435153618,765000000.0,0.8707556224295001,-0.06010371264093082
galaxy,9.914845399797294,8219500000.0,1.019676929137598,0.008462593215066413
galaxy,10.619234244674514,41613500000.0,0.8310358061060481,-0.08038026374986341
galaxy,11.01634585850564,103835500000.00002,1.589064748406409,0.20114159343313046
galaxy,10.638324493314698,43483500000.0,0.9039014147949038,-0.043878933844684935
galaxy,8.918292512755356,828500000.0,1.832951477956822,0.2631509684349272
galaxy,11.275679830102703,188660000000.00003,0.6123070436088186,-0.2130307446752452
galaxy,9.268928822432613,1857500000.0,1.018298584552686,0.007875140093437073
galaxy,10.995205074005485,98901999999.99998,0.7210545821894309,-0.14203185893319256
galaxy,8.758911892397974,574000000.0,1.4631845451240284,0.16529910526032301
galaxy,10.477244287394063,30008500000.0,0.6298204720474837,-0.20078322691199246
galaxy,10.66812488878764,46572000000.0,1.0314998197234422,0.013469156406968606
galaxy,10.618988920364934,41590000000.0,0.4164267503136702,-0.3804613801690261
galaxy,8.292256071356476,196000000.0,1.314758116563746,0.11884586057921341
galaxy,10.172267157184907,14868500000.0,0.6128483835378893,-0.2126469550692573
galaxy,10.576922708171907,37750499999.99999,0.4278286406919175,-0.3687301452481159
galaxy,10.544830492128218,35061500000.0,0.95803899196054,-0.01861681487897994
galaxy,10.10961229030846,12871000000.0,0.9916436118053782,-0.0036443815109897535
galaxy,10.350335256231032,22404500000.0,0.8823879672080058,-0.054340422837579956
galaxy,10.866183923324234,73482499999.99998,0.7128817981757929,-0.14698247387268903
galaxy,9.923787841731059,8390499999.999999,0.9162395468272436,-0.037990967091490024
galaxy,11.114160445279067,130065000000.0,0.9473950490291844,-0.02346888917205155
galaxy,10.057989232628692,11428500000.0,0.6930148262121564,-0.1592574740848024
galaxy,10.628531968204065,42513999999.99999,0.7589446668375865,-0.1197898865065005
galaxy,10.70183555925006,50331000000.0,0.2784752357193626,-0.5552134197671841
galaxy,8.4345689040342,272000000.0,0.5532914244036542,-0.257046060967908
galaxy,10.086751231242056,12211000000.0,0.529336400680178,-0.2762682400140717
galaxy,10.791473096495325,61869000000.0,0.2797342757101237,-0.5532543164680842
galaxy,10.51586060282441,32799000000.0,0.9537163863332707,-0.02058075544569309
galaxy,10.37177878380567,23538500000.0,0.9637405169480037,-0.016039882307955142
galaxy,10.785586064349683,61036000000.0,0.5597834896697178,-0.2519799148214043
galaxy,9.950608224784231,8924999999.999998,0.7159255923968482,-0.1451321124556561
galaxy,9.023869501388333,1056500000.0,1.8773522011142922,0.2735457561863995
galaxy,10.655248916034873,45211500000.0,0.510402617794521,-0.29208710683626765
galaxy,10.049334335972285,11203000000.0,3.2187750588578046e-11,-10.492309372525396
galaxy,10.19031768844491,15499500000.0,0.5339663075058834,-0.2724861454544216
galaxy,10.95731989685534,90640000000.0,1.035904204595051,0.01531959581525385
galaxy,10.823268771026143,66568500000.0,0.9389178440206609,-0.027372407147568105
galaxy,10.945384869510526,88183000000.0,0.5315707542349281,-0.2744389209267857
galaxy,11.258581017115146,181376500000.0,0.314966885897482,-0.5017351034420158
galaxy,9.498930531742003,3154500000.0,0.8116836502649463,-0.09061320193387708
galaxy,11.036379343851587,108737500000.00002,0.7307889436389831,-0.13620803186260713
galaxy,11.064270752974005,115950000000.0,1.4527092674224398,0.16217870707989004
galaxy,10.340414367623977,21898500000.0,0.9026770994815054,-0.04446757525929012
galaxy,11.335347557820738,216445000000.00003,0.4035754839018628,-0.3940752238264215
galaxy,9.912035966401737,8166500000.000001,0.9159514680331684,-0.03812753694762016
galaxy,11.144549301118705,139492000000.0,0.9507614753597541,-0.021928424101661806
galaxy,7.826074802700827,67000000.00000001,3.53108530349456,0.5479082093188277
galaxy,10.588344550130028,38756500000.0,0.5842696965294059,-0.23338663802885165
galaxy,11.134758647145816,136382500000.0,0.5834589346579137,-0.23398970530681695
galaxy,9.642068627341503,4386000000.0,0.912502464065507,-0.03976595412780784
galaxy,10.58358980309096,38334500000.0,1.290365441545006,0.11071272329962492
galaxy,8.444825199509747,278500000.0,0.01828656548008742,-1.7378678545624127
galaxy,10.128431581093247,13440999999.999998,0.9080157495131584,-0.04190661858537101
galaxy,9.370142847051103,2344999999.9999995,0.8383252541844192,-0.07658745071145273
galaxy,9.712439236645189,5157500000.0,1.037267450680581,0.01589075000429358
galaxy,9.294135419126249,1968500000.0,1.4455245865362456,0.16002548286673351
galaxy,8.788875115775417,615000000.0,1.0170341551458444,0.007335538116737221
galaxy,10.010299956639813,10240000000.0,0.7360147840765213,-0.13311346205058786
galaxy,8.672559627763276,470500000.0,1.0509854434966324,0.02159670094463826
galaxy,9.053462604925455,1131000000.0,0.4911027330484311,-0.30882764895829706
galaxy,9.132419798097615,1356500000.0,1.7082771002483192,0.2325583191327296
galaxy,9.41954272470028,2627500000.0,5.351013089265415e-11,-10.271563986684352
galaxy,11.4198574844398,262940500000.0,1.4021243256689755,0.14678652401445993
galaxy,11.383523644665061,241837499999.99997,0.9122460653359591,-0.03988800114124371
galaxy,10.931200981245984,85349500000.0,0.7952287449974542,-0.09950792995864402
galaxy,11.138103666731162,137436999999.99998,1.1499177052343401,0.06066676083928861
galaxy,10.82280858361851,66497999999.99999,0.946450419443218,-0.023902131965594348
galaxy,10.727077436678343,53343000000.0,0.7175769335190321,-0.1441315301178216
galaxy,10.041511112959324,11003000000.0,0.6694026662024132,-0.17431256219830485
galaxy,9.247850566973534,1769500000.0,0.991779632568914,-0.0035848147318990804
galaxy,9.024485667699167,1057999999.9999999,0.051298000714213296,-1.289899560730383
galaxy,9.228143607597742,1690999999.9999998,2.0089790775018366,0.3029754138150408
galaxy,7.585460729508501,38500000.0,0.7285882865559561,-0.13751781514873426
galaxy,9.273232834043046,1876000000.0,0.7316995040688872,-0.13566723932251606
galaxy,9.71121652432109,5143000000.0,0.6350471011680832,-0.19719406208003554
galaxy,11.00939564934689,102187000000.0,0.8823125842173691,-0.05437752648879869
galaxy,9.055187138555754,1135500000.0,0.6984527284840674,-0.15586298175199764
galaxy,9.142389466118836,1388000000.0000002,0.8818576884569274,-0.05460149435181
galaxy,8.917768002447756,827500000.0000001,2.0852090006370703,0.31914959085625566
galaxy,9.442009159140952,2767000000.0,1.480361207116629,0.17036769588002626
galaxy,8.312811826212089,205500000.00000003,3.4422833206440644,0.5368466125134858
galaxy,9.1156105116743,1305000000.0,1.1142454800675832,0.046980881047925784
galaxy,8.616475513888565,413500000.0,0.9528181213588939,-0.02098999173168834
galaxy,9.70022763564825,5014500000.0,1.419210626144483,0.15204685422006112
galaxy,9.569841899403762,3713999999.9999995,0.9221799601671117,-0.035184319639280065
galaxy,9.260548372636979,1822000000.0,1.1927448274031203,0.07654754182274487
galaxy,9.272537777375238,1873000000.0,1.0979066588562414,0.04056541910604225
galaxy,10.924604884839024,84063000000.0,0.429648440368312,-0.36688676036554646
galaxy,9.527565460707722,3369500000.0,0.04684037993862792,-1.3293795908716566
galaxy,9.17825732081219,1507500000.0,2.086542432724975,0.31942722111622757
galaxy,10.620484808554169,41733500000.0,1.5903727895433684,0.2014989365626326
galaxy,10.733662617918563,54158000000.0,1.551058071774412,0.19062805814826075
galaxy,9.272537777375238,1873000000.0,0.5804117912474068,-0.23626377331619852
galaxy,9.735519058815171,5439000000.0,0.9189655422055364,-0.03670077273853875
galaxy,9.352953911710088,2254000000.0,0.8200483266637857,-0.08616055324436661
galaxy,9.886659897861202,7703000000.0,0.7269288424770565,-0.13850809922630072
galaxy,10.457700272218108,28688000000.0,0.6387619826108012,-0.19466093979979304
galaxy,9.749427099121748,5616000000.0,0.9996905250110898,-0.00013442408148937304
galaxy,9.478061208181519,3006500000.0,0.5247569219294484,-0.2800418240443961
galaxy,9.77706415474243,5984999999.999999,0.24474639810605237,-0.6112836909208469
galaxy,9.245018870737754,1758000000.0,0.9863285177479656,-0.005978409924616859
galaxy,8.010723865391773,102500000.00000001,1.165715623255769,0.06659261704914671
galaxy,9.354972325018975,2264500000.0,0.8761753280775866,-0.05740898013595229
galaxy,9.443497677808585,2776500000.0,0.9687485858958215,-0.013788918434629227
galaxy,9.121559844187502,1323000000.0,2.6791211839213855,0.4279923583704513
galaxy,9.476686742945645,2997000000.0,0.6173709873459865,-0.20945378355428143
galaxy,8.349277527467954,223500000.0,0.4629630419338633,-0.33445367707022455
galaxy,7.8228216453031045,66500000.0,0.11280177000411072,-0.9476840856630734
galaxy,8.649334858712141,446000000.0,1.7747688813807583,0.2491418052354669
galaxy,8.824125833916549,667000000.0,1.9979362768282511,0.3005816325069859
galaxy,8.913283901760419,819000000.0,0.8698247979917405,-0.060568215114627365
galaxy,8.255272505103306,180000000.0,0.5661084102359409,-0.2471003930893875
galaxy,9.10363270520974,1269499999.9999998,1.6494504737534685,0.2173392799914033
galaxy,9.0893751608161,1228500000.0,1.3596622842016872,0.1334310507812333
galaxy,8.635986111800833,432500000.0,1.354516802419522,0.13178439670977096
galaxy,10.460732508891672,28889000000.0,1.0494363091564147,0.02095608615684942
galaxy,8.756255648754234,570500000.0,0.5537248219293925,-0.2567060078491961
galaxy,10.727419247059528,53385000000.00001,0.2563246239308098,-0.591209671132988
galaxy,11.242767460988647,174891000000.0,0.7513523475542054,-0.1241563523262829
galaxy,8.686636269262294,486000000.0,0.30820810635007106,-0.5111559428505458
galaxy,9.315235409617728,2066500000.0,0.8254906645754684,-0.08328783378372574
galaxy,11.302105712640708,200496000000.0,0.7266779563314585,-0.13865801386592738
galaxy,9.937292160711573,8655500000.0,0.1116479022429873,-0.9521494324927112
galaxy,9.391288048595298,2462000000.0,0.7207899153549485,-0.14219129824477608
galaxy,10.880253219604572,75902000000.0,3.8305183669336924,0.5832575490771634
galaxy,11.022599498159346,105341500000.0,1.0510944910726003,0.02164175989769848
galaxy,9.379214841378626,2394500000.0,0.7287793256691968,-0.13740395611620554
galaxy,9.65258474602666,4493500000.0,0.7083580878748635,-0.14974714305389245
galaxy,8.20139712432045,159000000.0,0.6374360730468208,-0.19556336307457658
galaxy,8.52244423350632,333000000.0,1.3183176103922036,0.12002005352316727
galaxy,7.863322860120456,73000000.00000001,1.541074629334773,0.1878236707258716
cluster,13.728293289110601,53492548500000.0,0.2875192857665056,-0.5413330190750105
cluster,13.839806494259857,69152278500000.01,0.2776104845529974,-0.5565641358485703
cluster,13.854368086813347,71510215500000.0,0.2760639258686543,-0.5589903402631373
cluster,13.931981794761665,85503087000000.0,0.2667396750431741,-0.573912382244857
cluster,13.582932326858046,38276509500000.0,0.2959010571233478,-0.5288534832948704
cluster,13.675690498106128,47390413500000.0,0.2910998607631103,-0.5359580022898988
cluster,13.774883822422556,59550282000000.0,0.2837804588775339,-0.5470175133670727
cluster,13.888944198287813,77436229500000.0,0.2721400118823239,-0.565207600586273
cluster,13.80392635078705,63668754000000.0,0.2811634578175006,-0.5510411242619934
cluster,13.987349717807383,97129179000000.0,0.258897530404626,-0.5868720922331806
cluster,13.685676383558645,48492702000000.0,0.2904702338482732,-0.5368983656412438
cluster,13.98298561602566,96158043000000.0,0.2595537775526242,-0.585772646005624
cluster,14.145564851392379,139818568500000.0,0.2302507607443501,-0.6377989262276277
cluster,13.762435786022568,57867642000000.0,0.2848337370220671,-0.5454085721462354
cluster,13.87188219893249,74452999500000.02,0.2741212302197355,-0.5620573277942177
cluster,13.812835614313475,64988365500000.0,0.2803148064982224,-0.5523539617807705
cluster,13.97787459465904,95033034000000.0,0.2603138737498268,-0.5845026850124412
cluster,13.750124229214432,56250220500000.0,0.2858360953334277,-0.5438829294488035
cluster,14.337603638707154,217572318000000.0,0.1805754637535683,-0.7433412611119623
cluster,13.628999058003242,42559749000000.0,0.2937466529057282,-0.5320270732575836
cluster,13.396192649490636,24899616000000.0,0.3005652352417536,-0.522061253342583
cluster,13.927858969682577,84695233500000.0,0.2672826385924635,-0.5730292500289695
cluster,13.551708807929412,35621221500000.01,0.2971181735496583,-0.5270707832991753
cluster,14.019396066739771,104567341500000.0,0.2538706991424274,-0.5953874209658973
cluster,13.810846771438829,64691433000000.0,0.2805061510035161,-0.5520576109939301
cluster,13.60389678817797,40169533500000.0,0.2949749705087562,-0.5302148336187925
cluster,14.123138335810483,132781734000000.0,0.2349231278773666,-0.6290742253889433
cluster,13.734676050020873,54284526000000.0,0.2870394674969381,-0.5420583843193767
cluster,13.73998163426687,54951763500000.0,0.2866329260977477,-0.5426739227969511
cluster,13.402102444594224,25240761000000.0,0.3005070128331963,-0.5221453885556779
cluster,13.86063401663273,72549432000000.0,0.2753793547624649,-0.5600686219905918
cluster,13.973842986414507,94154913000000.0,0.2609070365518393,-0.5835142080043157
cluster,13.408664526564298,25625038500000.0,0.3004361027895687,-0.5222478802558116
cluster,13.812537439069537,64943761500000.0,0.2803435634014707,-0.5523094107133867
cluster,13.80480625759051,63797881499999.99,0.2810806135991007,-0.5511691070687428
cluster,13.770408646775397,58939798499999.99,0.2841637735661975,-0.5464312886291989
cluster,13.64357574698613,44012470500000.0,0.2929718695067499,-0.5331740776134445
cluster,13.817724393359134,65724061500000.0,0.2798397972763429,-0.5530905224801698
cluster,13.837244679338987,68745564000000.0,0.2778762256001962,-0.5561486087905565
cluster,14.084188521185277,121391568000000.0,0.2425370633544631,-0.6152218851838896
cluster,13.728996484177891,53579232000000.0,0.2874669169934081,-0.5414121286923683
cluster,13.687018641939849,48642808500000.0,0.2903838471821076,-0.5370275452542571
cluster,13.953116750072107,89767008000000.0,0.2638684567808533,-0.5786125228712204
cluster,13.546369670017066,35185981500000.0,0.2973074066023966,-0.5267942713988861
cluster,13.868940098738342,73950326999999.98,0.2744539580441402,-0.5615305016492302
cluster,13.882576721306657,76309168500000.0,0.2728897637320056,-0.5640127546858456
cluster,13.920321229694345,83237922000000.0,0.2682610922938544,-0.5714423114033316
cluster,14.021777276827754,105142252500000.0,0.2534823161506551,-0.5960523332382405
cluster,13.89456969635313,78445800000000.0,0.2714672465327262,-0.5662825620537436
cluster,13.702196730026536,50372874000000.0,0.2893776904042003,-0.5385349538936375
cluster,13.962205653479938,91665445500000.0,0.2625878189837282,-0.5807254239847327
cluster,13.832165013340036,67946175000000.0,0.278397590560228,-0.5553345277214093
cluster,13.505034651037834,31991503500000.0,0.2985926857905609,-0.5249208347881668
cluster,13.78410992012783,60828894000000.0,0.2829735614301509,-0.5482541392508785
cluster,13.300681453950098,19983955500000.0,0.3008042942460389,-0.5217159681001875
cluster,13.863454523601698,73022134500000.0,0.2750674185635584,-0.560560848272797
cluster,13.951788600949227,89492904000000.0,0.2640532623585354,-0.5783084624661227
cluster,13.646999609444496,44360824500000.0,0.2927831930263324,-0.5334538572086556
cluster,13.64210152494218,43863322500000.0,0.2930523196711672,-0.533054836587769
cluster,13.784937172815281,60944872500000.0,0.2829001086175176,-0.5483668857986491
cluster,13.787640559572655,61325424000000.0,0.2826587982962016,-0.5487374917463316
cluster,13.677743537839685,47614972500000.0,0.2909722846954797,-0.5361483758836684
cluster,13.70012035438992,50132614500000.0,0.2895185349168125,-0.538323627603483
cluster,13.564634029414972,36697293000000.0,0.2966374289522932,-0.5277740516829496
cluster,13.740666490644799,55038487500000.0,0.2865799365520288,-0.542754217810791
cluster,13.780175948968905,60280375500000.01,0.2833203738505371,-0.5477221938074397
cluster,14.008714165488241,102026776500000.0,0.2555874095284124,-0.5924605437335573
cluster,13.41544552842201,26028283500000.0,0.3003558371776451,-0.5223639234655602
cluster,13.927192589332329,84565377000000.0,0.2673698800566133,-0.5728875187717956
cluster,13.853654698033644,71392846500000.0,0.2761411331432958,-0.5588688973570616
cluster,13.47595976753227,29919874500000.0,0.2993129612187186,-0.523874476397731
cluster,13.97906175381698,95293165500000.0,0.260138134416125,-0.584795978628695
cluster,13.844093037396519,69838199999999.99,0.2771616091980803,-0.5572669258210295
cluster,13.523936520076164,33414619500000.0,0.2980439173639141,-0.5257197370529014
cluster,13.421727929850592,26407539000000.0,0.3002750701588661,-0.5224807228854983
cluster,13.721034083558312,52605855000000.0,0.2880528044078467,-0.540527892237753
cluster,13.634388487666863,43091190000000.0,0.2934655355501977,-0.5324428947544841
cluster,13.885539371459164,76831510500000.0,0.2725424657925916,-0.5645658191762929
cluster,13.902298796496645,79854390000000.0,0.2705268834442149,-0.5677895706633512
cluster,13.671479874809453,46933168500000.0,0.2913584988671666,-0.5355723091088257
cluster,13.540379422041866,34703991000000.0,0.2975132844366103,-0.5264936375700277
cluster,13.631334527168733,42789235500000.0,0.2936255979167921,-0.5322060858492494
cluster,13.549741266479094,35460207000000.01,0.2971885399960565,-0.5269679415885632
cluster,13.563262031827355,36581544000000.0,0.2966899922051677,-0.5276971028350792
cluster,13.877517181544588,75425323500000.0,0.2734766842967255,-0.563079694240645
cluster,13.895926631719538,78691284000000.0,0.2713035011796562,-0.5665446016191873
cluster,13.761055582748591,57684028500000.01,0.2849480438433913,-0.5452343200936844
cluster,13.97723071003372,94892242500000.0,0.260408985391022,-0.5843440345492625
cluster,13.665718409877224,46314652500000.0,0.2917058770124757,-0.5350548210380996
cluster,13.741113133317684,55095120000000.0,0.2865453150710086,-0.5428066877312425
cluster,13.759718083990515,57506652000000.0,0.285058345377352,-0.5450662400544133
cluster,13.6122959494941,40953964500000.0,0.2945786749219688,-0.5307986957110741
cluster,14.073398080286976,118412644500000.0,0.2445374700206608,-0.6116545853076264
cluster,13.540150275706894,34685685000000.004,0.2975210256143106,-0.526482337546812
cluster,13.882508258721622,76297140000000.0,0.2728977575876762,-0.5640000329314209
cluster,14.05250274487789,112850307000000.0,0.2482809989089749,-0.6050565159860807
cluster,13.640722860444104,43724299500000.0,0.2931271267721483,-0.5329439889231612
cluster,13.578226376761402,37863989999999.99,0.2960967625586187,-0.5285663410423583
cluster,13.813864118301977,65142454500000.0,0.2802154254093381,-0.5525079611781387
cluster,14.014024155649029,103281885000000.0,0.2547392332340365,-0.5939041627518045
cluster,13.578651831826129,37901101500000.0,0.2960792505626586,-0.5285920272000083
cluster,13.74441771336508,55515942000000.0,0.2862876048985412,-0.5431974547751122
cluster,13.977260242553262,94898695500000.0,0.2604046261346391,-0.5843513047163643
cluster,14.04780088828964,111635131500000.0,0.2491000801252947,-0.6036261327687213
cluster,13.936143076864477,86326290000000.0,0.2661860200650273,-0.5748147571560344
cluster,13.610005657787086,40738558500000.0,0.2946881895143817,-0.5306372694148038
cluster,13.772766630582327,59260680000000.0,0.2839624579462163,-0.5467390732787666
cluster,13.855219679985632,71650575000000.0,0.2759715656839629,-0.559135662509794
cluster,13.753015106155479,56625898500000.01,0.2856042132885111,-0.5442353900525364
cluster,13.794067099899406,62239644000000.01,0.2820772879992034,-0.549631880500804
cluster,13.657246298011058,45419913000000.0,0.2922031226513568,-0.5343151472552237
cluster,13.454759249842983,28494382500000.004,0.2997467165920546,-0.5232455654393304
cluster,13.91813785856396,82820502000000.0,0.2685410917994479,-0.5709892497174947
cluster,13.685415030773274,48463528500000.0,0.2904870057055532,-0.5368732900433372
cluster,13.878497753534075,75595815000000.0,0.2733635428823365,-0.563259405572046
cluster,13.995490352978102,98966988000000.0,0.2576554487376384,-0.5889606689154296
cluster,13.533142790558713,34130511000000.0,0.2977530087724078,-0.5261438413089902
cluster,13.866065810134566,73462518000000.0,0.2747765137458279,-0.5610203909228602
cluster,13.696439255049766,49709484000000.0,0.2897657256842236,-0.5379529854159372
cluster,13.80517167890669,63851584500000.0,0.2810461464328231,-0.5512223651635507
cluster,13.90149085684427,79705971000000.0,0.2706260546966631,-0.5676303937462608
cluster,13.695142759562103,49561308000000.0,0.2898520268119527,-0.5378236584459805
cluster,13.690449594114487,49028611500000.0,0.2901611304040729,-0.5373607655083538
cluster,13.936014424046768,86300721000000.0,0.2662032222073044,-0.5747866919928895
cluster,13.949732651780117,89070246000000.0,0.2643381715709803,-0.5778401183452521
cluster,13.766928770925595,58469418000000.0,0.2844582203019369,-0.545981511429742
cluster,13.596221268330865,39465832500000.0,0.2953243999548989,-0.529700669770437
cluster,13.791981315042328,61941442500000.0,0.282267239103145,-0.5493395246244668
cluster,14.002719952420659,100628257500000.0,0.2565326104371198,-0.5908574195085606
cluster,13.897514058315114,78979441500000.0,0.2711112154789165,-0.5668525159132269
cluster,13.384682174088839,24248349000000.0,0.3006634789273473,-0.5219193216952435
cluster,13.643238457260647,43978302000000.0,0.2929903176493833,-0.5331467313896597
cluster,13.767668565338623,58569102000000.0,0.2843958871958482,-0.5460766884664049
cluster,13.826875894178885,67123701000000.0,0.2789326491430597,-0.554500648470453
cluster,13.381668485035284,24080665500000.0,0.3006859269298265,-0.5218868978048528
cluster,13.772356448891804,59204736000000.0,0.2839975822385461,-0.546685357223834
cluster,13.995023929435687,98860756500000.0,0.2577272490269069,-0.5888396618666274
cluster,13.888333669181417,77327446500000.0,0.2722124390939179,-0.5650920330400476
cluster,14.021230741194575,105010020000000.0,0.2535716424371688,-0.5958993163331712
cluster,13.541718757357334,34811181000000.004,0.2974678405631804,-0.5265599792493719
cluster,13.958458199206742,90877882500000.0,0.2631192244607058,-0.5798474195988752
cluster,13.87305685790403,74654649000000.0,0.2739876593700578,-0.5622689977204248
cluster,13.648289083436612,44492733000000.0,0.2927114689666278,-0.5335602607867828
cluster,13.77177079382302,59124951000000.0,0.284047656133235,-0.5466087900255261
cluster,13.733069213648374,54084051000000.0,0.2871612096108974,-0.5418742259538161
cluster,14.130002449174986,134897049000000.0,0.2335158890475573,-0.6316835635308182
cluster,13.803163580898817,63557028000000.0,0.281235101984591,-0.5509304743819254
cluster,14.151686579673353,141803379000000.0,0.2289376274129251,-0.6402828222891035
cluster,13.7022354866742,50377369500000.0,0.2893750517505725,-0.5385389139706332
cluster,13.877436177049596,75411256500000.0,0.2734860178113847,-0.5630648724113025
cluster,13.506809621707053,32122521000000.004,0.2985438939575326,-0.5249918069061443
cluster,13.98556796501314,96731509500000.0,0.2591662669355991,-0.5864215268643788
cluster,13.559111263894088,36233581499999.99,0.2968467895965057,-0.5274676436153412
cluster,13.719389523295094,52407027000000.0,0.2881718832416337,-0.5403483953079276
cluster,13.957350421931551,90646371000000.0,0.2632754009869961,-0.5795897170985764
cluster,13.847446652281526,70379576999999.98,0.2768067220911547,-0.5578233674969002
cluster,13.890648117226753,77740641000000.0,0.2719372683645081,-0.5655312692940146
cluster,13.914806842859385,82187703000000.0,0.2689653268240452,-0.5703037026725237
cluster,13.477816589546515,30048070500000.0,0.2992713475750071,-0.5239348607933771
cluster,13.828521512392141,67378527000000.0,0.2787670246856112,-0.5547586001725185
cluster,13.79164601753139,61893639000000.0,0.2822976650865303,-0.5492927139332408
cluster,13.799331367130323,62998668000000.0,0.281592643927386,-0.5503786944996418
cluster,13.872920264697978,74631172499999.98,0.2740032127650937,-0.5622443449242407
cluster,13.829230631481598,67488633000000.01,0.2786954185318512,-0.5548701705859076
cluster,13.671965923258673,46985724000000.0,0.2913288493448717,-0.5356165064780474
cluster,13.706532019863722,50878233000000.0,0.2890803180756092,-0.5389814760987464
cluster,13.662101650679833,45930550500000.0,0.2919201188528664,-0.5347359728239592
cluster,13.670267567255369,46802340000000.0,0.291432217276816,-0.5354624394839009
cluster,13.76731876277368,58521946499999.99,0.2844253783670036,-0.5460316555054925
cluster,13.588579593723294,38777481000000.0,0.2956603560423991,-0.5292069044433314
cluster,13.925489334643707,84234370500000.0,0.2675922132918558,-0.5725265283241749
cluster,13.923316606596643,83814007500000.0,0.2678744667654031,-0.5720686804618218
cluster,13.879320704945501,75739198500000.0,0.2732683630689883,-0.5634106447064376
cluster,13.781160968067732,60417252000000.0,0.2832339216434,-0.5478547343850967
cluster,13.721056818968597,52608609000000.0,0.2880511535737526,-0.5405303811917956
cluster,13.525404403040113,33527749500000.0,0.2979985813263503,-0.525785803452618
cluster,13.739475507344014,54887760000000.0,0.2866720113288845,-0.5426147064911956
cluster,13.848420063278098,70537499999999.98,0.2767031019787163,-0.557985972175679
cluster,13.582399719897168,38229597000000.0,0.2959234282533116,-0.5288206503907175
cluster,13.56747192492013,36937876500000.0,0.2965275408358252,-0.5279349640954671
cluster,13.768404203618903,58668394500000.0,0.2843337630675182,-0.546171567170976
cluster,13.777384337030544,59894140500000.0,0.2835639907199832,-0.5473489202609294
cluster,13.746754348797243,55815439500000.01,0.2861037214946447,-0.5434764930717837
cluster,14.016737795323516,103929250500000.0,0.2543018107662337,-0.5946505474020202
cluster,13.708774120033276,51141577500000.0,0.288924766090754,-0.5392152296492019
cluster,13.989825724588238,97684515000000.0,0.2585222260315448,-0.5875021131970893
cluster,13.924484914587465,84039781500000.0,0.2677228844739726,-0.5723145045097856
cluster,13.787185435821842,61261191000000.0,0.2826995603433593,-0.548674866928243
cluster,13.714899606836461,51868012500000.0,0.2884936440270453,-0.5398637505997185
cluster,13.467791432377734,29362392000000.0,0.2994890476929648,-0.523619055122688
cluster,13.949909814320565,89106588000000.0,0.2643136764628179,-0.5778803644556392
cluster,13.861380899162645,72674307000000.02,0.2752969823246883,-0.5601985491112789
cluster,13.415675902172728,26042094000000.0,0.3003529846408557,-0.5223680480628429
cluster,13.902477612817913,79887276000000.0,0.2705049068318423,-0.5678248525882256
cluster,13.875599186010229,75092953500000.0,0.2736971466261344,-0.5627297302149554
cluster,13.825517816279874,66914127000000.0,0.279068757508466,-0.554288781215265
cluster,13.940626586042187,87222109500000.0,0.2655831298583866,-0.5757995153059176
cluster,13.959473443523553,91090575000000.0,0.2629757287193015,-0.5800843327638362
cluster,13.89892444249158,79236346500000.0,0.2709397166892356,-0.567127327655359
cluster,13.74632114894446,55759792500000.0,0.2861379165454195,-0.5434245893972156
cluster,13.570711143880764,37214410499999.99,0.2964001877079438,-0.5281215256572898
cluster,13.762526961745298,57879791999999.99,0.2848261686398826,-0.5454201120372728
cluster,14.198218563546751,157840542000000.0,0.2184096201801668,-0.6607282363924513
cluster,13.920602954139115,83291935500000.0,0.2682248519671217,-0.5715009857231892
cluster,13.843128631514961,69683287499999.99,0.2772630616370656,-0.55710798543747
cluster,13.959254871941335,91044742500000.0,0.2630066513533833,-0.5800332682039882
cluster,13.879115364944154,75703396500000.0,0.2732921312601418,-0.5633728725133267
cluster,13.912141901338542,81684922500000.0,0.2693021827984351,-0.5697601264493377
cluster,13.872287637161207,74522538000000.0,0.274075174626512,-0.5621303005093541
cluster,14.121519869529182,132287823000000.02,0.2352520318509328,-0.6284666169215877
cluster,13.862470816592852,72856921500000.0,0.2751764804486743,-0.5603886883430018
cluster,13.890202550626322,77660923500000.0,0.2719903712218253,-0.5654464702277383
cluster,13.831487551712467,67840267500000.0,0.2784665674304436,-0.5552269385586416
cluster,13.65459068632319,45143028000000.0,0.2923556880128966,-0.5340884521992533
cluster,13.783806491461602,60786409500000.01,0.2830004575623101,-0.5482128622968201
cluster,14.07160184854747,117923904000000.0,0.2448659842821393,-0.6110715409863787
cluster,13.931965954724912,85499968500000.0,0.266741771726325,-0.5739089685256797
cluster,13.626411003785973,42306880500000.0,0.2938794384986614,-0.5318307986124913
cluster,13.744178549058198,55485378000000.0,0.2863063484749823,-0.5431690219501603
cluster,13.250099225713889,17786857500000.0,0.3004355185150456,-0.5222487248528681
cluster,13.8346196164998,68331289500000.0,0.2781465760778091,-0.5557262817582644
cluster,13.698579271934172,49955035500000.0,0.2896224098406563,-0.538167837179319
cluster,13.846018791273774,70148564999999.99,0.2769582203750287,-0.5575857400658362
cluster,13.707208040706371,50957491500000.0,0.2890335437891964,-0.5390517522705125
cluster,13.49618999874718,31346568000000.0,0.2988274638673865,-0.5245794910000653
cluster,13.530478556387294,33921774000000.0,0.2978388071702503,-0.5260187161141857
cluster,13.621219999937676,41804208000000.0,0.2941414794819353,-0.5314437274824625
cluster,13.707141187907004,50949648000000.0,0.2890381742387379,-0.5390447947300484
cluster,13.761774797791356,57779635500000.0,0.2848885406325054,-0.5453250194869533
cluster,13.848478824125412,70547044500000.0,0.2766968380315269,-0.5579958037549863
cluster,13.421656433846604,26403192000000.0,0.3002760241902092,-0.522479343051037
cluster,13.635241424332685,43175902500000.0,0.2934204733981686,-0.53250958656076
cluster,14.004467489293248,101033986500000.0,0.2562583869277398,-0.5913219119387964
cluster,13.801618457730717,63331307999999.99,0.2813797424092573,-0.5507071722763996
cluster,13.4801635770946,30210894000000.0,0.2992179030740796,-0.5240124249330085
cluster,13.571554926904223,37286784000000.0,0.2963666754852366,-0.5281706315514187
cluster,13.73399616954282,54199611000000.0,0.287091056903706,-0.5419803358833781
cluster,13.74947731151837,56166493500000.0,0.2858876948529046,-0.5438045370956315
cluster,13.901280357704161,79667347500000.0,0.2706518590224218,-0.5675889855305893
cluster,13.834690912282099,68342507999999.99,0.2781392594865174,-0.55573770593994
cluster,13.447333450880548,28011312000000.0,0.2998809244350266,-0.523051159035702
cluster,14.04763804858625,111593281500000.0,0.2491282959099602,-0.6035769426375072
cluster,13.82195924732754,66368079000000.0,0.2794229373206454,-0.5537379463144929
cluster,13.798519919704354,62881069500000.0,0.2816678381188743,-0.5502627395421418
cluster,13.862411906758867,72847039500000.0,0.2751830025610056,-0.5603783950075242
cluster,13.870383890397605,74196580500000.0,0.2742910013853945,-0.5617884399812255
cluster,13.301353370344277,20014897500000.0,0.3008069971878419,-0.521712065671072
cluster,13.849178107550484,70660728000000.0,0.2766222167486948,-0.5581129427231205
cluster,13.81756870112111,65700504000000.01,0.2798550273826599,-0.5530668869172076
cluster,13.752526231677418,56562192000000.0,0.2856435761535613,-0.54417553835446
cluster,13.889446570188618,77525856000000.0,0.272080329347948,-0.5653028553699907
cluster,13.5615374575978,36436567500000.0,0.2967555443269862,-0.5276011583106162
cluster,13.624010096941793,42073641000000.0,0.29400134655956,-0.5316506804652331
cluster,13.782330487715198,60580170000000.0,0.2831309422801252,-0.5480126656854362
cluster,13.515708714215949,32787531000000.0,0.2982907415555204,-0.5253602262012921
cluster,13.719270808923968,52392703500000.0,0.2881804536122391,-0.5403354793729201
cluster,13.480196761498506,30213202500000.0,0.299217140630295,-0.5240135315698337
cluster,13.134757898814533,13638226500000.002,0.2984759388158465,-0.5250906731131231
cluster,13.724195448024961,52990186500000.0,0.2878220447116751,-0.5408759458754842
cluster,13.71127755179212,51437227500000.0,0.288749660644593,-0.5394785175076513
cluster,14.00988590510095,102302419500000.0,0.2554011257295551,-0.5927771928319754
cluster,13.668747879802291,46638855000000.0,0.2915241562865684,-0.5353254528867939
cluster,13.713702144993784,51725196000000.0,0.2885786337725217,-0.5397358270131398
cluster,13.767119049712553,58495041000000.0,0.2844422015134332,-0.5460059686851386
cluster,13.77102425253409,59023404000000.0,0.2841113557825874,-0.5465114074064049
cluster,13.866535073299467,73541938500000.0,0.2747240211073857,-0.5611033654127446
cluster,13.995396266921368,98945550000000.0,0.2576699383840529,-0.5889362463907822
cluster,13.384501036622401,24238237500000.0,0.3006648663155295,-0.5219173176818402
cluster,13.36030981794538,22925025000000.0,0.3008067836029728,-0.521712374037446
cluster,13.84278959348319,69628909500000.0,0.2772986634911322,-0.5570522236057845
cluster,13.748004964326482,55976400000000.0,0.2860047367969224,-0.5436267740467267
cluster,13.538831858723986,34580547000000.0,0.2975653736896972,-0.5264176070321115
cluster,14.024152545294005,105718878000000.0,0.2530928198703945,-0.5967201754063401
cluster,13.821892810346247,66357927000000.0,0.2794295158601947,-0.5537277217072316
cluster,13.88998371233012,77621800500000.0,0.2720164300658371,-0.5654048633502472
cluster,13.844949582095339,69976075500000.0,0.2770712777585016,-0.5574084924693539
cluster,13.392400705604121,24683157000000.0,0.3005998014139198,-0.5220113106581835
cluster,13.912973771609092,81841536000000.0,0.269197274727935,-0.5699293410922307
cluster,13.928106999041363,84743617500000.0,0.2672501301758848,-0.5730820745769779
cluster,13.683495485988342,48249796500000.0,0.2906097045200642,-0.5366898871159675
cluster,13.772354369281476,59204452500000.0,0.2839977602054852,-0.5466850850735052
cluster,13.76571013478903,58305582000000.0,0.2845605892308989,-0.5458252485410594
cluster,13.558878032285662,36214128000000.0,0.2968555010893374,-0.5274548986644606
cluster,13.930560683347377,85223758500000.0,0.2669274562047559,-0.5736067523086255
cluster,14.001406159826654,100324305000000.0,0.2567380481208858,-0.5905097648912105
cluster,13.905387103260628,80424265500000.0,0.2701459185971851,-0.5684015894577882
cluster,13.841033019919953,69347853000000.0,0.277482587249419,-0.5567642647890991
cluster,14.040211601940175,109701256500000.0,0.250404380812224,-0.6013580774347212
cluster,13.390395850070043,24569473500000.0,0.3006172004131443,-0.5219861740125697
cluster,13.861343141777303,72667989000000.0,0.2753011504901217,-0.5601919736758041
cluster,13.975865266187252,94594365000000.0,0.2606102063617715,-0.5840085798751627
cluster,13.47657150268006,29962048500000.0,0.2992993166555119,-0.5238942747170395
cluster,13.961345107243687,91483992000000.0,0.2627102698414348,-0.5805229494892001
cluster,13.74161416767706,55158718500000.0,0.2865064179056556,-0.5428656451458294
cluster,13.866772263822469,73582114500000.0,0.274697463537418,-0.5611453506878789
cluster,13.898768362132731,79207875000000.0,0.2709587261480187,-0.5670968580972122
cluster,13.37690718724288,23818104000000.0,0.3007186501289338,-0.5218396367584336
cluster,13.617841914872301,41480302500000.0,0.2943089426031021,-0.5311965416238792
cluster,13.30697709908856,20275758000000.0,0.30082729493734,-0.5216827614883789
cluster,13.736172571726232,54471906000000.0,0.2869255065476433,-0.542230842968666
cluster,13.632637957550118,42917850000000.0,0.2935575284887072,-0.5323067773569123
cluster,13.804101646389901,63694458000000.0,0.2811469704498627,-0.551066591948269
cluster,13.908502824587393,81003321000000.0,0.2697585293511745,-0.5690248147021886
cluster,13.573009474617551,37411875000000.01,0.2963085768331222,-0.5282557774184056
cluster,13.298238628116342,19871865000000.0,0.3007939700089469,-0.5217308742575545
cluster,13.431999323153171,27039541500000.0,0.3001295974215866,-0.5226911743083985
cluster,13.822676419725815,66477766500000.0,0.2793518445727797,-0.5538484566283742
cluster,13.80147318128639,63310126499999.99,0.2813933083523713,-0.5506862344783675
cluster,13.398959004769944,25058727000000.0,0.3005386435572918,-0.5220996780549867
cluster,13.599400338725598,39755785500000.0,0.2951811370618593,-0.529911398650114
cluster,13.844610453876259,69921454500000.0,0.2771070677174758,-0.5573523972363353
cluster,13.948899506443514,88899538500000.0,0.2644532244332769,-0.5776511333338141
cluster,13.665375215197399,46278067500000.0,0.2917263327620305,-0.5350243673915246
cluster,13.730639471825508,53782312500000.0,0.2873440842154337,-0.5415977396092468
cluster,13.51006086401147,32363901000000.0,0.2984530583265637,-0.5251239664203378
cluster,13.9784888798212,95167548000000.0,0.2602230001446333,-0.584654320401465
cluster,13.581840815246114,38180430000000.0,0.2959468430113752,-0.52878628846811
cluster,13.66065797222305,45778122000000.0,0.2920048168162057,-0.5346099845123878
cluster,13.542500879033417,34873929000000.004,0.2974411468423218,-0.5265989530619165
cluster,13.577842351115324,37830523500000.0,0.29611253841954,-0.528543202704829
cluster,13.723732936773203,52933783500000.0,0.2878559576334243,-0.5408247777059938
cluster,13.7581241861803,57295984500000.0,0.2851891906962966,-0.5448669392336186
cluster,13.579340127040613,37961217000000.01,0.2960508437103233,-0.5286336968916732
cluster,13.529363703530466,33834807000000.0,0.2978743191009702,-0.5259669373807938
cluster,13.480344023080379,30223449000000.0,0.2992137548677546,-0.5240184458147344
cluster,13.965775865156964,92422107000000.0,0.2620771045271016,-0.5815709180532559
cluster,13.698934625266514,49995927000000.0,0.2895985074296901,-0.5382036807922935
cluster,13.73717391036843,54597645000000.0,0.2868489428001763,-0.5423467463982241
cluster,14.013619106459513,103185603000000.0,0.2548042940834359,-0.5937932573373665
cluster,13.396105283375972,24894607500000.0,0.3005660561280523,-0.5220600672243592
cluster,13.480769423547406,30253068000000.0,0.2992039533225057,-0.5240326725227942
cluster,13.886063835207363,76924350000000.0,0.2724807054725171,-0.5646642449597746
cluster,13.650526888449939,44722584000000.0,0.2925861284659143,-0.5337462676622244
cluster,13.81863067132575,65861356499999.99,0.2797510091643086,-0.5532283381375925
cluster,13.88779038169781,77230773000000.0,0.2722767930233618,-0.5649893733181364
cluster,13.510447644946822,32392737000000.004,0.2984421258547092,-0.525139875116961
cluster,13.958266031390748,90837679500000.0,0.2631463463954237,-0.5798026554826219
cluster,13.309866314703184,20411095500000.0,0.3008361000781004,-0.5216700499819898
cluster,13.738756243652803,54796932000000.0,0.2867274456619129,-0.5425307342281468
cluster,13.418392641026191,26205511500000.0,0.3003187195599224,-0.5224175963784481
cluster,13.743886175640121,55448037000000.01,0.2863292425468646,-0.5431342956102402
cluster,13.820416385348738,66132720000000.0,0.2795753909478828,-0.5535010591277209
cluster,13.75909940054795,57424788000000.01,0.2851092115191817,-0.5449887509566778
cluster,13.811437457505017,64779479999999.99,0.2804494359593365,-0.5521454291078217
cluster,13.791696503887682,61900834500000.0,0.2822930857256014,-0.549299759005018
cluster,13.716240858635802,52028446500000.0,0.2883980374638686,-0.5400076992976585
cluster,13.472021870748922,29649807000000.0,0.2993992663213938,-0.5237492682313117
cluster,13.775176428172077,59590417500000.0,0.2837552131736127,-0.5470561508323525
cluster,13.821517321095678,66300579000000.0,0.2794666732424894,-0.5536699748611054
cluster,13.590905091438529,38985678000000.0,0.2955593710537935,-0.5293552662848701
cluster,13.800034369775972,63100727999999.99,0.2815273541987391,-0.5504794011664188
cluster,14.040192949260542,109696545000000.0,0.2504075595734811,-0.6013525643134798
cluster,14.045064866621027,110934049500000.0,0.2495728177856622,-0.6028027175815396
cluster,13.971008278511915,93542350500000.0,0.2613207370701474,-0.5828261255279684
cluster,13.667763334487322,46533244500000.0,0.2915834409211811,-0.5352371433196198
cluster,13.9238544158537,83917863000000.0,0.2678047433633768,-0.5721817350226783
cluster,13.888396292077186,77338597500000.0,0.2722050154026587,-0.5651038771428507
cluster,14.019003238646805,104472801000000.0,0.2539345702730047,-0.5952781708994659
cluster,13.71573752836753,51968182500000.0,0.2884339666439671,-0.539953597428951
cluster,13.823505098194493,66604734000000.01,0.2792695183759072,-0.5539764639537222
cluster,13.833952507043595,68226408000000.0,0.2782149665671901,-0.5556195108547214
cluster,13.970412185210503,93414046500000.0,0.261407379278057,-0.5826821568683045
cluster,13.643854203338627,44040699000000.0,0.2929566205577249,-0.5331966828785244
cluster,13.89114520856202,77829673500000.0,0.2718779524785955,-0.5656260094228521
cluster,13.84647247398559,70221883500000.0,0.2769101481016068,-0.5576611280977959
cluster,13.812874946608535,64994251500000.0,0.2803110113361774,-0.5523598417023925
cluster,13.88026153327012,75903453000000.0,0.2731592979652871,-0.5635840121133694
cluster,13.986080672182851,96845773500000.0,0.2590890511504587,-0.5865509394858421
cluster,13.923477047339418,83844976500000.0,0.2678536764568806,-0.572102388290642
cluster,14.121280742476852,132215004000000.0,0.2353005335374791,-0.628377088072086
cluster,13.768075395794792,58623993000000.0,0.2843615480663148,-0.5461291301350785
cluster,13.870622937555181,74237431500000.02,0.2742639604950931,-0.5618312568738587
cluster,13.606169783141823,40380322500000.0,0.2948691671026856,-0.5303706369335527
cluster,13.497073411709893,31410396000000.0,0.2988046362958755,-0.5246126682284792
cluster,13.699716457559354,50086012500000.0,0.2895458134101441,-0.5382827102195289
cluster,13.795700185675917,62474125500000.0,0.2819277442984647,-0.5498621834301647
cluster,14.010131696434245,102360334500000.0,0.2553619865173031,-0.5928437518435123
cluster,13.467147598150339,29318895000000.0,0.2995024461976505,-0.5235996261434419
cluster,13.960364745364712,91277712000000.0,0.2628494632319156,-0.5802929055226917
cluster,13.891888614745078,77963013000000.0,0.2717891024774009,-0.5657679605130559
cluster,13.711570503558203,51471936000000.0,0.2887290714452091,-0.5395094858366516
cluster,13.712898894954229,51629616000000.0,0.2886354505384276,-0.5396503294181819
cluster,13.776874917863692,59823927000000.0,0.283608224430718,-0.5472811790845742
cluster,13.645331917855955,44190805500000.0,0.2928754138085071,-0.5333170847727042
cluster,13.523438626286408,33376333500000.0,0.2980592051414194,-0.525697461050103
cluster,13.886378042158233,76980024000000.0,0.2724436643897532,-0.5647232870535497
cluster,13.82215355249789,66397779000000.0,0.2794036902604425,-0.5537678621833142
cluster,13.765424461842882,58267242000000.0,0.2845845307974107,-0.5457887106182541
cluster,13.591957583317813,39080272500000.0,0.2955133070447974,-0.5294229579434532
cluster,13.855607204944917,71714538000000.0,0.2759294658346679,-0.5592019197958981
cluster,13.707600665055,51003580500000.0,0.2890063277483358,-0.5390926483296106
cluster,13.899325671892806,79309584000000.0,0.2708908149598967,-0.5672057202523965
cluster,13.855419538168233,71683555500000.0,0.2759498590477637,-0.5591698234316369
cluster,14.011641717863139,102716856000000.0,0.2551210530361437,-0.5932537011700728
cluster,13.656339182960883,45325143000000.0,0.2922554127922363,-0.5342374366279495
cluster,13.938755016014177,86847039000000.0,0.265835601862737,-0.5753868568878793
cluster,13.352656595697828,22524574500000.0,0.3008340436946397,-0.5216730186384835
cluster,13.766996450752819,58478530500000.01,0.2844525236941371,-0.5459902087706139
cluster,13.707161555512497,50952037500000.0,0.2890367636230602,-0.5390469142566523
cluster,13.87126288223223,74346902999999.98,0.274191485853744,-0.561946034973734
cluster,13.908824576767785,81063355500000.0,0.2697183500940199,-0.5690895056291452
cluster,13.907251101808006,80770189500000.0,0.2699145287953818,-0.5687737378746038
cluster,13.772573267889145,59234301000000.0,0.2839790212901475,-0.5467137419052494
cluster,13.934583226341653,86016789000000.0,0.2663942211891419,-0.574475200420988
cluster,13.743897489479918,55449481500000.0,0.2863283570256679,-0.5431356387408286
cluster,13.666571674378698,46405737000000.0,0.291654904071162,-0.5351307166687731
cluster,13.79749802976624,62733285000000.0,0.2817622788972913,-0.5501171487826898
cluster,13.885587520095664,76840029000000.0,0.2725367993718124,-0.5645748486713917
cluster,13.631669137775562,42822216000000.0,0.2936081582396231,-0.5322318812177326
cluster,13.730499803614634,53765019000000.0,0.2873545519782748,-0.5415819188247385
cluster,13.786246516893177,61128891000000.0,0.2827834773709547,-0.5485459693314653
cluster,13.531724830523704,34019257500000.0,0.2977988364370001,-0.5260770034608655
cluster,13.875934003985842,75150868500000.0,0.2736587414433702,-0.5627906746912711
cluster,13.941363352229073,87370204500000.0,0.2654834239807338,-0.5759625898308474
cluster,13.74737439013458,55895184000000.0,0.2860546954166699,-0.5435509191557374
cluster,13.772077295963037,59166692999999.99,0.2840214611981873,-0.5466488426015456
cluster,13.712727274338148,51609217500000.0,0.2886475697234556,-0.5396320947048823
cluster,14.014232553095791,103331457000000.0,0.2547057361685484,-0.593961274281395
cluster,13.831450993144589,67834557000000.0,0.2784702859885996,-0.5552211391604589
cluster,13.897327616229747,78945543000000.0,0.2711338399329914,-0.5668162751933958
cluster,13.665595220260636,46301517000000.0,0.2917132226493242,-0.5350438849218451
cluster,13.946660327705697,88442361000000.0,0.2647612946041076,-0.5771455040075929
cluster,13.783390680464267,60728238000000.0,0.2830372755502688,-0.5481563648299821
cluster,13.866805249823178,73587703500000.0,0.2746937688554606,-0.5611511919896394
cluster,13.714259462068938,51791616000000.0,0.2885391213014249,-0.539795295113158
cluster,13.307101131804934,20281549500000.0,0.3008276956363042,-0.5216821830128346
cluster,13.99617198629209,99122440500000.0,0.2575503802635983,-0.5891378045632101
cluster,13.820397590148671,66129857999999.99,0.2795772440307699,-0.5534981805445862
cluster,13.853706432272496,71401351500000.0,0.2761355391692623,-0.5588776952374593
cluster,13.738885366930871,54813226500000.0,0.2867175035320246,-0.5425457934318433
cluster,13.589814463362643,38887897500000.0,0.2956068677121377,-0.529285480375867
cluster,13.949232560998269,88967740500000.0,0.2644072592351454,-0.5777266255763802
cluster,13.398599478986597,25037991000000.0,0.3005421652723155,-0.5220945890174424
cluster,13.922278114506192,83613829500000.0,0.2680088363836561,-0.5718508868316684
cluster,13.82053011441802,66150040500000.0,0.2795641759005656,-0.5535184810146828
cluster,13.886865435755695,77066464500000.0,0.2723861468403192,-0.5648149837775898
cluster,13.782559700079867,60612151500000.0,0.2831107169569305,-0.5480436904117826
cluster,13.758664959087898,57367372500000.0,0.2851448710661619,-0.544934435713793
cluster,13.570394834222007,37187316000000.0,0.2964127144061323,-0.5281031715496746
cluster,14.085336736962462,121712935499999.98,0.2423214639655422,-0.6156081159122586
cluster,13.730953425001074,53821206000000.0,0.2873205366648627,-0.5416333310513141
cluster,13.842873367565542,69642342000000.0,0.2772898695946296,-0.55706599648603
cluster,13.899535716460964,79347951000000.0,0.270865194744742,-0.5672467967439382
cluster,13.523266267019729,33363090000000.0,0.298064486822891,-0.5256897653146397
cluster,13.77917309310001,60141338999999.99,0.2834081276069466,-0.5475876991688905
cluster,13.845613576482279,70083144000000.0,0.2770011064914586,-0.5575184961262556
cluster,13.662381621686807,45960169500000.0,0.2919036394175787,-0.534760490249675
cluster,13.880054396631307,75867259500000.0,0.2731833332867954,-0.563545800167563
cluster,13.863140715709413,72969390000000.0,0.2751022411185264,-0.5605058716188778
cluster,13.908883446013729,81074344500000.0,0.2697109951708626,-0.569101348524124
cluster,13.475603177422023,29895318000000.0,0.2993208853402666,-0.5238629788778958
cluster,13.753690998677877,56714093999999.99,0.2855496918826599,-0.5443183041167294
cluster,13.313132325031562,20565171000000.0,0.3008447189238783,-0.5216576077799326
cluster,13.17989405093276,15131920500000.0,0.2994162717829181,-0.5237246016098424
cluster,13.393154207411632,24726019500000.0,0.3005931056652783,-0.5220209845137899
cluster,13.38771327305113,24418179000000.0,0.3006395365455592,-0.5219539067348395
cluster,13.582691929943408,38255328000000.0,0.2959111615547593,-0.528838653257008
cluster,13.95258660550269,89657496000000.0,0.2639422948602349,-0.5784910116267479
cluster,13.907348867322485,80788374000000.0,0.2699023623092146,-0.568793314282436
cluster,14.10717820391633,127990638000000.0,0.2381186049412504,-0.6232066705016536
cluster,13.668425565220733,46604254500000.0,0.2915435886704407,-0.5352965046996849
cluster,13.967143756238011,92713666500000.0,0.2618802761702156,-0.581897209757306
cluster,14.011834430885454,102762445500000.0,0.2550902448264611,-0.5933061493833319
cluster,13.831407343542464,67827739499999.99,0.2784747253142044,-0.5552142157673968
cluster,14.001421120267976,100327761000000.0,0.2567357122440244,-0.590513716245728
cluster,13.97068361448632,93472447500000.0,0.2613679421720861,-0.5827476814515629
cluster,14.01478031111619,103461867000000.0,0.2546176159073287,-0.5941115526592369
cluster,13.907729558383602,80859222000000.0,0.2698549582387701,-0.5688695979213344
cluster,13.778446112218328,60040750500000.0,0.2834715749570727,-0.5474904833608749
cluster,13.396203951639327,24900264000000.0,0.30056512896298,-0.5220614069075588
cluster,14.013945469825098,103263174000000.0,0.2547518767933139,-0.5938826078005253
cluster,13.855322770189579,71667584999999.98,0.2759603705026754,-0.559153280643984
cluster,13.82463792774865,66778695000000.01,0.2791566633647464,-0.554152001243599
cluster,13.554830900675352,35878221000000.01,0.297004996938362,-0.5272362438662852
cluster,13.772345951709376,59203305000000.01,0.2839984805449922,-0.5466839835187745
cluster,14.045269246192767,110986267500000.0,0.2495376030251364,-0.6028640009191162
cluster,13.75824225648009,57311563500000.01,0.2851795205256187,-0.5448816655034237
cluster,13.817869239619203,65745985499999.99,0.2798256220713735,-0.5531125221002517
cluster,13.805351245467566,63877990500000.01,0.2810291959920487,-0.5512485590999887
cluster,13.41184891255563,25813620000000.0,0.3003992988811437,-0.5223010852910576
cluster,13.718840883190978,52340863500000.0,0.2882114626631046,-0.5402887505437584
cluster,13.421965869030437,26422011000000.0,0.3002718893349823,-0.5224853234058701
cluster,13.782492854938017,60602823000000.0,0.2831166167041535,-0.5480346402387819
cluster,13.659263446017432,45631363500000.0,0.2920861884536118,-0.5344889785286673
cluster,13.45267361491643,28357870500000.0,0.2997853284179043,-0.5231896254672623
cluster,13.941142722139137,87325830000000.0,0.2655133004616529,-0.5759137187541786
cluster,13.807301217298779,64165446000000.01,0.280844555764997,-0.5515339906026406
cluster,13.898606746168053,79178404500000.0,0.2709784017947082,-0.5670653229823499
cluster,13.864082181530959,73127745000000.0,0.2749976809545787,-0.5606709685438332
cluster,13.60999946930737,40737978000000.0,0.2946884839485925,-0.530636835494838
cluster,14.077721362525283,119597296500000.0,0.2437415498825299,-0.6130704316417398
cluster,13.681705928066014,48051387000000.0,0.2907233275400257,-0.5365201191912378
cluster,13.847451067427732,70380292500000.0,0.2768062527186645,-0.5578241039170772
cluster,14.008435312946304,101961288000000.0,0.2556316683708219,-0.5923853455576172
cluster,13.829422840054592,67518508500000.0,0.27867598494819,-0.5549004552330867
cluster,13.836239796781976,68586682500000.0,0.2779799495867375,-0.5559865281749959
cluster,13.859926969539929,72431415000000.0,0.275457181646394,-0.5599459003328042
cluster,13.35345288057388,22565911500000.0,0.3008315963023423,-0.5216765517934425
cluster,13.717253080247218,52149852000000.0,0.2883255964347233,-0.5401168009107621
cluster,13.859343529524041,72334174500000.0,0.2755212913657543,-0.5598448346874334
cluster,13.599555896750156,39770028000000.0,0.2951740738863712,-0.5299217906923369
cluster,13.83316308676842,68102505000000.0,0.2782957320400046,-0.5554934539810416
cluster,13.930743570958317,85259655000000.0,0.2669033269328293,-0.573646012725927
cluster,13.658440358365128,45544963500000.0,0.2921340124447015,-0.534417876244127
cluster,13.868170772754892,73819444500000.0,0.2745405346782807,-0.5613935248478994
cluster,13.947921414080193,88699549500000.0,0.2645879978254453,-0.5774298600593332
cluster,14.081417680495354,120619543499999.98,0.2430551670369722,-0.6142951419550337
cluster,13.759938959957816,57535906500000.0,0.2850401618194618,-0.5450939441046995
cluster,13.775734322577117,59667016500000.0,0.2837070162649804,-0.5471299236772337
cluster,13.941169644074005,87331243500000.0,0.2655096557072348,-0.5759196804427019
cluster,13.960778653568278,91364746500000.0,0.2627907356645734,-0.5803899493126911
cluster,14.161967684152915,145200357000000.0,0.2266952613734223,-0.6445575578659095
cluster,14.040005041632572,109649092499999.98,0.2504395751725362,-0.6012970415918396
cluster,13.875204878200373,75024805500000.0,0.2737423321295464,-0.5626580371215636
cluster,13.97599893685626,94623484500000.0,0.2605905362990221,-0.5840413603338827
cluster,13.883119199465467,76404546000000.0,0.2728263721089509,-0.5641136519487528
cluster,13.794258378004487,62267062500000.0,0.2820598096827895,-0.5496587914641324
cluster,14.057922199383585,114267361500000.0,0.2473263702153316,-0.6067295762046249
cluster,13.886249842091258,76957303500000.0,0.2724587812357582,-0.564699190399706
cluster,13.459559116296855,28811052000000.0,0.2996551156042744,-0.5233783037851368
cluster,13.945639964685876,88234812000000.0,0.2649011238330717,-0.5769161992208275
cluster,13.585578909208916,38510478000000.0,0.2957890502869684,-0.5290179070394855
cluster,13.797199700396668,62690206500000.0,0.281789796391961,-0.5500747367443907
cluster,13.890723376994446,77754114000000.0,0.271928292821172,-0.5655456038252721
cluster,13.805529086382316,63904153500000.01,0.2810123997305185,-0.5512745163378758
cluster,13.689165531618368,48883864500000.0,0.2902448049642683,-0.5372355448729127
cluster,13.959368324000993,91068529500000.0,0.2629906026297397,-0.5800597697572544
cluster,13.92180230223845,83522272500000.0,0.2680702852439502,-0.5717513235396646
cluster,13.849608941669729,70730860500000.0,0.2765761710458069,-0.5581852400947939
cluster,13.909172613881829,81128344500000.0,0.2696748516032848,-0.569159551578849
cluster,13.824364792908161,66736710000000.0,0.2791839067174587,-0.5541096198069102
cluster,13.504629075901189,31961641500000.004,0.2986037556131382,-0.5249047343477482
cluster,13.698434067089062,49938336000000.0,0.289632168288355,-0.5381532044421845
cluster,13.705048598658074,50704744500000.0,0.2891825746262044,-0.5388278800209577
cluster,13.776953901788612,59834808000000.0,0.2836013706071484,-0.5472916745972819
cluster,13.382130593033086,24106302000000.0,0.3006825724098484,-0.5218917429190133
cluster,13.965864477519128,92440966500000.0,0.2620643733168624,-0.5815920157705312
cluster,13.857492368801125,72026509500000.0,0.2757240355864632,-0.5595253736563577
cluster,13.987945209529537,97262451000000.0,0.2588074651844497,-0.5870232007944727
cluster,13.953309969006146,89806954500000.0,0.2638415219391675,-0.5786568565150664
cluster,13.764446521721776,58136184000000.01,0.2846663294085548,-0.5456638985602489
cluster,13.810930052294491,64703839500000.0,0.2804981605873726,-0.5520699823556747
cluster,13.902324566443015,79859128500000.0,0.2705237169235728,-0.5677946541155857
cluster,14.162118350651392,145250739000000.0,0.2266620525165005,-0.64462118283851
cluster,13.62500155672609,42169801500000.0,0.2939511528817152,-0.5317248321607803
cluster,14.037532660004,109026648000000.0,0.2508595771263741,-0.6005693141549039
cluster,14.160133701196774,144588483000000.0,0.2270986869772678,-0.6437853767453713
cluster,13.721577290261068,52671694500000.0,0.28801332733031,-0.5405874155321044
cluster,13.5202010708866,33128446500000.0,0.2981575067769951,-0.5255542518530911
cluster,13.917166364898259,82635444000000.0,0.2686651867475619,-0.5707886051818337
cluster,14.013731367685759,103212279000000.0,0.2547862681664192,-0.5938239822246577
cluster,13.703125936312329,50480766000000.0,0.2893143294063031,-0.5386300557126451
cluster,13.72816459542671,53476699500000.0,0.2875288567388175,-0.541318562475103
cluster,13.6663192968677,46378777500000.0,0.2916699978790276,-0.5351082415183159
cluster,13.618303721500265,41524434000000.0,0.2942861911907288,-0.531230115849308
cluster,13.884112483907987,76579492500000.0,0.2727100682970138,-0.5642988278628541
cluster,13.679875883730654,47849332500000.0,0.2908387577812296,-0.5363477189652835
cluster,13.913229086519673,81889663500000.0,0.2691650325504794,-0.5699813603349635
cluster,13.91874298603387,82935981000000.0,0.2684636423075068,-0.5711145219360548
cluster,13.486211710795239,30634564500000.0,0.2990758036672785,-0.5242187215686591
cluster,13.729515073803727,53643249000000.0,0.2874282182027897,-0.5414705973424521
cluster,13.478871491167716,30121146000000.004,0.2992474428444071,-0.5239695520771352
cluster,13.714556518793884,51827053500000.0,0.2885180300518467,-0.5398270417548584
cluster,14.190547346082306,155076984000000.0,0.2202131063268448,-0.6571568368808925
cluster,14.017107933409337,104017864500000.0,0.2542419379812096,-0.5947528096767462
cluster,13.929661151043272,85047421500000.0,0.2670459774097926,-0.5734139595480088
cluster,13.907677131622044,80849461500000.0,0.2698614891939014,-0.5688590873734765
cluster,13.756871628212826,57130974000000.0,0.2852915571853232,-0.5447110805058412
cluster,13.840963941617733,69336823500000.0,0.2774898019772609,-0.5567529729967462
cluster,13.728846653771733,53560750500000.0,0.2874780854673363,-0.5413952560990659
cluster,13.972469581326829,93857629500000.0,0.261107818949169,-0.5831801229084425
cluster,13.896337710415567,78765804000000.0,0.2712537822355328,-0.5666241975026057
cluster,13.947179874644986,88548228000000.0,0.2646899633725566,-0.5772625261506916
cluster,13.972057042827783,93768516000000.0,0.2611680021354132,-0.5830800331675442
cluster,13.863604881467435,73047420000000.0,0.2750507233198062,-0.560587208618642
cluster,13.87083856747577,74274300000000.0,0.2742395538372896,-0.5618699063137832
cluster,13.863474274587999,73025455500000.0,0.2750652258622437,-0.560564310267249
cluster,13.933447956602452,85792230000000.0,0.2665452500969759,-0.5742290523063522
cluster,13.802267210230566,63425983500000.0,0.2813190914873749,-0.5508007937990016
cluster,14.17166391074464,148478616000000.03,0.2245374330559168,-0.6487112465785413
cluster,13.884697243080792,76682673000000.0,0.2726414577181798,-0.564408104887025
cluster,13.86077226657095,72572530500000.0,0.2753641198658308,-0.5600926492622602
cluster,13.965422758522676,92346993000000.0,0.2621278097902247,-0.5814869012291283
cluster,13.843429739250194,69731617500000.0,0.2772314149337134,-0.5571575584782555
cluster,13.762849671294562,57922816500000.0,0.284799363671851,-0.5454609853796775
cluster,13.650237330808027,44692776000000.0,0.2926024088325004,-0.5337221028916492
cluster,13.654056569513363,45087543000000.0,0.2923861840373956,-0.5340431527062464
cluster,13.867700332786074,73739524500000.0,0.2745933887226385,-0.5613099233113578
cluster,13.641092120371102,43761492000000.0,0.293107131070176,-0.5329736153836266
cluster,13.911183431175463,81504846000000.0,0.2694227839306392,-0.5695656806362154
cluster,13.874336342374972,74874915000000.0,0.2738416959449364,-0.562500424207432
cluster,13.900588251159101,79540488000000.0,0.2707366040963024,-0.5674530228318521
cluster,13.689110117270001,48877627500000.0,0.2902484073308957,-0.5372301546705297
cluster,13.350039817295315,22389264000000.0,0.3008414535966086,-0.521662321578187
cluster,13.843824479594518,69795027000000.0,0.2771898876491806,-0.5572226175604759
cluster,13.914644950379177,82157071500000.0,0.268985855007521,-0.5702705573719372
cluster,13.84510958278777,70001860500000.01,0.2770543804887376,-0.5574349788480688
cluster,13.834959431867787,68384776500000.0,0.2781116901525495,-0.5557807556089054
cluster,13.88338845916696,76451931000000.0,0.2727948742339963,-0.5641637942531127
cluster,13.824332725623659,66731782499999.99,0.279187103834129,-0.5541046464465398
cluster,13.875560848884042,75086325000000.02,0.2737015419113249,-0.5627227559633008
cluster,13.917844895941071,82764652500000.0,0.2685785455639917,-0.5709286823423226
cluster,13.350576571577742,22416952500000.0,0.3008400126632877,-0.5216644017133587
cluster,14.022449528606415,105305130000000.0,0.253372291676918,-0.5962408804935319
cluster,13.89874585943676,79203771000000.0,0.2709614661867588,-0.5670924663667622
cluster,13.87501314089707,74991690000000.0,0.2737642871973081,-0.5626232066210829
cluster,13.690166210176773,48996630000000.0,0.2901796298793624,-0.537333077568478
cluster,13.896941483840513,78875383500000.0,0.27118066207676,-0.5667412832887178
cluster,13.795317029303389,62419032000000.0,0.2819628951379413,-0.5498080388334252
cluster,13.873688994102286,74763391500000.0,0.2739156070244067,-0.5623832220305326
cluster,13.902238220088323,79843252500000.0,0.2705343260410343,-0.5677776227407383
cluster,13.79514538657222,62394367500000.0,0.2819786287974121,-0.5497838056773263
cluster,13.52471889910026,33474870000000.004,0.2980198025923441,-0.5257548772967388
cluster,13.91523030327049,82267879500000.0,0.2689115919503178,-0.5703904762759586
cluster,13.854797327468503,71580928500000.0,0.2760173988672165,-0.559063541145422
cluster,14.049634445149742,112107442500000.0,0.248781674339185,-0.6041816136375235
cluster,13.933019668511314,85707666000000.0,0.2666021172058166,-0.5741364059831042
cluster,13.546289181155581,35179461000000.0,0.2973102178750557,-0.5267901648263503
cluster,13.676971300149585,47530381500000.0,0.2910203848039571,-0.5360765893721434
cluster,13.900237320762816,79476241500000.0,0.2707795165673047,-0.5673841914575347
cluster,13.699223714537634,50029218000000.0,0.2895790401897746,-0.5382328756908566
cluster,13.909310479160121,81154102500000.0,0.2696576102811756,-0.569187318537393
cluster,13.924229502203602,83990371500000.0,0.2677560606372443,-0.5722606901636209
cluster,14.013158565930574,103076239500000.0,0.2548781955334299,-0.5936673162159203
cluster,13.896155528431896,78732769500000.0,0.2712758231737791,-0.5665889099984174
cluster,13.911184078581634,81504967500000.0,0.2694227025680851,-0.5695658117881287
cluster,13.998857128222776,99737190000000.0,0.2571348753046749,-0.589839015830149
cluster,14.21848336443021,165380143500000.0,0.2135127372004364,-0.6705762118292936
cluster,13.487278706310851,30709921500000.0,0.2990500777824736,-0.5242560802925206
cluster,13.989993446692964,97722247500000.0,0.2584967251052958,-0.5875449546114629
cluster,14.005613398150903,101300922000000.0,0.2560779740126075,-0.5916277748160702
cluster,14.01929013967616,104541840000000.0,0.2538879277325504,-0.5953579491608771
cluster,13.926476576080269,84426070500000.0,0.26746345887837,-0.5727355433305951
cluster,13.991008716746942,97950964500000.0,0.2583421485063759,-0.5878047329268006
cluster,13.630895842097788,42746035500000.0,0.2936484255078271,-0.5321723234268326
cluster,13.712079366287751,51532281000000.0,0.2886932585592429,-0.5395633574587483
cluster,13.56392520912028,36637447500000.0,0.296664630629664,-0.5277342286680177
cluster,14.16082492350897,144818793000000.0,0.2269468124299501,-0.6440759127396171
cluster,13.825465767238793,66906108000000.0,0.2790739635763307,-0.5542806794647245
cluster,13.91244461661453,81741879000000.0,0.2692640325037581,-0.569821654491826
cluster,13.438118313147056,27423211500000.0,0.3000349265667151,-0.5228281868393477
cluster,14.021884940513615,105168321000000.0,0.2534647065193316,-0.5960825050919972
cluster,13.974856545873621,94374909000000.0,0.2607584431944099,-0.583761620491551
cluster,13.768115797886296,58629447000000.0,0.2843581355160036,-0.5461343420235085
cluster,13.88310193353326,76401508500000.0,0.2728283911143191,-0.5641104380378721
cluster,13.924031558993681,83952099000000.0,0.2677817574898946,-0.5722190124298022
cluster,13.734190406166643,54223856999999.99,0.2870763299173547,-0.5420026145744206
cluster,13.88462506107908,76669929000000.0,0.2726499325885484,-0.5643946053544754
cluster,13.923776299039147,83902770000000.0,0.2678148764851288,-0.5721653026191637
cluster,13.812999234896314,65012854500000.0,0.2802990159764766,-0.5523784268802291
cluster,13.80322436773217,63565924499999.99,0.2812293983367014,-0.5509392822722149
cluster,13.97754983902321,94961997000000.0,0.2603618631373122,-0.5844226293280398
cluster,13.885625668949073,76846779000000.0,0.272532309281258,-0.564582003806475
cluster,13.862248655797817,72819661500000.0,0.2752010712605409,-0.5603498798782557
cluster,13.90801268401629,80911953000000.0,0.2698196734467977,-0.5689263876593389
cluster,13.92568383182203,84272103000000.0,0.2675668722461406,-0.572567658061576
cluster,14.035474962496629,108511299000000.0,0.2512073783917498,-0.5999676087733665
cluster,13.845911712853265,70131271500000.0,0.2769695577049541,-0.5575679625142432
cluster,13.920497214474864,83271658500000.0,0.2682384570426291,-0.5714789577144855
cluster,14.046195093143234,111223125000000.0,0.2493778797517936,-0.6031420718189329
cluster,13.84356592612688,69753487500000.0,0.2772170929582791,-0.5571799950248921
cluster,13.720264278306898,52512691500000.0,0.2881086261954401,-0.5404437384117246
cluster,13.857859166165834,72087367500000.0,0.275683943254961,-0.5595885279052509
cluster,13.905868927411698,80513541000000.0,0.2700862116868228,-0.5684975866425309
cluster,13.685554132120691,48479053500000.0,0.2904780810906593,-0.5368866330516863
cluster,13.864189281366857,73145780999999.98,0.2749857696406377,-0.5606897800841151
cluster,13.848421393173039,70537716000000.0,0.2767029602221078,-0.557986194667325
cluster,13.523383289023325,33372081000000.0,0.2980609014592937,-0.5256949893955347
cluster,13.835164033343684,68417001000000.0,0.2780906695634413,-0.5558135822436757
cluster,14.028862102083746,106871548500000.0,0.2523143711141119,-0.5980580125905866
cluster,13.818284690994385,65808909000000.0,0.2797849319402264,-0.5531756785197638
cluster,13.509520133586696,32323630500000.0,0.298468297148141,-0.5251017921889672
cluster,13.413141838305656,25890583500000.0,0.3003839068519291,-0.5223233384875213
cluster,13.89000523858431,77625648000000.0,0.2720138674154921,-0.565408954831582
cluster,13.489978422781473,30901419000000.004,0.2989841016042237,-0.5243519045489089
cluster,13.674340014548102,47243277000000.0,0.2911832545704913,-0.5358336041417664
cluster,13.958018953409791,90786015000000.0,0.2631811998123897,-0.5797451375100401
cluster,13.921583303987239,83480166000000.0,0.2680985433155769,-0.5717055457027805
cluster,13.724777149346487,53061210000000.0,0.2877793180162529,-0.5409404209420405
cluster,13.747297707079396,55885315500000.0,0.2860607639397619,-0.5435417058892571
cluster,13.852285527078473,71168125500000.0,0.2762888952538679,-0.5586365701210769
cluster,13.972969713899142,93965778000000.0,0.2610347783811922,-0.5833016265589644
cluster,13.852496867967515,71202766500000.0,0.2762661229950097,-0.5586723669776489
cluster,14.057377723356476,114124194000000.0,0.2474227910218389,-0.6065602984048112
cluster,13.903378940965254,80053245000000.0,0.2703939804846209,-0.568002980893907
cluster,13.534579079321443,34243573500000.0,0.2977062075207101,-0.5262121097137581
cluster,13.894890433228234,78503755500000.0,0.2714285938598003,-0.5663444031707386
cluster,13.70030451052943,50153877000000.0,0.2895060845205173,-0.5383423043167965
cluster,13.868751047836195,73918143000000.02,0.2744752494366123,-0.561496811569922
cluster,13.792922475637896,62075821500000.0,0.2821816734011594,-0.549471195398115
cluster,13.679940329693537,47856433500000.0,0.2908347059358004,-0.5363537694187466
cluster,13.73703750982868,54580500000000.0,0.286859386873402,-0.5423309341705244
cluster,14.160968540213519,144866691000000.03,0.226915230545377,-0.6441363533004996
cluster,13.718405261466522,52288389000000.0,0.2882428367463197,-0.5402414767486198
cluster,13.904639666917726,80285971500000.0,0.270238395161296,-0.5682529468681784
cluster,13.816035299417035,65468938500000.0,0.2800046666122056,-0.5528347305612042
cluster,13.817642137709878,65711614500000.0,0.2798478445205568,-0.553078033822226
cluster,13.808709089042523,64373791500000.0,0.2807105964510116,-0.5517411930180665
cluster,13.852629253663116,71224474500000.0,0.276251851601817,-0.5586948024009256
cluster,13.693087811015815,49327353000000.0,0.2899880056343247,-0.5376199648408828
cluster,13.935674472275814,86233194000000.0,0.2662486509476291,-0.5747125840695806
cluster,14.148110868004537,140640651000000.0,0.2297066176707651,-0.6388264929351576
cluster,13.784677832914712,60908489999999.99,0.2829231553547095,-0.5483315070101433
cluster,13.987957084516976,97265110500000.0,0.2588056678807172,-0.5870262167886331
cluster,13.919236706472855,83030319000000.0,0.2684003646966569,-0.5712168983926206
cluster,13.89239668304898,78054273000000.0,0.2717282812184772,-0.5658651582772326
cluster,13.594253172527507,39287389500000.0,0.2954120577150667,-0.5295717822392139
cluster,13.850544191556992,70883343000000.0,0.2764760292410445,-0.5583425165098191
cluster,13.722677325137319,52805277000000.0,0.2879331627696995,-0.5407083122721337
cluster,14.00457355469666,101058664500000.0,0.2562417077670952,-0.5913501799040446
cluster,13.839925090248736,69171164999999.99,0.2775981367368844,-0.5565834532301697
cluster,13.315273783036044,20666826000000.0,0.3008495980435673,-0.5216505644202141
cluster,13.396089974834775,24893730000000.0,0.3005661998469766,-0.5220598595617852
cluster,13.863954525073503,73106253000000.0,0.2750118740556311,-0.5606485544406113
cluster,13.825969172030735,66983706000000.0,0.2790235797955984,-0.554359093707069
cluster,13.645323559306995,44189955000000.0,0.2928758744894201,-0.5333164016459834
cluster,13.854534736324558,71537661000000.0,0.2760458685279178,-0.5590187483932669
cluster,13.952688868163989,89678610000000.0,0.2639280591518651,-0.578514435899566
cluster,13.86615845858592,73478191500000.0,0.2747661551251393,-0.5610367634160642
cluster,13.817662569254882,65714706000000.0,0.2798458458354724,-0.5530811355827717
cluster,13.665915212851708,46335645000000.0,0.2916941348124403,-0.5350723032889674
cluster,13.700231558960876,50145453000000.0,0.2895110175772938,-0.5383349041922432
cluster,13.6558020330094,45269118000000.0,0.2922862902586815,-0.5341915548260703
cluster,13.85524185462693,71654233500000.0,0.2759691578707879,-0.5591394516847207
cluster,13.868906640184855,73944630000000.0,0.274457727010735,-0.5615245376975083
cluster,13.764504304349563,58143919500000.0,0.2846615031404169,-0.5456712617049986
cluster,13.863838783933652,73086772500000.0,0.275024738198671,-0.5606282400607566
cluster,13.352290470301662,22505593500000.0,0.3008351387971352,-0.5216714377133347
cluster,13.961104007443588,91433218500000.0,0.2627445318471998,-0.5804663135996205
cluster,13.434502333723007,27195831000000.0,0.3000915990567953,-0.5227461623037213
cluster,13.819559046752873,66002296499999.99,0.2796598182636391,-0.5533699289090598
cluster,13.821118848589258,66239775000000.0,0.2795060617368641,-0.5536087689928573
cluster,13.781064207000528,60403792500000.0,0.2832424254644991,-0.5478416953143656
cluster,14.073439372238044,118423903500000.0,0.2445299031274554,-0.6116680241921031
cluster,13.966275460763342,92528487000000.0,0.2620052909939786,-0.5816899383509152
cluster,13.944923602601142,88089390000000.0,0.2649990862607495,-0.5767556235446961
cluster,13.927550950411183,84635185500000.0,0.2673229818973535,-0.572963703113422
cluster,13.980923523346576,95702553000000.0,0.259861542174839,-0.5852579885139468
cluster,13.47514146914177,29863552500000.0,0.2993311131238035,-0.5238481393051089
cluster,13.842932883652226,69651886499999.99,0.2772836208661106,-0.5570757834245025
cluster,13.879011341617547,75685265999999.98,0.2733041671173673,-0.5633537464914551
cluster,13.760093822104247,57556426500000.0,0.2850274053442056,-0.5451133806316388
cluster,13.311772874263822,20500897500000.0,0.3008413038972075,-0.5216625376841766
cluster,13.997286456771551,99377131500000.0,0.2573782368025811,-0.5894281786287516
cluster,13.975729260384554,94564746000000.0,0.2606302136926779,-0.5839752398919986
cluster,13.87761962048745,75443116500000.0,0.2734648782112183,-0.5630984432922472
cluster,13.60754809702457,40508680500000.0,0.294804489077424,-0.5304659076287576
cluster,13.949388584206162,88999708500000.0,0.264385713563609,-0.5777620162367848
cluster,13.540646606712674,34725348000000.0,0.2975042457586983,-0.5265068319642832
cluster,13.374471793805824,23684913000000.0,0.3007340964064505,-0.5218173299915876
cluster,13.362461947065922,23038911000000.0,0.3007976079092883,-0.5217256217902594
cluster,14.038087484942466,109166022000000.02,0.250765525428086,-0.60073216937826
cluster,13.744425211529613,55516900500000.0,0.2862870170260558,-0.5431983465707549
cluster,13.723464370152309,52901059500000.0,0.2878756258483206,-0.5407951048603596
cluster,13.57255005883234,37372320000000.0,0.2963269721888025,-0.5282288164928236
cluster,13.999929731982936,99983821500000.0,0.256968178373496,-0.5901206541490828
cluster,13.77796491979952,59974263000000.0,0.2835134942955757,-0.5474262653120502
cluster,13.848798420345396,70598979000000.0,0.2766627512485214,-0.5580493085720007
cluster,13.825136416856104,66855388500000.01,0.279106888268903,-0.554229445129932
cluster,13.896838819030943,78856740000000.0,0.2711931033308651,-0.5667213591391687
cluster,13.775776376498559,59672794500000.01,0.283703379876875,-0.5471354902417485
cluster,13.418743309038229,26226679500000.0,0.3003142125134216,-0.5224241141210508
cluster,13.182157095377697,15210976500000.0,0.2994577603839727,-0.5236644277850948
cluster,13.887089956633712,77106316500000.0,0.272359626499385,-0.5648572700634086
cluster,13.29276434151862,19622952000000.0,0.3007680131694016,-0.5217683530627463
cluster,13.507611600034712,32181894000000.0,0.298521663747824,-0.5250241465957742
cluster,13.74084967502552,55061707500000.0,0.2865657430724621,-0.5427757276993769
cluster,13.386004194520819,24322275000000.0,0.3006532050650119,-0.5219341620675109
cluster,13.76596969277612,58340438999999.99,0.2845388179358388,-0.5458584770181727
cluster,13.638188561196994,43469892000000.0,0.2932635620005059,-0.5327418947596056
cluster,13.666135450476471,46359148500000.0,0.2916809840404413,-0.5350918835128348
cluster,13.863259695426358,72989383500000.02,0.2750890416511358,-0.5605267096656896
cluster,13.704884951773492,50685642000000.0,0.2891938231552309,-0.5388109873050547
cluster,13.944364895752393,87976138500000.0,0.2650753710021357,-0.5766306220774032
cluster,13.71494934002255,51873952500000.0,0.288490106730234,-0.5398690756317805
cluster,13.687573935563861,48705043500000.0,0.2903479866275843,-0.537081181166947
cluster,13.953006095321957,89744139000000.0,0.2638838764744386,-0.5785871447253871
cluster,13.65562002798787,45250150500000.0,0.2922967380750422,-0.5341760311834944
cluster,13.785513709114147,61025831999999.99,0.2828488093775455,-0.5484456450368841
cluster,13.551891960431792,35636247000000.0,0.297111585743577,-0.5270804127321829
cluster,13.837304545385562,68755040999999.99,0.277870037094758,-0.5561582809519134
cluster,13.74184901129301,55188553499999.99,0.2864881644466029,-0.5428933151336062
cluster,13.889024901483818,77450620500000.0,0.2721304294602255,-0.5652228929583178
cluster,13.750181864727532,56257686000000.0,0.2858314930501776,-0.5438899221356737
cluster,13.789016513867518,61520026499999.99,0.2825352271104277,-0.548927395682136
cluster,13.765879940654978,58328383500000.0,0.2845463481731823,-0.5458469836926718
cluster,13.596805006939514,39518914500000.0,0.2952982488487943,-0.5297391284414931
cluster,13.492639209547624,31091323500000.0,0.2989178323319907,-0.5244481757858286
cluster,13.814936431701833,65303496000000.0,0.2801114985789032,-0.5526690630190992
cluster,13.824262345008234,66720969000000.01,0.2791941197848734,-0.5540937327962777
cluster,13.799623121172292,63041004000000.0,0.2815655642746899,-0.5504204608934387
cluster,13.924294835077031,84003007500000.0,0.2677475763903096,-0.5722744516448598
cluster,13.99562315262906,98997255000000.0,0.25763499167539,-0.5889951519508533
cluster,13.819142946024364,65939089500000.0,0.2797007200985496,-0.5533064155218443
cluster,13.81249139498542,64936876500000.01,0.2803480018339351,-0.5523025349661946
cluster,13.701099285626288,50245744500000.0,0.2894522594168489,-0.5384230560524721
cluster,13.48771758829132,30740971500000.0,0.2990394386649791,-0.5242715311903999
cluster,13.633250763944625,42978451500000.0,0.2935253995998989,-0.5323543120354577
cluster,13.841879245705886,69483109500000.0,0.2773940934692619,-0.5569027905627216
cluster,13.495887454175971,31324738500000.0,0.2988352500759731,-0.5245681752283251
cluster,13.46409732794908,29113695000000.0,0.2995649746074447,-0.5235089660858546
cluster,13.371195396757443,23506902000000.0,0.3007535049518609,-0.521789302733312
cluster,13.828114785630369,67315455000000.0,0.2788080312836741,-0.554694720201197
cluster,13.459949859059128,28836985500000.0,0.2996474898827787,-0.5233893559939408
cluster,13.931333458522523,85375539000000.0,0.2668254258404791,-0.5737727887881361
cluster,13.590329777479473,38934067500000.0,0.2955844558408665,-0.5293184083016976
cluster,13.74222311726863,55236114000000.0,0.2864590580932885,-0.5429374404147712
cluster,13.633329741991593,42986268000000.0,0.2935212529782385,-0.5323604473396887
cluster,13.914380898367778,82107135000000.0,0.2690193192286699,-0.5702165306550918
cluster,13.386125186645982,24329052000000.0,0.3006522517724805,-0.5219355391036954
cluster,13.966897249964365,92661057000000.0,0.2619157937027947,-0.5818383125287059
cluster,13.855144392313269,71638155000000.02,0.2759797396490674,-0.5591227993897828
cluster,13.31110315023378,20469307500000.0,0.3008395310040555,-0.5216650970401282
cluster,13.85948964533643,72358515000000.0,0.2755052452720984,-0.5598701283147616
cluster,13.84827408255303,70513794000000.0,0.2767186592754552,-0.5579615551808955
cluster,13.618814117948853,41573263500000.0,0.2942609937225314,-0.5312673027450515
cluster,13.81976810194574,66034075500000.0,0.2796392502977812,-0.5534018708684951
cluster,13.818274712697978,65807396999999.99,0.2797859097990768,-0.553174160646883
cluster,13.826870915437928,67122931500000.0,0.278933149070224,-0.5544998700911027
cluster,14.007768871487162,101804944500000.0,0.2557373304170147,-0.5922058726354418
cluster,13.603302487674965,40114602000000.0,0.295002458223805,-0.5301743650774786
cluster,13.905543155359938,80453169000000.0,0.270126588864412,-0.5684326656134973
cluster,13.621997122156374,41879079000000.0,0.2941026140487505,-0.5315011153708549
cluster,13.705149416072757,50716516500000.0,0.2891756416047447,-0.5388382921595892
cluster,13.837792802078733,68832382500000.0,0.2778195263922957,-0.556237233377362
cluster,13.751283181250164,56400529500000.0,0.2857433891403778,-0.5440238085024662
cluster,13.512504498891067,32546515500000.0,0.2983835359010582,-0.5252251438822901
cluster,13.610961509980786,40828320000000.0,0.2946426165031639,-0.5307044374879232
cluster,13.705649688307348,50774971500000.0,0.28914120300356,-0.5388900163817559
cluster,14.07282250552249,118255815000000.02,0.2446428759781613,-0.6114674264130179
cluster,13.580320835040375,38047036500000.0,0.2960102057480264,-0.5286933152125379
cluster,14.003152345138412,100728495000000.0,0.2564648616233583,-0.5909721293765253
cluster,13.702188931724503,50371969500000.0,0.2893782212898625,-0.5385341571476899
cluster,13.651720323129988,44845650000000.0,0.2925188324773565,-0.5338461686323568
cluster,13.80275805621155,63497709000000.01,0.2812731266482312,-0.5508717591462019
cluster,13.964498716340621,92150716500000.0,0.262260298496036,-0.5812674488267437
cluster,13.637122690684192,43363336500000.0,0.2933205277946814,-0.5326575422155261
cluster,13.733897071076738,54187245000000.0,0.287098566924414,-0.5419689753139171
cluster,14.03146818270676,107514783000000.0,0.2518800643517019,-0.5988062044140217
cluster,13.890373134775404,77691433500000.0,0.2719700481483372,-0.5654789218487055
cluster,13.971030841728926,93547210500000.0,0.2613174551029737,-0.582831579933156
cluster,13.914524615683035,82134310500000.0,0.2690011081944696,-0.5702459308460989
cluster,13.756120391208949,57032235000000.0,0.2853527597963968,-0.5446179228047013
cluster,13.918506807923103,82890891000000.0,0.2684938844051261,-0.5710656019545749
cluster,13.394380979635182,24795963000000.0,0.3005820210183313,-0.5220369998171176
cluster,13.745114805757167,55605123000000.0,0.2862328907781979,-0.5432804632989958
cluster,13.796966484977643,62656550999999.99,0.2818112910576992,-0.5500416104253226
cluster,14.247616600980717,176854698000000.0,0.2061270225730894,-0.6858650699137198
cluster,13.961161073195736,91445233500000.0,0.2627364241793513,-0.5804797150954031
cluster,13.99766523075759,99463842000000.0,0.2573196297412049,-0.5895270821802163
cluster,13.457807341492927,28695073500000.0,0.2996889904111885,-0.5233292113135956
cluster,13.582567159149452,38244339000000.0,0.2959164014014324,-0.5288309630558796
cluster,13.773378608953132,59344245000000.01,0.2839099716184473,-0.546819353712905
cluster,13.738746828026443,54795744000000.01,0.2867281704757408,-0.5425296363833023
cluster,13.836499415640821,68627695500000.0,0.2779531794336616,-0.5560283538161123
cluster,13.754762014387527,56854129500000.0,0.2854630588185189,-0.5444500849288015
cluster,13.643844618138928,44039727000000.0,0.2929571457479779,-0.533195904309247
cluster,13.316246884097323,20713185000000.0,0.3008516124206268,-0.521647656555559
cluster,13.487527587755052,30727525500000.0,0.2990440486564909,-0.5242648361589614
cluster,13.787950111621624,61369150500000.0,0.2826310423585005,-0.548780139781822
cluster,13.858131378782044,72132565500000.0,0.2756541637435767,-0.5596354431368171
cluster,13.9049144504036,80336785500000.0,0.2702044180050442,-0.5683075542794747
cluster,13.500881459641496,31687024500000.0,0.2987046580279474,-0.5247580049149178
cluster,13.997990666436113,99538402500000.0,0.2572692347368528,-0.5896121453204682
cluster,13.710951209530966,51398590500000.0,0.2887725723029163,-0.5394440585510307
cluster,13.961258772871595,91465807500000.0,0.2627225408424868,-0.5805026643911365
cluster,13.675237831084397,47341044000000.0,0.2911278598336846,-0.5359162322352343
cluster,13.477065704902941,29996163000000.004,0.2992882468826577,-0.5239103376677585
cluster,13.952305193524714,89599419000000.0,0.2639814513376324,-0.5784265877692565
cluster,13.525077449198323,33502518000000.0,0.2980087136663458,-0.5257710371254735
cluster,13.713022655951656,51644331000000.0,0.2886267066115423,-0.5396634861413437
cluster,13.890355022824064,77688193500000.0,0.271972206397819,-0.5654754754687537
cluster,13.04744103599908,11154267000000.0,0.2960899257984341,-0.5285763688504155
cluster,13.881295505967696,76084380000000.0,0.2730391246117777,-0.5637751171147234
cluster,13.873692601425976,74764012500000.0,0.2739151955077916,-0.5623838744925495
cluster,13.687833511539417,48734163000000.0,0.2903311987781958,-0.5371062926933724
cluster,13.65686262057593,45379804500000.0,0.2922252618603148,-0.5342822435272612
cluster,13.776949198433533,59834159999999.99,0.283601778786442,-0.5472910495301785
cluster,13.589428783316697,38853378000000.0,0.295623606481721,-0.5292608891019623
cluster,13.781898922939174,60520000500000.0,0.2831689849836976,-0.5479543159118706
cluster,13.578686017286183,37904085000000.0,0.2960778419065572,-0.5285940934475616
cluster,14.116774417332648,130850208000000.0,0.2362100493868619,-0.62670162958271
cluster,13.656683256855308,45361066500000.0,0.2922356003899856,-0.5342668790548816
cluster,14.083190552075688,121112941500000.02,0.2427240218462433,-0.6148872404006224
cluster,13.659864086357002,45694516500000.0,0.2920511939172911,-0.5345410140069561
cluster,13.360272221707001,22923040500000.0,0.3008069379822781,-0.5217121511499752
cluster,13.91698859905186,82601626500000.0,0.2686878611977272,-0.5707519537154264
cluster,13.912469432921569,81746550000000.0,0.2692609036876909,-0.5698267009714282
cluster,13.380730835545886,24028731000000.0,0.3006926362011768,-0.5218772074044834
cluster,13.810873053302927,64695348000000.0,0.2805036295861913,-0.5520615148033418
cluster,13.818458383528332,65835234000000.0,0.279767905864976,-0.5532021079470937
cluster,13.781313490383303,60438474000000.01,0.2832205122187352,-0.5478752961065358
cluster,13.769336487180027,58794471000000.01,0.2842548298580333,-0.5462921473513206
cluster,13.798182822736667,62832280500000.0,0.2816990231991947,-0.5502146589422889
cluster,13.815537454684945,65393932499999.99,0.2800531087097868,-0.5527596021132091
cluster,14.022539937128748,105327054000000.0,0.2533574821971747,-0.5962662655238412
cluster,13.778474722707456,60044706000000.0,0.2834690806128097,-0.5474943048541432
cluster,13.959732818300502,91144993500000.0,0.2629390124071456,-0.5801449725997034
cluster,13.853179357999114,71314749000000.02,0.2761924944857872,-0.5587881275231219
cluster,13.605727587942269,40339228500000.0,0.294889834027712,-0.5303401989699663
cluster,14.178625329892327,150877795500000.0,0.2229621518671351,-0.6517688527827645
cluster,13.472862048999508,29707222500000.0,0.29938107414507,-0.523775657747666
cluster,14.054226308615759,113299060500000.0,0.2479786232279484,-0.6055857555216982
cluster,13.690904129316879,49079952000000.0,0.290131418930757,-0.5374052380039471
cluster,13.952624139481076,89665245000000.0,0.2639370702645144,-0.578499608337442
cluster,13.879067035536861,75694972500000.0,0.2732977235477054,-0.5633639857782042
cluster,13.783155724225608,60695392500000.01,0.2830580594162578,-0.5481244750836509
cluster,13.904129791245524,80191768500000.0,0.2703013787170175,-0.568151739104583
cluster,13.742909431745629,55323472500000.01,0.2864055697835096,-0.5430185404747868
cluster,13.884976223808863,76731948000000.0,0.2726086876715519,-0.5644603079008516
cluster,13.833037032053204,68082741000000.0,0.2783086122284253,-0.5554733542645531
cluster,13.961911783110708,91603440000000.0,0.262629663379973,-0.5806562229735845
cluster,14.297432748909545,198350248500000.0,0.1925108302126027,-0.7155448330683913
cluster,13.84853134477312,70555576500000.0,0.2766912384432095,-0.5580045927781352
cluster,13.466102284246643,29248411500000.0,0.2995240508028354,-0.5235682994463207
cluster,13.777954557307565,59972832000000.0,0.2835143963572366,-0.5474248835091157
cluster,13.86446068039521,73191505499999.98,0.2749555701951761,-0.5607374777259676
cluster,13.550044062996323,35484939000000.0,0.2971777589706611,-0.5269836966535698
cluster,13.756279703663198,57053160000000.0,0.2853397928290164,-0.5446376584131489
cluster,13.811179165160894,64740964499999.99,0.2804742479070904,-0.5521070078668874
cluster,13.541722125788166,34811451000000.0,0.2974677258461394,-0.5265601467329808
cluster,13.921545868740296,83472970500000.0,0.2681033721648739,-0.5716977234905014
cluster,13.846138042714477,70167829500000.0,0.276945590265429,-0.5576055456234098
cluster,13.899334468900479,79311190500000.0,0.2708897422200584,-0.567207440081527
cluster,13.985385306224714,96690834000000.0,0.2591937537934748,-0.586375468564224
cluster,13.939278841532522,86951853000000.0,0.2657650550074808,-0.5755021242779297
cluster,13.89948465585779,79338622500000.0,0.2708714241362658,-0.5672368089001402
cluster,13.860604114598233,72544437000000.02,0.2753826491690314,-0.5600634264884229
cluster,13.482977744648426,30407292000000.0,0.2991525709327146,-0.5241072604565881
cluster,13.696998307291512,49773514500000.0,0.2897283903815051,-0.5380089463498751
cluster,13.810398466107278,64624689000000.0,0.2805491309215406,-0.55199107230561
cluster,14.029387946080465,107001027000000.0,0.2522269423559512,-0.598208524854281
cluster,13.445519577652682,27894564000000.0,0.2999123308063057,-0.5230056779849019
cluster,13.188685759173628,15441367500000.0,0.2995743338394468,-0.5234953977462168
cluster,13.719715960328745,52446433500000.0,0.2881482990403676,-0.5403839397458652
cluster,13.896982587564937,78882849000000.0,0.271175680074885,-0.566749262013239
cluster,13.975024000708636,94411305000000.0,0.2607338591980969,-0.5838025671897124
cluster,13.813999370805945,65162745000000.01,0.2802023345568761,-0.552528250631453
cluster,13.715839729956336,51980413500000.0,0.2884266761563336,-0.5399645748412231
cluster,14.037590249873627,109041106500000.0,0.2508498201150823,-0.6005862060695769
cluster,13.756733372472102,57112789500000.0,0.2853028316132577,-0.5446939179752052
cluster,13.914768034119556,82180359000000.0,0.2689702485858092,-0.5702957556466228
cluster,13.855531739122684,71702077499999.98,0.2759376677347734,-0.5591890107468153
cluster,13.521482439471372,33226335000000.0,0.2981188298856551,-0.5256105920412788
cluster,14.005429889858172,101258127000000.0,0.2561068975542522,-0.5915787248138383
cluster,14.161887242691902,145173465000000.03,0.2267129875875743,-0.6445235999614699
cluster,14.075003985749936,118851313500000.0,0.2442426856162312,-0.6121784333167591
cluster,13.770294634646413,58924327500000.0,0.2841734706387083,-0.5464164686077225
cluster,13.749887979182562,56219629500000.0,0.2858549514446069,-0.5438542807404341
cluster,13.775484076502648,59632645500000.01,0.2837286453335226,-0.547096815482748
cluster,13.252458517308657,17883747000000.0,0.3004597894088737,-0.5222136414860081
cluster,13.232604497408326,17084587500000.0,0.300234723097476,-0.5225390816544838
cluster,13.622257579792977,41904202500000.0,0.2940895594559087,-0.5315203932119789
cluster,13.6374058545461,43391619000000.0,0.2933054179916278,-0.5326799145778036
cluster,13.754487826586407,56818246500000.0,0.2854852654092948,-0.5444163018369472
cluster,13.36140660368131,22982994000000.0,0.3008021906067647,-0.5217190052979295
cluster,13.588139694880905,38738223000000.0,0.2956793359379357,-0.5291790258347642
cluster,13.6685121093634,46613542500000.0,0.2915383732217985,-0.5353042739009777
cluster,13.803339830059855,63582826499999.99,0.2812185616875619,-0.5509560173206414
cluster,14.01374585272413,103215721500000.0,0.2547839419520546,-0.5938279473782015
cluster,13.813196237416157,65042352000000.0,0.2802799940204096,-0.5524079004438508
cluster,13.697209223471011,49797693000000.0,0.2897142855993587,-0.5380300895252391
cluster,13.885363976774846,76800487500000.0,0.2725631012871267,-0.5645329379072197
cluster,13.82898879513843,67451062499999.99,0.2787198549401969,-0.5548320927010202
cluster,13.843872526520318,69802749000000.0,0.2771848299630798,-0.5572305418943067
cluster,13.761344041455429,57722355000000.0,0.284924194655678,-0.5452706705944742
cluster,13.778387713629796,60032677500000.0,0.2834766656419435,-0.5474826842138267
cluster,13.835699894458571,68501470499999.99,0.2780355589161022,-0.5558996571269886
cluster,14.019382049289293,104563966500000.0,0.2538729792583149,-0.5953835204082333
cluster,13.911056736795558,81481072500000.0,0.2694387036449677,-0.569540019703869
cluster,14.143958754701952,139302450000000.0,0.2305925705519223,-0.6371546893235465
cluster,13.928713810451026,84862107000000.0,0.2671705131057223,-0.5732114754709268
cluster,13.47714016783252,30001306500000.0,0.2992865753431141,-0.5239127632305223
cluster,13.611824697030974,40909549500000.0,0.2946012980644483,-0.5307653439123116
cluster,13.887037031273175,77096920500000.0,0.2723658794215268,-0.5648472995018963
cluster,13.895304955664857,78578721000000.0,0.2713785916017319,-0.566424415762336
cluster,13.957479761968866,90673371000000.0,0.2632571877778016,-0.5796197623281514
cluster,13.420563879722708,26336853000000.0,0.3002905029233348,-0.5224584027101464
cluster,13.692241784661308,49231354500000.0,0.290043700769737,-0.5375365621931113
cluster,13.810319348042292,64612917000000.0,0.2805567103636677,-0.5519793393680794
cluster,13.59097727164751,38992158000000.0,0.2955562191321491,-0.5293598977383465
cluster,13.679691191855335,47828988000000.0,0.2908503644369009,-0.5363303876922048
cluster,13.713871341402852,51745351500000.0,0.2885666460663645,-0.5397538682059464
cluster,13.704918495735216,50689557000000.0,0.2891915179774422,-0.5388144491009277
cluster,14.073282897574945,118381243500000.0,0.2445585740921736,-0.6116171064446517
cluster,13.518257235468443,32980500000000.0,0.298215607799878,-0.5254696304873923
cluster,13.7370744603472,54585144000000.0,0.2868565580616502,-0.5423352169078093
cluster,13.956046659620009,90374656500000.0,0.263458676707334,-0.5792874938683266
cluster,14.034782651911083,108338458500000.0,0.2513240381832092,-0.5997659708143063
cluster,13.484658724405259,30525214500000.0,0.2991128941285189,-0.5241648650423558
cluster,13.853379417537358,71347608000000.02,0.2761708857653259,-0.5588221071401553
cluster,13.964837889400595,92222712000000.0,0.2622117018932851,-0.5813479306692776
cluster,13.71957519417937,52429437000000.0,0.2881584721955437,-0.540368607130052
cluster,13.885623532701855,76846401000000.0,0.2725325607276897,-0.5645816031136262
cluster,13.938145520380548,86725242000000.0,0.2659175726616101,-0.5752529621877993
cluster,13.795698121048895,62473828500000.01,0.2819279338141753,-0.5498618914915337
cluster,13.836597736310178,68643234000000.0,0.2779430362283038,-0.5560442025950465
cluster,13.444025127244183,27798741000000.0,0.2999378027402777,-0.5229687943709609
cluster,13.83181462689306,67891378500000.01,0.2784332820349238,-0.5552788533279966
cluster,13.900236435519925,79476079500000.0,0.2707796247678916,-0.5673840179181584
cluster,13.917512037049333,82701243000000.0,0.2686210665105616,-0.5708599309430881
cluster,13.775613345720144,59650398000000.01,0.2837174744971996,-0.5471139146659283
cluster,13.87438488789458,74883284999999.98,0.273836148159091,-0.5625092227111709
cluster,13.792817625016852,62060836500000.0,0.2821912177167891,-0.5494565063736166
cluster,13.482471117631423,30371841000000.0,0.2991644332852405,-0.5240900396381631
cluster,13.734900209595775,54312551999999.99,0.2870224330774048,-0.5420841583845097
cluster,13.797917363664634,62793886499999.99,0.2817235592908385,-0.5501768333756671
cluster,13.639017516857825,43552944000000.0,0.293219088111544,-0.5328077612079934
cluster,13.790183916569545,61685617500000.0,0.2824299875146366,-0.5490891931701063
cluster,13.938191083103877,86734341000000.0,0.2659114491815166,-0.575262963122331
cluster,13.399669456376836,25099753500000.0,0.3005316264958456,-0.5221098182040416
cluster,14.172886955341307,148897345499999.97,0.2242622586547794,-0.6492438081696378
cluster,13.607930170890786,40544334000000.0,0.294786490417378,-0.5304924233625932
cluster,14.030122271976042,107182102500000.0,0.252104678298064,-0.5984190950606341
cluster,13.87914161856967,75707973000000.0,0.273289093105941,-0.5633777005372169
cluster,13.908030581558702,80915287500000.0,0.2698174420981794,-0.5689299791928498
cluster,13.509839795149176,32347431000000.0,0.2984592948209498,-0.5251148914696047
cluster,14.009428844807712,102194811000000.0,0.2554738486305495,-0.5926535494499022
cluster,13.879692114348229,75803998500000.0,0.273225339739058,-0.5634790253473285
cluster,13.456681306052383,28620769500000.0,0.2997104954298016,-0.5232980484209288
cluster,13.736983045047717,54573655500000.01,0.2868635558997428,-0.5423246224649964
cluster,13.602861019480288,40073845500000.0,0.2950228300086405,-0.5301443753332404
cluster,13.871967710122405,74467660500000.02,0.2741115207239719,-0.5620727109701603
cluster,13.674712408434813,47283804000000.0,0.2911603004201214,-0.5358678411853883
cluster,13.923754286844698,83898517500000.0,0.2678177314972937,-0.5721606728934504
cluster,13.712839954156056,51622609500000.0,0.2886396135098321,-0.5396440656606704
cluster,13.694902904443472,49533943500000.0,0.2898679494438085,-0.5377998017170861
cluster,13.636767089037082,43327845000000.0,0.293339478363061,-0.5326294846448968
cluster,13.664292820402254,46162872000000.0,0.2917906740648097,-0.5349285927267187
cluster,13.698736981929617,49973179500000.0,0.2896118053491794,-0.5381837391133262
cluster,13.90759815322472,80834760000000.0,0.2698713261253686,-0.5688432568553597
cluster,13.520489447752052,33150451500000.0,0.2981488285419434,-0.5255668927035153
cluster,13.449322750395162,28139913000000.0,0.2998458611254286,-0.523101941499516
cluster,13.891574909078622,77906718000000.0,0.2718266165934122,-0.5657080204744165
cluster,13.02524546954977,10598526000000.0,0.295374160766863,-0.5296274992989337
cluster,13.904684210585645,80294206500000.0,0.270232888920718,-0.5682617959225854
cluster,13.902482896909316,79888248000000.0,0.2705042572619529,-0.5678258954711832
cluster,13.742598492048211,55283877000000.0,0.2864298177058177,-0.5429817734066471
cluster,13.953739065878702,89895730500000.0,0.2637816606901598,-0.5787554018826367
cluster,13.752175631358142,56516548499999.99,0.285671768064176,-0.5441326772923578
cluster,13.4395236703398,27512095500000.004,0.3000123314679777,-0.5228608940189006
cluster,13.761739687297684,57774964499999.99,0.2848914485462512,-0.5453205865798044
cluster,13.523654462052948,33392925000000.0,0.2980525835092378,-0.5257071093690007
cluster,13.982853042047369,96128694000000.0,0.2595736087459742,-0.5857394650251058
cluster,13.948883941829374,88896352500000.0,0.2644553716151049,-0.577647607169836
cluster,13.529357465320386,33834321000000.0,0.2978745171625223,-0.5259666486113194
cluster,14.077862573798235,119636190000000.0,0.2437154277476466,-0.6131169781045738
cluster,14.11935058881057,131628698999999.98,0.235691142118666,-0.6276567390763235
cluster,13.534425302024216,34231450500000.0,0.2977112366943841,-0.5262047732059133
cluster,13.977650587391256,94984029000000.0,0.2603469793938004,-0.5844474567446343
cluster,14.022188607867202,105241882500000.0,0.2534150152109938,-0.5961676561057531
cluster,14.000797194963017,100183729500000.0,0.2568330618869846,-0.5903490706699499
cluster,13.889574813060332,77548752000000.0,0.27206508145037,-0.5653271947382885
cluster,13.808470037064296,64338367500000.0,0.2807333807630854,-0.5517059442615934
cluster,13.86782800589969,73761205500000.0,0.2745790511603267,-0.5613326000654887
cluster,13.95497985804516,90152932500000.0,0.2636082152408605,-0.579041059259448
cluster,13.504880129770395,31980123000000.004,0.2985969067750152,-0.5249146955309542
cluster,13.608826240149682,40628074500000.0,0.2947441597868396,-0.5305547914830073
cluster,13.641492523009967,43801857000000.0,0.2930854154528372,-0.5330057924313958
cluster,13.894574928064879,78446745000000.0,0.2714666163042109,-0.5662835702972343
cluster,13.293108998600914,19638531000000.0,0.300769761998103,-0.5217658278459231
cluster,13.837288598968659,68752516500000.0,0.2778716856167962,-0.5561557044168245
cluster,13.387519703684227,24407298000000.0,0.3006411065648022,-0.5219516387400137
cluster,13.395250476652512,24845656500000.0,0.3005740268222147,-0.52204855034638
cluster,13.600046829140366,39815010000000.0,0.2951517503846627,-0.5299546368705483
cluster,13.522056423237807,33270277500000.0,0.2981014074207548,-0.5256359735358878
cluster,14.077805575259786,119620489500000.0,0.2437259726436017,-0.6130981877838395
cluster,13.437279208562948,27370278000000.0,0.300048265421071,-0.5228088795468924
cluster,13.986797108411327,97005667500000.0,0.2589809982440617,-0.5867320994727478
cluster,13.664666819873966,46202643000000.0,0.2917684720430261,-0.5349616389590215
cluster,13.766462546446137,58406683500000.0,0.284497430049381,-0.54592165236351
cluster,13.894733120208564,78475324500000.0,0.271447555969431,-0.5663140642450599
cluster,13.29597866004101,19768725000000.0,0.3007837257573777,-0.5217456654373455
cluster,13.987293999499107,97116718500000.0,0.2589059511411359,-0.5868579668766294
cluster,13.759440683264858,57469932000000.0,0.2850811645386554,-0.5450314758057735
cluster,14.185682661658307,153349605000000.0,0.2213426954417491,-0.6549348056557036
cluster,13.855823963381974,71750340000000.0,0.2759058984272364,-0.5592390148995081
cluster,13.928902794812132,84899043000000.0,0.2671456928609385,-0.5732518234717416
cluster,13.948430146480597,88803513000000.0,0.2645179383793056,-0.5775448707933262
cluster,13.732573629059253,54022369500000.0,0.2871986284316139,-0.5418176384757121
cluster,13.954212628951069,89993808000000.0,0.2637155243058414,-0.5788643035705698
cluster,13.761794381313312,57782241000000.01,0.2848869185520646,-0.545327492252578
cluster,13.172982903949302,14893024499999.998,0.2992861549390303,-0.5239133732789408
cluster,13.352110940482586,22496292000000.0,0.3008356688372769,-0.5216706725324224
cluster,13.59955501221749,39769947000000.0,0.2951741140629511,-0.5299217315798765
cluster,13.522805428011985,33327706500000.0,0.2980785817774602,-0.5256692287645542
cluster,13.600230270630249,39831831000000.0,0.2951433963197705,-0.5299669294475909
cluster,13.882870427010667,76360792500000.0,0.2728554537200731,-0.5640673612985998
cluster,13.31973367664882,20880153000000.0,0.3008577864470509,-0.5216387441283565
cluster,13.692371097445477,49246015500000.0,0.2900351987693195,-0.5375492927781047
cluster,13.754267463772557,56789424000000.0,0.2855030987715086,-0.5443891736806078
cluster,13.532297664864423,34064158500000.0,0.297780367723393,-0.5261039381165887
cluster,13.848395958226419,70533585000000.0,0.2767056713032501,-0.5579819395563166
cluster,13.804375680170756,63734660999999.99,0.2811211794415988,-0.5511064337660271
